Unnamed: 0,year,input_string,sale_date,address,postal_code,ppr_county,price,not_full_market_price,vat_exclusive,description_of_property,property_size_description,date,formatted_address,accuracy,latitude,longitude,postcode,type,geo_county,electoral_district,electoral_district_id,region,small_area
197841,2017.0,"(MAIN HSE), GRACEDIEU, BALLYBOUGHAL,Dublin,Ireland",11/01/2017,"(MAIN HSE), GRACEDIEU, BALLYBOUGHAL",,Dublin,665000.0,No,No,Second-Hand Dwelling house /Apartment,,2017-01-11,,,,,,,,,,,
197842,2017.0,"(MAIN HSE), GRACEDIEU, BALLYBOUGHAL,Dublin,Ireland",11/01/2017,"(MAIN HSE), GRACEDIEU, BALLYBOUGHAL",,Dublin,665000.0,No,No,Second-Hand Dwelling house /Apartment,,2017-01-11,,,,,,,,,,,
197868,2017.0,"1 ARCADIA COURT, THE SQUARE, SKERRIES,Dublin,Ireland",10/05/2017,"1 ARCADIA COURT, THE SQUARE, SKERRIES",,Dublin,180000.0,No,No,Second-Hand Dwelling house /Apartment,,2017-05-10,"Arcadia Court, The Square, Townparks, Skerries, Co. Dublin, Ireland",ROOFTOP,53.5805585,-6.1115129,,premise,Fingal,Skerries,04034,Dublin,267123028
197884,2017.0,"1 Abbot's Grove Avenue, Knocklyon, Dublin 16,Dublin,Ireland",11/05/2017,"1 Abbot's Grove Avenue, Knocklyon, Dublin 16",,Dublin,343612.33,No,Yes,New Dwelling house /Apartment,greater than or equal to 38 sq metres and less than 125 sq metres,2017-05-11,"24 Abbots grove, Ballycullen, Knocklyon, Co. Dublin, Ireland",ROOFTOP,53.2710579,-6.3252412,,"establishment,general_contractor,point_of_interest",South Dublin,Firhouse-Ballycullen,03012,Dublin,267085005/267085009
197888,2017.0,"1 BARNACOILLE PARK, DALKEY, DUBLIN,Dublin,Ireland",10/01/2017,"1 BARNACOILLE PARK, DALKEY, DUBLIN",,Dublin,1325000.0,No,No,Second-Hand Dwelling house /Apartment,,2017-01-10,"1 Barnacoille Park, Glenageary, Dublin, Ireland",RANGE_INTERPOLATED,53.2811764,-6.1043738,,street_address,Dn Laoghaire-Rathdown,Dalkey-Bullock,05033,Dublin,267063005
197889,2017.0,"1 BARNWELL CHASE, BARNWELL, HANSFIELD,Dublin,Ireland",02/03/2017,"1 BARNWELL CHASE, BARNWELL, HANSFIELD",Dublin 15,Dublin,265539.65,No,Yes,New Dwelling house /Apartment,greater than or equal to 38 sq metres and less than 125 sq metres,2017-03-02,,,,,,,,,,,
197900,2017.0,"1 BELMONT PARK, DONNYBROOK, DUBLIN 4,Dublin,Ireland",09/05/2017,"1 BELMONT PARK, DONNYBROOK, DUBLIN 4",Dublin 4,Dublin,660000.0,No,No,Second-Hand Dwelling house /Apartment,,2017-05-09,"1 Belmont Park, Dublin 4, D04 P8E2, Ireland",ROOFTOP,53.3223995,-6.2384155,D04 P8E2,street_address,Dublin City,Rathmines East B,02135,Dublin,268129025
197913,2017.0,"1 BROOKMOUNT AVE, TALLAGHT, DUBLIN 24,Dublin,Ireland",07/03/2017,"1 BROOKMOUNT AVE, TALLAGHT, DUBLIN 24",Dublin 24,Dublin,240000.0,No,No,Second-Hand Dwelling house /Apartment,,2017-03-07,"1 Brookmount Ave, Balrothery, Dublin 24, D24 W01T, Ireland",ROOFTOP,53.2907257,-6.3346529,D24 W01T,street_address,South Dublin,Tallaght-Tymon,03040,Dublin,267148009
197916,2017.0,"1 BUTTERFIELD MEADOW, BUTTERFIELD CRESCENT, RATHFARNHAM,Dublin,Ireland",06/03/2017,"1 BUTTERFIELD MEADOW, BUTTERFIELD CRESCENT, RATHFARNHAM",Dublin 14,Dublin,751000.0,No,No,Second-Hand Dwelling house /Apartment,,2017-03-06,"Butterfield Meadow, Butterfield Cres, Rathfarnham, Dublin 14, Ireland",ROOFTOP,53.2957675,-6.2914325,,premise,South Dublin,Rathfarnham-Butterfield,03023,Dublin,267114011
197917,2017.0,"1 Balgriffin Grove, Malahide Road, Balgriffin,Dublin,Ireland",10/03/2017,"1 Balgriffin Grove, Malahide Road, Balgriffin",Dublin 13,Dublin,300000.0,Yes,Yes,New Dwelling house /Apartment,greater than or equal to 38 sq metres and less than 125 sq metres,2017-03-10,"1 Balgriffin Park, Balgriffin, Dublin 13, D13 E3H7, Ireland",ROOFTOP,53.4107616,-6.1644029,D13 E3H7,street_address,Fingal,Balgriffin,04005,Dublin,267005005
197923,2017.0,"1 Brock Hall, Brock'sLane, Dun Laoghaire,Dublin,Ireland",09/01/2017,"1 Brock Hall, Brock'sLane, Dun Laoghaire",,Dublin,123348.02,No,Yes,New Dwelling house /Apartment,less than 38 sq metres,2017-01-09,"Apartment 8, Brock Hall, Brock's Ln, Glenageary, Dublin, Ireland",ROOFTOP,53.2943511,-6.1420837,,premise,Dn Laoghaire-Rathdown,Dn Laoghaire-West Central,05052,Dublin,267077004
197928,2017.0,"1 CARLISLE ST, CIRCULAR RD SOUTH, DUBLIN 8,Dublin,Ireland",08/02/2017,"1 CARLISLE ST, CIRCULAR RD SOUTH, DUBLIN 8",Dublin 8,Dublin,835000.0,No,No,Second-Hand Dwelling house /Apartment,,2017-02-08,,,,,,,,,,,
197939,2017.0,"1 CASTLEWOOD LODGE, RATHMINES, DUBLIN 6,Dublin,Ireland",12/06/2017,"1 CASTLEWOOD LODGE, RATHMINES, DUBLIN 6",Dublin 6,Dublin,500000.0,No,No,Second-Hand Dwelling house /Apartment,,2017-06-12,"1, Castlewood Lodge, Castlewood Terrace, Dublin 6, Ireland",ROOFTOP,53.3235329,-6.2626134,,subpremise,Dublin City,Rathmines West B,02139,Dublin,268133014
197982,2017.0,"1 CURZON ST, SOUTH CIRCULAR RD, DUBLIN 8,Dublin,Ireland",10/03/2017,"1 CURZON ST, SOUTH CIRCULAR RD, DUBLIN 8",Dublin 8,Dublin,660000.0,No,No,Second-Hand Dwelling house /Apartment,,2017-03-10,,,,,,,,,,,
197987,2017.0,"1 Citywest Avenue, Cuil Duin, Citywest,Dublin,Ireland",11/05/2017,"1 Citywest Avenue, Cuil Duin, Citywest",Dublin 24,Dublin,277533.0,No,Yes,New Dwelling house /Apartment,greater than or equal to 38 sq metres and less than 125 sq metres,2017-05-11,"Garters Lane, Fortunestown Ln, Dublin, Ireland",GEOMETRIC_CENTER,53.284505,-6.433161,,"establishment,point_of_interest",South Dublin,Saggart,03027,Dublin,267119013
197989,2017.0,"1 Cluain Fada, Chapel Lane, Garristown,Dublin,Ireland",07/04/2017,"1 Cluain Fada, Chapel Lane, Garristown",,Dublin,250000.0,No,No,New Dwelling house /Apartment,greater than or equal to 38 sq metres and less than 125 sq metres,2017-04-07,"Cluain Fada, Chapel Ln, Garristown, Co. Dublin, Ireland",ROOFTOP,53.5658478,-6.3789765,,premise,Fingal,Garristown,04021,Dublin,267091004
198006,2017.0,"1 Dalriada Walk, Knocklyon,Dublin,Ireland",02/02/2017,"1 Dalriada Walk, Knocklyon",Dublin 16,Dublin,345000.0,No,Yes,New Dwelling house /Apartment,greater than or equal to 125 sq metres,2017-02-02,"1 Dalriada Ct, Ballycullen, Dublin 16, D16 N274, Ireland",ROOFTOP,53.2719784,-6.3281598,D16 N274,street_address,South Dublin,Firhouse-Ballycullen,03012,Dublin,267085005/267085009
198007,2017.0,"1 Diswellstown Chase, Castleknock,Dublin,Ireland",07/02/2017,"1 Diswellstown Chase, Castleknock",Dublin 15,Dublin,365488.11,No,Yes,New Dwelling house /Apartment,greater than or equal to 38 sq metres and less than 125 sq metres,2017-02-07,"1 Diswellstown Cottages, Carpenterstown, Dublin 15, D15 X4XP, Ireland",ROOFTOP,53.3677518,-6.3796801,D15 X4XP,street_address,Fingal,Castleknock-Knockmaroon,04016,Dublin,267040060
198008,2017.0,"1 Diswellstown Manor, Carpenterstown,Dublin,Ireland",10/04/2017,"1 Diswellstown Manor, Carpenterstown",Dublin 15,Dublin,616740.0,No,Yes,New Dwelling house /Apartment,greater than or equal to 38 sq metres and less than 125 sq metres,2017-04-10,"1 Diswellstown Cottages, Carpenterstown, Dublin 15, D15 X4XP, Ireland",ROOFTOP,53.3677518,-6.3796801,D15 X4XP,street_address,Fingal,Castleknock-Knockmaroon,04016,Dublin,267040060
198010,2017.0,"1 Dodderbrook Court, Dodderbrook, Oldcourt Road,Dublin,Ireland",10/03/2017,"1 Dodderbrook Court, Dodderbrook, Oldcourt Road",Dublin 24,Dublin,339207.0,No,Yes,New Dwelling house /Apartment,greater than or equal to 38 sq metres and less than 125 sq metres,2017-03-10,"Oldcourt Rd, Oldcourt, Dublin, Ireland",GEOMETRIC_CENTER,53.2700459,-6.3415907,,"establishment,general_contractor,point_of_interest",South Dublin,Firhouse Village,03014,Dublin,267084004
198044,2017.0,"1 GLENCORP RD, WHITEHALL, DUBLIN 9,Dublin,Ireland",12/04/2017,"1 GLENCORP RD, WHITEHALL, DUBLIN 9",Dublin 9,Dublin,292500.0,No,No,Second-Hand Dwelling house /Apartment,,2017-04-12,"1 Glencorp Rd, Whitehall, Dublin 9, D09 EH92, Ireland",ROOFTOP,53.3835859,-6.2396691,D09 EH92,street_address,Dublin City,Whitehall D,02093,Dublin,268160011
198053,2017.0,"1 GRACEPARK MANOR, DRUMCONDRA, DUBLIN 9,Dublin,Ireland",10/02/2017,"1 GRACEPARK MANOR, DRUMCONDRA, DUBLIN 9",,Dublin,355000.0,No,No,Second-Hand Dwelling house /Apartment,,2017-02-10,"1 Grace Park Terrace, Drumcondra, Dublin 9, D09 T0A4, Ireland",ROOFTOP,53.372314,-6.2420866,D09 T0A4,street_address,Dublin City,Drumcondra South A,02047,Dublin,268058002
198056,2017.0,"1 GREENHILLS ROAD, TALLAGH, DUBLIN 24,Dublin,Ireland",03/04/2017,"1 GREENHILLS ROAD, TALLAGH, DUBLIN 24",,Dublin,325000.0,No,No,Second-Hand Dwelling house /Apartment,,2017-04-03,"1 Greenhills Rd, Tymon North, Dublin 24, D24 YH7Y, Ireland",ROOFTOP,53.2977742,-6.3539941,D24 YH7Y,street_address,South Dublin,Tallaght-Tymon,03040,Dublin,267148003
198058,2017.0,"1 GROVE AVE, MALAHIDE, DUBLIN,Dublin,Ireland",02/05/2017,"1 GROVE AVE, MALAHIDE, DUBLIN",,Dublin,16000.0,No,No,Second-Hand Dwelling house /Apartment,,2017-05-02,"1 Grove Ave, Malahide, Co. Dublin, K36 YY46, Ireland",ROOFTOP,53.4472622,-6.1496689,K36 YY46,street_address,Fingal,Malahide East,04029,Dublin,267105019
198059,2017.0,"1 GROVE AVE, MALAHIDE, DUBLIN,Dublin,Ireland",02/05/2017,"1 GROVE AVE, MALAHIDE, DUBLIN",,Dublin,16000.0,No,No,Second-Hand Dwelling house /Apartment,,2017-05-02,"1 Grove Ave, Malahide, Co. Dublin, K36 YY46, Ireland",ROOFTOP,53.4472622,-6.1496689,K36 YY46,street_address,Fingal,Malahide East,04029,Dublin,267105019
198062,2017.0,"1 GULLISTAN TERRACE, RATHMINES, DUBLIN 6,Dublin,Ireland",06/01/2017,"1 GULLISTAN TERRACE, RATHMINES, DUBLIN 6",Dublin 6,Dublin,905000.0,No,No,Second-Hand Dwelling house /Apartment,,2017-01-06,"1 Gulistan Terrace, Dublin 6, D06 T6X2, Ireland",ROOFTOP,53.3248075,-6.2609317,D06 T6X2,street_address,Dublin City,Rathmines West B,02139,Dublin,268133013
198067,2017.0,"1 HARCOURT TERRACE, DUBLIN 2,Dublin,Ireland",10/03/2017,"1 HARCOURT TERRACE, DUBLIN 2",,Dublin,1000000.0,No,No,Second-Hand Dwelling house /Apartment,,2017-03-10,"1 Harcourt Terrace, Saint Kevin's, Dublin 2, D02 TX05, Ireland",ROOFTOP,53.3325055,-6.258198,D02 TX05,street_address,Dublin City,St. Kevin's,02146,Dublin,268142020
198080,2017.0,"1 HOMELAWN AVE, TALLAGHT DUBLIN 24, DUBLIN,Dublin,Ireland",07/03/2017,"1 HOMELAWN AVE, TALLAGHT DUBLIN 24, DUBLIN",Dublin 24,Dublin,200000.0,No,No,Second-Hand Dwelling house /Apartment,,2017-03-07,"1 Homelawn Ave, Oldbawn, Dublin 24, D24 XW9T, Ireland",ROOFTOP,53.2835985,-6.3503706,D24 XW9T,street_address,South Dublin,Tallaght-Avonbeg,03028,Dublin,267136007
198086,2017.0,"1 INNS COURT, WINETAVERN ST, DUBLIN 7,Dublin,Ireland",08/05/2017,"1 INNS COURT, WINETAVERN ST, DUBLIN 7",Dublin 8,Dublin,263300.0,No,No,Second-Hand Dwelling house /Apartment,,2017-05-08,"Winetavern St, Merchants Quay, Dublin, Ireland",GEOMETRIC_CENTER,53.3436116,-6.2718441,,"establishment,lodging,point_of_interest",Dublin City,Merchants Quay A,02119,Dublin,268098006
198090,2017.0,"1 KEMPTON VIEW, ASHTOWN, DUBLIN 7,Dublin,Ireland",03/02/2017,"1 KEMPTON VIEW, ASHTOWN, DUBLIN 7",Dublin 7,Dublin,550000.0,No,No,Second-Hand Dwelling house /Apartment,,2017-02-03,"7 Kempton View, Ashtown, Dublin, Ireland",RANGE_INTERPOLATED,53.3738321,-6.3261876,,street_address,Dublin City,Ashtown A,02006,Dublin,268006002
198092,2017.0,"1 KILBARRON RD, COOLOCK, DUBLIN,Dublin,Ireland",09/05/2017,"1 KILBARRON RD, COOLOCK, DUBLIN",Dublin 5,Dublin,240000.0,No,No,Second-Hand Dwelling house /Apartment,,2017-05-09,"1 Kilbarron Rd, Kilmore, Dublin 5, D05 EE37, Ireland",ROOFTOP,53.3917014,-6.2155778,D05 EE37,street_address,Dublin City,Kilmore B,02070,Dublin,268089005
198099,2017.0,"1 KILMORE COURT, KILMORE RD, ARTANE DUBLIN 5,Dublin,Ireland",10/05/2017,"1 KILMORE COURT, KILMORE RD, ARTANE DUBLIN 5",Dublin 5,Dublin,175000.0,No,No,Second-Hand Dwelling house /Apartment,,2017-05-10,"1 Kilmore Rd, Kilmore, Dublin, Ireland",RANGE_INTERPOLATED,53.3918307,-6.2149528,,street_address,Dublin City,Kilmore B,02070,Dublin,268089005
198108,2017.0,"1 LAKELANDS PARK, TERENURE, DUBLIN 6W,Dublin,Ireland",03/02/2017,"1 LAKELANDS PARK, TERENURE, DUBLIN 6W",,Dublin,1100000.0,No,No,Second-Hand Dwelling house /Apartment,,2017-02-03,"1 Lakelands Park, Templeogue, Dublin 6W, Co. Dublin, D6W WP90, Ireland",ROOFTOP,53.3061725,-6.291759,D6W WP90,street_address,Dublin City,Terenure C,02150,Dublin,268146006
198113,2017.0,"1 LATCHFORD GREEN, CASTAHEANY, DUBLIN 15,Dublin,Ireland",12/05/2017,"1 LATCHFORD GREEN, CASTAHEANY, DUBLIN 15",Dublin 15,Dublin,272500.0,No,No,Second-Hand Dwelling house /Apartment,,2017-05-12,"1 Latchford Green, Castaheany, Clonee, Co. Dublin, D15 W2C9, Ireland",ROOFTOP,53.3979309,-6.4326605,D15 W2C9,street_address,Fingal,Blanchardstown-Blakestown,04009,Dublin,267028077
198114,2017.0,"1 LATCHFORD TERRACE, HANSFIELD RD, CASTAHEANEY DUBLIN 15,Dublin,Ireland",12/05/2017,"1 LATCHFORD TERRACE, HANSFIELD RD, CASTAHEANEY DUBLIN 15",Dublin 15,Dublin,270000.0,No,No,Second-Hand Dwelling house /Apartment,,2017-05-12,,,,,,,,,,,
198115,2017.0,"1 LAUDERDALE TERRACE, NEW ROW ST, DUBLIN 8,Dublin,Ireland",02/06/2017,"1 LAUDERDALE TERRACE, NEW ROW ST, DUBLIN 8",Dublin 8,Dublin,468501.0,No,No,Second-Hand Dwelling house /Apartment,,2017-06-02,"Lauderdale Terrace, New Row S, Merchants Quay, Dublin 8, Ireland",ROOFTOP,53.3386049,-6.2733707,,premise,Dublin City,Merchants Quay C,02121,Dublin,268100017
198140,2017.0,"1 MARTELLO TERRACE, STRAND RD, SUTTON DUBLIN 13,Dublin,Ireland",04/05/2017,"1 MARTELLO TERRACE, STRAND RD, SUTTON DUBLIN 13",Dublin 13,Dublin,1216000.0,No,No,Second-Hand Dwelling house /Apartment,,2017-05-04,"Martello Terrace, Strand Rd, Sutton South, Dublin 13, Ireland",ROOFTOP,53.373472,-6.0979183,,premise,Fingal,Howth,04024,Dublin,267095002
198145,2017.0,"1 MELVILLE COVE, FINGLAS, DUBLIN 11,Dublin,Ireland",05/05/2017,"1 MELVILLE COVE, FINGLAS, DUBLIN 11",Dublin 11,Dublin,150000.0,Yes,No,Second-Hand Dwelling house /Apartment,,2017-05-05,"1 Melville Grove, Jamestown Little, Dublin 11, D11 KA4E, Ireland",ROOFTOP,53.4011352,-6.292196,D11 KA4E,street_address,Fingal,Dubber,04020,Dublin,267066020
198153,2017.0,"1 MOUNT PLEASANT VILLAS, RANELAGH, DUBLIN 6,Dublin,Ireland",10/02/2017,"1 MOUNT PLEASANT VILLAS, RANELAGH, DUBLIN 6",Dublin 6,Dublin,437000.0,No,No,Second-Hand Dwelling house /Apartment,,2017-02-10,"1 Mountpleasant Villas, Dublin 6, D06 F802, Ireland",ROOFTOP,53.3261503,-6.2592049,D06 F802,street_address,Dublin City,Rathmines West B,02139,Dublin,268133015
198158,2017.0,"1 MURRAYS COTTAGES, SARSFIELD RD, INCHICORE DUBLIN 10,Dublin,Ireland",02/02/2017,"1 MURRAYS COTTAGES, SARSFIELD RD, INCHICORE DUBLIN 10",Dublin 10,Dublin,395000.0,No,No,Second-Hand Dwelling house /Apartment,,2017-02-02,,,,,,,,,,,
198164,2017.0,"1 NEILSTOWN GARDENS, CLONDALKIN, DUBLIN 22,Dublin,Ireland",10/02/2017,"1 NEILSTOWN GARDENS, CLONDALKIN, DUBLIN 22",Dublin 22,Dublin,215000.0,No,No,Second-Hand Dwelling house /Apartment,,2017-02-10,"1 Neilstown Gardens, Neillstown, Dublin 22, D22 W992, Ireland",ROOFTOP,53.3391703,-6.3948099,D22 W992,street_address,South Dublin,Clondalkin-Moorfield,03008,Dublin,267051007
198198,2017.0,"1 PIMLICO, THE COOMBE, DUBLIN 8,Dublin,Ireland",07/03/2017,"1 PIMLICO, THE COOMBE, DUBLIN 8",Dublin 8,Dublin,305000.0,No,No,Second-Hand Dwelling house /Apartment,,2017-03-07,"1 Pimlico, Merchants Quay, Dublin 8, D08 CA47, Ireland",ROOFTOP,53.339651,-6.2800789,D08 CA47,street_address,Dublin City,Merchants Quay B,02120,Dublin,268099006
198201,2017.0,"1 PINTAIL HOUSE, REDCOURT OAKS, SEAFIELD RD EAST,Dublin,Ireland",01/01/2017,"1 PINTAIL HOUSE, REDCOURT OAKS, SEAFIELD RD EAST",Dublin 3,Dublin,242424.0,Yes,No,Second-Hand Dwelling house /Apartment,,2017-01-01,,,,,,,,,,,
198207,2017.0,"1 Park Lane, Belltree, Clongriffin,Dublin,Ireland",08/05/2017,"1 Park Lane, Belltree, Clongriffin",Dublin 13,Dublin,315677.38,No,Yes,New Dwelling house /Apartment,greater than or equal to 38 sq metres and less than 125 sq metres,2017-05-08,"Belltree Avenue, Donaghmede, Dublin, Ireland",GEOMETRIC_CENTER,53.4065193,-6.1564006,,route,Dublin City,Grange B,02060,Dublin,268072013/01
198210,2017.0,"1 Priorswood Lodge, Clonshaugh Road, Clonshaugh,Dublin,Ireland",09/03/2017,"1 Priorswood Lodge, Clonshaugh Road, Clonshaugh",Dublin 17,Dublin,280000.0,No,No,New Dwelling house /Apartment,greater than or equal to 38 sq metres and less than 125 sq metres,2017-03-09,"Priorswood Lodge, Clonshaugh Rd, Clonshagh, Dublin 17, Ireland",ROOFTOP,53.4032235,-6.214759,,premise,Dublin City,Priorswood A,02080,Dublin,268121003
198215,2017.0,"1 RINGFORT VIEW, BALROTHERY, BALBRIGGAN,Dublin,Ireland",06/03/2017,"1 RINGFORT VIEW, BALROTHERY, BALBRIGGAN",,Dublin,149100.0,No,No,Second-Hand Dwelling house /Apartment,,2017-03-06,"1 Ringfort Ave, Rosepark, Balrothery, Co. Dublin, K32 F218, Ireland",ROOFTOP,53.5846764,-6.184308,K32 F218,street_address,Fingal,Balbriggan Rural,04002,Dublin,267002039
198232,2017.0,"1 SHAMROCK PLACE, NORTH STRAND, DUBLIN 1,Dublin,Ireland",05/04/2017,"1 SHAMROCK PLACE, NORTH STRAND, DUBLIN 1",Dublin 1,Dublin,140000.0,No,No,Second-Hand Dwelling house /Apartment,,2017-04-05,"1 Shamrock Pl, North Dock, Dublin 1, D01 P2X2, Ireland",ROOFTOP,53.3552895,-6.2448094,D01 P2X2,street_address,Dublin City,North Dock C,02078,Dublin,268109015
198234,2017.0,"1 SHELBOURNE PLACE, SHELBOURNE RD, DUBLIN 4,Dublin,Ireland",01/03/2017,"1 SHELBOURNE PLACE, SHELBOURNE RD, DUBLIN 4",Dublin 4,Dublin,730000.0,No,No,Second-Hand Dwelling house /Apartment,,2017-03-01,"1, Shelbourne Place, Shelbourne Rd, Dublin 4, Ireland",ROOFTOP,53.3351487,-6.2334952,,subpremise,Dublin City,Pembroke West A,02130,Dublin,268115020
198237,2017.0,"1 ST AGNES TERRACE, DODDER RD LOWER, RATHFARNHAM DUBLIN 14,Dublin,Ireland",08/02/2017,"1 ST AGNES TERRACE, DODDER RD LOWER, RATHFARNHAM DUBLIN 14",Dublin 14,Dublin,365000.0,No,No,Second-Hand Dwelling house /Apartment,,2017-02-08,,,,,,,,,,,
198238,2017.0,"1 ST AONAS LAWN, TYMON NORTH, TALLAGHT DUBLIN 24,Dublin,Ireland",06/03/2017,"1 ST AONAS LAWN, TYMON NORTH, TALLAGHT DUBLIN 24",Dublin 24,Dublin,240000.0,No,No,Second-Hand Dwelling house /Apartment,,2017-03-06,,,,,,,,,,,
198239,2017.0,"1 ST BARNABAS GARDENS, WEST RD, EAST WALL DUBLIN 3,Dublin,Ireland",10/05/2017,"1 ST BARNABAS GARDENS, WEST RD, EAST WALL DUBLIN 3",Dublin 3,Dublin,380000.0,No,No,Second-Hand Dwelling house /Apartment,,2017-05-10,"1 St Barnabas Gardens, East Wall, Dublin 3, D03 C952, Ireland",ROOFTOP,53.3553622,-6.238239,D03 C952,street_address,Dublin City,North Dock B,02077,Dublin,268108007
198248,2017.0,"1 ST PATRICKS PLACE, FONTENOY ST, DUBLIN 7,Dublin,Ireland",08/03/2017,"1 ST PATRICKS PLACE, FONTENOY ST, DUBLIN 7",Dublin 7,Dublin,402000.0,No,No,Second-Hand Dwelling house /Apartment,,2017-03-08,,,,,,,,,,,
198249,2017.0,"1 ST VINCENTS ST, SOUTH DUBLIN 8, DUBLIN,Dublin,Ireland",12/05/2017,"1 ST VINCENTS ST, SOUTH DUBLIN 8, DUBLIN",Dublin 15,Dublin,325000.0,No,No,Second-Hand Dwelling house /Apartment,,2017-05-12,"1 St Vincent St S, Wood Quay, Dublin 8, D08 T8W8, Ireland",ROOFTOP,53.3330913,-6.2745434,D08 T8W8,street_address,Dublin City,Wood Quay B,02162,Dublin,268162001
198252,2017.0,"1 STRATTON LAWN ALDERILE, ADAMSTOWN,Dublin,Ireland",09/05/2017,"1 STRATTON LAWN ALDERILE, ADAMSTOWN",,Dublin,246696.03,No,Yes,New Dwelling house /Apartment,greater than or equal to 38 sq metres and less than 125 sq metres,2017-05-09,,,,,,,,,,,
198258,2017.0,"1 SWEETMAN HOUSE, MYRTLE AVE, THE COAST BALDOYLE,Dublin,Ireland",01/06/2017,"1 SWEETMAN HOUSE, MYRTLE AVE, THE COAST BALDOYLE",Dublin 13,Dublin,310000.0,No,No,Second-Hand Dwelling house /Apartment,,2017-06-01,"3, Sweetman House, Myrtle Ave, The Coast, Dublin 13, Ireland",ROOFTOP,53.3997919,-6.1463276,,premise,Fingal,Baldoyle,04004,Dublin,267004013
198264,2017.0,"1 Sybill Hill Avenue, Raheny, Dublin 5,Dublin,Ireland",07/02/2017,"1 Sybill Hill Avenue, Raheny, Dublin 5",Dublin 5,Dublin,68500.0,No,Yes,New Dwelling house /Apartment,less than 38 sq metres,2017-02-07,"1 Sybil Hill Ave, Clontarf, Dublin 5, D05 DX52, Ireland",ROOFTOP,53.3762738,-6.1859576,D05 DX52,street_address,Dublin City,Clontarf East A,02037,Dublin,268041004
198281,2017.0,"1 THE FRIARY, CECILIA ST, TEMPLE BAR DUBLIN 2,Dublin,Ireland",01/02/2017,"1 THE FRIARY, CECILIA ST, TEMPLE BAR DUBLIN 2",Dublin 2,Dublin,380548.0,No,No,Second-Hand Dwelling house /Apartment,,2017-02-01,"The Friary, Cecilia St, Temple Bar, Dublin 2, Ireland",ROOFTOP,53.3451703,-6.263514,,premise,Dublin City,Royal Exchange A,02144,Dublin,268140015
198301,2017.0,"1 THE SQUARE, SKERRIES, DUBLIN,Dublin,Ireland",12/01/2017,"1 THE SQUARE, SKERRIES, DUBLIN",,Dublin,285000.0,No,No,Second-Hand Dwelling house /Apartment,,2017-01-12,"1 The Square, Townparks, Skerries, Co. Dublin, K34 PF70, Ireland",ROOFTOP,53.5800303,-6.1102055,K34 PF70,street_address,Fingal,Skerries,04034,Dublin,267123028
198302,2017.0,"1 THE TURRETS, RATHMINES RD UPPER, DUBLIN,Dublin,Ireland",12/06/2017,"1 THE TURRETS, RATHMINES RD UPPER, DUBLIN",Dublin 6,Dublin,214000.0,No,No,Second-Hand Dwelling house /Apartment,,2017-06-12,"The Turrets, Rathmines Rd Upper, Dublin 6, Ireland",ROOFTOP,53.3190299,-6.2637702,,premise,Dublin City,Rathmines West C,02140,Dublin,268134008
198304,2017.0,"1 THE WALK, CARRICKMINES MANOR, GLENAMUCK RD,Dublin,Ireland",06/04/2017,"1 THE WALK, CARRICKMINES MANOR, GLENAMUCK RD",Dublin 18,Dublin,135550.66,No,No,Second-Hand Dwelling house /Apartment,,2017-04-06,"Apartment 17, Cairnbrook Manor, Cairnbrook Ave., Dublin 18, Ireland",ROOFTOP,53.2479193,-6.1797148,,"establishment,lodging,point_of_interest",Dn Laoghaire-Rathdown,Cabinteely-Loughlinstown,05020,Dublin,267038003
198316,2017.0,"1 TRIMLESTON RD, BOOTERSTOWN, BLACKROCK,Dublin,Ireland",10/02/2017,"1 TRIMLESTON RD, BOOTERSTOWN, BLACKROCK",,Dublin,640000.0,No,No,Second-Hand Dwelling house /Apartment,,2017-02-10,"1 Trimleston Rd, Trimblestown, Blackrock, Co. Dublin, Ireland",ROOFTOP,53.3098554,-6.2058973,,street_address,Dn Laoghaire-Rathdown,Blackrock-Booterstown,05008,Dublin,267019001
198318,2017.0,"1 Terenure Square, Terenure, Dublin 6W,Dublin,Ireland",09/02/2017,"1 Terenure Square, Terenure, Dublin 6W",Dublin 6w,Dublin,531608.0,No,Yes,New Dwelling house /Apartment,greater than or equal to 38 sq metres and less than 125 sq metres,2017-02-09,"1 Terenure Rd W, Terenure, Dublin 6W, Co. Dublin, Ireland",ROOFTOP,53.3096876,-6.2849454,,street_address,Dublin City,Terenure B,02149,Dublin,268145009
198320,2017.0,"1 The Avenue, Hansfield Wood, Hansfield,Dublin,Ireland",07/06/2017,"1 The Avenue, Hansfield Wood, Hansfield",Dublin 15,Dublin,277533.0,No,Yes,New Dwelling house /Apartment,greater than or equal to 38 sq metres and less than 125 sq metres,2017-06-07,"Clonsilla, Dublin, Ireland",GEOMETRIC_CENTER,53.3905516,-6.4322246,,"establishment,point_of_interest",Fingal,Blanchardstown-Blakestown,04009,Dublin,267028004/02
198321,2017.0,"1 The Close, Hazelbrook Square, Churchtown,Dublin,Ireland",12/04/2017,"1 The Close, Hazelbrook Square, Churchtown",Dublin 14,Dublin,572687.0,No,No,New Dwelling house /Apartment,less than 38 sq metres,2017-04-12,"1 Hazelbrook Dr, Terenure, Dublin 6W, Co. Dublin, D6W PX80, Ireland",ROOFTOP,53.3129164,-6.2961187,D6W PX80,street_address,Dublin City,Terenure B,02149,Dublin,268145015
198322,2017.0,"1 The Court, Scholarstown Wood, Scholarstown Road,Dublin,Ireland",12/04/2017,"1 The Court, Scholarstown Wood, Scholarstown Road",Dublin 16,Dublin,524229.08,No,Yes,New Dwelling house /Apartment,greater than or equal to 125 sq metres,2017-04-12,"Scholarstown Rd, Ballyroan, Dublin, Ireland",GEOMETRIC_CENTER,53.2793586,-6.3073067,,"establishment,point_of_interest",South Dublin,Firhouse-Ballycullen,03012,Dublin,267085025
198325,2017.0,"1 The Walk, Scholarstown  Wood, Rathfarnham,Dublin,Ireland",03/03/2017,"1 The Walk, Scholarstown  Wood, Rathfarnham",,Dublin,422908.0,No,Yes,New Dwelling house /Apartment,greater than or equal to 38 sq metres and less than 125 sq metres,2017-03-03,"Scholarstown Rd, Ballyroan, Dublin, Ireland",GEOMETRIC_CENTER,53.2793586,-6.3073067,,"establishment,point_of_interest",South Dublin,Firhouse-Ballycullen,03012,Dublin,267085025
198327,2017.0,"1 UPPER MAIN ST, RUSH, MAIN ST,Dublin,Ireland",06/01/2017,"1 UPPER MAIN ST, RUSH, MAIN ST",,Dublin,380000.0,No,No,Second-Hand Dwelling house /Apartment,,2017-01-06,"Rush, Co. Dublin, Ireland",GEOMETRIC_CENTER,53.5227345,-6.0970333,,"bus_station,establishment,point_of_interest,transit_station",Fingal,Rush,04033,Dublin,267118009
198329,2017.0,"1 VERA TERRACE, BOTANIC AVE, DUBLIN 9,Dublin,Ireland",03/02/2017,"1 VERA TERRACE, BOTANIC AVE, DUBLIN 9",Dublin 9,Dublin,375000.0,No,No,Second-Hand Dwelling house /Apartment,,2017-02-03,"Vera Terrace, Botanic Ave, Drumcondra, Dublin 9, Ireland",ROOFTOP,53.3709789,-6.264679,,premise,Dublin City,Botanic B,02028,Dublin,268028013
198339,2017.0,"1 WINDMILL TERRACE, COOLMINE, DUBLIN 15,Dublin,Ireland",06/03/2017,"1 WINDMILL TERRACE, COOLMINE, DUBLIN 15",Dublin 15,Dublin,180000.0,No,No,Second-Hand Dwelling house /Apartment,,2017-03-06,"Windmill Terrace, Coolmine, Dublin 15, Ireland",ROOFTOP,53.380086,-6.3999964,,premise,Fingal,Blanchardstown-Delwood,04012,Dublin,267031015
198351,2017.0,"10 71 CABRA RD, DUBLIN 2, DUBLIN,Dublin,Ireland",12/01/2017,"10 71 CABRA RD, DUBLIN 2, DUBLIN",Dublin 15,Dublin,475000.0,No,No,Second-Hand Dwelling house /Apartment,,2017-01-12,"10 Cabra Rd, Phibsborough, Dublin 7, D07 X6K7, Ireland",ROOFTOP,53.3606942,-6.2782901,D07 X6K7,street_address,Dublin City,Cabra East A,02030,Dublin,268030021
198354,2017.0,"10 ALDERWOOD AVE, SPRINGFIELD, TALLAGHT DUBLIN 24,Dublin,Ireland",11/04/2017,"10 ALDERWOOD AVE, SPRINGFIELD, TALLAGHT DUBLIN 24",Dublin 24,Dublin,180000.0,No,No,Second-Hand Dwelling house /Apartment,,2017-04-11,"10 Alderwood Ave, Springfield, Dublin 24, D24 CDH5, Ireland",ROOFTOP,53.2850404,-6.3803717,D24 CDH5,street_address,South Dublin,Tallaght-Springfield,03039,Dublin,267147010
198357,2017.0,"10 ANGLESEA RD, BALLSBRIDGE, DUBLIN 4,Dublin,Ireland",08/03/2017,"10 ANGLESEA RD, BALLSBRIDGE, DUBLIN 4",Dublin 4,Dublin,1200000.0,No,No,Second-Hand Dwelling house /Apartment,,2017-03-08,"10 Anglesea Rd, Dublin 4, D04 N2F5, Ireland",ROOFTOP,53.3235139,-6.2300818,D04 N2F5,street_address,Dublin City,Pembroke East E,02129,Dublin,268114004
198359,2017.0,"10 ANNFIELD CRESCENT, ANNFIELD, CASTLEKNOCK DUBLIN 15,Dublin,Ireland",01/03/2017,"10 ANNFIELD CRESCENT, ANNFIELD, CASTLEKNOCK DUBLIN 15",Dublin 15,Dublin,249500.0,No,No,Second-Hand Dwelling house /Apartment,,2017-03-01,"10 Annfield Cres, Porterstown, Dublin 15, D15 R6A2, Ireland",ROOFTOP,53.375476,-6.4058481,D15 R6A2,street_address,Fingal,Castleknock-Knockmaroon,04016,Dublin,267040001
198371,2017.0,"10 Abbot's Grove, Knocklyon, Dublin 16,Dublin,Ireland",02/02/2017,"10 Abbot's Grove, Knocklyon, Dublin 16",Dublin 16,Dublin,325110.13,No,Yes,New Dwelling house /Apartment,greater than or equal to 38 sq metres and less than 125 sq metres,2017-02-02,"24 Abbots grove, Ballycullen, Knocklyon, Co. Dublin, Ireland",ROOFTOP,53.2710579,-6.3252412,,"establishment,general_contractor,point_of_interest",South Dublin,Firhouse-Ballycullen,03012,Dublin,267085005/267085009
198384,2017.0,"10 BEECHLAWN, SOUTH HILL AVE, BLACKROCK,Dublin,Ireland",06/03/2017,"10 BEECHLAWN, SOUTH HILL AVE, BLACKROCK",,Dublin,407000.0,No,No,Second-Hand Dwelling house /Apartment,,2017-03-06,"Beechlawn, S Hill Ave, Merrion, Blackrock, Co. Dublin, Ireland",ROOFTOP,53.2995566,-6.1998405,,premise,Dn Laoghaire-Rathdown,Blackrock-Williamstown,05017,Dublin,267026007
198394,2017.0,"10 BROOKWOOD CRESCENT, ARTANE, DUBLIN 5,Dublin,Ireland",09/02/2017,"10 BROOKWOOD CRESCENT, ARTANE, DUBLIN 5",Dublin 5,Dublin,225000.0,Yes,No,Second-Hand Dwelling house /Apartment,,2017-02-09,"10 Brookwood Cres, Harmonstown, Dublin 5, D05 P718, Ireland",ROOFTOP,53.3804821,-6.1935071,D05 P718,street_address,Dublin City,Harmonstown B,02065,Dublin,268077003
198403,2017.0,"10 CARLTON COURT, CLONTARF, DUBLIN 3,Dublin,Ireland",07/04/2017,"10 CARLTON COURT, CLONTARF, DUBLIN 3",Dublin 3,Dublin,243000.0,No,No,Second-Hand Dwelling house /Apartment,,2017-04-07,"Carlton Court, St Lawrence Rd, Clontarf East, Dublin 3, Ireland",ROOFTOP,53.3620775,-6.2154392,,premise,Dublin City,Clontarf East D,02040,Dublin,268044003
198412,2017.0,"10 CEDAR HALL, MILLBROOK COURT, MILLTOWN DUBLIN 6,Dublin,Ireland",06/02/2017,"10 CEDAR HALL, MILLBROOK COURT, MILLTOWN DUBLIN 6",Dublin 6,Dublin,395000.0,No,No,Second-Hand Dwelling house /Apartment,,2017-02-06,"6 Millbrook Village, Dublin 6, Ireland",ROOFTOP,53.317053,-6.243859,,"establishment,lodging,point_of_interest",Dublin City,Rathmines East B,02135,Dublin,268129016
198428,2017.0,"10 CLONSAUGH HEIGHTS, CLONSAUGH, DUBLIN 17,Dublin,Ireland",12/04/2017,"10 CLONSAUGH HEIGHTS, CLONSAUGH, DUBLIN 17",Dublin 17,Dublin,370000.0,No,No,Second-Hand Dwelling house /Apartment,,2017-04-12,"10 Clonshaugh Heights, Clonshagh, Dublin 17, D17 N674, Ireland",ROOFTOP,53.4044931,-6.213096,D17 N674,street_address,Dublin City,Priorswood A,02080,Dublin,268121004
198442,2017.0,"10 CREMORNE, TERENURE RD EAST, DUBLIN 6,Dublin,Ireland",02/03/2017,"10 CREMORNE, TERENURE RD EAST, DUBLIN 6",Dublin 6,Dublin,365000.0,No,No,Second-Hand Dwelling house /Apartment,,2017-03-02,,,,,,,,,,,
198449,2017.0,"10 Castlelands Park Place, Balbriggan,Dublin,Ireland",07/03/2017,"10 Castlelands Park Place, Balbriggan",,Dublin,213700.0,No,Yes,New Dwelling house /Apartment,greater than or equal to 38 sq metres and less than 125 sq metres,2017-03-07,"10 Castleland Park View, Kilsough North, Balbriggan, Co. Dublin, K32 X020, Ireland",ROOFTOP,53.5993435,-6.1759258,K32 X020,street_address,Fingal,Balbriggan Rural,04002,Dublin,267002043
198464,2017.0,"10 DRYNAM GLEN, KINSEALY, DUBLIN,Dublin,Ireland",12/04/2017,"10 DRYNAM GLEN, KINSEALY, DUBLIN",,Dublin,175000.0,No,No,Second-Hand Dwelling house /Apartment,,2017-04-12,"10 Drynam Glen, Drynam Hall, Swords, Co. Dublin, K67 CK09, Ireland",ROOFTOP,53.4419131,-6.1966147,K67 CK09,street_address,Fingal,Kinsaley,04026,Dublin,267099020
198474,2017.0,"10 FAIRYHILL, BLACKROCK, DUBLIN,Dublin,Ireland",09/03/2017,"10 FAIRYHILL, BLACKROCK, DUBLIN",,Dublin,695000.0,No,No,Second-Hand Dwelling house /Apartment,,2017-03-09,"10 Fairyhill, Newtownpark, Blackrock, Co. Dublin, A94 YK24, Ireland",ROOFTOP,53.2857101,-6.1791552,A94 YK24,street_address,Dn Laoghaire-Rathdown,Blackrock-Carysfort,05009,Dublin,267020006
198504,2017.0,"10 HADDINGTON LAWN, GLENAGEARY, DUBLIN,Dublin,Ireland",04/04/2017,"10 HADDINGTON LAWN, GLENAGEARY, DUBLIN",,Dublin,725000.0,No,No,Second-Hand Dwelling house /Apartment,,2017-04-04,"10 Haddington Lawn, Glenageary, Dublin, A96 T4C9, Ireland",ROOFTOP,53.2770487,-6.1225765,A96 T4C9,street_address,Dn Laoghaire-Rathdown,Dn Laoghaire-Sandycove,05050,Dublin,267076002
198505,2017.0,"10 HAMPTON WOOD PARK, ST MARGARETS RD, DUBLIN,Dublin,Ireland",06/04/2017,"10 HAMPTON WOOD PARK, ST MARGARETS RD, DUBLIN",Dublin 11,Dublin,188000.0,No,No,Second-Hand Dwelling house /Apartment,,2017-04-06,"St Margaret's Rd, Dublin, Ireland",GEOMETRIC_CENTER,53.4059176,-6.2834899,,route,Fingal,Dubber,04020,Dublin,267066009
198508,2017.0,"10 HAZEL LAWN, DUN LAOGHAIRE, CO DUBLIN,Dublin,Ireland",10/02/2017,"10 HAZEL LAWN, DUN LAOGHAIRE, CO DUBLIN",,Dublin,465000.0,No,No,Second-Hand Dwelling house /Apartment,,2017-02-10,"10 Hazel Lawn, Carriglea Downs, Dublin, A96 WA21, Ireland",ROOFTOP,53.2783584,-6.1486335,A96 WA21,street_address,Dn Laoghaire-Rathdown,Dn Laoghaire-Sallynoggin West,05049,Dublin,267074001
198518,2017.0,"10 HOLYWELL VIEW, HOLYWELL, FELTRIM RD SWORDS,Dublin,Ireland",03/02/2017,"10 HOLYWELL VIEW, HOLYWELL, FELTRIM RD SWORDS",,Dublin,233000.0,No,No,Second-Hand Dwelling house /Apartment,,2017-02-03,,,,,,,,,,,
198531,2017.0,"10 KENNINGTON RD, TEMPLEOGUE, DUBLIN 6W,Dublin,Ireland",12/05/2017,"10 KENNINGTON RD, TEMPLEOGUE, DUBLIN 6W",,Dublin,550000.0,No,No,Second-Hand Dwelling house /Apartment,,2017-05-12,"10 Kennington Rd, Templeogue, Dublin 6W, Co. Dublin, D6W WC79, Ireland",ROOFTOP,53.2992592,-6.327598,D6W WC79,street_address,South Dublin,Templeogue-Osprey,03045,Dublin,267153001
198546,2017.0,"10 LEVMOSS AVENUE, LEVMOSS PARK, THE GALLOPS,Dublin,Ireland",12/05/2017,"10 LEVMOSS AVENUE, LEVMOSS PARK, THE GALLOPS",Dublin 18,Dublin,395000.0,No,No,Second-Hand Dwelling house /Apartment,,2017-05-12,"10 Levmoss Ave, Sandyford, Dublin, Ireland",ROOFTOP,53.2632994,-6.1985798,,"establishment,point_of_interest",Dn Laoghaire-Rathdown,Glencullen,05057,Dublin,267092054
198555,2017.0,"10 MALTON, 31 33 MERRION RD, BALLSBRIDGE DUBLIN 4,Dublin,Ireland",04/04/2017,"10 MALTON, 31 33 MERRION RD, BALLSBRIDGE DUBLIN 4",Dublin 4,Dublin,860000.0,No,No,Second-Hand Dwelling house /Apartment,,2017-04-04,,,,,,,,,,,
198566,2017.0,"10 NEW RD, INCHICORE, DUBLIN 8,Dublin,Ireland",06/03/2017,"10 NEW RD, INCHICORE, DUBLIN 8",Dublin 8,Dublin,200000.0,No,No,Second-Hand Dwelling house /Apartment,,2017-03-06,"10 New Rd, Inchicore, Dublin 8, D08 Y3KD, Ireland",ROOFTOP,53.3365447,-6.3304274,D08 Y3KD,street_address,Dublin City,Inchicore A,02106,Dublin,268078009
198580,2017.0,"10 OULTON RD, CLONTARF, DUBLIN 3,Dublin,Ireland",10/04/2017,"10 OULTON RD, CLONTARF, DUBLIN 3",Dublin 3,Dublin,905000.0,No,No,Second-Hand Dwelling house /Apartment,,2017-04-10,"10 Oulton Rd, Clontarf East, Dublin 3, D03 FX65, Ireland",ROOFTOP,53.3611799,-6.2031318,D03 FX65,street_address,Dublin City,Clontarf East C,02039,Dublin,268043004
198582,2017.0,"10 PARKHILL DR, KILNAMANAGH, DUBLIN 24,Dublin,Ireland",07/03/2017,"10 PARKHILL DR, KILNAMANAGH, DUBLIN 24",Dublin 24,Dublin,290000.0,No,No,Second-Hand Dwelling house /Apartment,,2017-03-07,"10 Parkhill Dr, Kingswood, Dublin 24, D24 RVK8, Ireland",ROOFTOP,53.3009605,-6.3706322,D24 RVK8,street_address,South Dublin,Tallaght-Kingswood,03036,Dublin,267144013
198590,2017.0,"10 Park Avenue, Millers Glen, Swords,Dublin,Ireland",06/04/2017,"10 Park Avenue, Millers Glen, Swords",,Dublin,332599.0,No,Yes,New Dwelling house /Apartment,greater than or equal to 125 sq metres,2017-04-06,"Longview Ave, Oldtown, Co. Dublin, Ireland",GEOMETRIC_CENTER,53.4739449,-6.2397822,,"establishment,point_of_interest",Fingal,Swords-Lissenhall,04038,Dublin,267133026
198597,2017.0,"10 RIVERWOOD GARDENS, CASTLEKNOCK, DUBLIN 15,Dublin,Ireland",06/02/2017,"10 RIVERWOOD GARDENS, CASTLEKNOCK, DUBLIN 15",Dublin 15,Dublin,350000.0,No,No,Second-Hand Dwelling house /Apartment,,2017-02-06,"10 Riverwood Gardens, Carpenterstown, Dublin 15, D15 K2Y2, Ireland",ROOFTOP,53.3735812,-6.3944118,D15 K2Y2,street_address,Fingal,Castleknock-Knockmaroon,04016,Dublin,267040035
198600,2017.0,"10 ROSELAWN, BALLYDOWD, LUCAN,Dublin,Ireland",05/05/2017,"10 ROSELAWN, BALLYDOWD, LUCAN",,Dublin,430000.0,No,No,Second-Hand Dwelling house /Apartment,,2017-05-05,"10 Roselawn, Ballydowd, Lucan, Co. Dublin, K78 F8N7, Ireland",ROOFTOP,53.3585544,-6.4337271,K78 F8N7,street_address,South Dublin,Lucan Heights,03016,Dublin,267101011
198615,2017.0,"10 SAULS COURT, COWS LANE, DUBLIN 8,Dublin,Ireland",03/03/2017,"10 SAULS COURT, COWS LANE, DUBLIN 8",Dublin 8,Dublin,271000.0,No,No,Second-Hand Dwelling house /Apartment,,2017-03-03,"2 pudding row, Essex Street West, Dublin 8, Ireland",ROOFTOP,53.344625,-6.268463,,"art_gallery,clothing_store,establishment,jewelry_store,point_of_interest,store",Dublin City,Royal Exchange A,02144,Dublin,268140017
198626,2017.0,"10 ST FINTAN'S ROAD, CABRA, DUBLIN 7,Dublin,Ireland",05/05/2017,"10 ST FINTAN'S ROAD, CABRA, DUBLIN 7",Dublin 7,Dublin,210000.0,No,No,Second-Hand Dwelling house /Apartment,,2017-05-05,"10 St Fintan Rd, Cabra East, Dublin 7, D07 P998, Ireland",ROOFTOP,53.3658392,-6.2870638,D07 P998,street_address,Dublin City,Cabra East B,02031,Dublin,268031008
198633,2017.0,"10 ST PATRICKS COURT, CLANBRASSIL ST UPPER, DUBLIN 8,Dublin,Ireland",09/03/2017,"10 ST PATRICKS COURT, CLANBRASSIL ST UPPER, DUBLIN 8",Dublin 8,Dublin,180000.0,No,No,Second-Hand Dwelling house /Apartment,,2017-03-09,"2, 3 Richmond Street North, Merchants Quay, Dublin 1, Ireland",ROOFTOP,53.3339444,-6.2750833,,"establishment,point_of_interest",Dublin City,Merchants Quay E,02123,Dublin,268102010
198641,2017.0,"10 Stratton Drive, Adamstown Sauare, Adamstown,Dublin,Ireland",12/05/2017,"10 Stratton Drive, Adamstown Sauare, Adamstown",,Dublin,290748.89,No,Yes,New Dwelling house /Apartment,greater than or equal to 38 sq metres and less than 125 sq metres,2017-05-12,,,,,,,,,,,
198642,2017.0,"10 Stratton Lawn, Adamstown Square, Adamstown,Dublin,Ireland",12/06/2017,"10 Stratton Lawn, Adamstown Square, Adamstown",,Dublin,246525.0,No,Yes,New Dwelling house /Apartment,greater than or equal to 38 sq metres and less than 125 sq metres,2017-06-12,,,,,,,,,,,
198650,2017.0,"10 THE GARDENS, CARRICKMINES MANOR, GLENAMUCK RD,Dublin,Ireland",06/04/2017,"10 THE GARDENS, CARRICKMINES MANOR, GLENAMUCK RD",Dublin 18,Dublin,206035.24,No,No,Second-Hand Dwelling house /Apartment,,2017-04-06,"Apartment 17, Cairnbrook Manor, Cairnbrook Ave., Dublin 18, Ireland",ROOFTOP,53.2479193,-6.1797148,,"establishment,lodging,point_of_interest",Dn Laoghaire-Rathdown,Cabinteely-Loughlinstown,05020,Dublin,267038003
198657,2017.0,"10 THE VIEW, CARRICKMINES MANOR, GLENAMUCK RD,Dublin,Ireland",06/04/2017,"10 THE VIEW, CARRICKMINES MANOR, GLENAMUCK RD",Dublin 18,Dublin,144361.23,No,No,Second-Hand Dwelling house /Apartment,,2017-04-06,"Apartment 17, Cairnbrook Manor, Cairnbrook Ave., Dublin 18, Ireland",ROOFTOP,53.2479193,-6.1797148,,"establishment,lodging,point_of_interest",Dn Laoghaire-Rathdown,Cabinteely-Loughlinstown,05020,Dublin,267038003
198666,2017.0,"10 The Elms, Ridgewood, Swords,Dublin,Ireland",03/03/2017,"10 The Elms, Ridgewood, Swords",,Dublin,324229.07,No,Yes,New Dwelling house /Apartment,greater than or equal to 38 sq metres and less than 125 sq metres,2017-03-03,"10 Boroimhe Elms, Nevinstown West, Swords, Co. Dublin, Ireland",ROOFTOP,53.4454199,-6.2299851,,street_address,Fingal,Swords-Forrest,04036,Dublin,267132037
198668,2017.0,"10 The Gate, Millers Glen, Swords,Dublin,Ireland",03/02/2017,"10 The Gate, Millers Glen, Swords",,Dublin,264317.0,No,Yes,New Dwelling house /Apartment,greater than or equal to 38 sq metres and less than 125 sq metres,2017-02-03,"Longview Ave, Oldtown, Co. Dublin, Ireland",GEOMETRIC_CENTER,53.4739449,-6.2397822,,"establishment,point_of_interest",Fingal,Swords-Lissenhall,04038,Dublin,267133026
198679,2017.0,"10 WEAVERS HALL, LEVMOSS PARK, THE GALLOPS DUBLIN 18,Dublin,Ireland",01/03/2017,"10 WEAVERS HALL, LEVMOSS PARK, THE GALLOPS DUBLIN 18",Dublin 18,Dublin,220000.0,No,No,Second-Hand Dwelling house /Apartment,,2017-03-01,"Apartment 15, Weavers Hall, Levmoss Park, The Gallops, Dublin 18, Ireland",ROOFTOP,53.263942,-6.1984187,,premise,Dn Laoghaire-Rathdown,Glencullen,05057,Dublin,267092053
198684,2017.0,"10 WILLOWS RD, HARTSTOWN, DUBLIN 15,Dublin,Ireland",10/02/2017,"10 WILLOWS RD, HARTSTOWN, DUBLIN 15",Dublin 15,Dublin,250000.0,No,No,Second-Hand Dwelling house /Apartment,,2017-02-10,"10 Willows Rd, Hartstown, Dublin 15, D15 EW0D, Ireland",ROOFTOP,53.3890849,-6.4145727,D15 EW0D,street_address,Fingal,Blanchardstown-Blakestown,04009,Dublin,267028027
198687,2017.0,"10 WOODSIDE HALL, TICKNOCK HILL, SANDYFORD DUBLIN 18,Dublin,Ireland",03/03/2017,"10 WOODSIDE HALL, TICKNOCK HILL, SANDYFORD DUBLIN 18",Dublin 18,Dublin,300000.0,No,No,Second-Hand Dwelling house /Apartment,,2017-03-03,"18 The Hill, Tiknock, Dublin 16, Ireland",ROOFTOP,53.268341,-6.2461603,,"establishment,point_of_interest",Dn Laoghaire-Rathdown,Dundrum-Sandyford,05039,Dublin,267080005
198689,2017.0,"10, KILLALA ROAD, CABRA DUBLIN 7,Dublin,Ireland",07/03/2017,"10, KILLALA ROAD, CABRA DUBLIN 7",Dublin 7,Dublin,143400.0,Yes,No,Second-Hand Dwelling house /Apartment,,2017-03-07,"10 Killala Rd, Cabra West, Dublin 7, D07 K0F1, Ireland",ROOFTOP,53.3648411,-6.2977668,D07 K0F1,street_address,Dublin City,Cabra West C,02035,Dublin,268035010
198702,2017.0,"100 SEAFIELD COURT, KILLINEY, DUBLIN,Dublin,Ireland",06/04/2017,"100 SEAFIELD COURT, KILLINEY, DUBLIN",,Dublin,426000.0,No,No,Second-Hand Dwelling house /Apartment,,2017-04-06,"100 Seafield Ct, Hackettsland, Killiney, Co. Dublin, A96 Y2P7, Ireland",ROOFTOP,53.2485627,-6.1147178,A96 Y2P7,street_address,Dn Laoghaire-Rathdown,Killiney South,05059,Dublin,267097014
198703,2017.0,"100 SMITHFIELD MARKET, SMITHFIELD, DUBLIN 7,Dublin,Ireland",06/06/2017,"100 SMITHFIELD MARKET, SMITHFIELD, DUBLIN 7",Dublin 7,Dublin,385000.0,No,No,Second-Hand Dwelling house /Apartment,,2017-06-06,,,,,,,,,,,
198712,2017.0,"101 BARTON RD EAST, DUNDRUM, DUBLIN 14,Dublin,Ireland",02/02/2017,"101 BARTON RD EAST, DUNDRUM, DUBLIN 14",Dublin 14,Dublin,625000.0,No,No,Second-Hand Dwelling house /Apartment,,2017-02-02,"101 Barton Rd E, Dundrum, Dublin 14, D14 TN25, Ireland",ROOFTOP,53.2873648,-6.2558169,D14 TN25,street_address,Dn Laoghaire-Rathdown,Ballinteer-Meadowmount,05005,Dublin,267012006
198719,2017.0,"101 DONAGHMEDE RD, DONAGHMEDE, DUBLIN 13,Dublin,Ireland",07/04/2017,"101 DONAGHMEDE RD, DONAGHMEDE, DUBLIN 13",Dublin 13,Dublin,290000.0,No,No,Second-Hand Dwelling house /Apartment,,2017-04-07,"101 Donaghmede Rd, Grange, Dublin 13, D13 F782, Ireland",ROOFTOP,53.3933153,-6.1557868,D13 F782,street_address,Dublin City,Grange C,02061,Dublin,268073002
198724,2017.0,"101 OLCOVAR, SHANKILL, DUBLIN,Dublin,Ireland",11/01/2017,"101 OLCOVAR, SHANKILL, DUBLIN",Dublin 18,Dublin,255000.0,No,No,Second-Hand Dwelling house /Apartment,,2017-01-11,"Olcovar, Shankill, Dublin 18, D18 EC90, Ireland",GEOMETRIC_CENTER,53.2263989,-6.1264827,D18 EC90,route,Dn Laoghaire-Rathdown,Shankill-Rathmichael,05060,Dublin,267120015
198725,2017.0,"101 RIALTO COTTS, SOUTH C RD, DUBLIN 8,Dublin,Ireland",10/05/2017,"101 RIALTO COTTS, SOUTH C RD, DUBLIN 8",Dublin 8,Dublin,305000.0,No,No,Second-Hand Dwelling house /Apartment,,2017-05-10,"101 Rialto Cottages, Rialto, Dublin 8, D08 T3KK, Ireland",ROOFTOP,53.3366006,-6.2968854,D08 T3KK,street_address,Dublin City,Ushers D,02155,Dublin,268151001
198733,2017.0,"101 WHITESTOWN PARK, BLAKESTOWN DUBLIN 15, DUBLIN,Dublin,Ireland",07/03/2017,"101 WHITESTOWN PARK, BLAKESTOWN DUBLIN 15, DUBLIN",Dublin 15,Dublin,160000.0,No,No,Second-Hand Dwelling house /Apartment,,2017-03-07,"101 Whitestown Park, Coolmine, Dublin 15, D15 V0PC, Ireland",ROOFTOP,53.3979793,-6.3974847,D15 V0PC,street_address,Fingal,Blanchardstown-Coolmine,04010,Dublin,267029023
198739,2017.0,"102 Diswellstown Manor, Castleknock, Dublin 15,Dublin,Ireland",07/04/2017,"102 Diswellstown Manor, Castleknock, Dublin 15",Dublin 15,Dublin,555000.66,No,Yes,New Dwelling house /Apartment,greater than or equal to 38 sq metres and less than 125 sq metres,2017-04-07,"Porterstown, Castleknock Golf Club, Co. Dublin, Ireland",GEOMETRIC_CENTER,53.3670659,-6.3855459,,"establishment,point_of_interest",Fingal,Castleknock-Knockmaroon,04016,Dublin,267040042
198764,2017.0,"103 MILLRACE RD, PHOENIX PARK RACECOURSE, CASTLEKNOCK DUBLIN 15,Dublin,Ireland",07/03/2017,"103 MILLRACE RD, PHOENIX PARK RACECOURSE, CASTLEKNOCK DUBLIN 15",Dublin 15,Dublin,272000.0,No,No,Second-Hand Dwelling house /Apartment,,2017-03-07,"103 Millrace Rd, Pelletstown, Dublin, Ireland",RANGE_INTERPOLATED,53.3725312,-6.3354605,,street_address,Fingal,Castleknock-Park,04017,Dublin,267041017
198771,2017.0,"103 THORNFIELD SQ, CLONDALKIN, DUBLIN 22,Dublin,Ireland",09/03/2017,"103 THORNFIELD SQ, CLONDALKIN, DUBLIN 22",Dublin 22,Dublin,133000.0,No,No,Second-Hand Dwelling house /Apartment,,2017-03-09,"Thornfield Square, Watery Ln, Clondalkin, Dublin 22, Ireland",ROOFTOP,53.3243492,-6.393099,,premise,South Dublin,Clondalkin-Monastery,03007,Dublin,267050006
198776,2017.0,"104 BELLGREE BLVD, TYRRELSTOWN, DUBLIN 15,Dublin,Ireland",06/01/2017,"104 BELLGREE BLVD, TYRRELSTOWN, DUBLIN 15",Dublin 15,Dublin,214000.0,No,No,Second-Hand Dwelling house /Apartment,,2017-01-06,"13, Bellgree House, Boulevard, Tyrrelstown, Dublin 15, Ireland",ROOFTOP,53.4209563,-6.3851148,,premise,Fingal,The Ward,04041,Dublin,267158014
198777,2017.0,"104 BETTGLEN EST, HOWTH RD, RAHENY DUBLIN 5,Dublin,Ireland",11/04/2017,"104 BETTGLEN EST, HOWTH RD, RAHENY DUBLIN 5",Dublin 5,Dublin,525000.0,No,No,Second-Hand Dwelling house /Apartment,,2017-04-11,,,,,,,,,,,
198780,2017.0,"104 CHERRYWOOD DR, CLONDALKIN, DUBLIN 22,Dublin,Ireland",11/04/2017,"104 CHERRYWOOD DR, CLONDALKIN, DUBLIN 22",Dublin 22,Dublin,250000.0,No,No,Second-Hand Dwelling house /Apartment,,2017-04-11,"104 Cherrywood Dr, Fairview, Dublin 22, D22 V1H2, Ireland",ROOFTOP,53.3189391,-6.4110567,D22 V1H2,street_address,South Dublin,Clondalkin Village,03010,Dublin,267053004
198785,2017.0,"104 HAMPTON LODGE, BLOCK A, GRACEPARK ROAD,Dublin,Ireland",07/04/2017,"104 HAMPTON LODGE, BLOCK A, GRACEPARK ROAD",,Dublin,246696.0,No,No,Second-Hand Dwelling house /Apartment,,2017-04-07,"Hampton House, Grace Park Rd, Drumcondra, Dublin 9, Ireland",ROOFTOP,53.3726648,-6.2443064,,premise,Dublin City,Drumcondra South A,02047,Dublin,268058008
198787,2017.0,"104 LUDFORD RD, BALLINTEER, DUBLIN 16,Dublin,Ireland",12/06/2017,"104 LUDFORD RD, BALLINTEER, DUBLIN 16",Dublin 16,Dublin,595000.0,No,No,Second-Hand Dwelling house /Apartment,,2017-06-12,"104 Ludford Rd, Ballinteer, Dublin 16, D16 F208, Ireland",ROOFTOP,53.2805389,-6.2536428,D16 F208,street_address,Dn Laoghaire-Rathdown,Ballinteer-Ludford,05002,Dublin,267009007
198798,2017.0,"105 ARTHUR GRIFFITH PARK, LUCAN, DUBLIN,Dublin,Ireland",05/04/2017,"105 ARTHUR GRIFFITH PARK, LUCAN, DUBLIN",,Dublin,13054.44,Yes,No,Second-Hand Dwelling house /Apartment,,2017-04-05,"105 Arthur Griffith Park, Esker South, Lucan, Co. Dublin, K78 KF98, Ireland",ROOFTOP,53.3460272,-6.4414376,K78 KF98,street_address,South Dublin,Lucan-Esker,03015,Dublin,267100013
198800,2017.0,"105 BERTRAM COURT, CHRISTCHURCH, DUBLIN 8,Dublin,Ireland",08/05/2017,"105 BERTRAM COURT, CHRISTCHURCH, DUBLIN 8",Dublin 8,Dublin,226000.0,No,No,Second-Hand Dwelling house /Apartment,,2017-05-08,,,,,,,,,,,
198829,2017.0,"106 ST PATRICKS RD, WALKINSTOWN, DUBLIN 12,Dublin,Ireland",07/02/2017,"106 ST PATRICKS RD, WALKINSTOWN, DUBLIN 12",Dublin 12,Dublin,150000.0,Yes,No,Second-Hand Dwelling house /Apartment,,2017-02-07,"106 St Patrick's Rd, Whitehall, Dublin 12, D12 C576, Ireland",ROOFTOP,53.3099614,-6.327959,D12 C576,street_address,South Dublin,Terenure-St. James,03049,Dublin,267157006
198835,2017.0,"107 COMERAGH RD, DRIMNAGH, DUBLIN 12,Dublin,Ireland",10/05/2017,"107 COMERAGH RD, DRIMNAGH, DUBLIN 12",Dublin 12,Dublin,267500.0,No,No,Second-Hand Dwelling house /Apartment,,2017-05-10,"107 Comeragh Rd, Drimnagh, Dublin 12, D12 R526, Ireland",ROOFTOP,53.3268023,-6.3258912,D12 R526,street_address,Dublin City,Crumlin F,02103,Dublin,268056006
198838,2017.0,"107 GRACE O MALLEY RD, HOWTH, CO DUBLIN,Dublin,Ireland",12/04/2017,"107 GRACE O MALLEY RD, HOWTH, CO DUBLIN",Dublin 13,Dublin,430000.0,No,No,Second-Hand Dwelling house /Apartment,,2017-04-12,"107 Grace O'Malley Rd, Howth, Co. Dublin, D13 KT10, Ireland",ROOFTOP,53.3859581,-6.071912,D13 KT10,street_address,Fingal,Howth,04024,Dublin,267095012
198842,2017.0,"107 OLD BAWN RD, DUBLIN 24,Dublin,Ireland",09/05/2017,"107 OLD BAWN RD, DUBLIN 24",Dublin 24,Dublin,300000.0,No,No,Second-Hand Dwelling house /Apartment,,2017-05-09,"107 Old Bawn Rd, Oldbawn, Dublin 24, D24 Y7FE, Ireland",ROOFTOP,53.2798623,-6.3588215,D24 Y7FE,street_address,South Dublin,Tallaght-Oldbawn,03038,Dublin,267146011
198845,2017.0,"107, KYLEMORE DRIVE, BALLYFERMOT DUBLIN 10,Dublin,Ireland",09/02/2017,"107, KYLEMORE DRIVE, BALLYFERMOT DUBLIN 10",Dublin 10,Dublin,70250.0,Yes,No,Second-Hand Dwelling house /Apartment,,2017-02-09,"107 Kylemore Dr, Kylemore, Dublin 10, D10 K773, Ireland",ROOFTOP,53.3365811,-6.3523675,D10 K773,street_address,Dublin City,Kylemore,02116,Dublin,268095001
198848,2017.0,"108 ARDBEG PARK, ARTANE, DUBLIN 5,Dublin,Ireland",08/03/2017,"108 ARDBEG PARK, ARTANE, DUBLIN 5",Dublin 5,Dublin,330000.0,No,No,Second-Hand Dwelling house /Apartment,,2017-03-08,"108 Ardbeg Park, Beaumont, Dublin 5, D05 A2F4, Ireland",ROOFTOP,53.3847043,-6.2042952,D05 A2F4,street_address,Dublin City,Beaumont C,02023,Dublin,268023006
198860,2017.0,"108 PEMBROKE COTTAGES, DONNYBROOK, DUBLIN 4,Dublin,Ireland",02/06/2017,"108 PEMBROKE COTTAGES, DONNYBROOK, DUBLIN 4",Dublin 4,Dublin,409600.0,No,No,Second-Hand Dwelling house /Apartment,,2017-06-02,"108 Pembroke Cottages, Dublin 4, D04 F7P0, Ireland",ROOFTOP,53.3225915,-6.2354832,D04 F7P0,street_address,Dublin City,Pembroke West B,02131,Dublin,268116005
198864,2017.0,"108 THE RICHMOND, BRUNSWICK STREET, DUBLIN 7,Dublin,Ireland",11/01/2017,"108 THE RICHMOND, BRUNSWICK STREET, DUBLIN 7",,Dublin,180000.0,No,No,Second-Hand Dwelling house /Apartment,,2017-01-11,"Richmond, 1 Brunswick St N, Smithfield, Dublin 7, D07 TH76, Ireland",ROOFTOP,53.351383,-6.275994,D07 TH76,"establishment,health,point_of_interest",Dublin City,Arran Quay B,02002,Dublin,268002018
198879,2017.0,"10A MOATFIELD RD, COOLOCK, DUBLIN 5,Dublin,Ireland",06/01/2017,"10A MOATFIELD RD, COOLOCK, DUBLIN 5",Dublin 5,Dublin,285000.0,No,No,Second-Hand Dwelling house /Apartment,,2017-01-06,"10A Moatfield Rd, Donaghmede, Dublin 5, D05 YD65, Ireland",ROOFTOP,53.3891022,-6.1926034,D05 YD65,street_address,Dublin City,Harmonstown A,02064,Dublin,268076004
198899,2017.0,"11 Abbot's Grove Avenue, Knocklyon,Dublin,Ireland",03/02/2017,"11 Abbot's Grove Avenue, Knocklyon",,Dublin,347136.56,No,Yes,New Dwelling house /Apartment,greater than or equal to 38 sq metres and less than 125 sq metres,2017-02-03,"24 Abbots grove, Ballycullen, Knocklyon, Co. Dublin, Ireland",ROOFTOP,53.2710579,-6.3252412,,"establishment,general_contractor,point_of_interest",South Dublin,Firhouse-Ballycullen,03012,Dublin,267085005/267085009
198921,2017.0,"11 BEVERTON WOOD, DONABATE, DUBLIN,Dublin,Ireland",07/04/2017,"11 BEVERTON WOOD, DONABATE, DUBLIN",,Dublin,360000.0,No,No,Second-Hand Dwelling house /Apartment,,2017-04-07,"Beverton Wood, Beaverstown, Donabate, Co. Dublin, Ireland",GEOMETRIC_CENTER,53.490907,-6.1598562,,route,Fingal,Donabate,04019,Dublin,267065021
198926,2017.0,"11 BURFORD DRIVE, HONEYPARK, DUN LAOGHAIRE,Dublin,Ireland",09/06/2017,"11 BURFORD DRIVE, HONEYPARK, DUN LAOGHAIRE",,Dublin,651981.0,No,Yes,New Dwelling house /Apartment,greater than or equal to 38 sq metres and less than 125 sq metres,2017-06-09,"11 Burford Dr, Honeypark, Dublin, Ireland",RANGE_INTERPOLATED,53.2782623,-6.1452406,,street_address,Dn Laoghaire-Rathdown,Dn Laoghaire-Sallynoggin West,05049,Dublin,267074002
198928,2017.0,"11 BURTON HOUSE, CUSTOM HOUSE SQ, I F S C DUBLIN 1,Dublin,Ireland",01/06/2017,"11 BURTON HOUSE, CUSTOM HOUSE SQ, I F S C DUBLIN 1",Dublin 1,Dublin,340000.0,No,No,Second-Hand Dwelling house /Apartment,,2017-06-01,,,,,,,,,,,
198931,2017.0,"11 Beresford Gardens, Donabate,Dublin,Ireland",07/04/2017,"11 Beresford Gardens, Donabate",,Dublin,304959.0,No,Yes,New Dwelling house /Apartment,greater than or equal to 38 sq metres and less than 125 sq metres,2017-04-07,"Beresford Road, Co. Dublin, Ireland",GEOMETRIC_CENTER,53.4897513,-6.1626888,,route,Fingal,Donabate,04019,Dublin,267065011
198940,2017.0,"11 CASINO RD, MARINO, DUBLIN 3,Dublin,Ireland",08/03/2017,"11 CASINO RD, MARINO, DUBLIN 3",Dublin 3,Dublin,445000.0,No,No,Second-Hand Dwelling house /Apartment,,2017-03-08,"11 Casino Rd, Clontarf, Dublin 3, D03 V3K8, Ireland",ROOFTOP,53.3687067,-6.2336109,D03 V3K8,street_address,Dublin City,Clontarf West E,02046,Dublin,268050002
198956,2017.0,"11 CONVENT HALL, MOUNT ST ANNES, CONVENT AVE DUBLIN 6,Dublin,Ireland",11/05/2017,"11 CONVENT HALL, MOUNT ST ANNES, CONVENT AVE DUBLIN 6",Dublin 6,Dublin,610000.0,No,No,Second-Hand Dwelling house /Apartment,,2017-05-11,,,,,,,,,,,
198957,2017.0,"11 CONVENT RD, BLACKROCK, DUBLIN,Dublin,Ireland",10/02/2017,"11 CONVENT RD, BLACKROCK, DUBLIN",,Dublin,775000.0,No,No,Second-Hand Dwelling house /Apartment,,2017-02-10,"11 Convent Rd, Blackrock, Co. Dublin, A94 R3P4, Ireland",ROOFTOP,53.2975277,-6.181705,A94 R3P4,street_address,Dn Laoghaire-Rathdown,Blackrock-Central,05010,Dublin,267021010
198962,2017.0,"11 Castlegrange Avenue, Castaheaney, Dublin 15,Dublin,Ireland",05/05/2017,"11 Castlegrange Avenue, Castaheaney, Dublin 15",Dublin 15,Dublin,299560.0,No,Yes,New Dwelling house /Apartment,greater than or equal to 38 sq metres and less than 125 sq metres,2017-05-05,"11 Castlegrange Ave, Castaheany, Dublin, Ireland",RANGE_INTERPOLATED,53.3993971,-6.4305844,,street_address,Fingal,Blanchardstown-Blakestown,04009,Dublin,267028066
198965,2017.0,"11 DEERPARK VIEW, KILTIPPER, TALLAGHT DUBLIN 24,Dublin,Ireland",06/03/2017,"11 DEERPARK VIEW, KILTIPPER, TALLAGHT DUBLIN 24",Dublin 24,Dublin,231000.0,No,No,Second-Hand Dwelling house /Apartment,,2017-03-06,"11 Deerpark View, Kiltipper, Dublin 24, D24 KF60, Ireland",ROOFTOP,53.2698971,-6.3723199,D24 KF60,street_address,South Dublin,Tallaght-Kiltipper,03035,Dublin,267143018
198994,2017.0,"11 GRACE PARK COURT, BEAUMONT, DUBLIN 5,Dublin,Ireland",03/02/2017,"11 GRACE PARK COURT, BEAUMONT, DUBLIN 5",Dublin 9,Dublin,198250.0,No,No,Second-Hand Dwelling house /Apartment,,2017-02-03,"Grace Park Court, Beaumont Rd, Beaumont, Dublin 9, Ireland",ROOFTOP,53.3837924,-6.2382168,,premise,Dublin City,Whitehall D,02093,Dublin,268160011
198997,2017.0,"11 GREENVILLE TERRACE, DUBLIN 8, DUBLIN,Dublin,Ireland",01/02/2017,"11 GREENVILLE TERRACE, DUBLIN 8, DUBLIN",Dublin 8,Dublin,601000.0,No,No,Second-Hand Dwelling house /Apartment,,2017-02-01,"11 Greenville Terrace, Merchants Quay, Dublin 8, D08 V4A4, Ireland",ROOFTOP,53.3324065,-6.2788543,D08 V4A4,street_address,Dublin City,Merchants Quay E,02123,Dublin,268102006
199001,2017.0,"11 HALLIDAY SQ, STONEYBATTER, DUBLIN 7,Dublin,Ireland",03/03/2017,"11 HALLIDAY SQ, STONEYBATTER, DUBLIN 7",Dublin 7,Dublin,355000.0,No,No,Second-Hand Dwelling house /Apartment,,2017-03-03,"11 Halliday Square, Arbour Hill, Dublin 7, D07 X7F3, Ireland",ROOFTOP,53.352258,-6.2901328,D07 X7F3,street_address,Dublin City,Arran Quay E,02005,Dublin,268005010
199002,2017.0,"11 HANOVER HOUSE, ARDILAUN COURT, PATRICK ST DUBLIN 8,Dublin,Ireland",09/05/2017,"11 HANOVER HOUSE, ARDILAUN COURT, PATRICK ST DUBLIN 8",Dublin 8,Dublin,285000.0,No,No,Second-Hand Dwelling house /Apartment,,2017-05-09,,,,,,,,,,,
199010,2017.0,"11 HOLLYBANK AVE LOWER, RANELAGH, DUBLIN 6,Dublin,Ireland",06/04/2017,"11 HOLLYBANK AVE LOWER, RANELAGH, DUBLIN 6",Dublin 6,Dublin,750000.0,No,No,Second-Hand Dwelling house /Apartment,,2017-04-06,"11 Hollybank Ave Lower, Dublin 6, D06 E6W7, Ireland",ROOFTOP,53.3202296,-6.2467286,D06 E6W7,street_address,Dublin City,Rathmines East B,02135,Dublin,268129014
199018,2017.0,"11 IONA DR, DUBLIN 9, DUBLIN,Dublin,Ireland",03/02/2017,"11 IONA DR, DUBLIN 9, DUBLIN",Dublin 9,Dublin,1100000.0,No,No,Second-Hand Dwelling house /Apartment,,2017-02-03,"11 Iona Dr, Drumcondra, Dublin 9, D09 F4A8, Ireland",ROOFTOP,53.3670318,-6.26453,D09 F4A8,street_address,Dublin City,Botanic B,02028,Dublin,268028006
199021,2017.0,"11 KEANE HALL, COLLEGEWOOD, CASTLEKNOCK DUBLIN 15,Dublin,Ireland",08/03/2017,"11 KEANE HALL, COLLEGEWOOD, CASTLEKNOCK DUBLIN 15",Dublin 15,Dublin,265000.0,No,No,Second-Hand Dwelling house /Apartment,,2017-03-08,"Apartment 28, Keane Hall, Collegewood, Castleknock, Dublin 15, Ireland",ROOFTOP,53.3713585,-6.3688472,,premise,Fingal,Castleknock-Knockmaroon,04016,Dublin,267040052
199023,2017.0,"11 KILWORTH ROAD, DRIMNAGH, DUBLIN 12,Dublin,Ireland",10/02/2017,"11 KILWORTH ROAD, DRIMNAGH, DUBLIN 12",Dublin 12,Dublin,235000.0,No,No,Second-Hand Dwelling house /Apartment,,2017-02-10,"11 Kilworth Rd, Drimnagh, Dublin 12, D12 K573, Ireland",ROOFTOP,53.3333348,-6.3243102,D12 K573,street_address,Dublin City,Crumlin A,02098,Dublin,268051006
199024,2017.0,"11 KINCORA PARK, CLONTARF, DUBLIN 3,Dublin,Ireland",11/05/2017,"11 KINCORA PARK, CLONTARF, DUBLIN 3",Dublin 3,Dublin,895000.0,No,No,Second-Hand Dwelling house /Apartment,,2017-05-11,"11 Kincora Park, Clontarf East, Dublin 3, D03 WC79, Ireland",ROOFTOP,53.3617586,-6.2001764,D03 WC79,street_address,Dublin City,Clontarf East C,02039,Dublin,268043006
199030,2017.0,"11 LISSADEL WOOD, MALAHIDE, DUBLIN,Dublin,Ireland",06/01/2017,"11 LISSADEL WOOD, MALAHIDE, DUBLIN",,Dublin,260000.0,No,No,Second-Hand Dwelling house /Apartment,,2017-01-06,"11 Lissadel Wood, Yellow Walls, Malahide, Co. Dublin, Ireland",RANGE_INTERPOLATED,53.4521118,-6.1892426,,street_address,Fingal,Swords-Seatown,04039,Dublin,267134020
199044,2017.0,"11 MEADES TERRACE, HOLLES ST, DUBLIN 2,Dublin,Ireland",06/03/2017,"11 MEADES TERRACE, HOLLES ST, DUBLIN 2",Dublin 2,Dublin,365000.0,No,No,Second-Hand Dwelling house /Apartment,,2017-03-06,,,,,,,,,,,
199048,2017.0,"11 MOREEN RD, SANDYFORD, DUBLIN 16,Dublin,Ireland",08/03/2017,"11 MOREEN RD, SANDYFORD, DUBLIN 16",Dublin 16,Dublin,330000.0,No,No,Second-Hand Dwelling house /Apartment,,2017-03-08,"11 Moreen Rd, Balally, Dublin 16, D16 VF21, Ireland",ROOFTOP,53.272755,-6.225703,D16 VF21,street_address,Dn Laoghaire-Rathdown,Dundrum-Balally,05037,Dublin,267078007
199058,2017.0,"11 PARK AVENUE, MILLERS GLEN, SWORDS,Dublin,Ireland",05/04/2017,"11 PARK AVENUE, MILLERS GLEN, SWORDS",,Dublin,319383.26,No,Yes,New Dwelling house /Apartment,greater than or equal to 38 sq metres and less than 125 sq metres,2017-04-05,"Longview Ave, Oldtown, Co. Dublin, Ireland",GEOMETRIC_CENTER,53.4739449,-6.2397822,,"establishment,point_of_interest",Fingal,Swords-Lissenhall,04038,Dublin,267133026
199060,2017.0,"11 PARKVIEW, ROBSWALL, MALAHIDE,Dublin,Ireland",03/04/2017,"11 PARKVIEW, ROBSWALL, MALAHIDE",,Dublin,340000.0,No,No,Second-Hand Dwelling house /Apartment,,2017-04-03,"11 Parkview, Carrickhill, Portmarnock, Co. Dublin, D13 K759, Ireland",ROOFTOP,53.4314908,-6.1298886,D13 K759,street_address,Fingal,Portmarnock North,04031,Dublin,267110010
199061,2017.0,"11 PINTAIL HOUSE, REDCOURT OAKS, SEAFIELD RD EAST,Dublin,Ireland",01/01/2017,"11 PINTAIL HOUSE, REDCOURT OAKS, SEAFIELD RD EAST",Dublin 3,Dublin,242424.0,Yes,No,Second-Hand Dwelling house /Apartment,,2017-01-01,,,,,,,,,,,
199065,2017.0,"11 Park Lane, Belltree, Clongriffin,Dublin,Ireland",12/04/2017,"11 Park Lane, Belltree, Clongriffin",,Dublin,249598.53,No,Yes,New Dwelling house /Apartment,greater than or equal to 38 sq metres and less than 125 sq metres,2017-04-12,"Belltree Avenue, Donaghmede, Dublin, Ireland",GEOMETRIC_CENTER,53.4065193,-6.1564006,,route,Dublin City,Grange B,02060,Dublin,268072013/01
199083,2017.0,"11 SANTRY VILLAS, SANTRY, DUBLIN 9,Dublin,Ireland",07/06/2017,"11 SANTRY VILLAS, SANTRY, DUBLIN 9",Dublin 9,Dublin,290000.0,No,No,Second-Hand Dwelling house /Apartment,,2017-06-07,"11 Santry Villas, Dublin 9, D09 EH56, Ireland",ROOFTOP,53.3977661,-6.2431748,D09 EH56,street_address,Dublin City,Whitehall C,02092,Dublin,268159007
199084,2017.0,"11 SARSFIELD SQUARE, SARSFIELD QUAY, DUBLIN 7,Dublin,Ireland",10/02/2017,"11 SARSFIELD SQUARE, SARSFIELD QUAY, DUBLIN 7",Dublin 7,Dublin,188000.0,No,No,Second-Hand Dwelling house /Apartment,,2017-02-10,"Apartment 2, Sarsfield Court, Sarsfield Rd, Kilmainham, Dublin 10, Ireland",ROOFTOP,53.3427767,-6.3334927,,premise,Dublin City,Kilmainham A,02108,Dublin,268083001
199089,2017.0,"11 SHALLOCH HILL GROVE, SKERRIES, HILL GROVE,Dublin,Ireland",10/03/2017,"11 SHALLOCH HILL GROVE, SKERRIES, HILL GROVE",,Dublin,305000.0,No,No,Second-Hand Dwelling house /Apartment,,2017-03-10,,,,,,,,,,,
199099,2017.0,"11 STOCKINGWELL ROW, STOCKING AVE, RATHFARNHAM DUBLIN 16,Dublin,Ireland",05/01/2017,"11 STOCKINGWELL ROW, STOCKING AVE, RATHFARNHAM DUBLIN 16",Dublin 16,Dublin,249000.0,No,No,Second-Hand Dwelling house /Apartment,,2017-01-05,"Stocking Well Row, Ballycullen, Dublin 16, Ireland",GEOMETRIC_CENTER,53.2727917,-6.3193542,,route,South Dublin,Firhouse-Ballycullen,03012,Dublin,267085014/02
199102,2017.0,"11 SUMMERHILL PLACE, SUMMERHILL, DUBLIN 1,Dublin,Ireland",08/03/2017,"11 SUMMERHILL PLACE, SUMMERHILL, DUBLIN 1",Dublin 1,Dublin,170000.0,No,No,Second-Hand Dwelling house /Apartment,,2017-03-08,"Summerhill Terrace, Summerhill Parade, Glenageary, Dublin, Ireland",ROOFTOP,53.2886528,-6.1266787,,premise,Dn Laoghaire-Rathdown,Dn Laoghaire-Glasthule,05043,Dublin,267068002
199117,2017.0,"11 THE OAK, GRATTAN WOOD, DONAGHMEDE DUBLIN 5,Dublin,Ireland",08/03/2017,"11 THE OAK, GRATTAN WOOD, DONAGHMEDE DUBLIN 5",Dublin 13,Dublin,180000.0,No,No,Second-Hand Dwelling house /Apartment,,2017-03-08,,,,,,,,,,,
199126,2017.0,"11 The Close, Hazelbrook Square, Churchtown,Dublin,Ireland",10/05/2017,"11 The Close, Hazelbrook Square, Churchtown",Dublin 14,Dublin,427312.77,No,Yes,New Dwelling house /Apartment,greater than or equal to 38 sq metres and less than 125 sq metres,2017-05-10,"11 Hazelbrook Dr, Terenure, Dublin 6W, Co. Dublin, D6W C861, Ireland",ROOFTOP,53.3132695,-6.2959195,D6W C861,street_address,Dublin City,Terenure B,02149,Dublin,268145015
199136,2017.0,"11 ULVERTON COURT, ULVERTON RD, DALKEY,Dublin,Ireland",03/03/2017,"11 ULVERTON COURT, ULVERTON RD, DALKEY",,Dublin,268000.0,No,No,Second-Hand Dwelling house /Apartment,,2017-03-03,"Ulverton, Ulverton Rd, Glenageary, Dalkey, Co. Dublin, Ireland",ROOFTOP,53.2809315,-6.1076956,,premise,Dn Laoghaire-Rathdown,Dalkey-Bullock,05033,Dublin,267063007
199146,2017.0,"11 WOODBROOK HALL, RIVERWOOD RD, CASTLEKNOCK,Dublin,Ireland",11/04/2017,"11 WOODBROOK HALL, RIVERWOOD RD, CASTLEKNOCK",Dublin 15,Dublin,220000.0,No,No,Second-Hand Dwelling house /Apartment,,2017-04-11,"23, Woodbrook Hall, Riverwood Rd, Porterstown, Dublin 15, Ireland",ROOFTOP,53.377067,-6.4013293,,premise,Fingal,Castleknock-Knockmaroon,04016,Dublin,267040059
199159,2017.0,"110 CASTLEGATE WAY, ADAMSTOWN, LUCAN,Dublin,Ireland",11/04/2017,"110 CASTLEGATE WAY, ADAMSTOWN, LUCAN",,Dublin,230000.0,No,No,Second-Hand Dwelling house /Apartment,,2017-04-11,"110 Castlegate Way, Finnstown, Lucan, Co. Dublin, Ireland",RANGE_INTERPOLATED,53.3379848,-6.4577254,,street_address,South Dublin,Lucan-St. Helen's,03017,Dublin,267103018
199179,2017.0,"111 CARRIGWOOD, FIRHOUSE, DUBLIN 24,Dublin,Ireland",03/02/2017,"111 CARRIGWOOD, FIRHOUSE, DUBLIN 24",Dublin 24,Dublin,365000.0,No,No,Second-Hand Dwelling house /Apartment,,2017-02-03,"111 Carrigwood, Tymon South, Dublin 24, D24 WF9Y, Ireland",ROOFTOP,53.2786623,-6.3350291,D24 WF9Y,street_address,South Dublin,Firhouse Village,03014,Dublin,267084028
199183,2017.0,"111 IVY COURT, BEAUMONT WOODS, BEAUMONT,Dublin,Ireland",11/05/2017,"111 IVY COURT, BEAUMONT WOODS, BEAUMONT",Dublin 9,Dublin,179000.0,No,No,Second-Hand Dwelling house /Apartment,,2017-05-11,"111 Ivy Ct, Beaumont, Dublin, Ireland",RANGE_INTERPOLATED,53.3923406,-6.2282258,,street_address,Dublin City,Beaumont B,02022,Dublin,268022012
199185,2017.0,"111 MERRION PARK, BLACKROCK, DUBLIN,Dublin,Ireland",02/03/2017,"111 MERRION PARK, BLACKROCK, DUBLIN",,Dublin,600000.0,No,No,Second-Hand Dwelling house /Apartment,,2017-03-02,"111 Merrion Park, Merrion, Blackrock, Co. Dublin, A94 KD91, Ireland",ROOFTOP,53.298909,-6.2025177,A94 KD91,street_address,Dn Laoghaire-Rathdown,Blackrock-Williamstown,05017,Dublin,267026004
199200,2017.0,"112 KILTIPPER GATE, TALLAGHT, DUBLIN 24,Dublin,Ireland",03/04/2017,"112 KILTIPPER GATE, TALLAGHT, DUBLIN 24",Dublin 24,Dublin,168000.0,No,No,Second-Hand Dwelling house /Apartment,,2017-04-03,"24 Kiltipper Dr, Killininny, Dublin 24, D24 FP2H, Ireland",ROOFTOP,53.2746496,-6.359553,D24 FP2H,street_address,South Dublin,Tallaght-Kiltipper,03035,Dublin,267143021
199201,2017.0,"112 KYLEMORE DR, BALLYFERMOT, DUBLIN 10,Dublin,Ireland",06/03/2017,"112 KYLEMORE DR, BALLYFERMOT, DUBLIN 10",Dublin 10,Dublin,210000.0,No,No,Second-Hand Dwelling house /Apartment,,2017-03-06,"112 Kylemore Dr, Kylemore, Dublin 10, D10 CY95, Ireland",ROOFTOP,53.3374388,-6.3526939,D10 CY95,street_address,Dublin City,Kylemore,02116,Dublin,268095006
199206,2017.0,"112 OLIVER PLUNKETT RD, DUN LAOGHAIRE, DUBLIN,Dublin,Ireland",11/04/2017,"112 OLIVER PLUNKETT RD, DUN LAOGHAIRE, DUBLIN",,Dublin,540000.0,No,No,Second-Hand Dwelling house /Apartment,,2017-04-11,"112 Oliver Plunkett Rd, D̼n Laoghaire, Dublin, A96 E124, Ireland",ROOFTOP,53.2840267,-6.149821,A96 E124,street_address,Dn Laoghaire-Rathdown,Dn Laoghaire-Mount Town,05046,Dublin,267071002
199211,2017.0,"113 BALLYFERMOT AVE, DUBLIN 10, DUBLIN,Dublin,Ireland",07/04/2017,"113 BALLYFERMOT AVE, DUBLIN 10, DUBLIN",Dublin 10,Dublin,181000.0,No,No,Second-Hand Dwelling house /Apartment,,2017-04-07,"113 Ballyfermot Ave, Kylemore, Dublin 10, D10 ED92, Ireland",ROOFTOP,53.3388485,-6.3507098,D10 ED92,street_address,Dublin City,Kylemore,02116,Dublin,268095009
199214,2017.0,"113 OLD DISTILLERY, BERESFORD RD, DUBLIN 7,Dublin,Ireland",04/04/2017,"113 OLD DISTILLERY, BERESFORD RD, DUBLIN 7",Dublin 7,Dublin,171000.0,No,No,Second-Hand Dwelling house /Apartment,,2017-04-04,"The Old Distillery, Beresford St, Anne St N, Inns Quay, Dublin 7, Ireland",ROOFTOP,53.3489582,-6.2733145,,premise,Dublin City,Inns Quay C,02068,Dublin,268082004
199216,2017.0,"113 ST PATRICKS RD, GREENHILLS, DUBLIN 12,Dublin,Ireland",06/02/2017,"113 ST PATRICKS RD, GREENHILLS, DUBLIN 12",Dublin 12,Dublin,332000.0,No,No,Second-Hand Dwelling house /Apartment,,2017-02-06,"113 St Patrick's Rd, Whitehall, Dublin 12, D12 P270, Ireland",ROOFTOP,53.3103757,-6.3276795,D12 P270,street_address,South Dublin,Terenure-St. James,03049,Dublin,267157001
199224,2017.0,"114 MEADOWMOUNT, CHURCHTOWN, DUBLIN 14,Dublin,Ireland",10/03/2017,"114 MEADOWMOUNT, CHURCHTOWN, DUBLIN 14",Dublin 16,Dublin,647000.0,No,No,Second-Hand Dwelling house /Apartment,,2017-03-10,"114 Meadow Mount, Whitehall, Dublin 16, D16 VP02, Ireland",ROOFTOP,53.2849072,-6.2648708,D16 VP02,street_address,Dn Laoghaire-Rathdown,Ballinteer-Meadowmount,05005,Dublin,267012001
199225,2017.0,"114 OLIVER PLUNKETT RD, DUN LAOGHAIRE, GLENAGEARY,Dublin,Ireland",01/03/2017,"114 OLIVER PLUNKETT RD, DUN LAOGHAIRE, GLENAGEARY",,Dublin,325000.0,No,No,Second-Hand Dwelling house /Apartment,,2017-03-01,"114 Oliver Plunkett Rd, D̼n Laoghaire, Dublin, A96 N993, Ireland",ROOFTOP,53.2840049,-6.1497255,A96 N993,street_address,Dn Laoghaire-Rathdown,Dn Laoghaire-Mount Town,05046,Dublin,267071002
199226,2017.0,"114 RAFTER'S ROAD, DRIMNAGH, DUBLIN 12,Dublin,Ireland",01/03/2017,"114 RAFTER'S ROAD, DRIMNAGH, DUBLIN 12",Dublin 12,Dublin,230000.0,No,No,Second-Hand Dwelling house /Apartment,,2017-03-01,"114 Rafter's Rd, Drimnagh, Dublin 12, D12 WK73, Ireland",ROOFTOP,53.331764,-6.3154526,D12 WK73,street_address,Dublin City,Crumlin E,02102,Dublin,268055010
199227,2017.0,"114 SHELMARTIN AVE, MARINO, DUBLIN 3,Dublin,Ireland",03/01/2017,"114 SHELMARTIN AVE, MARINO, DUBLIN 3",Dublin 3,Dublin,375000.0,No,No,Second-Hand Dwelling house /Apartment,,2017-01-03,"114 Shelmartin Ave, Clontarf, Dublin 3, D03 E4H2, Ireland",ROOFTOP,53.3653556,-6.238056,D03 E4H2,street_address,Dublin City,Clontarf West D,02045,Dublin,268049005
199228,2017.0,"114 THE CRESCENT BUILDING, PARK WEST POINTE, DUBLIN 12,Dublin,Ireland",03/02/2017,"114 THE CRESCENT BUILDING, PARK WEST POINTE, DUBLIN 12",Dublin 12,Dublin,160000.0,No,No,Second-Hand Dwelling house /Apartment,,2017-02-03,"Park West Pointe, Yeats Way, Park West Business Park, Dublin 12, Co. Dublin, Ireland",ROOFTOP,53.331938,-6.3770368,,"establishment,point_of_interest",Dublin City,Cherry Orchard C,02097,Dublin,268040003/01
199241,2017.0,"115 NORTH CIRCULAR RD, DUBLIN 7, DUBLIN,Dublin,Ireland",04/05/2017,"115 NORTH CIRCULAR RD, DUBLIN 7, DUBLIN",Dublin 7,Dublin,550000.0,No,No,Second-Hand Dwelling house /Apartment,,2017-05-04,"115 An Cuarbh�_thar Thuaidh, Cabra East, Dublin 7, D07 A092, Ireland",ROOFTOP,53.35567,-6.2930533,D07 A092,street_address,Dublin City,Cabra East C,02032,Dublin,268032008
199244,2017.0,"115 St. Margarets Road, Hampton Wood, Dublin 11,Dublin,Ireland",08/03/2017,"115 St. Margarets Road, Hampton Wood, Dublin 11",,Dublin,167400.0,No,Yes,New Dwelling house /Apartment,greater than or equal to 38 sq metres and less than 125 sq metres,2017-03-08,"115 Hampton Wood Rd, Hampton Wood, Dublin 11, D11 Y0E1, Ireland",ROOFTOP,53.4048346,-6.2862232,D11 Y0E1,street_address,Dublin City,Ballymun A,02015,Dublin,268015013
199246,2017.0,"116 ARAS NA CLUAINE, BLOCK C, CLONDALKIN,Dublin,Ireland",02/03/2017,"116 ARAS NA CLUAINE, BLOCK C, CLONDALKIN",Dublin 22,Dublin,130000.0,No,No,Second-Hand Dwelling house /Apartment,,2017-03-02,"Yellowmeadows, Dublin, Ireland",GEOMETRIC_CENTER,53.328028,-6.3834507,,"establishment,lodging,point_of_interest",South Dublin,Clondalkin-Monastery,03007,Dublin,267050029
199247,2017.0,"116 ASHINGTON RISE, NAVAN RD, DUBLIN 7,Dublin,Ireland",01/03/2017,"116 ASHINGTON RISE, NAVAN RD, DUBLIN 7",Dublin 7,Dublin,390000.0,No,No,Second-Hand Dwelling house /Apartment,,2017-03-01,"116 Navan Rd, Abbey Dr, Riverston Abbey, Dublin 7, D07 FH29, Ireland",ROOFTOP,53.3703553,-6.3141637,D07 FH29,street_address,Dublin City,Ashtown A,02006,Dublin,268006014
199248,2017.0,"116 CARNDONAGH PARK, DONAGHMEADE, DUBLIN 5,Dublin,Ireland",07/03/2017,"116 CARNDONAGH PARK, DONAGHMEADE, DUBLIN 5",Dublin 13,Dublin,260000.0,No,No,Second-Hand Dwelling house /Apartment,,2017-03-07,"116 Carndonagh Park, Grange, Dublin 13, D13 N2N5, Ireland",ROOFTOP,53.3954855,-6.1549079,D13 N2N5,street_address,Dublin City,Grange C,02061,Dublin,268073008
199252,2017.0,"116 HARCOURT GREEN, CHARLEMONT ST, DUBLIN 2,Dublin,Ireland",05/04/2017,"116 HARCOURT GREEN, CHARLEMONT ST, DUBLIN 2",Dublin 2,Dublin,395000.0,No,No,Second-Hand Dwelling house /Apartment,,2017-04-05,"78 Charlemont St, Saint Kevin's, Dublin 2, Ireland",ROOFTOP,53.3326197,-6.2628853,,"establishment,point_of_interest",Dublin City,St. Kevin's,02146,Dublin,268142017
199257,2017.0,"116 PHILOMENA TERRACE, STELLA GARDENS, IRISHTOWN DUBLIN 4,Dublin,Ireland",06/03/2017,"116 PHILOMENA TERRACE, STELLA GARDENS, IRISHTOWN DUBLIN 4",Dublin 4,Dublin,425000.0,No,No,Second-Hand Dwelling house /Apartment,,2017-03-06,"116 Philomena Terrace, Stella Gardens, Dublin 4, D04 K602, Ireland",ROOFTOP,53.338886,-6.2259778,D04 K602,street_address,Dublin City,Pembroke East A,02125,Dublin,268110006
199260,2017.0,"116 St. Margaret's Road, Hampton Wood, Finglas,Dublin,Ireland",09/06/2017,"116 St. Margaret's Road, Hampton Wood, Finglas",,Dublin,171806.16,No,Yes,New Dwelling house /Apartment,greater than or equal to 38 sq metres and less than 125 sq metres,2017-06-09,"116 Hampton Wood Rd, Hampton Wood, Dublin 11, D11 W0CN, Ireland",ROOFTOP,53.4048273,-6.2861468,D11 W0CN,street_address,Dublin City,Ballymun A,02015,Dublin,268015013
199265,2017.0,"117 BALALLY DR, DUNDRUM, DUBLIN 16,Dublin,Ireland",04/01/2017,"117 BALALLY DR, DUNDRUM, DUBLIN 16",Dublin 16,Dublin,625000.0,No,No,Second-Hand Dwelling house /Apartment,,2017-01-04,"117 Balally Dr, Kilmacud West, Dublin 16, D16 ED66, Ireland",ROOFTOP,53.2820703,-6.2272638,D16 ED66,street_address,Dn Laoghaire-Rathdown,Dundrum-Balally,05037,Dublin,267078018
199268,2017.0,"117 HAMPTON SQ, HAMPTON, NAVAN RD DUBLIN 7,Dublin,Ireland",01/02/2017,"117 HAMPTON SQ, HAMPTON, NAVAN RD DUBLIN 7",Dublin 7,Dublin,235000.0,No,No,Second-Hand Dwelling house /Apartment,,2017-02-01,"Navan Rd, Dublin, Co. Dublin, Ireland",GEOMETRIC_CENTER,53.3833474,-6.363419,,route,Fingal,Blanchardstown-Abbotstown,04008,Dublin,267027001
199269,2017.0,"117 KNOCKMAREE, ST LAWRENCE RD, CHAPELIZOD DUBLIN 20,Dublin,Ireland",06/01/2017,"117 KNOCKMAREE, ST LAWRENCE RD, CHAPELIZOD DUBLIN 20",Dublin 20,Dublin,237000.0,No,No,Second-Hand Dwelling house /Apartment,,2017-01-06,"Knockmaree, St Laurence's Rd, Chapelizod, Dublin 20, Ireland",ROOFTOP,53.346636,-6.3462167,,premise,Dublin City,Chapelizod,02094,Dublin,268037006
199271,2017.0,"117 LYMEWOOD MEWS, NORTHWOOD, SANTRY DUBLIN 9,Dublin,Ireland",03/02/2017,"117 LYMEWOOD MEWS, NORTHWOOD, SANTRY DUBLIN 9",Dublin 9,Dublin,216000.0,No,No,Second-Hand Dwelling house /Apartment,,2017-02-03,"Unit 14, Northwood House, Northwood Park, North Wood, Dublin 9, Ireland",ROOFTOP,53.4013443,-6.2588192,,premise,Fingal,Airport,04001,Dublin,267001009
199282,2017.0,"118 PORTERSFIELD, CLONSILLA RD, DUBLIN 15,Dublin,Ireland",06/01/2017,"118 PORTERSFIELD, CLONSILLA RD, DUBLIN 15",Dublin 15,Dublin,292500.0,No,No,Second-Hand Dwelling house /Apartment,,2017-01-06,,,,,,,,,,,
199285,2017.0,"118 VERNON AVE, CLONTARF, DUBLIN 3,Dublin,Ireland",11/01/2017,"118 VERNON AVE, CLONTARF, DUBLIN 3",Dublin 3,Dublin,625000.0,No,No,Second-Hand Dwelling house /Apartment,,2017-01-11,"118 Vernon Ave, Clontarf East, Dublin 3, D03 W9X0, Ireland",ROOFTOP,53.3664993,-6.1953731,D03 W9X0,street_address,Dublin City,Clontarf East C,02039,Dublin,268043012
199287,2017.0,"119 CRUISE PARK DRIVE, TYRRELSTOWN, DUBLIN 15,Dublin,Ireland",03/02/2017,"119 CRUISE PARK DRIVE, TYRRELSTOWN, DUBLIN 15",,Dublin,185000.0,No,No,Second-Hand Dwelling house /Apartment,,2017-02-03,"119 Cruise Park Dr, Tyrrelstown, Dublin 15, D15 V25R, Ireland",ROOFTOP,53.4196391,-6.3979118,D15 V25R,street_address,Fingal,The Ward,04041,Dublin,267158011
199295,2017.0,"119 ROCKFIELD MANOR, STRADBROOK ROAD, BLACKROCK,Dublin,Ireland",12/05/2017,"119 ROCKFIELD MANOR, STRADBROOK ROAD, BLACKROCK",,Dublin,710000.0,No,No,Second-Hand Dwelling house /Apartment,,2017-05-12,"Rockfield, Stradbrook Rd, Montpelier, Blackrock, Co. Dublin, Ireland",ROOFTOP,53.2949521,-6.1696623,,premise,Dn Laoghaire-Rathdown,Blackrock-Templehill,05016,Dublin,267025004
199300,2017.0,"11ECHLIN COURT, RUSH, DUBLIN,Dublin,Ireland",10/01/2017,"11ECHLIN COURT, RUSH, DUBLIN",,Dublin,260000.0,No,No,Second-Hand Dwelling house /Apartment,,2017-01-10,"11 Echlin Ct, Rush, Co. Dublin, K56 D859, Ireland",ROOFTOP,53.5214201,-6.0955338,K56 D859,street_address,Fingal,Rush,04033,Dublin,267118014
199320,2017.0,"12 ASHFIELD AVENUE, RIDGEWOOD, SWORDS,Dublin,Ireland",10/03/2017,"12 ASHFIELD AVENUE, RIDGEWOOD, SWORDS",,Dublin,361233.48,No,Yes,New Dwelling house /Apartment,greater than or equal to 38 sq metres and less than 125 sq metres,2017-03-10,"Ashfield Avenue, Rathingle, Co. Dublin, Ireland",GEOMETRIC_CENTER,53.4489414,-6.2510781,,route,Fingal,Swords-Forrest,04036,Dublin,267132001
199323,2017.0,"12 AUNGIER ST, DUBLIN 2, DUBLIN,Dublin,Ireland",05/05/2017,"12 AUNGIER ST, DUBLIN 2, DUBLIN",Dublin 15,Dublin,150000.0,No,No,Second-Hand Dwelling house /Apartment,,2017-05-05,"12 Aungier St, Dublin 2, D02 CR90, Ireland",ROOFTOP,53.3405849,-6.2654159,D02 CR90,street_address,Dublin City,Royal Exchange B,02145,Dublin,268141004/268141005
199324,2017.0,"12 Abbot's Grove Avenue, Abbot's Grove, Knocklyon,Dublin,Ireland",04/05/2017,"12 Abbot's Grove Avenue, Abbot's Grove, Knocklyon",Dublin 16,Dublin,299559.47,No,Yes,New Dwelling house /Apartment,greater than or equal to 38 sq metres and less than 125 sq metres,2017-05-04,"24 Abbots grove, Ballycullen, Knocklyon, Co. Dublin, Ireland",ROOFTOP,53.2710579,-6.3252412,,"establishment,general_contractor,point_of_interest",South Dublin,Firhouse-Ballycullen,03012,Dublin,267085005/267085009
199331,2017.0,"12 BALLINTYRE GROVE, BALLINTEER AVE, DUBLIN 16,Dublin,Ireland",10/02/2017,"12 BALLINTYRE GROVE, BALLINTEER AVE, DUBLIN 16",Dublin 16,Dublin,320000.0,No,No,Second-Hand Dwelling house /Apartment,,2017-02-10,"Ballinteer Ave, Stillorgan, D̼n Laoghaire, Co. Dublin, Ireland",ROOFTOP,53.273958,-6.255866,,"establishment,point_of_interest,premise",Dn Laoghaire-Rathdown,Ballinteer-Woodpark,05006,Dublin,267007006
199338,2017.0,"12 BEVERTON GREEN, DONABATE, DUBLIN,Dublin,Ireland",05/04/2017,"12 BEVERTON GREEN, DONABATE, DUBLIN",,Dublin,275000.0,Yes,No,Second-Hand Dwelling house /Apartment,,2017-04-05,"12 Beverton Green, Ballisk Common, Donabate, Co. Dublin, K36 FK06, Ireland",ROOFTOP,53.4907167,-6.1563199,K36 FK06,street_address,Fingal,Donabate,04019,Dublin,267065021
199342,2017.0,"12 BROOKVALE RD, DUBLIN 4, DUBLIN,Dublin,Ireland",08/03/2017,"12 BROOKVALE RD, DUBLIN 4, DUBLIN",Dublin 4,Dublin,400000.0,No,No,Second-Hand Dwelling house /Apartment,,2017-03-08,"12 Brookvale Rd, Dublin 4, D04 T3K4, Ireland",ROOFTOP,53.3183182,-6.2340396,D04 T3K4,street_address,Dublin City,Rathmines East B,02135,Dublin,268129024
199345,2017.0,"12 BUSHY PARK RD, RATHGAR, DUBLIN 6,Dublin,Ireland",01/02/2017,"12 BUSHY PARK RD, RATHGAR, DUBLIN 6",Dublin 6,Dublin,1870000.0,No,No,Second-Hand Dwelling house /Apartment,,2017-02-01,"12 Bushy Park Rd, Terenure, Dublin 6, D06 E6E5, Ireland",ROOFTOP,53.3073478,-6.2753851,D06 E6E5,street_address,Dublin City,Rathfarnham,02133,Dublin,268127001
199357,2017.0,"12 CASTLEKNOCK DR, CASTLEKNOCK, DUBLIN 15,Dublin,Ireland",11/05/2017,"12 CASTLEKNOCK DR, CASTLEKNOCK, DUBLIN 15",Dublin 15,Dublin,486000.0,No,No,Second-Hand Dwelling house /Apartment,,2017-05-11,"12 Castleknock Dr, Blanchardstown, Dublin 15, D15 PY89, Ireland",ROOFTOP,53.3795643,-6.3765364,D15 PY89,street_address,Fingal,Castleknock-Knockmaroon,04016,Dublin,267040013
199362,2017.0,"12 CEDARBROOK PLACE CHERRY ORCHARD, DUBLIN 10, DUBLIN,Dublin,Ireland",08/02/2017,"12 CEDARBROOK PLACE CHERRY ORCHARD, DUBLIN 10, DUBLIN",Dublin 10,Dublin,79339.47,Yes,No,Second-Hand Dwelling house /Apartment,,2017-02-08,"12 Cedar Brook Pl, Cherry Orchard, Dublin 10, D10 KX09, Ireland",ROOFTOP,53.3378367,-6.3804246,D10 KX09,street_address,Dublin City,Cherry Orchard A,02095,Dublin,268038005
199365,2017.0,"12 CHARNWOOD HEATH, CLONSILLA, DUBLIN 15,Dublin,Ireland",12/04/2017,"12 CHARNWOOD HEATH, CLONSILLA, DUBLIN 15",Dublin 15,Dublin,367000.0,No,No,Second-Hand Dwelling house /Apartment,,2017-04-12,"12 Charnwood Heath, Clonsilla, Dublin 15, D15 E2V3, Ireland",ROOFTOP,53.3870095,-6.414071,D15 E2V3,street_address,Fingal,Blanchardstown-Blakestown,04009,Dublin,267028080
199378,2017.0,"12 CROSS GUNS QUAY, PHIBSBOROUGH, DUBLIN 7,Dublin,Ireland",01/03/2017,"12 CROSS GUNS QUAY, PHIBSBOROUGH, DUBLIN 7",Dublin 7,Dublin,264000.0,No,No,Second-Hand Dwelling house /Apartment,,2017-03-01,"Apartment 72, Cross Guns Quay, Phibsborough Rd, Phibsborough, Dublin 7, Ireland",ROOFTOP,53.3643451,-6.272719,,premise,Dublin City,Cabra East A,02030,Dublin,268030009
199383,2017.0,"12 Castleland Park Place, Balbriggan,Dublin,Ireland",03/03/2017,"12 Castleland Park Place, Balbriggan",,Dublin,213656.0,No,Yes,New Dwelling house /Apartment,greater than or equal to 38 sq metres and less than 125 sq metres,2017-03-03,"12 Castleland Park View, Kilsough North, Balbriggan, Co. Dublin, K32 RW58, Ireland",ROOFTOP,53.5992411,-6.1757655,K32 RW58,street_address,Fingal,Balbriggan Rural,04002,Dublin,267002043
199386,2017.0,"12 DALE CLOSE, STILLORGAN, DUBLIN,Dublin,Ireland",12/05/2017,"12 DALE CLOSE, STILLORGAN, DUBLIN",,Dublin,575000.0,No,No,Second-Hand Dwelling house /Apartment,,2017-05-12,"12 Dale Cl, Stillorgan, Dublin, A94 DA22, Ireland",ROOFTOP,53.2874134,-6.2122521,A94 DA22,street_address,Dn Laoghaire-Rathdown,Stillorgan-Kilmacud,05064,Dublin,267125014
199398,2017.0,"12 DUNDELA HAVEN, SANDYCOVE, DUBLIN,Dublin,Ireland",05/04/2017,"12 DUNDELA HAVEN, SANDYCOVE, DUBLIN",,Dublin,394000.0,No,No,Second-Hand Dwelling house /Apartment,,2017-04-05,"12 Dundela Haven, Glenageary, Dublin, A96 V0Y7, Ireland",ROOFTOP,53.2831059,-6.1166894,A96 V0Y7,street_address,Dn Laoghaire-Rathdown,Dn Laoghaire-Sandycove,05050,Dublin,267076013
199404,2017.0,"12 Elder Heath Meadow, Elder Heath, Kiltipper Road,Dublin,Ireland",01/02/2017,"12 Elder Heath Meadow, Elder Heath, Kiltipper Road",,Dublin,251101.32,No,Yes,New Dwelling house /Apartment,greater than or equal to 125 sq metres,2017-02-01,,,,,,,,,,,
199426,2017.0,"12 HILLCREST PARK, LUCAN, DUBLIN,Dublin,Ireland",08/03/2017,"12 HILLCREST PARK, LUCAN, DUBLIN",,Dublin,138000.0,No,No,Second-Hand Dwelling house /Apartment,,2017-03-08,"12 Hillcrest Park, Lucan, Co. Dublin, K78 K7Y8, Ireland",ROOFTOP,53.3490417,-6.455765,K78 K7Y8,street_address,South Dublin,Lucan-St. Helen's,03017,Dublin,267103026
199435,2017.0,"12 KELLYS BAY PIER, SKERRIES, DUBLIN,Dublin,Ireland",05/04/2017,"12 KELLYS BAY PIER, SKERRIES, DUBLIN",,Dublin,302000.0,No,No,Second-Hand Dwelling house /Apartment,,2017-04-05,"12 Kelly's Bay Pier, Ardla, Skerries, Co. Dublin, K34 VF66, Ireland",ROOFTOP,53.5842395,-6.1326946,K34 VF66,street_address,Fingal,Skerries,04034,Dublin,267123006
199440,2017.0,"12 KILAKEE CLOSE, GREEN HILLS RD, DUBLIN 12,Dublin,Ireland",06/01/2017,"12 KILAKEE CLOSE, GREEN HILLS RD, DUBLIN 12",Dublin 12,Dublin,330000.0,No,No,Second-Hand Dwelling house /Apartment,,2017-01-06,,,,,,,,,,,
199451,2017.0,"12 LIBERTY COURT, LR CLANBRASSIL ST, DUBLIN 8,Dublin,Ireland",05/01/2017,"12 LIBERTY COURT, LR CLANBRASSIL ST, DUBLIN 8",Dublin 8,Dublin,191000.0,No,No,Second-Hand Dwelling house /Apartment,,2017-01-05,,,,,,,,,,,
199453,2017.0,"12 LISSADEL GROVE, MALAHIDE, DUBLIN,Dublin,Ireland",05/01/2017,"12 LISSADEL GROVE, MALAHIDE, DUBLIN",,Dublin,475000.0,No,No,Second-Hand Dwelling house /Apartment,,2017-01-05,"12 Lissadel Grove, Yellow Walls, Malahide, Co. Dublin, K36 X280, Ireland",ROOFTOP,53.4524704,-6.188259,K36 X280,street_address,Fingal,Swords-Seatown,04039,Dublin,267134020
199465,2017.0,"12 MARTELLO TERRACE, BALBRIGGAN, DUBLIN,Dublin,Ireland",12/01/2017,"12 MARTELLO TERRACE, BALBRIGGAN, DUBLIN",,Dublin,155000.0,No,No,Second-Hand Dwelling house /Apartment,,2017-01-12,"12 Martello Terrace, Clogheder, Balbriggan, Co. Dublin, K32 X271, Ireland",ROOFTOP,53.6100279,-6.2106987,K32 X271,street_address,Fingal,Balbriggan Rural,04002,Dublin,267002020
199473,2017.0,"12 MOUNT EAGLE DR, LEOPARDSTOWN HEIGHTS, SANDYFORD DUBLIN 18,Dublin,Ireland",05/01/2017,"12 MOUNT EAGLE DR, LEOPARDSTOWN HEIGHTS, SANDYFORD DUBLIN 18",Dublin 18,Dublin,440000.0,No,No,Second-Hand Dwelling house /Apartment,,2017-01-05,"12 Mount Eagle Grove, Leopardstown Heights, Dublin 18, D18 Y1F3, Ireland",ROOFTOP,53.2673947,-6.214025,D18 Y1F3,street_address,Dn Laoghaire-Rathdown,Glencullen,05057,Dublin,267092045
199483,2017.0,"12 MOUNT ROCHFORD CLOSE, FLEMINGTON LANE, BALBRIGGAN,Dublin,Ireland",01/06/2017,"12 MOUNT ROCHFORD CLOSE, FLEMINGTON LANE, BALBRIGGAN",,Dublin,198000.0,No,No,Second-Hand Dwelling house /Apartment,,2017-06-01,,,,,,,,,,,
199488,2017.0,"12 NEWLANDS MANOR FAIRWAYS, CLONDALKIN, DUBLIN 22,Dublin,Ireland",03/04/2017,"12 NEWLANDS MANOR FAIRWAYS, CLONDALKIN, DUBLIN 22",Dublin 22,Dublin,166500.0,No,No,Second-Hand Dwelling house /Apartment,,2017-04-03,,,,,,,,,,,
199496,2017.0,"12 ORWELL WOODS, ORWELL PARK, RATHGAR DUBLIN 6,Dublin,Ireland",10/05/2017,"12 ORWELL WOODS, ORWELL PARK, RATHGAR DUBLIN 6",Dublin 6,Dublin,497000.0,No,No,Second-Hand Dwelling house /Apartment,,2017-05-10,"Orwell Court, Orwell Rd, Rathfarnham, Dublin 6, Ireland",ROOFTOP,53.309042,-6.272134,,premise,Dublin City,Rathfarnham,02133,Dublin,268127003
199498,2017.0,"12 PAIRC GLEANN TRASNA AYLESBURY, TALLAGHT, DUBLIN,Dublin,Ireland",10/02/2017,"12 PAIRC GLEANN TRASNA AYLESBURY, TALLAGHT, DUBLIN",Dublin 24,Dublin,325000.0,No,No,Second-Hand Dwelling house /Apartment,,2017-02-10,,,,,,,,,,,
199500,2017.0,"12 PARK VILLAS, CASTLEKNOCK, DUBLIN 15,Dublin,Ireland",10/01/2017,"12 PARK VILLAS, CASTLEKNOCK, DUBLIN 15",Dublin 15,Dublin,545000.0,No,No,Second-Hand Dwelling house /Apartment,,2017-01-10,"12 Park Ave, Castleknock, Dublin 15, D15 EA49, Ireland",ROOFTOP,53.3750744,-6.364952,D15 EA49,street_address,Fingal,Castleknock-Knockmaroon,04016,Dublin,267040023
199503,2017.0,"12 PORTMAHON DR, RIALTO, DUBLIN 8,Dublin,Ireland",09/03/2017,"12 PORTMAHON DR, RIALTO, DUBLIN 8",Dublin 8,Dublin,324000.0,No,No,Second-Hand Dwelling house /Apartment,,2017-03-09,"12 Portmahon Dr, Rialto, Dublin 8, D08 WPT4, Ireland",ROOFTOP,53.3365877,-6.300529,D08 WPT4,street_address,Dublin City,Ushers E,02156,Dublin,268152004
199553,2017.0,"12 TAMARISK HEIGHTS, KILNAMANAGH ESTATE, TALLAGHT,Dublin,Ireland",03/05/2017,"12 TAMARISK HEIGHTS, KILNAMANAGH ESTATE, TALLAGHT",Dublin 24,Dublin,290000.0,No,No,Second-Hand Dwelling house /Apartment,,2017-05-03,,,,,,,,,,,
199561,2017.0,"12 THE CRESCENT, ONGAR VILLAGE, DUBLIN 15,Dublin,Ireland",04/04/2017,"12 THE CRESCENT, ONGAR VILLAGE, DUBLIN 15",Dublin 15,Dublin,135000.0,No,No,Second-Hand Dwelling house /Apartment,,2017-04-04,"12 Ongar Square, Ongar Village, Dublin 15, D15 H34C, Ireland",ROOFTOP,53.3951966,-6.4393217,D15 H34C,street_address,Fingal,Blanchardstown-Blakestown,04009,Dublin,267028118
199562,2017.0,"12 THE GARDENS, CARRICKMINES MANOR, GLENAMUCK RD,Dublin,Ireland",06/04/2017,"12 THE GARDENS, CARRICKMINES MANOR, GLENAMUCK RD",Dublin 18,Dublin,206035.24,No,No,Second-Hand Dwelling house /Apartment,,2017-04-06,"Apartment 17, Cairnbrook Manor, Cairnbrook Ave., Dublin 18, Ireland",ROOFTOP,53.2479193,-6.1797148,,"establishment,lodging,point_of_interest",Dn Laoghaire-Rathdown,Cabinteely-Loughlinstown,05020,Dublin,267038003
199564,2017.0,"12 THE GRANGE, DEANS GRANGE, DUBLIN,Dublin,Ireland",02/03/2017,"12 THE GRANGE, DEANS GRANGE, DUBLIN",,Dublin,450000.0,No,No,Second-Hand Dwelling house /Apartment,,2017-03-02,"12 The Grange, Deansgrange, Blackrock, Co. Dublin, A94 F2D7, Ireland",ROOFTOP,53.2800849,-6.1593252,A94 F2D7,street_address,Dn Laoghaire-Rathdown,Cabinteely-Pottery,05021,Dublin,267039007
199571,2017.0,"12 THE PARK, PHEASANT RUN, CLONEE DUBLIN 15,Dublin,Ireland",05/04/2017,"12 THE PARK, PHEASANT RUN, CLONEE DUBLIN 15",Dublin 15,Dublin,200000.0,No,No,Second-Hand Dwelling house /Apartment,,2017-04-05,"12 The Park, Pheasant Run, Clonee, Co. Dublin, D15 P5P9, Ireland",ROOFTOP,53.4056506,-6.4188826,D15 P5P9,street_address,Fingal,Blanchardstown-Blakestown,04009,Dublin,267028034
199576,2017.0,"12 THORNLEIGH LANE, APPLEWOOD, SWORDS,Dublin,Ireland",09/05/2017,"12 THORNLEIGH LANE, APPLEWOOD, SWORDS",,Dublin,180000.0,No,No,Second-Hand Dwelling house /Apartment,,2017-05-09,"12 Thornleigh Ln, Thornleigh, Swords, Co. Dublin, K67 YC84, Ireland",ROOFTOP,53.4714135,-6.2308178,K67 YC84,street_address,Fingal,Swords-Lissenhall,04038,Dublin,267133016
199580,2017.0,"12 The Close, Hazelbrook Square, Churchtown,Dublin,Ireland",03/04/2017,"12 The Close, Hazelbrook Square, Churchtown",Dublin 14,Dublin,427313.0,No,Yes,New Dwelling house /Apartment,greater than or equal to 38 sq metres and less than 125 sq metres,2017-04-03,"12 Hazelbrook Dr, Terenure, Dublin 6W, Co. Dublin, D6W Y018, Ireland",ROOFTOP,53.3131517,-6.2951339,D6W Y018,street_address,Dublin City,Terenure B,02149,Dublin,268145015
199587,2017.0,"12 The lawn, Hansfield Wood, Hansfield,Dublin,Ireland",03/02/2017,"12 The lawn, Hansfield Wood, Hansfield",Dublin 15,Dublin,259911.0,No,Yes,New Dwelling house /Apartment,greater than or equal to 38 sq metres and less than 125 sq metres,2017-02-03,"Clonsilla, Dublin, Ireland",GEOMETRIC_CENTER,53.3905516,-6.4322246,,"establishment,point_of_interest",Fingal,Blanchardstown-Blakestown,04009,Dublin,267028004/02
199603,2017.0,"120 MERRION RD, DUBLIN 4, DUBLIN,Dublin,Ireland",06/01/2017,"120 MERRION RD, DUBLIN 4, DUBLIN",Dublin 4,Dublin,2325000.0,No,No,Second-Hand Dwelling house /Apartment,,2017-01-06,"120 Merrion Rd, Dublin 4, D04 P8X5, Ireland",ROOFTOP,53.3239917,-6.2199355,D04 P8X5,street_address,Dublin City,Pembroke East E,02129,Dublin,268114015
199610,2017.0,"121 DUNMORE LAWN, BALLYMOUNT, DUBLIN 24,Dublin,Ireland",06/01/2017,"121 DUNMORE LAWN, BALLYMOUNT, DUBLIN 24",Dublin 24,Dublin,301000.0,No,No,Second-Hand Dwelling house /Apartment,,2017-01-06,"121 Dunmore Lawn, Kingswood, Dublin 24, D24 NRR2, Ireland",ROOFTOP,53.3093922,-6.3694271,D24 NRR2,street_address,South Dublin,Clondalkin-Ballymount,03004,Dublin,267047001
199613,2017.0,"121 OLIVER PLUNKETT RD, MONKSTOWN FARM, DUN LAOGHAIRE,Dublin,Ireland",10/02/2017,"121 OLIVER PLUNKETT RD, MONKSTOWN FARM, DUN LAOGHAIRE",,Dublin,312000.0,No,No,Second-Hand Dwelling house /Apartment,,2017-02-10,,,,,,,,,,,
199616,2017.0,"121 SPRINGHILL AVE, BLACKROCK, DUBLIN,Dublin,Ireland",07/03/2017,"121 SPRINGHILL AVE, BLACKROCK, DUBLIN",,Dublin,710000.0,No,No,Second-Hand Dwelling house /Apartment,,2017-03-07,"121 Springhill Ave, Deansgrange, Blackrock, Co. Dublin, A94 PH39, Ireland",ROOFTOP,53.2849133,-6.1717268,A94 PH39,street_address,Dn Laoghaire-Rathdown,Blackrock-Newpark,05013,Dublin,267023003
199622,2017.0,"122 BOROIMHE BEECH, SWORDS, DUBLIN,Dublin,Ireland",03/02/2017,"122 BOROIMHE BEECH, SWORDS, DUBLIN",,Dublin,167500.0,No,No,Second-Hand Dwelling house /Apartment,,2017-02-03,"122 Boroimhe Beech, Fosterstown North, Swords, Co. Dublin, Ireland",RANGE_INTERPOLATED,53.443238,-6.235184,,street_address,Fingal,Swords-Forrest,04036,Dublin,267132007
199636,2017.0,"123 COLLINS PARK, WHITEHALL, DUBLIN 9,Dublin,Ireland",07/04/2017,"123 COLLINS PARK, WHITEHALL, DUBLIN 9",Dublin 9,Dublin,326213.5,No,No,Second-Hand Dwelling house /Apartment,,2017-04-07,"123 Collins Park, Beaumont, Dublin 9, D09 HT65, Ireland",ROOFTOP,53.3798842,-6.227518,D09 HT65,street_address,Dublin City,Beaumont E,02025,Dublin,268025002
199638,2017.0,"123 KILLALA  ROAD, CABRA, DUBLIN 7,Dublin,Ireland",05/01/2017,"123 KILLALA  ROAD, CABRA, DUBLIN 7",Dublin 7,Dublin,170000.0,No,No,Second-Hand Dwelling house /Apartment,,2017-01-05,"123 Killala Rd, Cabra West, Dublin 7, D07 E282, Ireland",ROOFTOP,53.3677772,-6.3002394,D07 E282,street_address,Dublin City,Cabra West B,02034,Dublin,268034004
199639,2017.0,"123 LIOS CIAN, SWORDS, COUNTY DUBLIN,Dublin,Ireland",06/04/2017,"123 LIOS CIAN, SWORDS, COUNTY DUBLIN",,Dublin,261000.0,No,No,Second-Hand Dwelling house /Apartment,,2017-04-06,"123 Lioscian, Rathbeale Rd, Mooretown, Swords, Co. Dublin, K67 XP63, Ireland",ROOFTOP,53.4631196,-6.2440981,K67 XP63,street_address,Fingal,Swords-Glasmore,04037,Dublin,267131015
199640,2017.0,"123 NEW IRELAND RD, RIALTO, DUBLIN 8,Dublin,Ireland",12/01/2017,"123 NEW IRELAND RD, RIALTO, DUBLIN 8",Dublin 8,Dublin,359000.0,No,No,Second-Hand Dwelling house /Apartment,,2017-01-12,"123 New Ireland Rd, Rialto, Dublin 8, D08 NXV2, Ireland",ROOFTOP,53.3356544,-6.3020988,D08 NXV2,street_address,Dublin City,Ushers E,02156,Dublin,268152002
199650,2017.0,"124 BLOCK A, SMITHFIELD MARKET, SMITHFIELD DUBLIN 7,Dublin,Ireland",03/03/2017,"124 BLOCK A, SMITHFIELD MARKET, SMITHFIELD DUBLIN 7",Dublin 7,Dublin,302500.0,No,No,Second-Hand Dwelling house /Apartment,,2017-03-03,"8 Haymarket, Arran Quay, Dublin 7, D07 F2Y6, Ireland",ROOFTOP,53.3478304,-6.2793584,D07 F2Y6,"establishment,point_of_interest",Dublin City,Arran Quay C,02003,Dublin,268003008
199656,2017.0,"124 SEAFIELD RD, CLONTARF, DUBLIN 3,Dublin,Ireland",01/01/2017,"124 SEAFIELD RD, CLONTARF, DUBLIN 3",Dublin 3,Dublin,535500.0,Yes,No,Second-Hand Dwelling house /Apartment,,2017-01-01,"3 Seafield Grove, Clontarf East, Dublin 3, D03 CH58, Ireland",ROOFTOP,53.3655035,-6.1818291,D03 CH58,street_address,Dublin City,Clontarf East B,02038,Dublin,268042013
199666,2017.0,"125 THOMAS MOORE RD, WALKINSTOWN, DUBLIN 12,Dublin,Ireland",10/05/2017,"125 THOMAS MOORE RD, WALKINSTOWN, DUBLIN 12",Dublin 12,Dublin,327500.0,No,No,Second-Hand Dwelling house /Apartment,,2017-05-10,"125 Thomas Moore Rd, Walkinstown, Dublin 12, D12 HK22, Ireland",ROOFTOP,53.3191544,-6.3302343,D12 HK22,street_address,Dublin City,Walkinstown B,02159,Dublin,268155001
199675,2017.0,"126 OLD DISTILLERY, BERESFORD ROAD, DUBLIN 7,Dublin,Ireland",12/06/2017,"126 OLD DISTILLERY, BERESFORD ROAD, DUBLIN 7",,Dublin,330500.0,No,No,Second-Hand Dwelling house /Apartment,,2017-06-12,"The Old Distillery, Beresford St, Anne St N, Inns Quay, Dublin 7, Ireland",ROOFTOP,53.3489582,-6.2733145,,premise,Dublin City,Inns Quay C,02068,Dublin,268082004
199677,2017.0,"126 SCARRIFF HOUSE, CUSTOM HOUSE SQ, MAYOR ST DUBLIN 1,Dublin,Ireland",07/03/2017,"126 SCARRIFF HOUSE, CUSTOM HOUSE SQ, MAYOR ST DUBLIN 1",Dublin 1,Dublin,275000.0,No,No,Second-Hand Dwelling house /Apartment,,2017-03-07,,,,,,,,,,,
199678,2017.0,"126 SEAFIELD RD, CLONTARF, DUBLIN 3,Dublin,Ireland",01/01/2017,"126 SEAFIELD RD, CLONTARF, DUBLIN 3",Dublin 3,Dublin,630000.0,No,No,Second-Hand Dwelling house /Apartment,,2017-01-01,"126 Seafield Rd E, Clontarf East, Dublin 3, D03 CY23, Ireland",ROOFTOP,53.3627174,-6.1830869,D03 CY23,street_address,Dublin City,Clontarf East B,02038,Dublin,268042026
199681,2017.0,"126 WESTLAND SQ, DUBLIN 2,Dublin,Ireland",02/02/2017,"126 WESTLAND SQ, DUBLIN 2",Dublin 2,Dublin,200000.0,No,No,Second-Hand Dwelling house /Apartment,,2017-02-02,"Westland Square, Pearse St, Dublin 2, Ireland",ROOFTOP,53.3443049,-6.2474485,,premise,Dublin City,Mansion House A,02117,Dublin,268096009
199696,2017.0,"127 KILMAINHAM SQ, INCHICORE RD, DUBLIN 8,Dublin,Ireland",04/05/2017,"127 KILMAINHAM SQ, INCHICORE RD, DUBLIN 8",Dublin 8,Dublin,300000.0,No,No,Second-Hand Dwelling house /Apartment,,2017-05-04,"Kilmainham Square, Inchicore Rd, Inchicore, Dublin 8, Ireland",ROOFTOP,53.3425113,-6.3093144,,premise,Dublin City,Kilmainham B,02109,Dublin,268084008
199697,2017.0,"127 MEADOW MOUNT, CHURCHTOWN, DUBLIN 14,Dublin,Ireland",03/02/2017,"127 MEADOW MOUNT, CHURCHTOWN, DUBLIN 14",Dublin 16,Dublin,750000.0,No,No,Second-Hand Dwelling house /Apartment,,2017-02-03,"127 Meadow Mount, Churchtown Upper, Dublin 16, D16 XY07, Ireland",ROOFTOP,53.2852944,-6.2608418,D16 XY07,street_address,Dn Laoghaire-Rathdown,Ballinteer-Meadowmount,05005,Dublin,267012007
199699,2017.0,"127, BALLYFERMOT ROAD, BALLYFERMOT DUBLIN 10,Dublin,Ireland",12/04/2017,"127, BALLYFERMOT ROAD, BALLYFERMOT DUBLIN 10",Dublin 10,Dublin,87000.0,Yes,No,Second-Hand Dwelling house /Apartment,,2017-04-12,"127 Ballyfermot Rd, Decies, Dublin 10, D10 CY86, Ireland",ROOFTOP,53.3422561,-6.3449335,D10 CY86,street_address,Dublin City,Decies,02104,Dublin,268057009
199704,2017.0,"128 BELLEVUE BLOCK I, ISLANDBRIDGE, DUBLIN 8,Dublin,Ireland",10/02/2017,"128 BELLEVUE BLOCK I, ISLANDBRIDGE, DUBLIN 8",Dublin 8,Dublin,265000.0,No,No,Second-Hand Dwelling house /Apartment,,2017-02-10,"Bellevue, Kilmainham, Dublin 8, Ireland",ROOFTOP,53.3468248,-6.3107049,,premise,Dublin City,Kilmainham B,02109,Dublin,268084010
199710,2017.0,"128 SEAFIELD RD, CLONTARF, DUBLIN 3,Dublin,Ireland",01/01/2017,"128 SEAFIELD RD, CLONTARF, DUBLIN 3",Dublin 3,Dublin,535500.0,Yes,No,Second-Hand Dwelling house /Apartment,,2017-01-01,"128 Seafield Rd E, Clontarf East, Dublin 3, D03 XT86, Ireland",ROOFTOP,53.362684,-6.1829668,D03 XT86,street_address,Dublin City,Clontarf East B,02038,Dublin,268042026
199711,2017.0,"128B MERRION RD, BALLSBRIDGE, DUBLIN 4,Dublin,Ireland",04/01/2017,"128B MERRION RD, BALLSBRIDGE, DUBLIN 4",,Dublin,1150000.0,No,No,Second-Hand Dwelling house /Apartment,,2017-01-04,"128 Merrion Rd, Dublin 4, D04 V5W0, Ireland",ROOFTOP,53.3235946,-6.2191638,D04 V5W0,street_address,Dublin City,Pembroke East E,02129,Dublin,268114015
199714,2017.0,"129 CHERRY AVE, RIVERVALLEY, SWORDS,Dublin,Ireland",05/01/2017,"129 CHERRY AVE, RIVERVALLEY, SWORDS",,Dublin,261000.0,No,No,Second-Hand Dwelling house /Apartment,,2017-01-05,"129 Cherry Ave, Forestfields, Swords, Co. Dublin, K67 K126, Ireland",ROOFTOP,53.449472,-6.2363331,K67 K126,street_address,Fingal,Swords-Forrest,04036,Dublin,267132029
199717,2017.0,"129 EMMET RD, INCHICORE, DUBLIN 8,Dublin,Ireland",12/05/2017,"129 EMMET RD, INCHICORE, DUBLIN 8",Dublin 8,Dublin,520000.0,No,No,Second-Hand Dwelling house /Apartment,,2017-05-12,"129 Emmet Rd, Inchicore, Dublin 8, D08 E9C5, Ireland",ROOFTOP,53.3403305,-6.3162718,D08 E9C5,street_address,Dublin City,Kilmainham C,02110,Dublin,268085009
199721,2017.0,"129 NEPHIN RD, CABRA, DUBLIN 7,Dublin,Ireland",06/04/2017,"129 NEPHIN RD, CABRA, DUBLIN 7",Dublin 7,Dublin,350000.0,No,No,Second-Hand Dwelling house /Apartment,,2017-04-06,"129 Nephin Rd, Ashtown, Dublin 7, D07 F8N7, Ireland",ROOFTOP,53.3674169,-6.3031379,D07 F8N7,street_address,Dublin City,Ashtown A,02006,Dublin,268006018
199723,2017.0,"129 THE LINKS, ELMPARK, MERRION RD DUBLIN 4,Dublin,Ireland",04/01/2017,"129 THE LINKS, ELMPARK, MERRION RD DUBLIN 4",Dublin 4,Dublin,100000.0,No,No,Second-Hand Dwelling house /Apartment,,2017-01-04,"294 Merrion Rd, Dublin 4, Ireland",ROOFTOP,53.3142513,-6.2035146,,"establishment,point_of_interest",Dublin City,Pembroke East D,02128,Dublin,268113017/01
199735,2017.0,"13 ALLENDALE ELMS, CLONSILLA, DUBLIN 15,Dublin,Ireland",05/01/2017,"13 ALLENDALE ELMS, CLONSILLA, DUBLIN 15",Dublin 15,Dublin,214000.0,No,No,Second-Hand Dwelling house /Apartment,,2017-01-05,"13 Allendale Elms, Clonsilla, Dublin 15, D15 A2F5, Ireland",ROOFTOP,53.391121,-6.4272737,D15 A2F5,street_address,Fingal,Blanchardstown-Blakestown,04009,Dublin,267028071
199741,2017.0,"13 APPLEWOOD MAIN STREET, APPLEWOOD VILLAGE, SWORDS,Dublin,Ireland",11/01/2017,"13 APPLEWOOD MAIN STREET, APPLEWOOD VILLAGE, SWORDS",,Dublin,190000.0,No,No,Second-Hand Dwelling house /Apartment,,2017-01-11,"13 Applewood Main St, Holybanks, Swords, Co. Dublin, Ireland",RANGE_INTERPOLATED,53.4703179,-6.2302039,,street_address,Fingal,Swords-Lissenhall,04038,Dublin,267133013
199755,2017.0,"13 ASHFIELD AVENUE, RIDGEWOOD, FORREST ROAD,Dublin,Ireland",10/02/2017,"13 ASHFIELD AVENUE, RIDGEWOOD, FORREST ROAD",Dublin 12,Dublin,290749.0,No,Yes,New Dwelling house /Apartment,greater than or equal to 38 sq metres and less than 125 sq metres,2017-02-10,,,,,,,,,,,
199758,2017.0,"13 AVOCA HALL, AVOCA PARK, BLACKROCK,Dublin,Ireland",10/05/2017,"13 AVOCA HALL, AVOCA PARK, BLACKROCK",,Dublin,452000.0,No,No,Second-Hand Dwelling house /Apartment,,2017-05-10,"Avoca Hall, Avoca Park, Carrysfort, Blackrock, Co. Dublin, Ireland",ROOFTOP,53.2947292,-6.1860274,,premise,Dn Laoghaire-Rathdown,Blackrock-Central,05010,Dublin,267021005
199760,2017.0,"13 Abbots Grove Avenue, Knocklyon,Dublin,Ireland",11/05/2017,"13 Abbots Grove Avenue, Knocklyon",Dublin 16,Dublin,273129.0,No,Yes,New Dwelling house /Apartment,greater than or equal to 38 sq metres and less than 125 sq metres,2017-05-11,"24 Abbots grove, Ballycullen, Knocklyon, Co. Dublin, Ireland",ROOFTOP,53.2710579,-6.3252412,,"establishment,general_contractor,point_of_interest",South Dublin,Firhouse-Ballycullen,03012,Dublin,267085005/267085009
199761,2017.0,"13 Adamstown Park, adamstown Square, Adamstown Lucan,Dublin,Ireland",11/05/2017,"13 Adamstown Park, adamstown Square, Adamstown Lucan",,Dublin,251101.0,No,Yes,New Dwelling house /Apartment,greater than or equal to 38 sq metres and less than 125 sq metres,2017-05-11,"Adamstown Ave, Adamstown Castle, Lucan, Co. Dublin, Ireland",GEOMETRIC_CENTER,53.3374647,-6.458759,,"establishment,point_of_interest",South Dublin,Lucan-St. Helen's,03017,Dublin,267103012
199768,2017.0,"13 BAYVIEW AVE, NORTH STRAND, DUBLIN 3,Dublin,Ireland",06/01/2017,"13 BAYVIEW AVE, NORTH STRAND, DUBLIN 3",Dublin 3,Dublin,235000.0,No,No,Second-Hand Dwelling house /Apartment,,2017-01-06,"13 Bayview Ave, North Strand, Dublin 3, D03 ND62, Ireland",ROOFTOP,53.3586558,-6.2437732,D03 ND62,street_address,Dublin City,Ballybough A,02009,Dublin,268009016
199774,2017.0,"13 BELMONT DRIVE, AIKENS VILLAGE, STEPASIDE,Dublin,Ireland",03/02/2017,"13 BELMONT DRIVE, AIKENS VILLAGE, STEPASIDE",,Dublin,515000.0,No,No,Second-Hand Dwelling house /Apartment,,2017-02-03,"Belmont Dr, Sandyford, Dublin, Ireland",GEOMETRIC_CENTER,53.2643742,-6.2231966,,route,Dn Laoghaire-Rathdown,Glencullen,05057,Dublin,267092008
199779,2017.0,"13 BREMORE PASTURES AVE, BALBRIGGAN, DUBLIN,Dublin,Ireland",10/03/2017,"13 BREMORE PASTURES AVE, BALBRIGGAN, DUBLIN",,Dublin,160352.42,No,No,Second-Hand Dwelling house /Apartment,,2017-03-10,"13 Bremore Pastures Ave, Clogheder, Balbriggan, Co. Dublin, K32 XC83, Ireland",ROOFTOP,53.6112113,-6.2109729,K32 XC83,street_address,Fingal,Balbriggan Rural,04002,Dublin,267002027
199790,2017.0,"13 CASTLEROSSE CRESCENT, BALDOYLE, DUBLIN 13,Dublin,Ireland",05/05/2017,"13 CASTLEROSSE CRESCENT, BALDOYLE, DUBLIN 13",Dublin 13,Dublin,430000.0,No,No,Second-Hand Dwelling house /Apartment,,2017-05-05,"13 Castlerosse Cres, Baldoyle, Dublin 13, D13 KH67, Ireland",ROOFTOP,53.399693,-6.1389696,D13 KH67,street_address,Fingal,Baldoyle,04004,Dublin,267004006
199792,2017.0,"13 CHERRYFIELD COURT, CLONSILLA, DUBLIN 15,Dublin,Ireland",01/02/2017,"13 CHERRYFIELD COURT, CLONSILLA, DUBLIN 15",,Dublin,175000.0,No,No,Second-Hand Dwelling house /Apartment,,2017-02-01,"13 Cherryfield Ct, Hartstown, Dublin 15, D15 E26T, Ireland",ROOFTOP,53.3950686,-6.4233843,D15 E26T,street_address,Fingal,Blanchardstown-Blakestown,04009,Dublin,267028059
199795,2017.0,"13 CLIFTONVILLE RD, GLASNEVIN, DUBLIN 9,Dublin,Ireland",06/03/2017,"13 CLIFTONVILLE RD, GLASNEVIN, DUBLIN 9",Dublin 9,Dublin,600000.0,No,No,Second-Hand Dwelling house /Apartment,,2017-03-06,"13 Cliftonville Rd, Drumcondra, Dublin, Ireland",RANGE_INTERPOLATED,53.3693736,-6.2683765,,street_address,Dublin City,Botanic B,02028,Dublin,268028009
199796,2017.0,"13 CLOISTER GROVE, BLACKROCK, DUBLIN,Dublin,Ireland",07/04/2017,"13 CLOISTER GROVE, BLACKROCK, DUBLIN",,Dublin,640000.0,No,No,Second-Hand Dwelling house /Apartment,,2017-04-07,"13 Cloister Grove, Stillorgan Park, Blackrock, Co. Dublin, A94 A7P6, Ireland",ROOFTOP,53.2907354,-6.1807781,A94 A7P6,street_address,Dn Laoghaire-Rathdown,Blackrock-Central,05010,Dublin,267021002
199803,2017.0,"13 COLEPARK AVE, BALLYFERMOT, DUBLIN 10,Dublin,Ireland",03/04/2017,"13 COLEPARK AVE, BALLYFERMOT, DUBLIN 10",Dublin 10,Dublin,104000.0,Yes,No,Second-Hand Dwelling house /Apartment,,2017-04-03,"13 Colepark Ave, Drumfinn, Dublin 10, D10 AD95, Ireland",ROOFTOP,53.3427817,-6.3518523,D10 AD95,street_address,Dublin City,Drumfinn,02105,Dublin,268061002
199810,2017.0,"13 Castlegrange Avenue, Castlegrange,Dublin,Ireland",08/05/2017,"13 Castlegrange Avenue, Castlegrange",Dublin 15,Dublin,333025.0,No,Yes,New Dwelling house /Apartment,greater than or equal to 38 sq metres and less than 125 sq metres,2017-05-08,,,,,,,,,,,
199811,2017.0,"13 Churchfield, 59/60 Clontarf Road, Clontarf,Dublin,Ireland",03/03/2017,"13 Churchfield, 59/60 Clontarf Road, Clontarf",,Dublin,547283.0,No,Yes,New Dwelling house /Apartment,greater than or equal to 38 sq metres and less than 125 sq metres,2017-03-03,"59/60 Clontarf Rd, Clontarf West, Dublin, Ireland",ROOFTOP,53.3625788,-6.2178497,,"establishment,point_of_interest",Dublin City,Clontarf West C,02044,Dublin,268048003
199821,2017.0,"13 DUNSEVERICK RD, CLONTARF, DUBLIN 3,Dublin,Ireland",09/03/2017,"13 DUNSEVERICK RD, CLONTARF, DUBLIN 3",Dublin 3,Dublin,670000.0,No,No,Second-Hand Dwelling house /Apartment,,2017-03-09,"13 Dunseverick Rd, Clontarf East, Dublin 3, D03 EY86, Ireland",ROOFTOP,53.3705768,-6.2042048,D03 EY86,street_address,Dublin City,Clontarf East D,02040,Dublin,268044001
199822,2017.0,"13 DodderBrook Park, Ballycullen,Dublin,Ireland",12/04/2017,"13 DodderBrook Park, Ballycullen",Dublin 24,Dublin,387180.0,No,Yes,New Dwelling house /Apartment,greater than or equal to 38 sq metres and less than 125 sq metres,2017-04-12,"Oldcourt Rd, Oldcourt, Dublin, Ireland",GEOMETRIC_CENTER,53.2700459,-6.3415907,,"establishment,general_contractor,point_of_interest",South Dublin,Firhouse Village,03014,Dublin,267084004
199828,2017.0,"13 ESKER DR, LUCAN, DUBLIN,Dublin,Ireland",12/01/2017,"13 ESKER DR, LUCAN, DUBLIN",,Dublin,187500.0,No,No,Second-Hand Dwelling house /Apartment,,2017-01-12,"13 Esker Wood Drive, Glebe, Lucan, Co. Dublin, K78 VK16, Ireland",ROOFTOP,53.3497325,-6.4323677,K78 VK16,street_address,South Dublin,Lucan-Esker,03015,Dublin,267100056
199829,2017.0,"13 Elder Heath Dale, Elder Heath, Kiltipper Road,Dublin,Ireland",08/06/2017,"13 Elder Heath Dale, Elder Heath, Kiltipper Road",Dublin 24,Dublin,255506.6,No,Yes,New Dwelling house /Apartment,greater than or equal to 38 sq metres and less than 125 sq metres,2017-06-08,,,,,,,,,,,
199830,2017.0,"13 Elder Heath Meadow, Kiltipper, Dublin 24,Dublin,Ireland",10/04/2017,"13 Elder Heath Meadow, Kiltipper, Dublin 24",Dublin 24,Dublin,299560.0,No,Yes,New Dwelling house /Apartment,greater than or equal to 38 sq metres and less than 125 sq metres,2017-04-10,,,,,,,,,,,
199831,2017.0,"13 Elder Heath Park, Elder Heath, Kiltipper Road,Dublin,Ireland",12/04/2017,"13 Elder Heath Park, Elder Heath, Kiltipper Road",Dublin 24,Dublin,251101.0,No,Yes,New Dwelling house /Apartment,greater than or equal to 38 sq metres and less than 125 sq metres,2017-04-12,,,,,,,,,,,
199837,2017.0,"13 FITZGERALD PARK, MOUNTTOWN, DUN LAOGHAIRE,Dublin,Ireland",08/03/2017,"13 FITZGERALD PARK, MOUNTTOWN, DUN LAOGHAIRE",,Dublin,230000.0,No,No,Second-Hand Dwelling house /Apartment,,2017-03-08,"13 Fitzgerald Park, D̼n Laoghaire, Dublin, A96 NX01, Ireland",ROOFTOP,53.2848258,-6.1470143,A96 NX01,street_address,Dn Laoghaire-Rathdown,Dn Laoghaire-Mount Town,05046,Dublin,267071004
199853,2017.0,"13 HAMPTON WOOD GREEN, FINGLAS, DUBLIN,Dublin,Ireland",01/03/2017,"13 HAMPTON WOOD GREEN, FINGLAS, DUBLIN",,Dublin,194000.0,No,No,Second-Hand Dwelling house /Apartment,,2017-03-01,"13 Hampton Wood Ave, Hampton Wood, Dublin 11, D11 AX88, Ireland",ROOFTOP,53.405707,-6.2910545,D11 AX88,street_address,Dublin City,Ballymun A,02015,Dublin,268015009
199854,2017.0,"13 HANSTED PLACE, FINNSTOWN, LUCAN,Dublin,Ireland",05/04/2017,"13 HANSTED PLACE, FINNSTOWN, LUCAN",,Dublin,200000.0,No,No,Second-Hand Dwelling house /Apartment,,2017-04-05,"13 Hansted Pl, Adamstown, Lucan, Co. Dublin, K78 DK20, Ireland",ROOFTOP,53.3365786,-6.4520119,K78 DK20,street_address,South Dublin,Lucan-Esker,03015,Dublin,267100001
199857,2017.0,"13 HIBERNIAN, THE GASWORKS, BARROW ST DUBLIN 4,Dublin,Ireland",06/03/2017,"13 HIBERNIAN, THE GASWORKS, BARROW ST DUBLIN 4",Dublin 4,Dublin,331000.0,No,No,Second-Hand Dwelling house /Apartment,,2017-03-06,,,,,,,,,,,
199860,2017.0,"13 Hampton Wood Drive, Hampton Wood, Dublin 11,Dublin,Ireland",03/04/2017,"13 Hampton Wood Drive, Hampton Wood, Dublin 11",Dublin 11,Dublin,198237.89,No,Yes,New Dwelling house /Apartment,greater than or equal to 38 sq metres and less than 125 sq metres,2017-04-03,"13 Hampton Wood Ave, Hampton Wood, Dublin 11, D11 AX88, Ireland",ROOFTOP,53.405707,-6.2910545,D11 AX88,street_address,Dublin City,Ballymun A,02015,Dublin,268015009
199865,2017.0,"13 Hollywoodrath Crescent, Hollystown, Dublin 15,Dublin,Ireland",03/02/2017,"13 Hollywoodrath Crescent, Hollystown, Dublin 15",Dublin 15,Dublin,262995.6,No,Yes,New Dwelling house /Apartment,greater than or equal to 38 sq metres and less than 125 sq metres,2017-02-03,"13 Hollystown Park, Hollystown, Dublin 15, D15 TPP5, Ireland",ROOFTOP,53.4350314,-6.3841794,D15 TPP5,street_address,Fingal,The Ward,04041,Dublin,267158022
199875,2017.0,"13 Kensington Manor, Rochestown Avenue, Dun Laoghaire,Dublin,Ireland",02/02/2017,"13 Kensington Manor, Rochestown Avenue, Dun Laoghaire",,Dublin,660792.0,No,Yes,New Dwelling house /Apartment,greater than or equal to 125 sq metres,2017-02-02,"Kensington Manor,, Rochestown Ave, Dublin, Ireland",GEOMETRIC_CENTER,53.2780835,-6.15338,,"establishment,lodging,point_of_interest",Dn Laoghaire-Rathdown,Cabinteely-Pottery,05021,Dublin,267039010
199880,2017.0,"13 LEIN PARK, ARTANE, DUBLIN 5,Dublin,Ireland",01/03/2017,"13 LEIN PARK, ARTANE, DUBLIN 5",Dublin 5,Dublin,265000.0,No,No,Second-Hand Dwelling house /Apartment,,2017-03-01,"13 Lein Park, Harmonstown, Dublin 5, D05 WF84, Ireland",ROOFTOP,53.3821907,-6.1863894,D05 WF84,street_address,Dublin City,Harmonstown B,02065,Dublin,268077006
199889,2017.0,"13 MAPLE HALL, MOUNT SAINT ANNES, MILLTOWN,Dublin,Ireland",04/05/2017,"13 MAPLE HALL, MOUNT SAINT ANNES, MILLTOWN",,Dublin,455000.0,No,No,Second-Hand Dwelling house /Apartment,,2017-05-04,"Apartment 17, Maple Hall, Milltown Ave, Mount St Annes, Dublin 6, Ireland",ROOFTOP,53.3120818,-6.2481127,,premise,Dublin City,Rathmines East B,02135,Dublin,268129012/268129013
199904,2017.0,"13 PARK LANE, BELLTREE, CLONGRIFFIN,Dublin,Ireland",06/04/2017,"13 PARK LANE, BELLTREE, CLONGRIFFIN",,Dublin,249599.0,No,Yes,New Dwelling house /Apartment,greater than or equal to 38 sq metres and less than 125 sq metres,2017-04-06,"Belltree Avenue, Donaghmede, Dublin, Ireland",GEOMETRIC_CENTER,53.4065193,-6.1564006,,route,Dublin City,Grange B,02060,Dublin,268072013/01
199908,2017.0,"13 PINTAIL HOUSE, REDCOURT OAKS, SEAFIELD RD EAST DUBLIN 3,Dublin,Ireland",01/01/2017,"13 PINTAIL HOUSE, REDCOURT OAKS, SEAFIELD RD EAST DUBLIN 3",Dublin 3,Dublin,271800.0,Yes,No,Second-Hand Dwelling house /Apartment,,2017-01-01,,,,,,,,,,,
199910,2017.0,"13 PROSPECT LAWN, THE PARK, CABINTEELY,Dublin,Ireland",12/04/2017,"13 PROSPECT LAWN, THE PARK, CABINTEELY",Dublin 18,Dublin,525000.0,No,No,Second-Hand Dwelling house /Apartment,,2017-04-12,"13 Prospect Lawn, Cabinteely, Co. Dublin, D18 N6W8, Ireland",ROOFTOP,53.2619351,-6.1606668,D18 N6W8,street_address,Dn Laoghaire-Rathdown,Foxrock-Carrickmines,05054,Dublin,267088018
199912,2017.0,"13 Parkside Square, Parkside  Malahide Road,Dublin,Ireland",10/05/2017,"13 Parkside Square, Parkside  Malahide Road",,Dublin,339206.0,No,Yes,New Dwelling house /Apartment,less than 38 sq metres,2017-05-10,"13 Malahide Rd, Balgriffin, Dublin, Ireland",ROOFTOP,53.4046281,-6.1665709,,"establishment,point_of_interest",Dublin City,Grange A,02059,Dublin,268071002
199917,2017.0,"13 RATHMINTIN CRESCENT, TALLAGHT, DUBLIN 24,Dublin,Ireland",12/04/2017,"13 RATHMINTIN CRESCENT, TALLAGHT, DUBLIN 24",Dublin 24,Dublin,115000.0,No,No,Second-Hand Dwelling house /Apartment,,2017-04-12,"13 Rathmintin Cres, Jobstown, Dublin 24, D24 W1W7, Ireland",ROOFTOP,53.279871,-6.4069522,D24 W1W7,street_address,South Dublin,Tallaght-Jobstown,03032,Dublin,267140032
199937,2017.0,"13 ST VINCENTS PARK, TEMPLE HILL, BLACKROCK,Dublin,Ireland",07/04/2017,"13 ST VINCENTS PARK, TEMPLE HILL, BLACKROCK",,Dublin,620000.0,No,No,Second-Hand Dwelling house /Apartment,,2017-04-07,"13 St Vincent's Park, Rockfield, Blackrock, Co. Dublin, A94 KP76, Ireland",ROOFTOP,53.2960065,-6.1719827,A94 KP76,street_address,Dn Laoghaire-Rathdown,Blackrock-Templehill,05016,Dublin,267025004
199960,2017.0,"13 THE RISE, GLASNEVIN, DUBLIN 9,Dublin,Ireland",05/01/2017,"13 THE RISE, GLASNEVIN, DUBLIN 9",Dublin 9,Dublin,560000.0,No,No,Second-Hand Dwelling house /Apartment,,2017-01-05,"13 The Rise, Whitehall, Dublin 9, D09 XY68, Ireland",ROOFTOP,53.3794238,-6.262278,D09 XY68,street_address,Dublin City,Whitehall A,02090,Dublin,268157003
199965,2017.0,"13 THE VIEW, ROBSWALL, MALAHIDE,Dublin,Ireland",03/01/2017,"13 THE VIEW, ROBSWALL, MALAHIDE",,Dublin,575000.0,No,No,Second-Hand Dwelling house /Apartment,,2017-01-03,"13 The View, Robswalls, Malahide, Co. Dublin, K36 HR29, Ireland",ROOFTOP,53.4440497,-6.1388937,K36 HR29,street_address,Fingal,Malahide East,04029,Dublin,267105011
199970,2017.0,"13 TURNAPIN GROVE, CLOGHRAN, DUBLIN,Dublin,Ireland",11/05/2017,"13 TURNAPIN GROVE, CLOGHRAN, DUBLIN",Dublin 17,Dublin,330000.0,No,No,Second-Hand Dwelling house /Apartment,,2017-05-11,"13 Turnapin Grove, Turnapin Little, Dublin 17, D17 R159, Ireland",ROOFTOP,53.4086288,-6.2307263,D17 R159,street_address,Fingal,Turnapin,04042,Dublin,267160001
199971,2017.0,"13 Taney Green, Taney Road, Dundrum,Dublin,Ireland",08/02/2017,"13 Taney Green, Taney Road, Dundrum",,Dublin,718061.67,No,Yes,New Dwelling house /Apartment,greater than or equal to 125 sq metres,2017-02-08,"Taney Mews, Taney Rd, Dundrum, Dublin 14, Ireland",ROOFTOP,53.2929383,-6.2432655,,"establishment,point_of_interest",Dn Laoghaire-Rathdown,Dundrum-Taney,05041,Dublin,267082001
199972,2017.0,"13 The Avenue, Hansfield Wood,Dublin,Ireland",12/04/2017,"13 The Avenue, Hansfield Wood",Dublin 15,Dublin,264273.0,No,Yes,New Dwelling house /Apartment,greater than or equal to 38 sq metres and less than 125 sq metres,2017-04-12,"Clonsilla, Dublin, Ireland",GEOMETRIC_CENTER,53.3905516,-6.4322246,,"establishment,point_of_interest",Fingal,Blanchardstown-Blakestown,04009,Dublin,267028004/02
199974,2017.0,"13 The Avenue, Scholarstown Wood, Rathfarnham,Dublin,Ireland",02/03/2017,"13 The Avenue, Scholarstown Wood, Rathfarnham",,Dublin,475000.0,No,Yes,New Dwelling house /Apartment,greater than or equal to 125 sq metres,2017-03-02,"Scholarstown Rd, Ballyroan, Dublin, Ireland",GEOMETRIC_CENTER,53.2793586,-6.3073067,,"establishment,point_of_interest",South Dublin,Firhouse-Ballycullen,03012,Dublin,267085025
199997,2017.0,"130 BOTANIC RD, GLASNEVIN, DUBLIN 9,Dublin,Ireland",09/06/2017,"130 BOTANIC RD, GLASNEVIN, DUBLIN 9",Dublin 9,Dublin,475000.0,No,No,Second-Hand Dwelling house /Apartment,,2017-06-09,"130 B�_thar Gharraithe Na Lus, Botanic, Baile ́tha Cliath 9, D09 N4F1, Ireland",ROOFTOP,53.3698868,-6.2692043,D09 N4F1,street_address,Dublin City,Botanic A,02027,Dublin,268027001
199999,2017.0,"130 THE LINKS, ELMPARK, MERRION RD DUBLIN 4,Dublin,Ireland",04/01/2017,"130 THE LINKS, ELMPARK, MERRION RD DUBLIN 4",Dublin 4,Dublin,100000.0,No,No,Second-Hand Dwelling house /Apartment,,2017-01-04,"Nutley House, Nutley Ln, Dublin, Ireland",ROOFTOP,53.3138971,-6.217228,,"establishment,point_of_interest",Dublin City,Pembroke East D,02128,Dublin,268113016
200003,2017.0,"131 BALLYFERMOT RD, BALLYFERMOT, DUBLIN 10,Dublin,Ireland",12/05/2017,"131 BALLYFERMOT RD, BALLYFERMOT, DUBLIN 10",Dublin 10,Dublin,186000.0,No,No,Second-Hand Dwelling house /Apartment,,2017-05-12,"131 Ballyfermot Rd, Decies, Dublin 10, D10 K650, Ireland",ROOFTOP,53.3422723,-6.345079,D10 K650,street_address,Dublin City,Decies,02104,Dublin,268057009
200008,2017.0,"131 ROSELAWN RD, CASTLEKNOCK, DUBLIN 15,Dublin,Ireland",09/02/2017,"131 ROSELAWN RD, CASTLEKNOCK, DUBLIN 15",Dublin 15,Dublin,492000.0,No,No,Second-Hand Dwelling house /Apartment,,2017-02-09,"131 Roselawn Rd, Blanchardstown, Dublin 15, D15 NP7W, Ireland",ROOFTOP,53.3809871,-6.3795949,D15 NP7W,street_address,Fingal,Blanchardstown-Roselawn,04014,Dublin,267033001
200020,2017.0,"133 IVY EXCHANGE PARNELL ST, DUBLIN 1, DUBLIN,Dublin,Ireland",01/03/2017,"133 IVY EXCHANGE PARNELL ST, DUBLIN 1, DUBLIN",Dublin 1,Dublin,195000.0,No,No,Second-Hand Dwelling house /Apartment,,2017-03-01,"50 Parnell Square W, Rotunda, Dublin 1, D01 W5R9, Ireland",ROOFTOP,53.3522552,-6.2639843,D01 W5R9,"establishment,point_of_interest",Dublin City,Rotunda B,02089,Dublin,268139011
200027,2017.0,"134 CASTLEFORBES SQ, BLOCK C, DUBLIN 1,Dublin,Ireland",02/02/2017,"134 CASTLEFORBES SQ, BLOCK C, DUBLIN 1",Dublin 1,Dublin,325000.0,No,No,Second-Hand Dwelling house /Apartment,,2017-02-02,"Castleforbes Square, North Dock, Dublin 1, Ireland",ROOFTOP,53.3492365,-6.2308359,,premise,Dublin City,North Dock B,02077,Dublin,268108021
200031,2017.0,"134 ROYAL CANAL COURT, ASHTOWN, DUBLIN 15,Dublin,Ireland",09/03/2017,"134 ROYAL CANAL COURT, ASHTOWN, DUBLIN 15",Dublin 15,Dublin,290000.0,No,No,Second-Hand Dwelling house /Apartment,,2017-03-09,"Royal Canal Court, Royal Canal Way, Rathborne, Dublin 15, Ireland",ROOFTOP,53.3760835,-6.326178,,premise,Dublin City,Ashtown A,02006,Dublin,268006040
200032,2017.0,"134 THE BELFRY, ENNISKERRY ROAD, STEPASIDE,Dublin,Ireland",12/04/2017,"134 THE BELFRY, ENNISKERRY ROAD, STEPASIDE",Dublin 18,Dublin,282500.0,No,No,Second-Hand Dwelling house /Apartment,,2017-04-12,,,,,,,,,,,
200046,2017.0,"135 OLD COUNTY RD, CRUMLIN, DUBLIN 12,Dublin,Ireland",07/03/2017,"135 OLD COUNTY RD, CRUMLIN, DUBLIN 12",Dublin 12,Dublin,103593.79,Yes,No,Second-Hand Dwelling house /Apartment,,2017-03-07,"135 Old County Rd, Drimnagh, Dublin 12, D12 H395, Ireland",ROOFTOP,53.3274507,-6.3064845,D12 H395,street_address,Dublin City,Crumlin D,02101,Dublin,268054012
200047,2017.0,"135 PHILIPSBURGH AVE, FAIRVIEW, DUBLIN 3,Dublin,Ireland",12/04/2017,"135 PHILIPSBURGH AVE, FAIRVIEW, DUBLIN 3",,Dublin,326500.0,No,No,Second-Hand Dwelling house /Apartment,,2017-04-12,"135 Philipsburgh Ave, Fionnradharc, Dublin 3, D03 Y328, Ireland",ROOFTOP,53.3671691,-6.2400743,D03 Y328,street_address,Dublin City,Drumcondra South A,02047,Dublin,268058004
200058,2017.0,"137 KEEPER RD, DRIMNAGH, DUBLIN 12,Dublin,Ireland",10/01/2017,"137 KEEPER RD, DRIMNAGH, DUBLIN 12",Dublin 12,Dublin,230000.0,No,No,Second-Hand Dwelling house /Apartment,,2017-01-10,"137 Keeper Rd, Drimnagh, Dublin 12, D12 KW30, Ireland",ROOFTOP,53.3314791,-6.2988386,D12 KW30,street_address,Dublin City,Crumlin B,02099,Dublin,268052006
200074,2017.0,"139 CLONMACNOISE RD, CRUMLIN, DUBLIN 12,Dublin,Ireland",01/06/2017,"139 CLONMACNOISE RD, CRUMLIN, DUBLIN 12",Dublin 12,Dublin,232000.0,No,No,Second-Hand Dwelling house /Apartment,,2017-06-01,"139 Clonmacnoise Rd, Kimmage, Dublin 12, D12 V56W, Ireland",ROOFTOP,53.3219201,-6.301512,D12 V56W,street_address,Dublin City,Kimmage B,02112,Dublin,268091006
200078,2017.0,"139 TEMPLEVILLE DR, TERENURE, DUBLIN 6W,Dublin,Ireland",10/04/2017,"139 TEMPLEVILLE DR, TERENURE, DUBLIN 6W",,Dublin,610000.0,No,No,Second-Hand Dwelling house /Apartment,,2017-04-10,"139 Templeville Dr, Templeogue, Dublin 6W, Co. Dublin, D6W EK07, Ireland",ROOFTOP,53.2998695,-6.3074896,D6W EK07,street_address,South Dublin,Templeogue Village,03046,Dublin,267154003
200082,2017.0,"13A OLDCOURT RD, FIRHOUSE, DUBLIN 24,Dublin,Ireland",10/01/2017,"13A OLDCOURT RD, FIRHOUSE, DUBLIN 24",Dublin 24,Dublin,248050.0,No,No,Second-Hand Dwelling house /Apartment,,2017-01-10,"13 Old Ct Ave, Ballycullen, Dublin 24, D24 T3PP, Ireland",ROOFTOP,53.2740228,-6.3493763,D24 T3PP,street_address,South Dublin,Firhouse Village,03014,Dublin,267084002
200086,2017.0,"14  PHIBSBOROUGH AVENUE, PHIBSBOROUGH, DUBLIN 7,Dublin,Ireland",02/03/2017,"14  PHIBSBOROUGH AVENUE, PHIBSBOROUGH, DUBLIN 7",,Dublin,254100.0,No,No,Second-Hand Dwelling house /Apartment,,2017-03-02,"14 Phibsborough Ave, Spire View, Phibsborough, Dublin 7, D07 R9Y3, Ireland",ROOFTOP,53.3602468,-6.2745707,D07 R9Y3,street_address,Dublin City,Arran Quay A,02001,Dublin,268001002
200090,2017.0,"14 ABBOTSTOWN RD, FINGLAS WEST, DUBLIN 11,Dublin,Ireland",10/03/2017,"14 ABBOTSTOWN RD, FINGLAS WEST, DUBLIN 11",Dublin 11,Dublin,220000.0,No,No,Second-Hand Dwelling house /Apartment,,2017-03-10,"14 Abbotstown Rd, Finglas West, Dublin 11, D11 X3Y0, Ireland",ROOFTOP,53.3894493,-6.3159974,D11 X3Y0,street_address,Dublin City,Finglas South A,02054,Dublin,268066005
200092,2017.0,"14 ALDEN PARK, SUTTON, DUBLIN 13,Dublin,Ireland",12/05/2017,"14 ALDEN PARK, SUTTON, DUBLIN 13",Dublin 13,Dublin,466000.0,No,No,Second-Hand Dwelling house /Apartment,,2017-05-12,"14 Alden Park, Kilbarrack Lower, Dublin 13, D13 A9C7, Ireland",ROOFTOP,53.3890403,-6.1491129,D13 A9C7,street_address,Fingal,Sutton,04035,Dublin,267130003
200093,2017.0,"14 AMBERFIELD, VERDEMONT, BLANCHARDSTOWN,Dublin,Ireland",09/02/2017,"14 AMBERFIELD, VERDEMONT, BLANCHARDSTOWN",Dublin 15,Dublin,185000.0,No,No,Second-Hand Dwelling house /Apartment,,2017-02-09,,,,,,,,,,,
200107,2017.0,"14 BELMONT PARK, RAHENY, DUBLIN 5,Dublin,Ireland",07/02/2017,"14 BELMONT PARK, RAHENY, DUBLIN 5",Dublin 5,Dublin,395000.0,No,No,Second-Hand Dwelling house /Apartment,,2017-02-07,"14 Belmont Park, Grange, Dublin 5, D05 H981, Ireland",ROOFTOP,53.3843538,-6.1706169,D05 H981,street_address,Dublin City,Grange D,02062,Dublin,268074013
200114,2017.0,"14 BOTHAR ALBANACH, RANALLACH, BAILE ÁTHA CLIATH 6,Dublin,Ireland",08/02/2017,"14 BOTHAR ALBANACH, RANALLACH, BAILE ÁTHA CLIATH 6",Dublin 6,Dublin,1650000.0,No,No,Second-Hand Dwelling house /Apartment,,2017-02-08,,,,,,,,,,,
200127,2017.0,"14 Bridge Street, Royal Canal Park, Dublin 15,Dublin,Ireland",10/05/2017,"14 Bridge Street, Royal Canal Park, Dublin 15",Dublin 15,Dublin,353000.0,No,Yes,New Dwelling house /Apartment,greater than or equal to 38 sq metres and less than 125 sq metres,2017-05-10,"14 Royal Canal Ct Rd, Phibsborough, Dublin 7, D07 EW98, Ireland",ROOFTOP,53.362086,-6.276548,D07 EW98,street_address,Dublin City,Cabra East A,02030,Dublin,268030019
200150,2017.0,"14 CYPRESS PARK, TEMPLEOGUE, DUBLIN 6W,Dublin,Ireland",10/05/2017,"14 CYPRESS PARK, TEMPLEOGUE, DUBLIN 6W",,Dublin,580000.0,No,No,Second-Hand Dwelling house /Apartment,,2017-05-10,"14 Cypress Park, Templeogue, Dublin 6W, Co. Dublin, D6W P584, Ireland",ROOFTOP,53.2995545,-6.308026,D6W P584,street_address,South Dublin,Templeogue Village,03046,Dublin,267154003
200152,2017.0,"14 Churchfield, 59/60 Clontarf Road, Dublin 3,Dublin,Ireland",11/01/2017,"14 Churchfield, 59/60 Clontarf Road, Dublin 3",Dublin 3,Dublin,550660.8,No,Yes,New Dwelling house /Apartment,greater than or equal to 125 sq metres,2017-01-11,,,,,,,,,,,
200160,2017.0,"14 EDGEWOOD LAWN, BLANCHARDSTOWN, DUBLIN 15,Dublin,Ireland",12/01/2017,"14 EDGEWOOD LAWN, BLANCHARDSTOWN, DUBLIN 15",Dublin 15,Dublin,227000.0,No,No,Second-Hand Dwelling house /Apartment,,2017-01-12,"14 Edgewood Lawns, Corduff, Dublin 15, D15 VYE6, Ireland",ROOFTOP,53.3961023,-6.3801054,D15 VYE6,street_address,Fingal,Blanchardstown-Corduff,04011,Dublin,267030003
200164,2017.0,"14 Elder Heath Meadow, Elder Heath, Kiltipper Road,Dublin,Ireland",02/02/2017,"14 Elder Heath Meadow, Elder Heath, Kiltipper Road",Dublin 24,Dublin,246696.03,No,Yes,New Dwelling house /Apartment,greater than or equal to 38 sq metres and less than 125 sq metres,2017-02-02,,,,,,,,,,,
200165,2017.0,"14 Elder Heath Park, Elder Heath, Kiltipper Road,Dublin,Ireland",12/04/2017,"14 Elder Heath Park, Elder Heath, Kiltipper Road",Dublin 24,Dublin,251101.0,No,Yes,New Dwelling house /Apartment,greater than or equal to 38 sq metres and less than 125 sq metres,2017-04-12,,,,,,,,,,,
200166,2017.0,"14 FAIRFIELD PARK, RATHGAR, DUBLIN 6,Dublin,Ireland",10/03/2017,"14 FAIRFIELD PARK, RATHGAR, DUBLIN 6",Dublin 6,Dublin,1030000.0,No,No,Second-Hand Dwelling house /Apartment,,2017-03-10,"14 Fairfield Park, Dublin 6, D06 C6Y6, Ireland",ROOFTOP,53.3129717,-6.2715723,D06 C6Y6,street_address,Dublin City,Rathmines West D,02141,Dublin,268135005
200168,2017.0,"14 FERNLEIGH GROVE, CASTLEKNOCK, DUBLIN 15,Dublin,Ireland",02/03/2017,"14 FERNLEIGH GROVE, CASTLEKNOCK, DUBLIN 15",Dublin 15,Dublin,262000.0,No,No,Second-Hand Dwelling house /Apartment,,2017-03-02,"14 Fernleigh Grove, Carpenterstown, Dublin 15, D15 Y8N0, Ireland",ROOFTOP,53.3720585,-6.4012498,D15 Y8N0,street_address,Fingal,Castleknock-Knockmaroon,04016,Dublin,267040048
200169,2017.0,"14 FINDLATER ST, GLASTHULE, DUBLIN,Dublin,Ireland",01/02/2017,"14 FINDLATER ST, GLASTHULE, DUBLIN",,Dublin,340000.0,No,No,Second-Hand Dwelling house /Apartment,,2017-02-01,"14 Findlater St, Sandycove, Dublin, A96 E198, Ireland",ROOFTOP,53.2852774,-6.1267703,A96 E198,street_address,Dn Laoghaire-Rathdown,Dn Laoghaire-Glasthule,05043,Dublin,267068007
200201,2017.0,"14 LEALAND WALK, DUBLIN 22, DUBLIN,Dublin,Ireland",02/06/2017,"14 LEALAND WALK, DUBLIN 22, DUBLIN",Dublin 22,Dublin,180000.0,No,No,Second-Hand Dwelling house /Apartment,,2017-06-02,"14 Lealand Walk, Clonburris Great, Dublin 22, D22 YA24, Ireland",ROOFTOP,53.3245006,-6.4163794,D22 YA24,street_address,South Dublin,Clondalkin-Dunawley,03006,Dublin,267049031
200202,2017.0,"14 LEINSTER LAWN, CLONSKEAGH, DUBLIN 14,Dublin,Ireland",10/02/2017,"14 LEINSTER LAWN, CLONSKEAGH, DUBLIN 14",Dublin 14,Dublin,900000.0,No,No,Second-Hand Dwelling house /Apartment,,2017-02-10,"14 Leinster Lawn, Farranboley, Dublin 14, D14 W623, Ireland",ROOFTOP,53.3067214,-6.2397246,D14 W623,street_address,Dn Laoghaire-Rathdown,Clonskeagh-Milltown,05029,Dublin,267055007
200203,2017.0,"14 LENNOX PLACE, PORTOBELLO, DUBLIN 8,Dublin,Ireland",06/02/2017,"14 LENNOX PLACE, PORTOBELLO, DUBLIN 8",Dublin 8,Dublin,406000.0,No,No,Second-Hand Dwelling house /Apartment,,2017-02-06,"14 Lennox Pl, Saint Kevin's, Dublin 8, D08 K1W2, Ireland",ROOFTOP,53.3303395,-6.2673511,D08 K1W2,street_address,Dublin City,St. Kevin's,02146,Dublin,268142010
200216,2017.0,"14 MAPLE HALL, MOUNT SAINT ANNES, MILLTOWN,Dublin,Ireland",03/02/2017,"14 MAPLE HALL, MOUNT SAINT ANNES, MILLTOWN",,Dublin,460000.0,No,No,Second-Hand Dwelling house /Apartment,,2017-02-03,"Apartment 17, Maple Hall, Milltown Ave, Mount St Annes, Dublin 6, Ireland",ROOFTOP,53.3120818,-6.2481127,,premise,Dublin City,Rathmines East B,02135,Dublin,268129012/268129013
200224,2017.0,"14 MERRION COURT, AILESBURY RD, DUBLIN 4,Dublin,Ireland",04/04/2017,"14 MERRION COURT, AILESBURY RD, DUBLIN 4",Dublin 4,Dublin,450000.0,No,No,Second-Hand Dwelling house /Apartment,,2017-04-04,"14, Ailesbury Court, 93 B�_thar Ailesbury, Dublin 4, D04 VK30, Ireland",ROOFTOP,53.3190691,-6.22958,D04 VK30,street_address,Dublin City,Pembroke East D,02128,Dublin,268113008
200225,2017.0,"14 MOUNT ARGUS TERRACE, HAROLDS CROSS, DUBLIN 6W,Dublin,Ireland",09/06/2017,"14 MOUNT ARGUS TERRACE, HAROLDS CROSS, DUBLIN 6W",,Dublin,457000.0,No,No,Second-Hand Dwelling house /Apartment,,2017-06-09,"14 Mount Argus Terrace, Harold's Cross, Dublin 6W, Co. Dublin, D6W VK18, Ireland",ROOFTOP,53.3225421,-6.2892879,D6W VK18,street_address,Dublin City,Kimmage C,02113,Dublin,268092008
200227,2017.0,"14 MOUNT SYMON LAWN, CLONSILLA, DUBLIN,Dublin,Ireland",04/05/2017,"14 MOUNT SYMON LAWN, CLONSILLA, DUBLIN",Dublin 15,Dublin,335000.0,No,No,Second-Hand Dwelling house /Apartment,,2017-05-04,"14 Mount Symon Lawn, Clonsilla, Dublin 15, D15 V3Y2, Ireland",ROOFTOP,53.3879899,-6.4195604,D15 V3Y2,street_address,Fingal,Blanchardstown-Blakestown,04009,Dublin,267028089
200231,2017.0,"14 Marconi Crescent, Honeypark, Dun Laoghaire,Dublin,Ireland",09/03/2017,"14 Marconi Crescent, Honeypark, Dun Laoghaire",,Dublin,616740.08,No,Yes,New Dwelling house /Apartment,greater than or equal to 125 sq metres,2017-03-09,"Marconi Cres, Honeypark, Dublin, Ireland",GEOMETRIC_CENTER,53.2807789,-6.1440334,,route,Dn Laoghaire-Rathdown,Dn Laoghaire-Sallynoggin West,05049,Dublin,267074006
200252,2017.0,"14 PIGEON HOUSE RD, RINGSEND, DUBLIN 4,Dublin,Ireland",07/04/2017,"14 PIGEON HOUSE RD, RINGSEND, DUBLIN 4",Dublin 4,Dublin,275000.0,No,No,Second-Hand Dwelling house /Apartment,,2017-04-07,"4 Pigeon House Rd, Dublin 4, D04 RF79, Ireland",ROOFTOP,53.3436218,-6.2220209,D04 RF79,street_address,Dublin City,Pembroke East A,02125,Dublin,268110020
200255,2017.0,"14 Parkside Square, Parkside, Malahide Road,Dublin,Ireland",12/04/2017,"14 Parkside Square, Parkside, Malahide Road",Dublin 13,Dublin,334801.76,No,Yes,New Dwelling house /Apartment,greater than or equal to 38 sq metres and less than 125 sq metres,2017-04-12,"13 Malahide Rd, Balgriffin, Dublin, Ireland",ROOFTOP,53.4046281,-6.1665709,,"establishment,point_of_interest",Dublin City,Grange A,02059,Dublin,268071002
200258,2017.0,"14 RATHCOOLE PARK, RATHCOOLE, DUBLIN,Dublin,Ireland",03/02/2017,"14 RATHCOOLE PARK, RATHCOOLE, DUBLIN",Dublin 24,Dublin,390000.0,No,No,Second-Hand Dwelling house /Apartment,,2017-02-03,"14 Rathcoole Park, Rathcoole, Co. Dublin, D24 KD45, Ireland",ROOFTOP,53.2778429,-6.4658435,D24 KD45,street_address,South Dublin,Rathcoole,03021,Dublin,267112008
200270,2017.0,"14 SEAVIEW AVE NORTH, CLONTARF, DUBLIN 3,Dublin,Ireland",09/05/2017,"14 SEAVIEW AVE NORTH, CLONTARF, DUBLIN 3",Dublin 3,Dublin,455000.0,No,No,Second-Hand Dwelling house /Apartment,,2017-05-09,"14 Seaview Ave N, Clontarf East, Dublin 3, D03 AE40, Ireland",ROOFTOP,53.3630426,-6.2139986,D03 AE40,street_address,Dublin City,Clontarf East D,02040,Dublin,268044004
200275,2017.0,"14 SHANOWEN DR, SANTRY, DUBLIN 9,Dublin,Ireland",12/04/2017,"14 SHANOWEN DR, SANTRY, DUBLIN 9",Dublin 9,Dublin,385000.0,No,No,Second-Hand Dwelling house /Apartment,,2017-04-12,"14 Shanowen Dr, Whitehall, Dublin 9, D09 W407, Ireland",ROOFTOP,53.3889728,-6.2478763,D09 W407,street_address,Dublin City,Whitehall B,02091,Dublin,268158007
200284,2017.0,"14 ST JARLATH RD, CABRA, DUBLIN 7,Dublin,Ireland",03/05/2017,"14 ST JARLATH RD, CABRA, DUBLIN 7",Dublin 7,Dublin,267000.0,No,No,Second-Hand Dwelling house /Apartment,,2017-05-03,"14 St Jarlath Rd, Cabra East, Dublin 7, D07 HT26, Ireland",ROOFTOP,53.3653946,-6.2845029,D07 HT26,street_address,Dublin City,Cabra East B,02031,Dublin,268031005
200308,2017.0,"14 THE ORCHARD, WOODFARM ACRES, PALMERSTOWN DUBLIN 20,Dublin,Ireland",08/02/2017,"14 THE ORCHARD, WOODFARM ACRES, PALMERSTOWN DUBLIN 20",Dublin 20,Dublin,309000.0,No,No,Second-Hand Dwelling house /Apartment,,2017-02-08,"14 The Orchard, Woodfarm Acres, Dublin 20, D20 XK68, Ireland",ROOFTOP,53.3550816,-6.3789875,D20 XK68,street_address,South Dublin,Palmerston West,03020,Dublin,267109017
200317,2017.0,"14 The Avenue, Scholarstown Wood, Scholarstown Road,Dublin,Ireland",02/03/2017,"14 The Avenue, Scholarstown Wood, Scholarstown Road",Dublin 14,Dublin,414096.91,No,Yes,New Dwelling house /Apartment,greater than or equal to 38 sq metres and less than 125 sq metres,2017-03-02,"Scholarstown Rd, Ballyroan, Dublin, Ireland",GEOMETRIC_CENTER,53.2793586,-6.3073067,,"establishment,point_of_interest",South Dublin,Firhouse-Ballycullen,03012,Dublin,267085025
200318,2017.0,"14 The Close, Hazelbrook Square, Churchtown,Dublin,Ireland",03/04/2017,"14 The Close, Hazelbrook Square, Churchtown",Dublin 14,Dublin,419525.0,No,Yes,New Dwelling house /Apartment,greater than or equal to 38 sq metres and less than 125 sq metres,2017-04-03,"Hazelbrook Square, Whitehall Rd, Whitehall, Dublin 14, D14 YN99, Ireland",GEOMETRIC_CENTER,53.2932792,-6.2670409,D14 YN99,route,Dn Laoghaire-Rathdown,Churchtown-Castle,05022,Dublin,267042002
200322,2017.0,"14 The Guillemot, Barnageeragh Cove, Skerries,Dublin,Ireland",03/05/2017,"14 The Guillemot, Barnageeragh Cove, Skerries",,Dublin,286343.61,No,Yes,New Dwelling house /Apartment,greater than or equal to 38 sq metres and less than 125 sq metres,2017-05-03,,,,,,,,,,,
200327,2017.0,"14 Tullyhall Close, Lucan,Dublin,Ireland",11/01/2017,"14 Tullyhall Close, Lucan",,Dublin,275869.18,No,Yes,New Dwelling house /Apartment,greater than or equal to 38 sq metres and less than 125 sq metres,2017-01-11,"14 Tullyhall Dr, Kishoge, Lucan, Co. Dublin, K78 HR99, Ireland",ROOFTOP,53.3359361,-6.4393274,K78 HR99,street_address,South Dublin,Lucan-Esker,03015,Dublin,267100007
200334,2017.0,"14 WARRENSTOWN DR, BLANCHARDSTOWN, DUBLIN 15,Dublin,Ireland",12/06/2017,"14 WARRENSTOWN DR, BLANCHARDSTOWN, DUBLIN 15",Dublin 15,Dublin,237000.0,No,No,Second-Hand Dwelling house /Apartment,,2017-06-12,"14 Warrenstown Dr, Buzzardstown, Dublin 15, D15 E1C2, Ireland",ROOFTOP,53.4028171,-6.3869734,D15 E1C2,street_address,Fingal,Blanchardstown-Mulhuddart,04013,Dublin,267032002
200344,2017.0,"14 WOODVIEW COURT, GLENALBYN ROAD, STILLORGAN,Dublin,Ireland",07/04/2017,"14 WOODVIEW COURT, GLENALBYN ROAD, STILLORGAN",,Dublin,305000.0,Yes,No,Second-Hand Dwelling house /Apartment,,2017-04-07,"Woodview Court, Glenalbyn Rd, Stillorgan, Dublin, Ireland",ROOFTOP,53.2861799,-6.1956525,,premise,Dn Laoghaire-Rathdown,Stillorgan-Merville,05066,Dublin,267127006
200350,2017.0,"140 CARRIGMORE CRESCENT, CITYWEST WEST, SAGGART,Dublin,Ireland",06/01/2017,"140 CARRIGMORE CRESCENT, CITYWEST WEST, SAGGART",Dublin 24,Dublin,163000.0,No,No,Second-Hand Dwelling house /Apartment,,2017-01-06,"140 Carrigmore Ave, Coldwater Commons, Dublin, Ireland",RANGE_INTERPOLATED,53.2805609,-6.4287221,,street_address,South Dublin,Tallaght-Jobstown,03032,Dublin,267140027
200353,2017.0,"140 GRIFFITH AVE, DRUMCONDRA, DUBLIN 9,Dublin,Ireland",10/02/2017,"140 GRIFFITH AVE, DRUMCONDRA, DUBLIN 9",Dublin 9,Dublin,466666.0,No,No,Second-Hand Dwelling house /Apartment,,2017-02-10,"140 Griffith Ave, Drumcondra, Dublin 9, D09 K1E2, Ireland",ROOFTOP,53.373311,-6.2422955,D09 K1E2,street_address,Dublin City,Drumcondra South A,02047,Dublin,268058018
200358,2017.0,"140 TYRCONNELL PARK, INCHICORE, DUBLIN 8,Dublin,Ireland",07/03/2017,"140 TYRCONNELL PARK, INCHICORE, DUBLIN 8",Dublin 8,Dublin,269000.0,No,No,Second-Hand Dwelling house /Apartment,,2017-03-07,"140 Tyrconnell Park, Inchicore, Dublin 8, D08 N1YW, Ireland",ROOFTOP,53.3384787,-6.324992,D08 N1YW,street_address,Dublin City,Inchicore A,02106,Dublin,268078007
200361,2017.0,"141 DRIMNAGH RD, DRIMNAGH, DUBLIN 12,Dublin,Ireland",04/04/2017,"141 DRIMNAGH RD, DRIMNAGH, DUBLIN 12",Dublin 12,Dublin,334000.0,No,No,Second-Hand Dwelling house /Apartment,,2017-04-04,"141 Drimnagh Rd, Drimnagh, Dublin 12, D12 A2Y6, Ireland",ROOFTOP,53.3242268,-6.3251394,D12 A2Y6,street_address,Dublin City,Walkinstown B,02159,Dublin,268155007
200366,2017.0,"141 VILLA PARK GARDENS, NAVAN RD, DUBLIN 7,Dublin,Ireland",07/04/2017,"141 VILLA PARK GARDENS, NAVAN RD, DUBLIN 7",Dublin 7,Dublin,400000.0,No,No,Second-Hand Dwelling house /Apartment,,2017-04-07,"141 Navan Rd, Villa Park Gardens, Ashtown, Dublin 7, D07 E4Y8, Ireland",ROOFTOP,53.3645391,-6.3102243,D07 E4Y8,street_address,Dublin City,Ashtown B,02007,Dublin,268007003
200368,2017.0,"142 ARDILUN, PORTMARNOCK, DUBLIN,Dublin,Ireland",01/02/2017,"142 ARDILUN, PORTMARNOCK, DUBLIN",Dublin 13,Dublin,465000.0,No,No,Second-Hand Dwelling house /Apartment,,2017-02-01,"142 Ardilaun, Carrickhill, Portmarnock, Co. Dublin, D13 VF76, Ireland",ROOFTOP,53.4289492,-6.1352952,D13 VF76,street_address,Fingal,Portmarnock South,04032,Dublin,267111004
200369,2017.0,"142 BLACKDITCH ROAD, BALLYFERMOT, DUBLIN 10,Dublin,Ireland",12/05/2017,"142 BLACKDITCH ROAD, BALLYFERMOT, DUBLIN 10",Dublin 10,Dublin,190000.0,No,No,Second-Hand Dwelling house /Apartment,,2017-05-12,"142 Blackditch Rd, Cherry Orchard, Dublin 10, D10 TK76, Ireland",ROOFTOP,53.3423546,-6.3650417,D10 TK76,street_address,Dublin City,Carna,02096,Dublin,268039010
200376,2017.0,"142 WHITETHORN, PARK, PALMERSTOWN DUBLIN 22,Dublin,Ireland",10/02/2017,"142 WHITETHORN, PARK, PALMERSTOWN DUBLIN 22",Dublin 22,Dublin,262000.0,No,No,Second-Hand Dwelling house /Apartment,,2017-02-10,"142 Whitethorn Park, Dublin 22, D22 R7Y0, Ireland",ROOFTOP,53.3434368,-6.3833917,D22 R7Y0,street_address,South Dublin,Clondalkin-Moorfield,03008,Dublin,267051015
200379,2017.0,"143 IVY EXCHANGE, PARNELL ST, DUBLIN 1,Dublin,Ireland",05/04/2017,"143 IVY EXCHANGE, PARNELL ST, DUBLIN 1",Dublin 1,Dublin,77935.67,Yes,No,Second-Hand Dwelling house /Apartment,,2017-04-05,"50 Parnell Square W, Rotunda, Dublin 1, D01 W5R9, Ireland",ROOFTOP,53.3522552,-6.2639843,D01 W5R9,"establishment,point_of_interest",Dublin City,Rotunda B,02089,Dublin,268139011
200380,2017.0,"143 KILLESTER PARK, KILLESTER, DUBLIN 5,Dublin,Ireland",03/04/2017,"143 KILLESTER PARK, KILLESTER, DUBLIN 5",Dublin 5,Dublin,390000.0,No,No,Second-Hand Dwelling house /Apartment,,2017-04-03,"143 Killester Ave, Clontarf West, Dublin 5, D05 N726, Ireland",ROOFTOP,53.3753618,-6.2094353,D05 N726,street_address,Dublin City,Clontarf West B,02043,Dublin,268047005
200381,2017.0,"143 LUDFORD RD, BALLINTEER, DUBLIN 16,Dublin,Ireland",03/02/2017,"143 LUDFORD RD, BALLINTEER, DUBLIN 16",Dublin 16,Dublin,520000.0,No,No,Second-Hand Dwelling house /Apartment,,2017-02-03,"143 Ludford Rd, Ballinteer, Dublin 16, D16 X785, Ireland",ROOFTOP,53.2812864,-6.2542513,D16 X785,street_address,Dn Laoghaire-Rathdown,Ballinteer-Ludford,05002,Dublin,267009005
200382,2017.0,"143 MILLRACE RD, CASTLEKNOCK, DUBLIN 15,Dublin,Ireland",12/01/2017,"143 MILLRACE RD, CASTLEKNOCK, DUBLIN 15",Dublin 15,Dublin,298000.0,No,No,Second-Hand Dwelling house /Apartment,,2017-01-12,"143 Millrace Rd, Pelletstown, Dublin, Ireland",RANGE_INTERPOLATED,53.3725312,-6.3354605,,street_address,Fingal,Castleknock-Park,04017,Dublin,267041017
200385,2017.0,"143 THE SPINNAKER, ARRAN QUAY, DUBLIN 7,Dublin,Ireland",03/04/2017,"143 THE SPINNAKER, ARRAN QUAY, DUBLIN 7",Dublin 7,Dublin,187000.0,No,No,Second-Hand Dwelling house /Apartment,,2017-04-03,,,,,,,,,,,
200386,2017.0,"144 ANNAMOE DR, CABRA, DUBLIN 7,Dublin,Ireland",03/02/2017,"144 ANNAMOE DR, CABRA, DUBLIN 7",Dublin 7,Dublin,276000.0,No,No,Second-Hand Dwelling house /Apartment,,2017-02-03,"144 Annamoe Dr, Cabra East, Dublin 7, D07 V0C7, Ireland",ROOFTOP,53.3602356,-6.2859777,D07 V0C7,street_address,Dublin City,Cabra East C,02032,Dublin,268032005
200387,2017.0,"144 CORKE ABBEY, BRAY, WICKLOW,Dublin,Ireland",03/03/2017,"144 CORKE ABBEY, BRAY, WICKLOW",,Dublin,330000.0,No,No,Second-Hand Dwelling house /Apartment,,2017-03-03,"144 Corke Abbey, Cork Great, Bray, Co. Dublin, A98 TR92, Ireland",ROOFTOP,53.2106923,-6.1113421,A98 TR92,street_address,Dn Laoghaire-Rathdown,Shankill-Shanganagh,05062,Dublin,267122016
200407,2017.0,"146 Hampton Wood Avenue, Hampton Wood, Dublin 11,Dublin,Ireland",08/05/2017,"146 Hampton Wood Avenue, Hampton Wood, Dublin 11",,Dublin,255000.0,No,Yes,New Dwelling house /Apartment,greater than or equal to 38 sq metres and less than 125 sq metres,2017-05-08,"146 Hampton Wood Ave, Hampton Wood, Dublin 11, D11 T6K4, Ireland",ROOFTOP,53.4050578,-6.2851963,D11 T6K4,street_address,Dublin City,Ballymun A,02015,Dublin,268015005/268015014
200411,2017.0,"146, CURLEW ROAD, DRIMNAGH DUBLIN 12,Dublin,Ireland",12/06/2017,"146, CURLEW ROAD, DRIMNAGH DUBLIN 12",Dublin 12,Dublin,122400.0,Yes,No,Second-Hand Dwelling house /Apartment,,2017-06-12,"146 Curlew Rd, Drimnagh, Dublin 12, D12 PD86, Ireland",ROOFTOP,53.3290072,-6.3180893,D12 PD86,street_address,Dublin City,Crumlin E,02102,Dublin,268055005
200413,2017.0,"146A ROCHESTOWN AVE, DUN LAOGHAIRE, DUBLIN,Dublin,Ireland",12/06/2017,"146A ROCHESTOWN AVE, DUN LAOGHAIRE, DUBLIN",,Dublin,455000.0,No,No,Second-Hand Dwelling house /Apartment,,2017-06-12,"146B Rochestown Ave, D̼n Laoghaire, Dublin, A96 E7F4, Ireland",ROOFTOP,53.2704718,-6.1430894,A96 E7F4,street_address,Dn Laoghaire-Rathdown,Cabinteely-Granitefield,05018,Dublin,267036003
200416,2017.0,"147 EDENMORE AVE, RAHENY DUBLIN 5, DUBLIN,Dublin,Ireland",06/04/2017,"147 EDENMORE AVE, RAHENY DUBLIN 5, DUBLIN",Dublin 5,Dublin,80307.67,Yes,No,Second-Hand Dwelling house /Apartment,,2017-04-06,"147 Edenmore Ave, Edenmore, Dublin 5, D05 X5H2, Ireland",ROOFTOP,53.3883531,-6.1841582,D05 X5H2,street_address,Dublin City,Edenmore,02050,Dublin,268062006
200419,2017.0,"147 STILLORGAN WOOD, BLACKROCK, DUBLIN,Dublin,Ireland",04/04/2017,"147 STILLORGAN WOOD, BLACKROCK, DUBLIN",,Dublin,685000.0,No,No,Second-Hand Dwelling house /Apartment,,2017-04-04,"147 Stillorgan Wood, Stillorgan, Dublin, A94 D860, Ireland",ROOFTOP,53.2831588,-6.21164,A94 D860,street_address,Dn Laoghaire-Rathdown,Stillorgan-Kilmacud,05064,Dublin,267125010
200422,2017.0,"147 WINTER GARDEN, PEARSE ST, DUBLIN 2,Dublin,Ireland",12/01/2017,"147 WINTER GARDEN, PEARSE ST, DUBLIN 2",Dublin 2,Dublin,550000.0,No,No,Second-Hand Dwelling house /Apartment,,2017-01-12,"Winter Garden, Pearse St, Grand Canal Dock, Dublin 2, Ireland",ROOFTOP,53.3438923,-6.2439221,,premise,Dublin City,South Dock,02147,Dublin,268143010
200424,2017.0,"148 BLOCK F, THE ISLAND, CHAPELIZOD DUBLIN 20,Dublin,Ireland",12/04/2017,"148 BLOCK F, THE ISLAND, CHAPELIZOD DUBLIN 20",Dublin 20,Dublin,285000.0,No,No,Second-Hand Dwelling house /Apartment,,2017-04-12,"The Island, Martin's Row, Chapelizod, Dublin 20, Ireland",ROOFTOP,53.3486491,-6.3455367,,premise,Dublin City,Chapelizod,02094,Dublin,268037013
200427,2017.0,"148 SEVEN OAKS, SARSFIELD RD, DUBLIN 10,Dublin,Ireland",08/02/2017,"148 SEVEN OAKS, SARSFIELD RD, DUBLIN 10",Dublin 10,Dublin,61412.36,Yes,No,Second-Hand Dwelling house /Apartment,,2017-02-08,"148 Sarsfield Rd, Kilmainham, Dublin, Ireland",RANGE_INTERPOLATED,53.3421421,-6.3287301,,street_address,Dublin City,Kilmainham A,02108,Dublin,268083001
200428,2017.0,"148 THE NORTHUMBERLANDS, LOVE LANE EAST, MOUNT ST LOWER,Dublin,Ireland",02/02/2017,"148 THE NORTHUMBERLANDS, LOVE LANE EAST, MOUNT ST LOWER",Dublin 2,Dublin,349000.0,No,No,Second-Hand Dwelling house /Apartment,,2017-02-02,,,,,,,,,,,
200441,2017.0,"15 ALLENTON RD, FIRHOUSE, DUBLIN 24,Dublin,Ireland",07/03/2017,"15 ALLENTON RD, FIRHOUSE, DUBLIN 24",Dublin 24,Dublin,258000.0,No,No,Second-Hand Dwelling house /Apartment,,2017-03-07,"15 Allenton Rd, Ballycragh, Dublin 24, D24 H5RW, Ireland",ROOFTOP,53.2738099,-6.351878,D24 H5RW,street_address,South Dublin,Bohernabreena,03003,Dublin,267035009
200442,2017.0,"15 ALMA RD, MONKSTOWN, DUBLIN,Dublin,Ireland",03/02/2017,"15 ALMA RD, MONKSTOWN, DUBLIN",,Dublin,1450000.0,No,No,Second-Hand Dwelling house /Apartment,,2017-02-03,"15 Alma Rd, Seapoint, Dublin, Ireland",RANGE_INTERPOLATED,53.2972683,-6.1659519,,street_address,Dn Laoghaire-Rathdown,Blackrock-Seapoint,05014,Dublin,267018004
200447,2017.0,"15 ANNADALE AVENUE, FAIRVIEW, DUBLIN 3,Dublin,Ireland",11/04/2017,"15 ANNADALE AVENUE, FAIRVIEW, DUBLIN 3",Dublin 3,Dublin,285000.0,No,No,Second-Hand Dwelling house /Apartment,,2017-04-11,"15 Annadale Ave, Fionnradharc, Dublin 3, D03 A6X9, Ireland",ROOFTOP,53.3669149,-6.2409431,D03 A6X9,street_address,Dublin City,Drumcondra South A,02047,Dublin,268058004
200448,2017.0,"15 APPLEWOOD AVE SWORDS, DUBLIN,Dublin,Ireland",03/05/2017,"15 APPLEWOOD AVE SWORDS, DUBLIN",,Dublin,204000.0,No,No,Second-Hand Dwelling house /Apartment,,2017-05-03,"15 Applewood Ave, Applewood, Swords, Co. Dublin, K67 FX64, Ireland",ROOFTOP,53.4700323,-6.2311378,K67 FX64,street_address,Fingal,Swords-Lissenhall,04038,Dublin,267133014
200451,2017.0,"15 ARD MOR DR, FORTUNESTOWN LANE, TALLAGHT,Dublin,Ireland",05/04/2017,"15 ARD MOR DR, FORTUNESTOWN LANE, TALLAGHT",Dublin 24,Dublin,205000.0,No,No,Second-Hand Dwelling house /Apartment,,2017-04-05,,,,,,,,,,,
200464,2017.0,"15 Abbots Grove Avenue, Knocklyon, Dublin 16,Dublin,Ireland",01/03/2017,"15 Abbots Grove Avenue, Knocklyon, Dublin 16",,Dublin,338325.98,No,Yes,New Dwelling house /Apartment,greater than or equal to 38 sq metres and less than 125 sq metres,2017-03-01,"24 Abbots grove, Ballycullen, Knocklyon, Co. Dublin, Ireland",ROOFTOP,53.2710579,-6.3252412,,"establishment,general_contractor,point_of_interest",South Dublin,Firhouse-Ballycullen,03012,Dublin,267085005/267085009
200465,2017.0,"15 Ardilea Crescent, Heidelberg, Ardilea  Clonskeagh,Dublin,Ireland",02/05/2017,"15 Ardilea Crescent, Heidelberg, Ardilea  Clonskeagh",Dublin 14,Dublin,770924.0,No,Yes,New Dwelling house /Apartment,greater than or equal to 38 sq metres and less than 125 sq metres,2017-05-02,"Heidelberg, Ardilea, Dublin 14, Ireland",GEOMETRIC_CENTER,53.2964673,-6.2273289,,"establishment,point_of_interest",Dn Laoghaire-Rathdown,Clonskeagh-Roebuck,05030,Dublin,267058005
200471,2017.0,"15 BEAVERSTOWN ORCHARD, DONABATE, DUBLIN,Dublin,Ireland",01/03/2017,"15 BEAVERSTOWN ORCHARD, DONABATE, DUBLIN",,Dublin,206000.0,Yes,No,Second-Hand Dwelling house /Apartment,,2017-03-01,"15 Beaverstown Orchard, Ballisk Common, Donabate, Co. Dublin, K36 VX74, Ireland",ROOFTOP,53.4939977,-6.1497562,K36 VX74,street_address,Fingal,Donabate,04019,Dublin,267065019
200472,2017.0,"15 BECTIVE SQ, PHIBSBOROUGH RD, PHIBSBOROUGH DUBLIN 7,Dublin,Ireland",11/05/2017,"15 BECTIVE SQ, PHIBSBOROUGH RD, PHIBSBOROUGH DUBLIN 7",Dublin 7,Dublin,252000.0,No,No,Second-Hand Dwelling house /Apartment,,2017-05-11,"Bective Square, Phibsborough Rd, Phibsborough, Dublin 7, Ireland",ROOFTOP,53.3597708,-6.273164,,premise,Dublin City,Arran Quay A,02001,Dublin,268001006
200474,2017.0,"15 BELLGREE DR, TYRRELSTOWN, DUBLIN 15,Dublin,Ireland",02/06/2017,"15 BELLGREE DR, TYRRELSTOWN, DUBLIN 15",Dublin 15,Dublin,277000.0,No,No,Second-Hand Dwelling house /Apartment,,2017-06-02,"15 Bellgree Dr, Tyrrelstown, Dublin 15, D15 K7R0, Ireland",ROOFTOP,53.4221432,-6.3874179,D15 K7R0,street_address,Fingal,The Ward,04041,Dublin,267158014
200476,2017.0,"15 BEWLEY DR, LUCAN, DUBLIN,Dublin,Ireland",04/04/2017,"15 BEWLEY DR, LUCAN, DUBLIN",,Dublin,505000.0,No,No,Second-Hand Dwelling house /Apartment,,2017-04-04,"15 Bewley Dr, Willsbrook Woods, Lucan, Co. Dublin, K78 W6K0, Ireland",ROOFTOP,53.3537497,-6.425074,K78 W6K0,street_address,South Dublin,Lucan-Esker,03015,Dublin,267100063
200481,2017.0,"15 BRODIR ROW, PALATINE SQ, DUBLIN 7,Dublin,Ireland",11/05/2017,"15 BRODIR ROW, PALATINE SQ, DUBLIN 7",Dublin 7,Dublin,412000.0,No,No,Second-Hand Dwelling house /Apartment,,2017-05-11,"15 Brodir Row, Arbour Hill, Dublin 7, D07 R201, Ireland",ROOFTOP,53.3508516,-6.2893466,D07 R201,street_address,Dublin City,Arran Quay D,02004,Dublin,268004001
200489,2017.0,"15 CARLISLE AVE, DONNYBROOK, DUBLIN 4,Dublin,Ireland",12/05/2017,"15 CARLISLE AVE, DONNYBROOK, DUBLIN 4",Dublin 4,Dublin,1210000.0,No,No,Second-Hand Dwelling house /Apartment,,2017-05-12,"15 Carlisle Ave, Dublin 4, D04 E3Y0, Ireland",ROOFTOP,53.324046,-6.2457651,D04 E3Y0,street_address,Dublin City,Rathmines East A,02134,Dublin,268128011
200491,2017.0,"15 CASTLE GROVE, CLONTARF, DUBLIN 3,Dublin,Ireland",12/04/2017,"15 CASTLE GROVE, CLONTARF, DUBLIN 3",Dublin 3,Dublin,765000.0,No,No,Second-Hand Dwelling house /Apartment,,2017-04-12,"15 Castle Grove, Clontarf East, Dublin 3, D03 DA07, Ireland",ROOFTOP,53.3689363,-6.2067293,D03 DA07,street_address,Dublin City,Clontarf East D,02040,Dublin,268044002
200492,2017.0,"15 CASTLE PARK, CLONDALKIN, DUBLIN 22,Dublin,Ireland",10/05/2017,"15 CASTLE PARK, CLONDALKIN, DUBLIN 22",Dublin 22,Dublin,350000.0,No,No,Second-Hand Dwelling house /Apartment,,2017-05-10,"15 Castle Park, Clondalkin, Dublin 22, D22 V389, Ireland",ROOFTOP,53.3217788,-6.3888726,D22 V389,street_address,South Dublin,Clondalkin-Monastery,03007,Dublin,267050016
200510,2017.0,"15 CORNMILL APTS, VAUXHALL ST, BALBRIGGAN,Dublin,Ireland",02/02/2017,"15 CORNMILL APTS, VAUXHALL ST, BALBRIGGAN",,Dublin,135000.0,No,No,Second-Hand Dwelling house /Apartment,,2017-02-02,,,,,,,,,,,
200534,2017.0,"15 EATON SQ, MONKSTOWN, DUBLIN,Dublin,Ireland",01/06/2017,"15 EATON SQ, MONKSTOWN, DUBLIN",,Dublin,1513000.0,No,No,Second-Hand Dwelling house /Apartment,,2017-06-01,"15 Eaton Square, Montpelier, Blackrock, Co. Dublin, A94 W897, Ireland",ROOFTOP,53.2959866,-6.1639449,A94 W897,street_address,Dn Laoghaire-Rathdown,Blackrock-Seapoint,05014,Dublin,267018005
200549,2017.0,"15 FOXBOROUGH RD, LUCAN, DUBLIN,Dublin,Ireland",04/05/2017,"15 FOXBOROUGH RD, LUCAN, DUBLIN",,Dublin,230000.0,No,No,Second-Hand Dwelling house /Apartment,,2017-05-04,"15 Foxborough Rd, Balgaddy, Lucan, Co. Dublin, K78 H598, Ireland",ROOFTOP,53.3404714,-6.4242024,K78 H598,street_address,South Dublin,Lucan-Esker,03015,Dublin,267100041
200550,2017.0,"15 FOXS LANE, RAHENY, DUBLIN 5,Dublin,Ireland",11/05/2017,"15 FOXS LANE, RAHENY, DUBLIN 5",Dublin 5,Dublin,682500.0,No,No,Second-Hand Dwelling house /Apartment,,2017-05-11,"15 Fox's Ln, Donaghmede, Dublin 5, D05 YY26, Ireland",ROOFTOP,53.3797405,-6.1572261,D05 YY26,street_address,Dublin City,Raheny-St. Assam,02087,Dublin,268126001
200552,2017.0,"15 Fairhaven Close, Castleknock Road, Castleknock,Dublin,Ireland",07/06/2017,"15 Fairhaven Close, Castleknock Road, Castleknock",,Dublin,537500.0,No,Yes,New Dwelling house /Apartment,greater than or equal to 38 sq metres and less than 125 sq metres,2017-06-07,"Castleknock Rd, Ashtown, Dublin, Ireland",GEOMETRIC_CENTER,53.3711529,-6.3407142,,"establishment,point_of_interest",Fingal,Castleknock-Park,04017,Dublin,267041014
200567,2017.0,"15 HEATHERVIEW COURT, AYLESBURY, TALLAGHT DUBLIN 24,Dublin,Ireland",05/05/2017,"15 HEATHERVIEW COURT, AYLESBURY, TALLAGHT DUBLIN 24",Dublin 24,Dublin,307000.0,No,No,Second-Hand Dwelling house /Apartment,,2017-05-05,,,,,,,,,,,
200581,2017.0,"15 LEINSTER SQUARE, RATHMINES, DUBLIN 6,Dublin,Ireland",12/04/2017,"15 LEINSTER SQUARE, RATHMINES, DUBLIN 6",,Dublin,1058000.0,No,No,Second-Hand Dwelling house /Apartment,,2017-04-12,"15 Leinster Square, Dublin 6, D06 PH42, Ireland",ROOFTOP,53.3236523,-6.2677973,D06 PH42,street_address,Dublin City,Rathmines West F,02143,Dublin,268137014
200590,2017.0,"15 MAPLE AVE, CASTLEKNOCK, DUBLIN 15,Dublin,Ireland",03/05/2017,"15 MAPLE AVE, CASTLEKNOCK, DUBLIN 15",Dublin 15,Dublin,475000.0,No,No,Second-Hand Dwelling house /Apartment,,2017-05-03,"15 Maple Ave, Carpenterstown, Dublin 15, D15 K4AC, Ireland",ROOFTOP,53.3784234,-6.3841563,D15 K4AC,street_address,Fingal,Castleknock-Knockmaroon,04016,Dublin,267040017
200594,2017.0,"15 MELVILLE CLOSE, CITYSIDE MEAKSTOWN, FINGLAS DUBLIN 11,Dublin,Ireland",09/02/2017,"15 MELVILLE CLOSE, CITYSIDE MEAKSTOWN, FINGLAS DUBLIN 11",Dublin 11,Dublin,245000.0,No,No,Second-Hand Dwelling house /Apartment,,2017-02-09,,,,,,,,,,,
200604,2017.0,"15 MYRTLE ST, PHIBSBOROUGH, DUBLIN,Dublin,Ireland",08/06/2017,"15 MYRTLE ST, PHIBSBOROUGH, DUBLIN",Dublin 7,Dublin,265000.0,No,No,Second-Hand Dwelling house /Apartment,,2017-06-08,"15 Myrtle St, Phibsborough, Dublin 7, D07 DRP4, Ireland",ROOFTOP,53.3565039,-6.2711491,D07 DRP4,street_address,Dublin City,Inns Quay B,02067,Dublin,268081009
200615,2017.0,"15 PALMER AVENUE, RUSH CO. DUBLIN,Dublin,Ireland",07/02/2017,"15 PALMER AVENUE, RUSH CO. DUBLIN",,Dublin,270000.0,No,No,Second-Hand Dwelling house /Apartment,,2017-02-07,"15 Palmer Ave, Rush Demesne, Rush, Co. Dublin, K56 YW18, Ireland",ROOFTOP,53.5329458,-6.0969596,K56 YW18,street_address,Fingal,Rush,04033,Dublin,267118027
200623,2017.0,"15 Park Lane, Beltree, Clongriffin,Dublin,Ireland",11/04/2017,"15 Park Lane, Beltree, Clongriffin",,Dublin,257269.0,No,Yes,New Dwelling house /Apartment,greater than or equal to 38 sq metres and less than 125 sq metres,2017-04-11,"Belltree Avenue, Donaghmede, Dublin, Ireland",GEOMETRIC_CENTER,53.4065193,-6.1564006,,route,Dublin City,Grange B,02060,Dublin,268072013/01
200624,2017.0,"15 Parkside Square, Malahide Road, Co. Dublin,Dublin,Ireland",07/04/2017,"15 Parkside Square, Malahide Road, Co. Dublin",,Dublin,334801.75,No,Yes,New Dwelling house /Apartment,greater than or equal to 38 sq metres and less than 125 sq metres,2017-04-07,"13 Malahide Rd, Balgriffin, Dublin, Ireland",ROOFTOP,53.4046281,-6.1665709,,"establishment,point_of_interest",Dublin City,Grange A,02059,Dublin,268071002
200628,2017.0,"15 RICHMOND HALL, MOUNT ST ANNES, MILLTOWN DUBLIN 6,Dublin,Ireland",12/04/2017,"15 RICHMOND HALL, MOUNT ST ANNES, MILLTOWN DUBLIN 6",Dublin 6,Dublin,414100.0,No,Yes,New Dwelling house /Apartment,greater than or equal to 38 sq metres and less than 125 sq metres,2017-04-12,"Apartment 23, Richmond Hall, Milltown Ave, Mount St Annes, Dublin 6, Ireland",ROOFTOP,53.3115104,-6.2493315,,premise,Dublin City,Rathmines East B,02135,Dublin,268129012/268129013
200636,2017.0,"15 ROSELAWN GROVE, CASTLEKNOCK, DUBLIN,Dublin,Ireland",10/03/2017,"15 ROSELAWN GROVE, CASTLEKNOCK, DUBLIN",Dublin 15,Dublin,435000.0,No,No,Second-Hand Dwelling house /Apartment,,2017-03-10,"15 Roselawn Grove, Blanchardstown, Dublin 15, D15 HK7V, Ireland",ROOFTOP,53.3826324,-6.3796502,D15 HK7V,street_address,Fingal,Blanchardstown-Roselawn,04014,Dublin,267033002
200639,2017.0,"15 SEAMOUNT HEIGHTS, MALAHIDE, DUBLIN,Dublin,Ireland",09/01/2017,"15 SEAMOUNT HEIGHTS, MALAHIDE, DUBLIN",,Dublin,610000.0,No,No,Second-Hand Dwelling house /Apartment,,2017-01-09,"15 Seamount Heights, Robswalls, Malahide, Co. Dublin, K36 W210, Ireland",ROOFTOP,53.4423339,-6.144252,K36 W210,street_address,Fingal,Malahide East,04029,Dublin,267105012
200644,2017.0,"15 SILVER PINES, BREWERY RD, STILLORGAN,Dublin,Ireland",06/01/2017,"15 SILVER PINES, BREWERY RD, STILLORGAN",,Dublin,540000.0,No,No,Second-Hand Dwelling house /Apartment,,2017-01-06,,,,,,,,,,,
200649,2017.0,"15 STOCKING WOOD COPSE, RATHFARNHAM, DUBLIN 16,Dublin,Ireland",10/02/2017,"15 STOCKING WOOD COPSE, RATHFARNHAM, DUBLIN 16",Dublin 16,Dublin,315000.0,No,No,Second-Hand Dwelling house /Apartment,,2017-02-10,"15 Stocking Wood Copse, Rathfarnham, Dublin 16, D16 KF89, Ireland",ROOFTOP,53.2714308,-6.319953,D16 KF89,street_address,South Dublin,Firhouse-Ballycullen,03012,Dublin,267085006
200662,2017.0,"15 THE CUMBERLAND, CUMBERLAND AVE, DUBLIN 1,Dublin,Ireland",02/05/2017,"15 THE CUMBERLAND, CUMBERLAND AVE, DUBLIN 1",,Dublin,196000.0,No,No,Second-Hand Dwelling house /Apartment,,2017-05-02,"Apartment 1, Cumberland Mews, Cumberland Rd, Grand Canal Dock, Dublin 2, Ireland",ROOFTOP,53.333748,-6.2510145,,premise,Dublin City,South Dock,02147,Dublin,268143003
200685,2017.0,"15 The Avenue, Scholarstown Wood, Rathfarnham,Dublin,Ireland",09/03/2017,"15 The Avenue, Scholarstown Wood, Rathfarnham",Dublin 16,Dublin,414000.0,No,Yes,New Dwelling house /Apartment,greater than or equal to 38 sq metres and less than 125 sq metres,2017-03-09,"Scholarstown Rd, Ballyroan, Dublin, Ireland",GEOMETRIC_CENTER,53.2793586,-6.3073067,,"establishment,point_of_interest",South Dublin,Firhouse-Ballycullen,03012,Dublin,267085025
200687,2017.0,"15 The Guillemot, Barnageeragh Cove, Skerries,Dublin,Ireland",04/05/2017,"15 The Guillemot, Barnageeragh Cove, Skerries",,Dublin,286343.61,No,Yes,New Dwelling house /Apartment,greater than or equal to 38 sq metres and less than 125 sq metres,2017-05-04,,,,,,,,,,,
200693,2017.0,"15 WESTFIELD, SION HILL, BLACKROCK,Dublin,Ireland",11/01/2017,"15 WESTFIELD, SION HILL, BLACKROCK",,Dublin,435000.0,No,No,Second-Hand Dwelling house /Apartment,,2017-01-11,"15 Westfield, Blackrock, Dublin, Ireland",RANGE_INTERPOLATED,53.3026023,-6.1865246,,street_address,Dn Laoghaire-Rathdown,Blackrock-Williamstown,05017,Dublin,267026010
200694,2017.0,"15 WINDSOR COURT, MONKSTOWN, DUBLIN,Dublin,Ireland",06/03/2017,"15 WINDSOR COURT, MONKSTOWN, DUBLIN",,Dublin,345000.0,No,No,Second-Hand Dwelling house /Apartment,,2017-03-06,"15 Windsor Ct, Lansville, Blackrock, Co. Dublin, A94 P9E5, Ireland",ROOFTOP,53.2868563,-6.1609471,A94 P9E5,street_address,Dn Laoghaire-Rathdown,Blackrock-Monkstown,05012,Dublin,267017005
200703,2017.0,"15 park avenue, millers glen, swords,Dublin,Ireland",06/04/2017,"15 park avenue, millers glen, swords",,Dublin,275330.0,No,Yes,New Dwelling house /Apartment,less than 38 sq metres,2017-04-06,"Longview Ave, Oldtown, Co. Dublin, Ireland",GEOMETRIC_CENTER,53.4739449,-6.2397822,,"establishment,point_of_interest",Fingal,Swords-Lissenhall,04038,Dublin,267133026
200709,2017.0,"150 St. Margaret's Road, Finglas,Dublin,Ireland",06/02/2017,"150 St. Margaret's Road, Finglas",Dublin 11,Dublin,159471.36,No,Yes,New Dwelling house /Apartment,greater than or equal to 38 sq metres and less than 125 sq metres,2017-02-06,"150 St Margaret's Rd, Dublin, Ireland",RANGE_INTERPOLATED,53.4061604,-6.286133,,street_address,Dublin City,Ballymun A,02015,Dublin,268015013
200713,2017.0,"151 BROOKWOOD AVE, ARTANE, DUBLIN 5,Dublin,Ireland",10/03/2017,"151 BROOKWOOD AVE, ARTANE, DUBLIN 5",Dublin 5,Dublin,495000.0,No,No,Second-Hand Dwelling house /Apartment,,2017-03-10,"151 Brookwood Ave, Donaghmede, Dublin 5, D05 EE02, Ireland",ROOFTOP,53.3776368,-6.1963549,D05 EE02,street_address,Dublin City,Harmonstown B,02065,Dublin,268077001
200716,2017.0,"151 THE OAKS, CHARLEVILLE SQUARE, RATHFARNHAM,Dublin,Ireland",02/06/2017,"151 THE OAKS, CHARLEVILLE SQUARE, RATHFARNHAM",,Dublin,387000.0,No,No,Second-Hand Dwelling house /Apartment,,2017-06-02,"151 Charleville Square, Templeogue Village, Dublin, Ireland",RANGE_INTERPOLATED,53.2960616,-6.2953056,,street_address,South Dublin,Rathfarnham-Butterfield,03023,Dublin,267114012
200722,2017.0,"152 SEAFIELD RD, CLONTARF, DUBLIN 3,Dublin,Ireland",12/04/2017,"152 SEAFIELD RD, CLONTARF, DUBLIN 3",Dublin 3,Dublin,1675000.0,No,No,Second-Hand Dwelling house /Apartment,,2017-04-12,"3 Seafield Grove, Clontarf East, Dublin 3, D03 CH58, Ireland",ROOFTOP,53.3655035,-6.1818291,D03 CH58,street_address,Dublin City,Clontarf East B,02038,Dublin,268042013
200725,2017.0,"153 CASHEL RD, KIMMAGE, DUBLIN 12,Dublin,Ireland",04/05/2017,"153 CASHEL RD, KIMMAGE, DUBLIN 12",Dublin 12,Dublin,237500.0,No,No,Second-Hand Dwelling house /Apartment,,2017-05-04,"153 Cashel Rd, Kimmage, Dublin 12, D12 Y7K8, Ireland",ROOFTOP,53.3205771,-6.3049973,D12 Y7K8,street_address,Dublin City,Kimmage B,02112,Dublin,268091007
200729,2017.0,"153 THE GALLERY, TURVEY WALK, TURVEY AVE,Dublin,Ireland",03/03/2017,"153 THE GALLERY, TURVEY WALK, TURVEY AVE",,Dublin,320000.0,No,No,Second-Hand Dwelling house /Apartment,,2017-03-03,"Turvey Ave, Ballalease West, Donabate, Co. Dublin, Ireland",GEOMETRIC_CENTER,53.4870319,-6.1522465,,"establishment,point_of_interest",Fingal,Donabate,04019,Dublin,267065013
200737,2017.0,"154 TRIMBLESTON, GOATSTOWN, DUBLIN 14,Dublin,Ireland",07/04/2017,"154 TRIMBLESTON, GOATSTOWN, DUBLIN 14",Dublin 14,Dublin,400000.0,No,No,Second-Hand Dwelling house /Apartment,,2017-04-07,"Trimbleston, Goatstown Rd, Friarland, Dublin 14, Ireland",ROOFTOP,53.2983908,-6.2315228,,premise,Dn Laoghaire-Rathdown,Clonskeagh-Roebuck,05030,Dublin,267058010
200752,2017.0,"156 SPRINGDALE RD, RAHENY, DUBLIN 5,Dublin,Ireland",10/03/2017,"156 SPRINGDALE RD, RAHENY, DUBLIN 5",Dublin 5,Dublin,257000.0,No,No,Second-Hand Dwelling house /Apartment,,2017-03-10,"156 Springdale Rd, Edenmore, Dublin 5, D05 P5X2, Ireland",ROOFTOP,53.3873467,-6.1889031,D05 P5X2,street_address,Dublin City,Edenmore,02050,Dublin,268062004
200753,2017.0,"156 THE HARDWICKE VILLAGE, NORTH BRUNSWICK ST, DUBLIN 7,Dublin,Ireland",09/02/2017,"156 THE HARDWICKE VILLAGE, NORTH BRUNSWICK ST, DUBLIN 7",Dublin 7,Dublin,145000.0,No,No,Second-Hand Dwelling house /Apartment,,2017-02-09,,,,,,,,,,,
200755,2017.0,"157 COLLINS PARK, BEAUMONT, DUBLIN 9,Dublin,Ireland",03/05/2017,"157 COLLINS PARK, BEAUMONT, DUBLIN 9",Dublin 9,Dublin,400000.0,No,No,Second-Hand Dwelling house /Apartment,,2017-05-03,"157 Collins Park, Beaumont, Dublin 9, D09 VW50, Ireland",ROOFTOP,53.3805274,-6.2288021,D09 VW50,street_address,Dublin City,Beaumont E,02025,Dublin,268025002
200756,2017.0,"157 INCHICORE RD, DUBLIN 8, DUBLIN,Dublin,Ireland",07/03/2017,"157 INCHICORE RD, DUBLIN 8, DUBLIN",Dublin 8,Dublin,245200.0,No,No,Second-Hand Dwelling house /Apartment,,2017-03-07,"157 Inchicore Rd, Inchicore, Dublin 8, D08 P2Y2, Ireland",ROOFTOP,53.3415959,-6.3181488,D08 P2Y2,street_address,Dublin City,Kilmainham B,02109,Dublin,268084006
200771,2017.0,"159 TEMPLE GARDENS, NORTHWOOD, SANTRY DUBLIN 9,Dublin,Ireland",01/03/2017,"159 TEMPLE GARDENS, NORTHWOOD, SANTRY DUBLIN 9",Dublin 9,Dublin,270000.0,No,No,Second-Hand Dwelling house /Apartment,,2017-03-01,,,,,,,,,,,
200773,2017.0,"15A FOREST PARK, SWORDS, DUBLIN,Dublin,Ireland",12/05/2017,"15A FOREST PARK, SWORDS, DUBLIN",,Dublin,290000.0,No,No,Second-Hand Dwelling house /Apartment,,2017-05-12,"15A Forest Park, Hilltown, Swords, Co. Dublin, K67 E2Y7, Ireland",ROOFTOP,53.4524446,-6.2403406,K67 E2Y7,street_address,Fingal,Swords-Forrest,04036,Dublin,267132027
200785,2017.0,"16 ARDAGH DRIVE, BLACKROCK, CO DUBLIN,Dublin,Ireland",04/05/2017,"16 ARDAGH DRIVE, BLACKROCK, CO DUBLIN",,Dublin,495000.0,No,No,Second-Hand Dwelling house /Apartment,,2017-05-04,"16 Ardagh Ave, Glebe, Blackrock, Co. Dublin, A94 XW59, Ireland",ROOFTOP,53.2834922,-6.1822749,A94 XW59,street_address,Dn Laoghaire-Rathdown,Blackrock-Carysfort,05009,Dublin,267020012
200787,2017.0,"16 ASHFIELD DR, BALBRIGGAN, DUBLIN,Dublin,Ireland",11/05/2017,"16 ASHFIELD DR, BALBRIGGAN, DUBLIN",,Dublin,225000.0,No,No,Second-Hand Dwelling house /Apartment,,2017-05-11,"16 Ashfield Dr, Tankardstown, Balbriggan, Co. Dublin, K32 AY96, Ireland",ROOFTOP,53.6142535,-6.1948117,K32 AY96,street_address,Fingal,Balbriggan Rural,04002,Dublin,267002032
200792,2017.0,"16 AVONMORE, FOXROCK, DUBLIN 18,Dublin,Ireland",10/02/2017,"16 AVONMORE, FOXROCK, DUBLIN 18",Dublin 18,Dublin,1050000.0,No,No,Second-Hand Dwelling house /Apartment,,2017-02-10,"18 Avonmore, Newpark, Dublin 18, D18 V2H5, Ireland",ROOFTOP,53.2762344,-6.1843805,D18 V2H5,street_address,Dn Laoghaire-Rathdown,Foxrock-Torquay,05056,Dublin,267090001
200796,2017.0,"16 BARNAMORE GROVE, FINGLAS SOUTH, DUBLIN 11,Dublin,Ireland",02/06/2017,"16 BARNAMORE GROVE, FINGLAS SOUTH, DUBLIN 11",Dublin 11,Dublin,43582.09,Yes,No,Second-Hand Dwelling house /Apartment,,2017-06-02,"16 Barnamore Cres, Finglas South, Dublin 11, D11 W2K1, Ireland",ROOFTOP,53.3802686,-6.3046005,D11 W2K1,street_address,Dublin City,Finglas South B,02055,Dublin,268067002
200798,2017.0,"16 BASKIN LANE, CLOGHRAN, DUBLIN,Dublin,Ireland",12/04/2017,"16 BASKIN LANE, CLOGHRAN, DUBLIN",,Dublin,390000.0,No,No,Second-Hand Dwelling house /Apartment,,2017-04-12,"16 Baskin Cottages, Cloghran, Swords, Co. Dublin, K67 F3F4, Ireland",ROOFTOP,53.4237926,-6.1930949,K67 F3F4,street_address,Fingal,Kinsaley,04026,Dublin,267099021
200811,2017.0,"16 Bridge Avenue, Royal Canal Park, Ratoath Road,Dublin,Ireland",03/05/2017,"16 Bridge Avenue, Royal Canal Park, Ratoath Road",,Dublin,356828.19,No,Yes,New Dwelling house /Apartment,greater than or equal to 125 sq metres,2017-05-03,,,,,,,,,,,
200814,2017.0,"16 CARRICK COURT, PORTMARNOCK, CO DUBLIN,Dublin,Ireland",10/03/2017,"16 CARRICK COURT, PORTMARNOCK, CO DUBLIN",Dublin 13,Dublin,508000.0,No,No,Second-Hand Dwelling house /Apartment,,2017-03-10,"16 Carrick Ct, Burrow, Portmarnock, Co. Dublin, D13 H702, Ireland",ROOFTOP,53.4254003,-6.1353088,D13 H702,street_address,Fingal,Portmarnock South,04032,Dublin,267111008
200819,2017.0,"16 CHAPEL CLOSE, BALBRIGGAN, DUBLIN,Dublin,Ireland",07/02/2017,"16 CHAPEL CLOSE, BALBRIGGAN, DUBLIN",,Dublin,230000.0,No,No,Second-Hand Dwelling house /Apartment,,2017-02-07,"16 Chapel Cl, Tankardstown, Balbriggan, Co. Dublin, K32 H921, Ireland",ROOFTOP,53.6121118,-6.1918081,K32 H921,street_address,Fingal,Balbriggan Urban,04003,Dublin,267003002
200828,2017.0,"16 COMPASS COURT SOUTH, ROYAL CANAL PARK, DUBLIN 15,Dublin,Ireland",09/05/2017,"16 COMPASS COURT SOUTH, ROYAL CANAL PARK, DUBLIN 15",Dublin 15,Dublin,233000.0,No,No,Second-Hand Dwelling house /Apartment,,2017-05-09,"Apartment 43, Compass Court South, Royal Canal Ave, Royal Canal Park, Dublin 15, Ireland",ROOFTOP,53.3759207,-6.3177455,,premise,Dublin City,Ashtown A,02006,Dublin,268006026
200844,2017.0,"16 DODDER VIEW COTTAGES, BALLSBRIDGE, DUBLIN 4,Dublin,Ireland",01/02/2017,"16 DODDER VIEW COTTAGES, BALLSBRIDGE, DUBLIN 4",Dublin 4,Dublin,400000.0,No,No,Second-Hand Dwelling house /Apartment,,2017-02-01,"16 Dodder View Cottages, Dublin 4, D04 K0N1, Ireland",ROOFTOP,53.3303757,-6.2299134,D04 K0N1,street_address,Dublin City,Pembroke East E,02129,Dublin,268114011
200856,2017.0,"16 Elder Heath Meadow, Elder Heath, Kiltipper Road,Dublin,Ireland",01/02/2017,"16 Elder Heath Meadow, Elder Heath, Kiltipper Road",Dublin 24,Dublin,242000.0,No,Yes,New Dwelling house /Apartment,greater than or equal to 38 sq metres and less than 125 sq metres,2017-02-01,,,,,,,,,,,
200866,2017.0,"16 Fairhaven Road, Castleknock Road, Castleknock,Dublin,Ireland",03/05/2017,"16 Fairhaven Road, Castleknock Road, Castleknock",Dublin 15,Dublin,620000.0,No,Yes,New Dwelling house /Apartment,greater than or equal to 38 sq metres and less than 125 sq metres,2017-05-03,"Castleknock Rd, Ashtown, Dublin, Ireland",GEOMETRIC_CENTER,53.3711529,-6.3407142,,"establishment,point_of_interest",Fingal,Castleknock-Park,04017,Dublin,267041014
200876,2017.0,"16 GRANGE PARK, BALDOYLE, DUBLIN 13,Dublin,Ireland",12/05/2017,"16 GRANGE PARK, BALDOYLE, DUBLIN 13",Dublin 13,Dublin,375000.0,No,No,Second-Hand Dwelling house /Apartment,,2017-05-12,"16 Grange Park, Baldoyle, Dublin 13, D13 P6Y3, Ireland",ROOFTOP,53.398346,-6.1415741,D13 P6Y3,street_address,Fingal,Baldoyle,04004,Dublin,267004016
200891,2017.0,"16 Hazelbrook, Kinsealy Lane, Malahide,Dublin,Ireland",10/05/2017,"16 Hazelbrook, Kinsealy Lane, Malahide",,Dublin,651982.37,No,Yes,New Dwelling house /Apartment,greater than or equal to 38 sq metres and less than 125 sq metres,2017-05-10,"16 Kinsealy Ln, Kinsealy, Co. Dublin, Ireland",RANGE_INTERPOLATED,53.4303335,-6.1680773,,street_address,Fingal,Kinsaley,04026,Dublin,267099028
200895,2017.0,"16 INGLEWOOD RD, HARTSTOWN, DUBLIN 15,Dublin,Ireland",08/05/2017,"16 INGLEWOOD RD, HARTSTOWN, DUBLIN 15",Dublin 15,Dublin,220000.0,No,No,Second-Hand Dwelling house /Apartment,,2017-05-08,"16 Inglewood Dr, Clonsilla, Dublin 15, D15 V20F, Ireland",ROOFTOP,53.3902238,-6.4112594,D15 V20F,street_address,Fingal,Blanchardstown-Blakestown,04009,Dublin,267028025
200899,2017.0,"16 KNOCKMORE GARDENS, TALLAGHT, DUBLIN 24,Dublin,Ireland",07/02/2017,"16 KNOCKMORE GARDENS, TALLAGHT, DUBLIN 24",Dublin 24,Dublin,128000.0,No,No,Second-Hand Dwelling house /Apartment,,2017-02-07,"16 Knockmore Gardens, Killinardan, Dublin 24, D24 P8C9, Ireland",ROOFTOP,53.2777517,-6.3943002,D24 P8C9,street_address,South Dublin,Tallaght-Killinardan,03033,Dublin,267141002
200914,2017.0,"16 MARETIMO VILLAS, NEWTOWN AVE, BLACKROCK,Dublin,Ireland",03/02/2017,"16 MARETIMO VILLAS, NEWTOWN AVE, BLACKROCK",,Dublin,620000.0,No,No,Second-Hand Dwelling house /Apartment,,2017-02-03,"Maretimo Villas, Newtown Ave, Blackrock, Co. Dublin, Ireland",ROOFTOP,53.2998435,-6.1732071,,premise,Dn Laoghaire-Rathdown,Blackrock-Templehill,05016,Dublin,267025006
200925,2017.0,"16 MILTON HALL, DUBLIN RD, SWORDS,Dublin,Ireland",10/02/2017,"16 MILTON HALL, DUBLIN RD, SWORDS",,Dublin,195000.0,No,No,Second-Hand Dwelling house /Apartment,,2017-02-10,"Apartment 28, Milton Hall, Dublin Rd, Miltonsfields, Swords, Co. Dublin, Ireland",ROOFTOP,53.451872,-6.2255735,,premise,Fingal,Swords-Forrest,04036,Dublin,267132037
200937,2017.0,"16 Park Avenue, Millers Glen, Swords,Dublin,Ireland",05/04/2017,"16 Park Avenue, Millers Glen, Swords",,Dublin,288545.0,No,Yes,New Dwelling house /Apartment,greater than or equal to 38 sq metres and less than 125 sq metres,2017-04-05,"Longview Ave, Oldtown, Co. Dublin, Ireland",GEOMETRIC_CENTER,53.4739449,-6.2397822,,"establishment,point_of_interest",Fingal,Swords-Lissenhall,04038,Dublin,267133026
200938,2017.0,"16 Park Lane, Belltree, Clongriffin,Dublin,Ireland",07/02/2017,"16 Park Lane, Belltree, Clongriffin",Dublin 13,Dublin,255506.0,No,Yes,New Dwelling house /Apartment,greater than or equal to 38 sq metres and less than 125 sq metres,2017-02-07,"Belltree Avenue, Donaghmede, Dublin, Ireland",GEOMETRIC_CENTER,53.4065193,-6.1564006,,route,Dublin City,Grange B,02060,Dublin,268072013/01
200939,2017.0,"16 Parkside Walk, Parkside, Malahide Road,Dublin,Ireland",01/02/2017,"16 Parkside Walk, Parkside, Malahide Road",,Dublin,277533.0,No,Yes,New Dwelling house /Apartment,greater than or equal to 38 sq metres and less than 125 sq metres,2017-02-01,"13 Malahide Rd, Balgriffin, Dublin, Ireland",ROOFTOP,53.4046281,-6.1665709,,"establishment,point_of_interest",Dublin City,Grange A,02059,Dublin,268071002
200943,2017.0,"16 RIVERSDALE CRESCENT, CLONDALKIN, DUBLIN,Dublin,Ireland",05/04/2017,"16 RIVERSDALE CRESCENT, CLONDALKIN, DUBLIN",Dublin 22,Dublin,270000.0,No,No,Second-Hand Dwelling house /Apartment,,2017-04-05,"16 Riversdale Cres, Yellowmeadows, Dublin 22, D22 WN34, Ireland",ROOFTOP,53.3261004,-6.3889847,D22 WN34,street_address,South Dublin,Clondalkin-Monastery,03007,Dublin,267050004
200944,2017.0,"16 RIVERWOOD CHASE, CARPENTERSTOWN ROAD, CASTLEKNOCK,Dublin,Ireland",02/03/2017,"16 RIVERWOOD CHASE, CARPENTERSTOWN ROAD, CASTLEKNOCK",,Dublin,375000.0,No,No,Second-Hand Dwelling house /Apartment,,2017-03-02,"Riverwood Hall, Carpenterstown Road, Carpenterstown, Dublin 15, Ireland",ROOFTOP,53.37729,-6.3936054,,premise,Fingal,Castleknock-Knockmaroon,04016,Dublin,267040054
200948,2017.0,"16 ROSMEEN PARK, DUN LAOGHAIRE, DUBLIN,Dublin,Ireland",09/01/2017,"16 ROSMEEN PARK, DUN LAOGHAIRE, DUBLIN",,Dublin,850569.0,No,No,Second-Hand Dwelling house /Apartment,,2017-01-09,"16 Rosmeen Park, D̼n Laoghaire, Dublin, A96 PV32, Ireland",ROOFTOP,53.2874755,-6.1288054,A96 PV32,street_address,Dn Laoghaire-Rathdown,Dn Laoghaire-Glasthule,05043,Dublin,267068006
200960,2017.0,"16 ST JAMES, HOLLYBROOK PARK, CLONTARF DUBLIN 3,Dublin,Ireland",02/02/2017,"16 ST JAMES, HOLLYBROOK PARK, CLONTARF DUBLIN 3",Dublin 3,Dublin,200000.0,Yes,No,Second-Hand Dwelling house /Apartment,,2017-02-02,"Saint James's, Hollybrook Park, Clontarf, Dublin 3, Ireland",ROOFTOP,53.3668745,-6.2170039,,premise,Dublin City,Clontarf West C,02044,Dublin,268048014
200973,2017.0,"16 THE ATRIUM, THE STEELWORKS, FOLEY ST DUBLIN 1,Dublin,Ireland",02/03/2017,"16 THE ATRIUM, THE STEELWORKS, FOLEY ST DUBLIN 1",Dublin 1,Dublin,191000.0,No,No,Second-Hand Dwelling house /Apartment,,2017-03-02,"Foley St, Mountjoy, Dublin, Ireland",GEOMETRIC_CENTER,53.3525851,-6.2508507,,"establishment,point_of_interest",Dublin City,Mountjoy A,02073,Dublin,268104014
200980,2017.0,"16 THE DRIVE, GRANGE MANOR, LUCAN,Dublin,Ireland",10/03/2017,"16 THE DRIVE, GRANGE MANOR, LUCAN",,Dublin,300000.0,No,No,Second-Hand Dwelling house /Apartment,,2017-03-10,"16 The Dr, Grange Manor, Lucan, Co. Dublin, K78 DF21, Ireland",ROOFTOP,53.3402804,-6.4437335,K78 DF21,street_address,South Dublin,Lucan-Esker,03015,Dublin,267100026
200989,2017.0,"16 THE OLD GOLF LINKS, MALAHIDE, DUBLIN,Dublin,Ireland",12/06/2017,"16 THE OLD GOLF LINKS, MALAHIDE, DUBLIN",,Dublin,700000.0,Yes,No,Second-Hand Dwelling house /Apartment,,2017-06-12,"16 The Old Golf Links, Abbotts Hill, Malahide, Co. Dublin, K36 A364, Ireland",ROOFTOP,53.4472537,-6.1470397,K36 A364,street_address,Fingal,Malahide East,04029,Dublin,267105003
200992,2017.0,"16 THE TURNPIKE, SANTRY CROSS, TURNPIKE DUBLIN 9,Dublin,Ireland",11/05/2017,"16 THE TURNPIKE, SANTRY CROSS, TURNPIKE DUBLIN 9",Dublin 9,Dublin,101000.0,No,No,Second-Hand Dwelling house /Apartment,,2017-05-11,"Ballymun, Dublin, Ireland",GEOMETRIC_CENTER,53.3999501,-6.2646737,,"establishment,food,grocery_or_supermarket,point_of_interest,store",Dublin City,Ballymun B,02016,Dublin,268016016/268016017
200993,2017.0,"16 THE VIEW, ROBSWALL, MALAHIDE,Dublin,Ireland",03/04/2017,"16 THE VIEW, ROBSWALL, MALAHIDE",,Dublin,643000.0,No,No,Second-Hand Dwelling house /Apartment,,2017-04-03,"16 The View, Robswalls, Malahide, Co. Dublin, K36 VW80, Ireland",ROOFTOP,53.4442192,-6.1387922,K36 VW80,street_address,Fingal,Malahide East,04029,Dublin,267105011
200998,2017.0,"16 TRIMLESTON RD, BOOTERSTOWN, DUBLIN,Dublin,Ireland",10/02/2017,"16 TRIMLESTON RD, BOOTERSTOWN, DUBLIN",,Dublin,790000.0,No,No,Second-Hand Dwelling house /Apartment,,2017-02-10,"16 Trimleston Rd, Trimblestown, Blackrock, Co. Dublin, A94 FT68, Ireland",ROOFTOP,53.3093357,-6.2067804,A94 FT68,street_address,Dn Laoghaire-Rathdown,Blackrock-Booterstown,05008,Dublin,267019001
200999,2017.0,"16 The Close, Hazelbrook Square, Churchtown,Dublin,Ireland",10/05/2017,"16 The Close, Hazelbrook Square, Churchtown",Dublin 14,Dublin,563876.0,No,Yes,New Dwelling house /Apartment,greater than or equal to 38 sq metres and less than 125 sq metres,2017-05-10,"16 Hazelbrook Square, Churchtown, Dublin 14, Ireland",ROOFTOP,53.2932226,-6.2679211,,street_address,Dn Laoghaire-Rathdown,Churchtown-Castle,05022,Dublin,267042002
201007,2017.0,"16 Tullyhall  Close, Lucan, Co. Dublin,Dublin,Ireland",01/02/2017,"16 Tullyhall  Close, Lucan, Co. Dublin",,Dublin,220264.32,No,Yes,New Dwelling house /Apartment,greater than or equal to 38 sq metres and less than 125 sq metres,2017-02-01,"16 Tullyhall Dr, Kishoge, Lucan, Co. Dublin, K78 WY99, Ireland",ROOFTOP,53.3358515,-6.4393357,K78 WY99,street_address,South Dublin,Lucan-Esker,03015,Dublin,267100007
201008,2017.0,"16 ULSTER STREET, PHIBSBOROUGH, DUBLIN 7,Dublin,Ireland",09/03/2017,"16 ULSTER STREET, PHIBSBOROUGH, DUBLIN 7",,Dublin,295000.0,No,No,Second-Hand Dwelling house /Apartment,,2017-03-09,"16 Ulster St, Phibsborough, Dublin 7, D07 F5C3, Ireland",ROOFTOP,53.3642178,-6.2752176,D07 F5C3,street_address,Dublin City,Cabra East A,02030,Dublin,268030023
201009,2017.0,"16 ULSTER STREET, PHIBSBOROUGH, DUBLIN 7,Dublin,Ireland",09/03/2017,"16 ULSTER STREET, PHIBSBOROUGH, DUBLIN 7",,Dublin,295000.0,No,No,Second-Hand Dwelling house /Apartment,,2017-03-09,"16 Ulster St, Phibsborough, Dublin 7, D07 F5C3, Ireland",ROOFTOP,53.3642178,-6.2752176,D07 F5C3,street_address,Dublin City,Cabra East A,02030,Dublin,268030023
201013,2017.0,"16 VALENTIA PARADE, PHIBSBOROUGH, DUBLIN 7,Dublin,Ireland",03/03/2017,"16 VALENTIA PARADE, PHIBSBOROUGH, DUBLIN 7",,Dublin,150000.0,No,No,Second-Hand Dwelling house /Apartment,,2017-03-03,"16 Valentia Parade, Phibsborough, Dublin 7, D07 K853, Ireland",ROOFTOP,53.3604996,-6.2634389,D07 K853,street_address,Dublin City,Inns Quay A,02066,Dublin,268080009
201020,2017.0,"16 YORK COURT, YORK RD, DUNLAOIGHAIRE,Dublin,Ireland",04/01/2017,"16 YORK COURT, YORK RD, DUNLAOIGHAIRE",,Dublin,222500.0,No,No,Second-Hand Dwelling house /Apartment,,2017-01-04,"York Court, York Rd, D̼n Laoghaire, Dublin, Ireland",ROOFTOP,53.2932202,-6.1420671,,premise,Dn Laoghaire-Rathdown,Dn Laoghaire-West Central,05052,Dublin,267077004
201025,2017.0,"160 BACHELORS WALK, DUBLIN 1, DUBLIN,Dublin,Ireland",07/04/2017,"160 BACHELORS WALK, DUBLIN 1, DUBLIN",Dublin 1,Dublin,72500.0,No,No,Second-Hand Dwelling house /Apartment,,2017-04-07,"Bachelors Walk, North City, Dublin, Ireland",GEOMETRIC_CENTER,53.3471249,-6.2609754,,route,Dublin City,North City,02075,Dublin,268106015
201026,2017.0,"160 OAKCOURT DR, PALMERSTOWN, DUBLIN 20,Dublin,Ireland",03/05/2017,"160 OAKCOURT DR, PALMERSTOWN, DUBLIN 20",Dublin 20,Dublin,265000.0,No,No,Second-Hand Dwelling house /Apartment,,2017-05-03,"160 Oakcourt Dr, Johnstown, Dublin 20, D20 W864, Ireland",ROOFTOP,53.3491232,-6.3720928,D20 W864,street_address,South Dublin,Palmerston Village,03019,Dublin,267108010
201028,2017.0,"160 THE SWEEPSTAKES, BALLSBRIDGE, DUBLIN 4,Dublin,Ireland",11/01/2017,"160 THE SWEEPSTAKES, BALLSBRIDGE, DUBLIN 4",,Dublin,325000.0,No,No,Second-Hand Dwelling house /Apartment,,2017-01-11,"The Sweepstakes, Ballsbridge Park, Merrion Rd, Dublin 4, Ireland",ROOFTOP,53.3308239,-6.2283848,,premise,Dublin City,Pembroke East E,02129,Dublin,268114012
201032,2017.0,"161 MALAHIDE RD, DONNYCARNEY, DUBLIN 3,Dublin,Ireland",10/02/2017,"161 MALAHIDE RD, DONNYCARNEY, DUBLIN 3",Dublin 3,Dublin,260000.0,No,No,Second-Hand Dwelling house /Apartment,,2017-02-10,"161 Malahide Rd, Clontarf, Dublin 3, D03 DA02, Ireland",ROOFTOP,53.3751415,-6.2199461,D03 DA02,street_address,Dublin City,Grace Park,02058,Dublin,268070019
201046,2017.0,"165 CLONTARF RD, DUBLIN 3, DUBLIN,Dublin,Ireland",02/03/2017,"165 CLONTARF RD, DUBLIN 3, DUBLIN",Dublin 3,Dublin,900000.0,No,No,Second-Hand Dwelling house /Apartment,,2017-03-02,"165 Clontarf Rd, Clontarf East, Dublin 3, D03 Y6C7, Ireland",ROOFTOP,53.3600494,-6.2004869,D03 Y6C7,street_address,Dublin City,Clontarf East C,02039,Dublin,268043005
201047,2017.0,"165 FOXROCK CLOSE, DEANSGRANGE, DUBLIN 18,Dublin,Ireland",11/01/2017,"165 FOXROCK CLOSE, DEANSGRANGE, DUBLIN 18",,Dublin,575000.0,No,No,Second-Hand Dwelling house /Apartment,,2017-01-11,"165 Foxrock Cl, Kill of the Grange, Dublin 18, D18 A4P2, Ireland",ROOFTOP,53.2790241,-6.1660374,D18 A4P2,street_address,Dn Laoghaire-Rathdown,Foxrock-Deans Grange,05055,Dublin,267089004
201048,2017.0,"165 GLASAREE RD, FINGLAS EAST, DUBLIN 11,Dublin,Ireland",01/06/2017,"165 GLASAREE RD, FINGLAS EAST, DUBLIN 11",Dublin 11,Dublin,156494.0,No,No,Second-Hand Dwelling house /Apartment,,2017-06-01,"165 Glasaree Rd, Finglas East, Dublin 11, D11 C9R6, Ireland",ROOFTOP,53.38812,-6.2880464,D11 C9R6,street_address,Dublin City,Ballygall B,02012,Dublin,268013003
201056,2017.0,"166 QUINN AVE, CEANNT FORT, MOUNT BROWN DUBLIN 8,Dublin,Ireland",04/05/2017,"166 QUINN AVE, CEANNT FORT, MOUNT BROWN DUBLIN 8",Dublin 8,Dublin,395500.0,No,No,Second-Hand Dwelling house /Apartment,,2017-05-04,"166 Quinn Ave, Ceannt Fort, Mount Brown, Dublin 8, D08 YA3Y, Ireland",ROOFTOP,53.3409409,-6.2963291,D08 YA3Y,street_address,Dublin City,Ushers F,02157,Dublin,268153009
201060,2017.0,"167 BANGOR RD, CRUMLIN, DUBLIN 12,Dublin,Ireland",09/02/2017,"167 BANGOR RD, CRUMLIN, DUBLIN 12",Dublin 12,Dublin,301000.0,No,No,Second-Hand Dwelling house /Apartment,,2017-02-09,"167 Bangor Rd, Kimmage, Dublin 12, D12 A2R4, Ireland",ROOFTOP,53.3194414,-6.2975223,D12 A2R4,street_address,Dublin City,Kimmage D,02114,Dublin,268093007
201065,2017.0,"167 THE GEORGE, CHARLET QUAY, DUBLIN,Dublin,Ireland",03/02/2017,"167 THE GEORGE, CHARLET QUAY, DUBLIN",Dublin 15,Dublin,300000.0,No,No,Second-Hand Dwelling house /Apartment,,2017-02-03,"Apartment 156 The George, Charlotte Quay Dock, Ringsend Rd, Grand Canal Dock, Dublin 4, Ireland",ROOFTOP,53.3427154,-6.2364541,,subpremise,Dublin City,South Dock,02147,Dublin,268143029
201067,2017.0,"168 OXMANTOWN RD, DUBLIN 7, DUBLIN,Dublin,Ireland",10/04/2017,"168 OXMANTOWN RD, DUBLIN 7, DUBLIN",Dublin 7,Dublin,355000.0,No,No,Second-Hand Dwelling house /Apartment,,2017-04-10,"168 Oxmantown Rd, Arran Quay, Dublin 7, D07 A2K7, Ireland",ROOFTOP,53.3516953,-6.2884398,D07 A2K7,street_address,Dublin City,Arran Quay E,02005,Dublin,268005006
201089,2017.0,"17 AVONDALE ROAD, PHIBSBOROUGH, DUBLIN 7,Dublin,Ireland",03/04/2017,"17 AVONDALE ROAD, PHIBSBOROUGH, DUBLIN 7",Dublin 7,Dublin,266000.0,No,No,Second-Hand Dwelling house /Apartment,,2017-04-03,"17 Avondale Rd, Phibsborough, Dublin 7, D07 PC82, Ireland",ROOFTOP,53.3593036,-6.2758609,D07 PC82,street_address,Dublin City,Arran Quay A,02001,Dublin,268001003
201097,2017.0,"17 BALRUDDERY GROVE, BALROTHERY, BALBRIGGAN,Dublin,Ireland",07/02/2017,"17 BALRUDDERY GROVE, BALROTHERY, BALBRIGGAN",,Dublin,150000.0,No,No,Second-Hand Dwelling house /Apartment,,2017-02-07,"17 Balruddery Grove, Rosepark, Balrothery, Co. Dublin, K32 DD80, Ireland",ROOFTOP,53.5841582,-6.186232,K32 DD80,street_address,Fingal,Balbriggan Rural,04002,Dublin,267002039
201098,2017.0,"17 BANCROFT AVE, DUBLIN 24, DUBLIN,Dublin,Ireland",12/05/2017,"17 BANCROFT AVE, DUBLIN 24, DUBLIN",Dublin 24,Dublin,360000.0,No,No,Second-Hand Dwelling house /Apartment,,2017-05-12,"17 Bancroft Ave, Tallaght, Dublin 24, D24 Y75D, Ireland",ROOFTOP,53.2903195,-6.3523577,D24 Y75D,street_address,South Dublin,Tallaght-Tymon,03040,Dublin,267148001
201109,2017.0,"17 BOROIMHE BEECH, SWORDS, DUBLIN,Dublin,Ireland",02/06/2017,"17 BOROIMHE BEECH, SWORDS, DUBLIN",,Dublin,172000.0,No,No,Second-Hand Dwelling house /Apartment,,2017-06-02,"17 Boroimhe Beech, Fosterstown North, Swords, Co. Dublin, Ireland",RANGE_INTERPOLATED,53.4443949,-6.2343834,,street_address,Fingal,Swords-Forrest,04036,Dublin,267132008
201112,2017.0,"17 BROOK VALE, RATHFARNHAM, DUBLIN 14,Dublin,Ireland",10/01/2017,"17 BROOK VALE, RATHFARNHAM, DUBLIN 14",Dublin 14,Dublin,680000.0,No,No,Second-Hand Dwelling house /Apartment,,2017-01-10,"17 Brookvale Rd, Rathfarnham, Dublin 14, D14 VK16, Ireland",ROOFTOP,53.3007889,-6.2852815,D14 VK16,street_address,South Dublin,Rathfarnham Village,03026,Dublin,267117010
201117,2017.0,"17 BUNRATTY AVE, COOLOCK, DUBLIN 17,Dublin,Ireland",09/01/2017,"17 BUNRATTY AVE, COOLOCK, DUBLIN 17",Dublin 17,Dublin,230000.0,No,No,Second-Hand Dwelling house /Apartment,,2017-01-09,"17 Bunratty Ave, Bonnybrook, Dublin 17, D17 NY65, Ireland",ROOFTOP,53.3938197,-6.2048968,D17 NY65,street_address,Dublin City,Kilmore C,02071,Dublin,268086005
201121,2017.0,"17 CADDELL, THE LINKS STATION ROAD, PORTMARNOCK,Dublin,Ireland",02/03/2017,"17 CADDELL, THE LINKS STATION ROAD, PORTMARNOCK",,Dublin,270000.0,No,No,Second-Hand Dwelling house /Apartment,,2017-03-02,"Station Rd, Portmarnock, Dublin, Ireland",GEOMETRIC_CENTER,53.4181337,-6.1474497,,"establishment,point_of_interest",Fingal,Portmarnock South,04032,Dublin,267111010
201124,2017.0,"17 CARLISLE AVE, DONNYBROOK, DUBLIN,Dublin,Ireland",01/02/2017,"17 CARLISLE AVE, DONNYBROOK, DUBLIN",Dublin 4,Dublin,400000.0,No,No,Second-Hand Dwelling house /Apartment,,2017-02-01,"17 Carlisle Ave, Dublin 4, D04 X3W9, Ireland",ROOFTOP,53.3236323,-6.2455589,D04 X3W9,street_address,Dublin City,Rathmines East A,02134,Dublin,268128011
201160,2017.0,"17 Dooroge Woods, Dooroge Woods,Dublin,Ireland",10/02/2017,"17 Dooroge Woods, Dooroge Woods",,Dublin,418501.0,No,Yes,New Dwelling house /Apartment,greater than or equal to 38 sq metres and less than 125 sq metres,2017-02-10,"Dooroge House, Woodpark, Ballyboughal, Co. Dublin, Ireland",ROOFTOP,53.5113795,-6.2672326,,"establishment,point_of_interest",Fingal,Ballyboghil,04006,Dublin,267014003
201164,2017.0,"17 Elder Heath Park, Elder Heath, Kiltipper Road,Dublin,Ireland",01/06/2017,"17 Elder Heath Park, Elder Heath, Kiltipper Road",Dublin 24,Dublin,251101.32,No,Yes,New Dwelling house /Apartment,greater than or equal to 38 sq metres and less than 125 sq metres,2017-06-01,,,,,,,,,,,
201171,2017.0,"17 FOXBOROUGH COURT, LUCAN, DUBLIN,Dublin,Ireland",03/05/2017,"17 FOXBOROUGH COURT, LUCAN, DUBLIN",,Dublin,250000.0,No,No,Second-Hand Dwelling house /Apartment,,2017-05-03,"17 Foxborough Ct, Balgaddy, Lucan, Co. Dublin, K78 C8P2, Ireland",ROOFTOP,53.338457,-6.4245685,K78 C8P2,street_address,South Dublin,Lucan-Esker,03015,Dublin,267100049
201173,2017.0,"17 Fairhaven Close, Castleknock, Dublin 15,Dublin,Ireland",04/05/2017,"17 Fairhaven Close, Castleknock, Dublin 15",Dublin 15,Dublin,546254.0,No,Yes,New Dwelling house /Apartment,greater than or equal to 125 sq metres,2017-05-04,,,,,,,,,,,
201182,2017.0,"17 GREEN ISLE COURT, CLONDALKIN, DUBLIN 22,Dublin,Ireland",12/04/2017,"17 GREEN ISLE COURT, CLONDALKIN, DUBLIN 22",,Dublin,125000.0,No,No,Second-Hand Dwelling house /Apartment,,2017-04-12,"Green Isle Court, Buckandhounds, Dublin 22, Ireland",ROOFTOP,53.3102698,-6.4041996,,premise,South Dublin,Clondalkin Village,03010,Dublin,267053021
201186,2017.0,"17 HARBOUR COURT, GEORGES PLACE, DUN LAOGHAIRE,Dublin,Ireland",08/02/2017,"17 HARBOUR COURT, GEORGES PLACE, DUN LAOGHAIRE",,Dublin,425000.0,No,No,Second-Hand Dwelling house /Apartment,,2017-02-08,"22, Harbour Court, George's Pl, D̼n Laoghaire, Dublin, Ireland",ROOFTOP,53.2951756,-6.141188,,premise,Dn Laoghaire-Rathdown,Dn Laoghaire-West Central,05052,Dublin,267077008
201194,2017.0,"17 KELLYS BAY JETTY, SKERRIES, DUBLIN,Dublin,Ireland",06/03/2017,"17 KELLYS BAY JETTY, SKERRIES, DUBLIN",,Dublin,245000.0,No,No,Second-Hand Dwelling house /Apartment,,2017-03-06,"Kelly's Bay Jetty, Ardla, Skerries, Co. Dublin, Ireland",GEOMETRIC_CENTER,53.5818943,-6.1326025,,route,Fingal,Skerries,04034,Dublin,267123001
201209,2017.0,"17 MCAULEY PARK IRELAND, ARTANE DUBLIN 5, DUBLIN,Dublin,Ireland",02/02/2017,"17 MCAULEY PARK IRELAND, ARTANE DUBLIN 5, DUBLIN",Dublin 5,Dublin,315000.0,No,No,Second-Hand Dwelling house /Apartment,,2017-02-02,"17 McAuley Park, Harmonstown, Dublin 5, D05 AE40, Ireland",ROOFTOP,53.3822982,-6.193022,D05 AE40,street_address,Dublin City,Harmonstown B,02065,Dublin,268077008
201213,2017.0,"17 MELIFONT AV, DUNLAOGHAIRE, DUBLIN,Dublin,Ireland",09/02/2017,"17 MELIFONT AV, DUNLAOGHAIRE, DUBLIN",,Dublin,525000.0,No,No,Second-Hand Dwelling house /Apartment,,2017-02-09,"17 Mellifont Ave, D̼n Laoghaire, Dublin, A96 Y070, Ireland",ROOFTOP,53.2910362,-6.1301894,A96 Y070,street_address,Dn Laoghaire-Rathdown,Dn Laoghaire-East Central,05042,Dublin,267067003
201216,2017.0,"17 MOUNT GANDON, LUCAN, DUBLIN,Dublin,Ireland",08/05/2017,"17 MOUNT GANDON, LUCAN, DUBLIN",,Dublin,430000.0,No,No,Second-Hand Dwelling house /Apartment,,2017-05-08,"17 Mount Gandon, Lucan, Co. Dublin, K78 D251, Ireland",ROOFTOP,53.3553695,-6.4489986,K78 D251,street_address,South Dublin,Lucan Heights,03016,Dublin,267101016
201226,2017.0,"17 ORPEN HILL, STILLORGAN GROVE, BLACKROCK,Dublin,Ireland",10/05/2017,"17 ORPEN HILL, STILLORGAN GROVE, BLACKROCK",,Dublin,175000.0,Yes,No,Second-Hand Dwelling house /Apartment,,2017-05-10,,,,,,,,,,,
201228,2017.0,"17 PAIRC MHUIRE, SAGGART, DUBLIN,Dublin,Ireland",03/02/2017,"17 PAIRC MHUIRE, SAGGART, DUBLIN",Dublin 24,Dublin,205000.0,No,No,Second-Hand Dwelling house /Apartment,,2017-02-03,"17 P��irc Mhuire, Moneyatta Commons, Saggart, Co. Dublin, D24 XP70, Ireland",ROOFTOP,53.2789175,-6.4435617,D24 XP70,street_address,South Dublin,Saggart,03027,Dublin,267119007
201229,2017.0,"17 PINELAWN, OLDBAWN, TALLAGHT DUBLIN 24,Dublin,Ireland",10/05/2017,"17 PINELAWN, OLDBAWN, TALLAGHT DUBLIN 24",Dublin 24,Dublin,340000.0,No,No,Second-Hand Dwelling house /Apartment,,2017-05-10,"17 Pinelawn, Oldbawn, Dublin 24, D24 Y1KV, Ireland",ROOFTOP,53.2804387,-6.3615798,D24 Y1KV,street_address,South Dublin,Tallaght-Oldbawn,03038,Dublin,267146010
201232,2017.0,"17 Park Avenue, Millers Glen, Swords,Dublin,Ireland",09/05/2017,"17 Park Avenue, Millers Glen, Swords",,Dublin,264318.0,No,Yes,New Dwelling house /Apartment,greater than or equal to 38 sq metres and less than 125 sq metres,2017-05-09,"Longview Ave, Oldtown, Co. Dublin, Ireland",GEOMETRIC_CENTER,53.4739449,-6.2397822,,"establishment,point_of_interest",Fingal,Swords-Lissenhall,04038,Dublin,267133026
201236,2017.0,"17 RIDGEWOOD CLOSE, SWORDS, DUBLIN,Dublin,Ireland",04/05/2017,"17 RIDGEWOOD CLOSE, SWORDS, DUBLIN",,Dublin,264750.0,No,No,Second-Hand Dwelling house /Apartment,,2017-05-04,"17 Ridgewood Cl, Ridgewood, Swords, Co. Dublin, K67 PK11, Ireland",ROOFTOP,53.4479724,-6.2472196,K67 PK11,street_address,Fingal,Swords-Forrest,04036,Dublin,267132018
201240,2017.0,"17 RIVERVALLEY GROVE, RIVERVALLEY, SWORDS,Dublin,Ireland",12/04/2017,"17 RIVERVALLEY GROVE, RIVERVALLEY, SWORDS",,Dublin,295000.0,No,No,Second-Hand Dwelling house /Apartment,,2017-04-12,"17 River Valley Grove, Forestfields, Swords, Co. Dublin, K67 PX00, Ireland",ROOFTOP,53.44959,-6.2335397,K67 PX00,street_address,Fingal,Swords-Forrest,04036,Dublin,267132033
201242,2017.0,"17 ROEBUCK DOWNS, CLANSKEAGH, DUBLIN 14,Dublin,Ireland",06/02/2017,"17 ROEBUCK DOWNS, CLANSKEAGH, DUBLIN 14",Dublin 14,Dublin,500000.0,No,No,Second-Hand Dwelling house /Apartment,,2017-02-06,"17 Roebuck Castle, Roebuck, Dublin 14, D14 HX77, Ireland",ROOFTOP,53.3021737,-6.2255703,D14 HX77,street_address,Dn Laoghaire-Rathdown,Clonskeagh-Belfield,05027,Dublin,267056004
201248,2017.0,"17 Roseland Avenue, Cualanor, Upper Glenageary Road,Dublin,Ireland",05/05/2017,"17 Roseland Avenue, Cualanor, Upper Glenageary Road",,Dublin,713998.0,No,Yes,New Dwelling house /Apartment,greater than or equal to 125 sq metres,2017-05-05,"Glenageary Rd Upper, Monkstown, D̼n Laoghaire, Co. Dublin, Ireland",GEOMETRIC_CENTER,53.2867617,-6.1419167,,"establishment,point_of_interest",Dn Laoghaire-Rathdown,Dn Laoghaire-Glenageary,05044,Dublin,267069001
201252,2017.0,"17 SERPENTINE AVE, BALLSBRIDGE, DUBLIN 4,Dublin,Ireland",10/01/2017,"17 SERPENTINE AVE, BALLSBRIDGE, DUBLIN 4",Dublin 4,Dublin,530000.0,No,No,Second-Hand Dwelling house /Apartment,,2017-01-10,"17 Serpentine Ave, Dublin 4, D04 Y5X0, Ireland",ROOFTOP,53.3285778,-6.2256572,D04 Y5X0,street_address,Dublin City,Pembroke East E,02129,Dublin,268114008
201253,2017.0,"17 SERPENTINE AVE, BALLSBRIDGE, DUBLIN 4,Dublin,Ireland",10/01/2017,"17 SERPENTINE AVE, BALLSBRIDGE, DUBLIN 4",Dublin 4,Dublin,530000.0,No,No,Second-Hand Dwelling house /Apartment,,2017-01-10,"17 Serpentine Ave, Dublin 4, D04 Y5X0, Ireland",ROOFTOP,53.3285778,-6.2256572,D04 Y5X0,street_address,Dublin City,Pembroke East E,02129,Dublin,268114008
201254,2017.0,"17 SERPENTINE AVE, BALLSBRIDGE, DUBLIN 4,Dublin,Ireland",10/01/2017,"17 SERPENTINE AVE, BALLSBRIDGE, DUBLIN 4",Dublin 4,Dublin,500000.0,No,No,Second-Hand Dwelling house /Apartment,,2017-01-10,"17 Serpentine Ave, Dublin 4, D04 Y5X0, Ireland",ROOFTOP,53.3285778,-6.2256572,D04 Y5X0,street_address,Dublin City,Pembroke East E,02129,Dublin,268114008
201255,2017.0,"17 SERPENTINE AVE, BALLSBRIDGE, DUBLIN 4,Dublin,Ireland",10/01/2017,"17 SERPENTINE AVE, BALLSBRIDGE, DUBLIN 4",Dublin 4,Dublin,500000.0,No,No,Second-Hand Dwelling house /Apartment,,2017-01-10,"17 Serpentine Ave, Dublin 4, D04 Y5X0, Ireland",ROOFTOP,53.3285778,-6.2256572,D04 Y5X0,street_address,Dublin City,Pembroke East E,02129,Dublin,268114008
201261,2017.0,"17 ST EDMUNDS PARK, DUBLIN 20, DUBLIN,Dublin,Ireland",08/05/2017,"17 ST EDMUNDS PARK, DUBLIN 20, DUBLIN",,Dublin,275000.0,No,No,Second-Hand Dwelling house /Apartment,,2017-05-08,"17 St Edmunds Park, Yellow Walls, Lucan, Co. Dublin, K78 WV10, Ireland",ROOFTOP,53.3550376,-6.4090401,K78 WV10,street_address,South Dublin,Lucan-Esker,03015,Dublin,267100091
201264,2017.0,"17 ST LAURENCE GROVE, CHAPELIZOD, DUBLIN 20,Dublin,Ireland",07/04/2017,"17 ST LAURENCE GROVE, CHAPELIZOD, DUBLIN 20",Dublin 20,Dublin,355000.0,No,No,Second-Hand Dwelling house /Apartment,,2017-04-07,"17 St Laurence's Grove, Chapelizod, Dublin 20, D20 XW53, Ireland",ROOFTOP,53.3454998,-6.345129,D20 XW53,street_address,Dublin City,Chapelizod,02094,Dublin,268037007
201291,2017.0,"17 THE FAIRWAYS, SEABROOK MANOR, STATION RD,Dublin,Ireland",09/06/2017,"17 THE FAIRWAYS, SEABROOK MANOR, STATION RD",Dublin 13,Dublin,275000.0,No,No,Second-Hand Dwelling house /Apartment,,2017-06-09,,,,,,,,,,,
201305,2017.0,"17 TURNBERRY, WARREN HOUSE ROAD, BALDOYLE,Dublin,Ireland",10/03/2017,"17 TURNBERRY, WARREN HOUSE ROAD, BALDOYLE",Dublin 13,Dublin,495000.0,No,No,Second-Hand Dwelling house /Apartment,,2017-03-10,"17 Turnberry, Warrenhouse Rd, Baldoyle, Dublin 13, D13 N1F7, Ireland",ROOFTOP,53.394101,-6.1268823,D13 N1F7,street_address,Fingal,Baldoyle,04004,Dublin,267004019
201306,2017.0,"17 The Avenue, Hansfield Wood, Hansfield,Dublin,Ireland",02/05/2017,"17 The Avenue, Hansfield Wood, Hansfield",Dublin 15,Dublin,325991.0,No,Yes,New Dwelling house /Apartment,greater than or equal to 38 sq metres and less than 125 sq metres,2017-05-02,"Clonsilla, Dublin, Ireland",GEOMETRIC_CENTER,53.3905516,-6.4322246,,"establishment,point_of_interest",Fingal,Blanchardstown-Blakestown,04009,Dublin,267028004/02
201312,2017.0,"17 VIKING RD, DUBLIN 7, DUBLIN,Dublin,Ireland",09/05/2017,"17 VIKING RD, DUBLIN 7, DUBLIN",Dublin 7,Dublin,330000.0,No,No,Second-Hand Dwelling house /Apartment,,2017-05-09,"17 Viking Rd, Arbour Hill, Dublin 7, D07 R7PN, Ireland",ROOFTOP,53.3507614,-6.2853006,D07 R7PN,street_address,Dublin City,Arran Quay E,02005,Dublin,268005002
201316,2017.0,"17 WHITTON RD, TERENURE, DUBLIN 6,Dublin,Ireland",12/06/2017,"17 WHITTON RD, TERENURE, DUBLIN 6",Dublin 6,Dublin,610000.0,No,No,Second-Hand Dwelling house /Apartment,,2017-06-12,"17 Whitton Rd, Terenure, Dublin 6, D06 ND35, Ireland",ROOFTOP,53.3127129,-6.281691,D06 ND35,street_address,Dublin City,Rathmines West E,02142,Dublin,268136001
201328,2017.0,"170 GLASNEVIN AVE, GLASNEVIN, DUBLIN 11,Dublin,Ireland",04/04/2017,"170 GLASNEVIN AVE, GLASNEVIN, DUBLIN 11",Dublin 11,Dublin,487500.0,No,No,Second-Hand Dwelling house /Apartment,,2017-04-04,"170 Glasnevin Ave, Ballymun, Dublin 11, D11 Y3X5, Ireland",ROOFTOP,53.3906068,-6.2778237,D11 Y3X5,street_address,Dublin City,Ballymun E,02019,Dublin,268019001
201336,2017.0,"172 CORRIB RD, TERENURE, DUBLIN 6W,Dublin,Ireland",05/05/2017,"172 CORRIB RD, TERENURE, DUBLIN 6W",,Dublin,420000.0,No,No,Second-Hand Dwelling house /Apartment,,2017-05-05,"172 Corrib Rd, Terenure, Dublin 6W, Co. Dublin, D6W NN23, Ireland",ROOFTOP,53.3139602,-6.2873536,D6W NN23,street_address,Dublin City,Terenure B,02149,Dublin,268145003
201340,2017.0,"172 SEAPARK, COAST ROAD, MALAHIDE,Dublin,Ireland",03/05/2017,"172 SEAPARK, COAST ROAD, MALAHIDE",,Dublin,410000.0,No,No,Second-Hand Dwelling house /Apartment,,2017-05-03,,,,,,,,,,,
201343,2017.0,"173 BEECHWOOD COURT, STILLORGAN RD, DUBLIN,Dublin,Ireland",07/02/2017,"173 BEECHWOOD COURT, STILLORGAN RD, DUBLIN",,Dublin,365000.0,No,No,Second-Hand Dwelling house /Apartment,,2017-02-07,,,,,,,,,,,
201344,2017.0,"173 BENMADIGAN RD, DRIMNAGH, DUBLIN 12,Dublin,Ireland",08/05/2017,"173 BENMADIGAN RD, DRIMNAGH, DUBLIN 12",Dublin 12,Dublin,250000.0,No,No,Second-Hand Dwelling house /Apartment,,2017-05-08,"173 Benmadigan Rd, Drimnagh, Dublin 12, D12 X440, Ireland",ROOFTOP,53.3345024,-6.3125321,D12 X440,street_address,Dublin City,Crumlin A,02098,Dublin,268051010
201366,2017.0,"178 GRACE PARK RD, DUBLIN 9, DUBLIN,Dublin,Ireland",06/04/2017,"178 GRACE PARK RD, DUBLIN 9, DUBLIN",Dublin 9,Dublin,462000.0,No,No,Second-Hand Dwelling house /Apartment,,2017-04-06,"178 Grace Park Road, Clontarf, Dublin 9, D09 RK51, Ireland",ROOFTOP,53.3794617,-6.240176,D09 RK51,street_address,Dublin City,Grace Park,02058,Dublin,268070015
201367,2017.0,"179 BEECH PARK, LUCAN, DUBLIN,Dublin,Ireland",05/04/2017,"179 BEECH PARK, LUCAN, DUBLIN",,Dublin,425000.0,No,No,Second-Hand Dwelling house /Apartment,,2017-04-05,"179 Beech Park, Esker North, Lucan, Co. Dublin, K78 W3X0, Ireland",ROOFTOP,53.3553785,-6.4350185,K78 W3X0,street_address,South Dublin,Lucan Heights,03016,Dublin,267101009
201369,2017.0,"179 FOXFIELD GROVE, RAHENY, DUBLIN 5,Dublin,Ireland",12/05/2017,"179 FOXFIELD GROVE, RAHENY, DUBLIN 5",Dublin 5,Dublin,470000.0,No,No,Second-Hand Dwelling house /Apartment,,2017-05-12,"179 Foxfield Grove, Raheny - Foxfield, Dublin 5, D05 WA02, Ireland",ROOFTOP,53.3843511,-6.1658833,D05 WA02,street_address,Dublin City,Raheny-Foxfield,02085,Dublin,268124005
201376,2017.0,"17A WOODLANDS PARK, BLACKROCK, DUBLIN,Dublin,Ireland",02/02/2017,"17A WOODLANDS PARK, BLACKROCK, DUBLIN",,Dublin,860000.0,No,No,Second-Hand Dwelling house /Apartment,,2017-02-02,"17A Woodlands Park, Stillorgan, Dublin, A94 VX84, Ireland",ROOFTOP,53.2953642,-6.2010795,A94 VX84,street_address,Dn Laoghaire-Rathdown,Stillorgan-Priory,05068,Dublin,267129001
201388,2017.0,"18 AVONDALE HALL, 151 PARNELL ST, DUBLIN 1,Dublin,Ireland",08/05/2017,"18 AVONDALE HALL, 151 PARNELL ST, DUBLIN 1",Dublin 1,Dublin,150500.0,No,No,Second-Hand Dwelling house /Apartment,,2017-05-08,"151-, 152 Parnell St, Dublin 1, Ireland",ROOFTOP,53.3533968,-6.2601553,,"establishment,lodging,point_of_interest",Dublin City,Rotunda A,02088,Dublin,268138013
201394,2017.0,"18 Ashfield Park, Ridgewood, Forrest Road,Dublin,Ireland",08/05/2017,"18 Ashfield Park, Ridgewood, Forrest Road",,Dublin,298425.0,No,Yes,New Dwelling house /Apartment,greater than or equal to 38 sq metres and less than 125 sq metres,2017-05-08,,,,,,,,,,,
201400,2017.0,"18 BEECH PARK RD, FOXROCK, DUBLIN 18,Dublin,Ireland",03/03/2017,"18 BEECH PARK RD, FOXROCK, DUBLIN 18",Dublin 18,Dublin,781000.0,No,No,Second-Hand Dwelling house /Apartment,,2017-03-03,"18 Beech Park Rd, Cornelscourt, Dublin 18, D18 W5E5, Ireland",ROOFTOP,53.2714511,-6.1659811,D18 W5E5,street_address,Dn Laoghaire-Rathdown,Foxrock-Beechpark,05053,Dublin,267087005
201402,2017.0,"18 BEECHFIELD GREEN, CASTAHEANY, DUBLIN 15,Dublin,Ireland",02/02/2017,"18 BEECHFIELD GREEN, CASTAHEANY, DUBLIN 15",Dublin 15,Dublin,271000.0,No,No,Second-Hand Dwelling house /Apartment,,2017-02-02,"18 Beechfield Green, Castaheany, Clonee, Co. Dublin, D15 C9P2, Ireland",ROOFTOP,53.4038429,-6.4378253,D15 C9P2,street_address,Fingal,Blanchardstown-Blakestown,04009,Dublin,267028038
201418,2017.0,"18 Blackberry Hill, Glenamuck Road, Carrickmines,Dublin,Ireland",02/03/2017,"18 Blackberry Hill, Glenamuck Road, Carrickmines",Dublin 18,Dublin,612334.8,No,Yes,New Dwelling house /Apartment,greater than or equal to 38 sq metres and less than 125 sq metres,2017-03-02,"Blackberry Hill, Glenamuck Rd, Dublin 18, Ireland",ROOFTOP,53.2510443,-6.1765762,,premise,Dn Laoghaire-Rathdown,Cabinteely-Loughlinstown,05020,Dublin,267038001
201438,2017.0,"18 CORBALLY RISE, WESTBROOK GLEN, CITYWEST DUBLIN 24,Dublin,Ireland",03/02/2017,"18 CORBALLY RISE, WESTBROOK GLEN, CITYWEST DUBLIN 24",Dublin 24,Dublin,270000.0,No,No,Second-Hand Dwelling house /Apartment,,2017-02-03,"Gibbons, Dublin, Co. Dublin, Ireland",GEOMETRIC_CENTER,53.277158,-6.4188231,,"bus_station,establishment,point_of_interest,transit_station",South Dublin,Tallaght-Jobstown,03032,Dublin,267140021
201440,2017.0,"18 COWPER HALL, MOUNT SAINT ANNES, MILLTOWN,Dublin,Ireland",07/02/2017,"18 COWPER HALL, MOUNT SAINT ANNES, MILLTOWN",,Dublin,405286.34,No,Yes,New Dwelling house /Apartment,less than 38 sq metres,2017-02-07,"Apartment 14, Cowper Hall, Milltown Ave, Mount St Annes, Dublin 6, Ireland",ROOFTOP,53.3119211,-6.2494527,,premise,Dublin City,Rathmines East B,02135,Dublin,268129012/268129013
201446,2017.0,"18 Croftwell Square, Rathcoole,Dublin,Ireland",09/06/2017,"18 Croftwell Square, Rathcoole",,Dublin,308370.0,No,Yes,New Dwelling house /Apartment,greater than or equal to 38 sq metres and less than 125 sq metres,2017-06-09,"Croftwell Square, Co. Dublin, Ireland",GEOMETRIC_CENTER,53.2788447,-6.4789994,,route,South Dublin,Rathcoole,03021,Dublin,267112003
201459,2017.0,"18 ENNIS GROVE, SANDYMOUNT, DUBLIN 4,Dublin,Ireland",10/03/2017,"18 ENNIS GROVE, SANDYMOUNT, DUBLIN 4",Dublin 4,Dublin,450000.0,No,No,Second-Hand Dwelling house /Apartment,,2017-03-10,"18 Ennis Grove, Dublin 4, D04 NW27, Ireland",ROOFTOP,53.3384628,-6.2242941,D04 NW27,street_address,Dublin City,Pembroke East A,02125,Dublin,268110001
201465,2017.0,"18 FERNLEIGH COURT, RIVERWOOD, CASTLEKNOCK,Dublin,Ireland",05/04/2017,"18 FERNLEIGH COURT, RIVERWOOD, CASTLEKNOCK",,Dublin,148000.0,No,No,Second-Hand Dwelling house /Apartment,,2017-04-05,,,,,,,,,,,
201466,2017.0,"18 FINGAL ST, DUBLIN 8, DUBLIN,Dublin,Ireland",08/03/2017,"18 FINGAL ST, DUBLIN 8, DUBLIN",Dublin 8,Dublin,175000.0,No,No,Second-Hand Dwelling house /Apartment,,2017-03-08,"18 Fingal St, Merchants Quay, Dublin 8, D08 P5W7, Ireland",ROOFTOP,53.3355155,-6.2879437,D08 P5W7,street_address,Dublin City,Merchants Quay F,02124,Dublin,268103004
201467,2017.0,"18 FINNSVIEW, FINNSTOWN PRIORY, LUCAN,Dublin,Ireland",02/05/2017,"18 FINNSVIEW, FINNSTOWN PRIORY, LUCAN",,Dublin,332000.0,No,No,Second-Hand Dwelling house /Apartment,,2017-05-02,"18 Finnsview, Finnstown Cloisters, Lucan, Co. Dublin, K78 NF72, Ireland",ROOFTOP,53.340895,-6.4505446,K78 NF72,street_address,South Dublin,Lucan-Esker,03015,Dublin,267100005
201471,2017.0,"18 FORTFIELD TERRACE, RATHMINES, DUBLIN 6,Dublin,Ireland",11/01/2017,"18 FORTFIELD TERRACE, RATHMINES, DUBLIN 6",Dublin 6,Dublin,1155000.0,No,No,Second-Hand Dwelling house /Apartment,,2017-01-11,"18 Fortfield Terrace, Dublin 6, D06 N8C1, Ireland",ROOFTOP,53.3145192,-6.2619101,D06 N8C1,street_address,Dublin City,Rathmines West C,02140,Dublin,268134009
201474,2017.0,"18 GAINSBOROUGH AVE, MALAHIDE, DUBLIN,Dublin,Ireland",06/06/2017,"18 GAINSBOROUGH AVE, MALAHIDE, DUBLIN",,Dublin,475000.0,No,No,Second-Hand Dwelling house /Apartment,,2017-06-06,"18 Gainsborough Ave, Yellow Walls, Malahide, Co. Dublin, K36 PH01, Ireland",ROOFTOP,53.4486132,-6.1840951,K36 PH01,street_address,Fingal,Swords-Seatown,04039,Dublin,267134015
201476,2017.0,"18 GAZELLE LANE, TYRRELSTOWN, DUBLIN 15,Dublin,Ireland",04/01/2017,"18 GAZELLE LANE, TYRRELSTOWN, DUBLIN 15",Dublin 15,Dublin,210000.0,No,No,Second-Hand Dwelling house /Apartment,,2017-01-04,"18 Gazelle Ln, Tyrrelstown, Dublin 15, D15 AH5K, Ireland",ROOFTOP,53.4184464,-6.3864203,D15 AH5K,street_address,Fingal,The Ward,04041,Dublin,267158007
201479,2017.0,"18 GLENCAIRN CRESCENT, THE GALLOPS, LEOPARDSTOWN DUBLIN 18,Dublin,Ireland",02/06/2017,"18 GLENCAIRN CRESCENT, THE GALLOPS, LEOPARDSTOWN DUBLIN 18",Dublin 18,Dublin,570000.0,No,No,Second-Hand Dwelling house /Apartment,,2017-06-02,"18 Glencairn Cres, The Gallops, Dublin 18, D18 E1W4, Ireland",ROOFTOP,53.2617032,-6.2043266,D18 E1W4,street_address,Dn Laoghaire-Rathdown,Glencullen,05057,Dublin,267092048
201486,2017.0,"18 GRIFFITH HEIGHTS, FINGLAS EAST, DUBLIN 11,Dublin,Ireland",04/05/2017,"18 GRIFFITH HEIGHTS, FINGLAS EAST, DUBLIN 11",Dublin 11,Dublin,68054.55,Yes,No,Second-Hand Dwelling house /Apartment,,2017-05-04,"18 Griffith Heights, Finglas East, Dublin 11, D11 YV61, Ireland",ROOFTOP,53.3810742,-6.2865264,D11 YV61,street_address,Dublin City,Ballygall D,02014,Dublin,268014005
201494,2017.0,"18 KENILWORTH SQ, RATHGAR, DUBLIN 6,Dublin,Ireland",02/02/2017,"18 KENILWORTH SQ, RATHGAR, DUBLIN 6",Dublin 6,Dublin,2350000.0,No,No,Second-Hand Dwelling house /Apartment,,2017-02-02,"18 Kenilworth Square N, Dublin 6, D06 F652, Ireland",ROOFTOP,53.3192552,-6.2773241,D06 F652,street_address,Dublin City,Rathmines West F,02143,Dublin,268137001
201504,2017.0,"18 LAVERNA DALE, CASTLEKNOCK, DUBLIN 15,Dublin,Ireland",03/03/2017,"18 LAVERNA DALE, CASTLEKNOCK, DUBLIN 15",Dublin 15,Dublin,430000.0,No,No,Second-Hand Dwelling house /Apartment,,2017-03-03,"18 Laverna Dale, Carpenterstown, Dublin 15, D15 KXT9, Ireland",ROOFTOP,53.3745614,-6.3839461,D15 KXT9,street_address,Fingal,Castleknock-Knockmaroon,04016,Dublin,267040027
201508,2017.0,"18 LONGFORD TERRACE, MONKSTOWN, DUBLIN,Dublin,Ireland",10/03/2017,"18 LONGFORD TERRACE, MONKSTOWN, DUBLIN",,Dublin,2370000.0,No,No,Second-Hand Dwelling house /Apartment,,2017-03-10,"18 Ard��n an Longfoirt, Monkstown, Baile na Manach, Co. Contae Bhaile ́tha Cliath, A94 NF43, Ireland",ROOFTOP,53.294402,-6.1509215,A94 NF43,street_address,Dn Laoghaire-Rathdown,Dn Laoghaire-Salthill,05051,Dublin,267075007
201525,2017.0,"18 MOURNE CLOSE, SKERRIES, DUBLIN,Dublin,Ireland",02/02/2017,"18 MOURNE CLOSE, SKERRIES, DUBLIN",,Dublin,69523.91,Yes,No,Second-Hand Dwelling house /Apartment,,2017-02-02,"18 Mourne Cl, Townparks, Skerries, Co. Dublin, K34 D210, Ireland",ROOFTOP,53.5801396,-6.127582,K34 D210,street_address,Fingal,Skerries,04034,Dublin,267123005
201535,2017.0,"18 ORLAGH CLOSE, SCHOLARSTOWN RD, TEMPLEOGUE DUBLIN 16,Dublin,Ireland",04/05/2017,"18 ORLAGH CLOSE, SCHOLARSTOWN RD, TEMPLEOGUE DUBLIN 16",Dublin 16,Dublin,685000.0,No,No,Second-Hand Dwelling house /Apartment,,2017-05-04,"18 Orlagh Cl, Scholarstown Rd, Schollarstown, Dublin 16, D16 H9P4, Ireland",ROOFTOP,53.2764867,-6.3151083,D16 H9P4,street_address,South Dublin,Firhouse-Ballycullen,03012,Dublin,267085008
201540,2017.0,"18 PINTAIL HOUSE, REDCOURT OAKS, SEAFIELD RD EAST,Dublin,Ireland",01/01/2017,"18 PINTAIL HOUSE, REDCOURT OAKS, SEAFIELD RD EAST",Dublin 3,Dublin,242424.0,Yes,No,Second-Hand Dwelling house /Apartment,,2017-01-01,,,,,,,,,,,
201542,2017.0,"18 Park Avenue, Millers Glen, Swords,Dublin,Ireland",06/04/2017,"18 Park Avenue, Millers Glen, Swords",,Dublin,288546.24,No,Yes,New Dwelling house /Apartment,greater than or equal to 38 sq metres and less than 125 sq metres,2017-04-06,"Longview Ave, Oldtown, Co. Dublin, Ireland",GEOMETRIC_CENTER,53.4739449,-6.2397822,,"establishment,point_of_interest",Fingal,Swords-Lissenhall,04038,Dublin,267133026
201543,2017.0,"18 Parkside Drive, Parkside, Malahide Road,Dublin,Ireland",01/02/2017,"18 Parkside Drive, Parkside, Malahide Road",,Dublin,275329.0,No,Yes,New Dwelling house /Apartment,greater than or equal to 38 sq metres and less than 125 sq metres,2017-02-01,"13 Malahide Rd, Balgriffin, Dublin, Ireland",ROOFTOP,53.4046281,-6.1665709,,"establishment,point_of_interest",Dublin City,Grange A,02059,Dublin,268071002
201544,2017.0,"18 Parkside Square, Parkside, Malahide Road,Dublin,Ireland",02/06/2017,"18 Parkside Square, Parkside, Malahide Road",,Dublin,336998.0,No,Yes,New Dwelling house /Apartment,greater than or equal to 38 sq metres and less than 125 sq metres,2017-06-02,"13 Malahide Rd, Balgriffin, Dublin, Ireland",ROOFTOP,53.4046281,-6.1665709,,"establishment,point_of_interest",Dublin City,Grange A,02059,Dublin,268071002
201545,2017.0,"18 QUARTZ, THE GRANGE, STILLORGAN,Dublin,Ireland",01/06/2017,"18 QUARTZ, THE GRANGE, STILLORGAN",,Dublin,499000.0,No,No,Second-Hand Dwelling house /Apartment,,2017-06-01,,,,,,,,,,,
201546,2017.0,"18 RATHGAR AVE, DUBLIN 6, DUBLIN,Dublin,Ireland",11/04/2017,"18 RATHGAR AVE, DUBLIN 6, DUBLIN",Dublin 6,Dublin,925000.0,No,No,Second-Hand Dwelling house /Apartment,,2017-04-11,"18 Rathgar Ave, Dublin 6, D06 PK75, Ireland",ROOFTOP,53.3138906,-6.2758965,D06 PK75,street_address,Dublin City,Rathmines West E,02142,Dublin,268136003
201548,2017.0,"18 REILLYS AVE, DOLPHINS BARN, DUBLIN 8,Dublin,Ireland",12/05/2017,"18 REILLYS AVE, DOLPHINS BARN, DUBLIN 8",Dublin 8,Dublin,210000.0,No,No,Second-Hand Dwelling house /Apartment,,2017-05-12,"18 Reilly's Ave, Merchants Quay, Dublin 8, D08 Y8E8, Ireland",ROOFTOP,53.3338268,-6.2899197,D08 Y8E8,street_address,Dublin City,Merchants Quay F,02124,Dublin,268103001
201555,2017.0,"18 SHANLISS RD, SANTRY, DUBLIN 9,Dublin,Ireland",06/04/2017,"18 SHANLISS RD, SANTRY, DUBLIN 9",Dublin 9,Dublin,367000.0,No,No,Second-Hand Dwelling house /Apartment,,2017-04-06,"18 Shanliss Rd, Whitehall, Dublin 9, D09 N2F3, Ireland",ROOFTOP,53.3906727,-6.2498186,D09 N2F3,street_address,Dublin City,Whitehall B,02091,Dublin,268158002
201565,2017.0,"18 TENTERFIELDS, BROWN STREET SOUTH, DUBLIN 8,Dublin,Ireland",01/02/2017,"18 TENTERFIELDS, BROWN STREET SOUTH, DUBLIN 8",Dublin 8,Dublin,353000.0,No,No,Second-Hand Dwelling house /Apartment,,2017-02-01,"18, Tenterfields, Brown St S, Merchants Quay, Dublin 8, Ireland",ROOFTOP,53.3359857,-6.2822636,,subpremise,Dublin City,Merchants Quay D,02122,Dublin,268101005
201566,2017.0,"18 THE CRESCENT, ONGAR VILLAGE, DUBLIN 15,Dublin,Ireland",10/02/2017,"18 THE CRESCENT, ONGAR VILLAGE, DUBLIN 15",Dublin 15,Dublin,140000.0,No,No,Second-Hand Dwelling house /Apartment,,2017-02-10,"18 Ongar Square, Ongar Village, Dublin 15, D15 H34C, Ireland",ROOFTOP,53.3951966,-6.4393217,D15 H34C,street_address,Fingal,Blanchardstown-Blakestown,04009,Dublin,267028118
201571,2017.0,"18 THE ORCHARD, FORTFIELD RD, TERENURE DUBLIN 6W,Dublin,Ireland",10/02/2017,"18 THE ORCHARD, FORTFIELD RD, TERENURE DUBLIN 6W",,Dublin,635000.0,No,No,Second-Hand Dwelling house /Apartment,,2017-02-10,"18 The Orchard, Fortfield Rd, Terenure, Dublin 6W, Co. Dublin, Ireland",ROOFTOP,53.3105263,-6.304628,,street_address,South Dublin,Templeogue-Kimmage Manor,03042,Dublin,267150007
201573,2017.0,"18 THE PARK, BALBRIGGAN ST, SKERRIES,Dublin,Ireland",01/06/2017,"18 THE PARK, BALBRIGGAN ST, SKERRIES",,Dublin,385000.0,No,No,Second-Hand Dwelling house /Apartment,,2017-06-01,"18 Balbriggan St, The Park, Townparks, Skerries, Co. Dublin, K34 D821, Ireland",ROOFTOP,53.5800752,-6.1148448,K34 D821,street_address,Fingal,Skerries,04034,Dublin,267123029
201582,2017.0,"18 TUSCANY PARK, BALDOYLE, DUBLIN 13,Dublin,Ireland",03/04/2017,"18 TUSCANY PARK, BALDOYLE, DUBLIN 13",Dublin 13,Dublin,315000.0,No,No,Second-Hand Dwelling house /Apartment,,2017-04-03,"18 Tuscany Park, Baldoyle, Dublin 13, D13 T6H2, Ireland",ROOFTOP,53.3946996,-6.1335902,D13 T6H2,street_address,Fingal,Baldoyle,04004,Dublin,267004026
201587,2017.0,"18 Tullyhall Close, Lucan,Dublin,Ireland",05/01/2017,"18 Tullyhall Close, Lucan",,Dublin,262114.54,No,Yes,New Dwelling house /Apartment,greater than or equal to 38 sq metres and less than 125 sq metres,2017-01-05,"18 Tullyhall Dr, Kishoge, Lucan, Co. Dublin, K78 AH68, Ireland",ROOFTOP,53.3357502,-6.4393473,K78 AH68,street_address,South Dublin,Lucan-Esker,03015,Dublin,267100007
201604,2017.0,"18 WOODVILLE WALK, LUCAN, DUBLIN,Dublin,Ireland",01/03/2017,"18 WOODVILLE WALK, LUCAN, DUBLIN",,Dublin,375000.0,No,No,Second-Hand Dwelling house /Apartment,,2017-03-01,"18 Woodville Walk, Ballydowd, Lucan, Co. Dublin, K78 D8P3, Ireland",ROOFTOP,53.3566218,-6.4282229,K78 D8P3,street_address,South Dublin,Lucan-Esker,03015,Dublin,267100059
201606,2017.0,"18 Windmill Close, Rathcoole,Dublin,Ireland",12/05/2017,"18 Windmill Close, Rathcoole",,Dublin,325000.0,No,Yes,New Dwelling house /Apartment,greater than or equal to 125 sq metres,2017-05-12,,,,,,,,,,,
201608,2017.0,"180 KILDARE RD, CRUMLIN, DUBLIN 12,Dublin,Ireland",12/01/2017,"180 KILDARE RD, CRUMLIN, DUBLIN 12",Dublin 12,Dublin,200000.0,No,No,Second-Hand Dwelling house /Apartment,,2017-01-12,"180 Kildare Rd, Drimnagh, Dublin 12, D12 A2C9, Ireland",ROOFTOP,53.3254551,-6.3036037,D12 A2C9,street_address,Dublin City,Crumlin D,02101,Dublin,268054016
201609,2017.0,"180 THE LINKS, ELM PARK, MERRION RD DUBLIN 4,Dublin,Ireland",03/01/2017,"180 THE LINKS, ELM PARK, MERRION RD DUBLIN 4",Dublin 4,Dublin,292000.0,No,No,Second-Hand Dwelling house /Apartment,,2017-01-03,"294 Merrion Rd, Dublin 4, Ireland",ROOFTOP,53.3142513,-6.2035146,,"establishment,point_of_interest",Dublin City,Pembroke East D,02128,Dublin,268113017/01
201614,2017.0,"181 PACE AVE, LITTLEPACE, BLANCHARDSTOWN,Dublin,Ireland",10/02/2017,"181 PACE AVE, LITTLEPACE, BLANCHARDSTOWN",Dublin 15,Dublin,280000.0,No,No,Second-Hand Dwelling house /Apartment,,2017-02-10,"181 Pace Ave, Littlepace, Clonee, Co. Dublin, D15 R718, Ireland",ROOFTOP,53.4053067,-6.4259896,D15 R718,street_address,Fingal,Blanchardstown-Blakestown,04009,Dublin,267028037
201615,2017.0,"182 CLIFDEN COURT, ELLIS QUAY, DUBLIN 7,Dublin,Ireland",03/05/2017,"182 CLIFDEN COURT, ELLIS QUAY, DUBLIN 7",Dublin 7,Dublin,206000.0,No,No,Second-Hand Dwelling house /Apartment,,2017-05-03,"7 Ellis Quay, Arran Quay, Dublin 7, Ireland",ROOFTOP,53.34702,-6.282977,,"establishment,point_of_interest,real_estate_agency",Dublin City,Arran Quay C,02003,Dublin,268003019
201624,2017.0,"183 EMMET RD, DUBLIN 8,Dublin,Ireland",11/05/2017,"183 EMMET RD, DUBLIN 8",,Dublin,90000.0,No,No,Second-Hand Dwelling house /Apartment,,2017-05-11,"183 Emmet Rd, Inchicore, Dublin 8, D08 Y0T3, Ireland",ROOFTOP,53.3397586,-6.3188304,D08 Y0T3,street_address,Dublin City,Kilmainham C,02110,Dublin,268085009
201627,2017.0,"183 MOURNE ROAD, DRIMNAGH, DUBLIN 12,Dublin,Ireland",10/02/2017,"183 MOURNE ROAD, DRIMNAGH, DUBLIN 12",Dublin 12,Dublin,205000.0,No,No,Second-Hand Dwelling house /Apartment,,2017-02-10,"183 Mourne Rd, Drimnagh, Dublin 12, D12 XY74, Ireland",ROOFTOP,53.3326564,-6.3150542,D12 XY74,street_address,Dublin City,Crumlin E,02102,Dublin,268055010
201629,2017.0,"184 LARAGHCON, LUCAN, DUBLIN,Dublin,Ireland",04/01/2017,"184 LARAGHCON, LUCAN, DUBLIN",,Dublin,735000.0,No,No,Second-Hand Dwelling house /Apartment,,2017-01-04,"184 Laraghcon, Lucan, Co. Dublin, K78 TW89, Ireland",ROOFTOP,53.3636216,-6.4505822,K78 TW89,street_address,Fingal,Lucan North,04027,Dublin,267102002
201635,2017.0,"186 IVERAGH RD, WHITEHALL, DUBLIN 9,Dublin,Ireland",05/05/2017,"186 IVERAGH RD, WHITEHALL, DUBLIN 9",Dublin 9,Dublin,575000.0,No,No,Second-Hand Dwelling house /Apartment,,2017-05-05,"186 Iveragh Rd, Whitehall, Dublin 9, D09 CF75, Ireland",ROOFTOP,53.3820998,-6.2463554,D09 CF75,street_address,Dublin City,Whitehall A,02090,Dublin,268157012
201640,2017.0,"188 LOWER KILMACUD ROAD, STILLORGAN, CO DUBLIN,Dublin,Ireland",12/05/2017,"188 LOWER KILMACUD ROAD, STILLORGAN, CO DUBLIN",,Dublin,575000.0,No,No,Second-Hand Dwelling house /Apartment,,2017-05-12,"188 Lower Kilmacud Rd, Kilmacud West, Dublin 14, D14 YF50, Ireland",ROOFTOP,53.2892374,-6.2229056,D14 YF50,street_address,Dn Laoghaire-Rathdown,Dundrum-Kilmacud,05038,Dublin,267079008
201643,2017.0,"189 CLONLIFFE RD, DUBLIN 3, DUBLIN,Dublin,Ireland",06/04/2017,"189 CLONLIFFE RD, DUBLIN 3, DUBLIN",Dublin 3,Dublin,492500.0,No,No,Second-Hand Dwelling house /Apartment,,2017-04-06,"189 Clonliffe Rd, Drumcondra, Dublin 3, D03 H9Y4, Ireland",ROOFTOP,53.3625929,-6.2534022,D03 H9Y4,street_address,Dublin City,Ballybough B,02010,Dublin,268010003
201644,2017.0,"189 CLONSILLA RD, BLANCHARDSTOWN, DUBLIN,Dublin,Ireland",02/02/2017,"189 CLONSILLA RD, BLANCHARDSTOWN, DUBLIN",Dublin 15,Dublin,330000.0,No,No,Second-Hand Dwelling house /Apartment,,2017-02-02,"189 Clonsilla Rd, Blanchardstown, Dublin 15, D15 WP2C, Ireland",ROOFTOP,53.3839647,-6.3915172,D15 WP2C,street_address,Fingal,Blanchardstown-Coolmine,04010,Dublin,267029010
201647,2017.0,"189 MOYVILLE EST, BALLYBODEN RD, RATHFARNHAM DUBLIN 16,Dublin,Ireland",01/03/2017,"189 MOYVILLE EST, BALLYBODEN RD, RATHFARNHAM DUBLIN 16",Dublin 16,Dublin,482500.0,No,No,Second-Hand Dwelling house /Apartment,,2017-03-01,,,,,,,,,,,
201648,2017.0,"189 RICHMOND ROAD, DUBLIN 3,Dublin,Ireland",01/02/2017,"189 RICHMOND ROAD, DUBLIN 3",Dublin 3,Dublin,217000.0,No,No,Second-Hand Dwelling house /Apartment,,2017-02-01,"189 Richmond Rd, Drumcondra, Dublin, Ireland",RANGE_INTERPOLATED,53.3649172,-6.2459232,,street_address,Dublin City,Drumcondra South A,02047,Dublin,268058016
201656,2017.0,"18a seafield road west, clontarf  dublin 3,Dublin,Ireland",10/03/2017,"18a seafield road west, clontarf  dublin 3",Dublin 3,Dublin,2004405.29,No,Yes,New Dwelling house /Apartment,greater than or equal to 125 sq metres,2017-03-10,"18 Seafield Rd W, Clontarf East, Dublin 3, Ireland",ROOFTOP,53.3646223,-6.201108,,street_address,Dublin City,Clontarf East C,02039,Dublin,268043002
201658,2017.0,"19 ABERDEEN ST, DUBLIN 7, DUBLIN,Dublin,Ireland",04/05/2017,"19 ABERDEEN ST, DUBLIN 7, DUBLIN",Dublin 7,Dublin,335000.0,No,No,Second-Hand Dwelling house /Apartment,,2017-05-04,"19 Aberdeen St, N Circular Rd, Arran Quay, Dublin 7, D07 RR90, Ireland",ROOFTOP,53.3517248,-6.2953449,D07 RR90,street_address,Dublin City,Arran Quay D,02004,Dublin,268004006
201661,2017.0,"19 ALEXANDRA WALK, WHITEFRIAR ST, DUBLIN 8,Dublin,Ireland",10/02/2017,"19 ALEXANDRA WALK, WHITEFRIAR ST, DUBLIN 8",Dublin 8,Dublin,440000.0,No,No,Second-Hand Dwelling house /Apartment,,2017-02-10,"Whitefriar St, Dublin, Ireland",GEOMETRIC_CENTER,53.3405688,-6.2666686,,"establishment,lodging,point_of_interest",Dublin City,Royal Exchange A,02144,Dublin,268140003
201684,2017.0,"19 BOROIMHE ALDER, SWORDS, DUBLIN,Dublin,Ireland",03/03/2017,"19 BOROIMHE ALDER, SWORDS, DUBLIN",,Dublin,269000.0,No,No,Second-Hand Dwelling house /Apartment,,2017-03-03,"19 Boroimhe Alder, Fosterstown North, Swords, Co. Dublin, Ireland",RANGE_INTERPOLATED,53.4434891,-6.2378283,,street_address,Fingal,Swords-Forrest,04036,Dublin,267132009
201694,2017.0,"19 CAMERON SQUARE, KILMAINHAM, DUBLIN 8,Dublin,Ireland",10/01/2017,"19 CAMERON SQUARE, KILMAINHAM, DUBLIN 8",Dublin 8,Dublin,240000.0,No,No,Second-Hand Dwelling house /Apartment,,2017-01-10,"19 Cameron Square, Kilmainham, Dublin 8, D08 VEA2, Ireland",ROOFTOP,53.3405581,-6.3008189,D08 VEA2,street_address,Dublin City,Ushers F,02157,Dublin,268153007
201695,2017.0,"19 CARNDONAGH ROAD, DONAGHMEDE, DUBLIN 13,Dublin,Ireland",02/05/2017,"19 CARNDONAGH ROAD, DONAGHMEDE, DUBLIN 13",Dublin 13,Dublin,292500.0,No,No,Second-Hand Dwelling house /Apartment,,2017-05-02,"19 Carndonagh Rd, Grange, Dublin 13, D13 RX49, Ireland",ROOFTOP,53.3941546,-6.1540171,D13 RX49,street_address,Dublin City,Grange C,02061,Dublin,268073009
201697,2017.0,"19 CARRIGMORE LAWNS, TALLAGHT, DUBLIN 24,Dublin,Ireland",06/04/2017,"19 CARRIGMORE LAWNS, TALLAGHT, DUBLIN 24",Dublin 24,Dublin,162000.0,No,No,Second-Hand Dwelling house /Apartment,,2017-04-06,"19 Carrigmore Dr, Oldbawn, Dublin 24, D24 EAA8, Ireland",ROOFTOP,53.2732682,-6.3685811,D24 EAA8,street_address,South Dublin,Tallaght-Kiltipper,03035,Dublin,267143025
201698,2017.0,"19 CASEMENT GREEN, FINGLAS WEST, DUBLIN 11,Dublin,Ireland",06/03/2017,"19 CASEMENT GREEN, FINGLAS WEST, DUBLIN 11",Dublin 11,Dublin,175000.0,Yes,No,Second-Hand Dwelling house /Apartment,,2017-03-06,"19 Casement Green, Finglas West, Dublin 11, D11 KT6K, Ireland",ROOFTOP,53.3946279,-6.3084807,D11 KT6K,street_address,Dublin City,Finglas North B,02052,Dublin,268064002
201700,2017.0,"19 CASTLE GATE WALK, ADAMSTOWN, DUBLIN,Dublin,Ireland",02/06/2017,"19 CASTLE GATE WALK, ADAMSTOWN, DUBLIN",,Dublin,260000.0,Yes,No,Second-Hand Dwelling house /Apartment,,2017-06-02,"19 Castlegate Walk, Adamstown Castle, Lucan, Co. Dublin, K78 W886, Ireland",ROOFTOP,53.3390113,-6.4568071,K78 W886,street_address,South Dublin,Lucan-St. Helen's,03017,Dublin,267103018
201717,2017.0,"19 Croftwell Square, School Road, Rathcoole,Dublin,Ireland",09/06/2017,"19 Croftwell Square, School Road, Rathcoole",,Dublin,308370.04,No,Yes,New Dwelling house /Apartment,greater than or equal to 38 sq metres and less than 125 sq metres,2017-06-09,,,,,,,,,,,
201726,2017.0,"19 Elder Heath Meadow, Elder Heath, Kiltipper Road,Dublin,Ireland",08/03/2017,"19 Elder Heath Meadow, Elder Heath, Kiltipper Road",,Dublin,251101.32,No,Yes,New Dwelling house /Apartment,greater than or equal to 38 sq metres and less than 125 sq metres,2017-03-08,,,,,,,,,,,
201730,2017.0,"19 FRASCATI HALL, SWEETMANS AVE, BLACKROCK,Dublin,Ireland",05/05/2017,"19 FRASCATI HALL, SWEETMANS AVE, BLACKROCK",,Dublin,244000.0,No,No,Second-Hand Dwelling house /Apartment,,2017-05-05,"Apartment 27, Frascati Hall, Sweetman's Ave, Blackrock, Co. Dublin, Ireland",ROOFTOP,53.2995455,-6.1769921,,premise,Dn Laoghaire-Rathdown,Blackrock-Templehill,05016,Dublin,267025007
201734,2017.0,"19 GAINSBOROUGH COURT, MALAHIDE, DUBLIN,Dublin,Ireland",10/04/2017,"19 GAINSBOROUGH COURT, MALAHIDE, DUBLIN",,Dublin,530000.0,No,No,Second-Hand Dwelling house /Apartment,,2017-04-10,"19 Gainsborough Ct, Auburn, Malahide, Co. Dublin, K36 FC44, Ireland",ROOFTOP,53.4464286,-6.1857528,K36 FC44,street_address,Fingal,Swords-Seatown,04039,Dublin,267134014
201749,2017.0,"19 Hampton Wood Crescent, Hampton Wood, Dublin 11,Dublin,Ireland",01/06/2017,"19 Hampton Wood Crescent, Hampton Wood, Dublin 11",Dublin 11,Dublin,224669.6,No,Yes,New Dwelling house /Apartment,greater than or equal to 38 sq metres and less than 125 sq metres,2017-06-01,"19 Hampton Wood Cres, Hampton Wood, Dublin 11, D11 P0E2, Ireland",ROOFTOP,53.4043671,-6.2907216,D11 P0E2,street_address,Dublin City,Ballymun A,02015,Dublin,268015012
201750,2017.0,"19 Hazelbrook, Kinsealy Lane, Malahide,Dublin,Ireland",08/06/2017,"19 Hazelbrook, Kinsealy Lane, Malahide",,Dublin,799000.0,No,Yes,New Dwelling house /Apartment,greater than or equal to 125 sq metres,2017-06-08,"19 Kinsealy Ln, Kinsealy, Co. Dublin, Ireland",RANGE_INTERPOLATED,53.4303463,-6.1680757,,street_address,Fingal,Kinsaley,04026,Dublin,267099028
201773,2017.0,"19 MOUNT SYMON PARK, CLONSILLA, DUBLIN 15,Dublin,Ireland",06/02/2017,"19 MOUNT SYMON PARK, CLONSILLA, DUBLIN 15",Dublin 15,Dublin,304000.0,No,No,Second-Hand Dwelling house /Apartment,,2017-02-06,"19 Mount Symon Park, Clonsilla, Dublin 15, D15 WFW4, Ireland",ROOFTOP,53.3887539,-6.4205213,D15 WFW4,street_address,Fingal,Blanchardstown-Blakestown,04009,Dublin,267028090
201774,2017.0,"19 MUCKROSS GROVE, PERRYSTOWN, DUBLIN 12,Dublin,Ireland",06/06/2017,"19 MUCKROSS GROVE, PERRYSTOWN, DUBLIN 12",Dublin 12,Dublin,475000.0,No,No,Second-Hand Dwelling house /Apartment,,2017-06-06,"19 Muckross Grove, Perrystown, Dublin 12, D12 YTX0, Ireland",ROOFTOP,53.309349,-6.3193035,D12 YTX0,street_address,South Dublin,Terenure-Greentrees,03048,Dublin,267156005
201779,2017.0,"19 Neptune Block, Honeypark, Dun-Laoghaire,Dublin,Ireland",03/03/2017,"19 Neptune Block, Honeypark, Dun-Laoghaire",,Dublin,251101.32,No,Yes,New Dwelling house /Apartment,greater than or equal to 38 sq metres and less than 125 sq metres,2017-03-03,"Neptune Lodge, Sandycove Point, D̼n Laoghaire, Dublin, Ireland",ROOFTOP,53.2890348,-6.114664,,premise,Dn Laoghaire-Rathdown,Dn Laoghaire-Sandycove,05050,Dublin,267076004
201788,2017.0,"19 RAGLAN HALL, CLYDE RD, DUBLIN 4,Dublin,Ireland",10/03/2017,"19 RAGLAN HALL, CLYDE RD, DUBLIN 4",Dublin 4,Dublin,610000.0,No,No,Second-Hand Dwelling house /Apartment,,2017-03-10,"Apartment 8, Raglan Hall, Clyde Rd, Dublin 4, Ireland",ROOFTOP,53.3288165,-6.2399246,,premise,Dublin City,Pembroke West C,02132,Dublin,268117011
201789,2017.0,"19 REDBERRY, FINNSTOWN PRIORY, LUCAN,Dublin,Ireland",12/05/2017,"19 REDBERRY, FINNSTOWN PRIORY, LUCAN",,Dublin,276000.0,No,No,Second-Hand Dwelling house /Apartment,,2017-05-12,"19 Redberry, Finnstown Priory, Lucan, Co. Dublin, K78 FX26, Ireland",ROOFTOP,53.342291,-6.4518458,K78 FX26,street_address,South Dublin,Lucan-Esker,03015,Dublin,267100005
201800,2017.0,"19 SCRIBBLESTOWN PARK, FINGLAS SOUTH, DUBLIN 11,Dublin,Ireland",07/02/2017,"19 SCRIBBLESTOWN PARK, FINGLAS SOUTH, DUBLIN 11",Dublin 11,Dublin,68691.66,Yes,No,Second-Hand Dwelling house /Apartment,,2017-02-07,"19 Scribblestown Park, Finglas South, Dublin 11, D11 DE76, Ireland",ROOFTOP,53.3801062,-6.3178322,D11 DE76,street_address,Dublin City,Finglas South D,02057,Dublin,268069003
201808,2017.0,"19 SPENCER VILLAS, GLENAGEARY, CO. DUBLIN,Dublin,Ireland",10/03/2017,"19 SPENCER VILLAS, GLENAGEARY, CO. DUBLIN",,Dublin,1550000.0,No,No,Second-Hand Dwelling house /Apartment,,2017-03-10,"19 Spencer Villas, Glenageary, Dublin, A96 V1H5, Ireland",ROOFTOP,53.284254,-6.1235151,A96 V1H5,street_address,Dn Laoghaire-Rathdown,Dn Laoghaire-Sandycove,05050,Dublin,267076012
201815,2017.0,"19 SWORDS ST, DUBLIN 7, DUBLIN,Dublin,Ireland",04/05/2017,"19 SWORDS ST, DUBLIN 7, DUBLIN",Dublin 7,Dublin,240000.0,No,No,Second-Hand Dwelling house /Apartment,,2017-05-04,"19 Swords St, Arbour Hill, Dublin 7, D07 E0C2, Ireland",ROOFTOP,53.3529377,-6.2913319,D07 E0C2,street_address,Dublin City,Arran Quay D,02004,Dublin,268004003
201823,2017.0,"19 THE DRIVE, MILLBROOK LAWNS, TALLAGHT DUBLIN 24,Dublin,Ireland",02/06/2017,"19 THE DRIVE, MILLBROOK LAWNS, TALLAGHT DUBLIN 24",Dublin 24,Dublin,300000.0,No,No,Second-Hand Dwelling house /Apartment,,2017-06-02,"19 The Dr, Millbrook Lawns, Dublin 24, D24 R2CR, Ireland",ROOFTOP,53.2822483,-6.3572316,D24 R2CR,street_address,South Dublin,Tallaght-Millbrook,03037,Dublin,267145003
201827,2017.0,"19 THE KYBE, SKERRIES, CO DUBLIN,Dublin,Ireland",03/05/2017,"19 THE KYBE, SKERRIES, CO DUBLIN",,Dublin,300000.0,No,No,Second-Hand Dwelling house /Apartment,,2017-05-03,"19 The Kybe, Townparks, Skerries, Co. Dublin, K34 V651, Ireland",ROOFTOP,53.576136,-6.1058566,K34 V651,street_address,Fingal,Skerries,04034,Dublin,267123019
201828,2017.0,"19 THE LAURELS, QUAYSIDE, BALBRIGGAN,Dublin,Ireland",07/02/2017,"19 THE LAURELS, QUAYSIDE, BALBRIGGAN",,Dublin,152000.0,No,No,Second-Hand Dwelling house /Apartment,,2017-02-07,,,,,,,,,,,
201840,2017.0,"19 WAINSFORT GROVE, TERENURE, DUBLIN 6W,Dublin,Ireland",04/05/2017,"19 WAINSFORT GROVE, TERENURE, DUBLIN 6W",,Dublin,590000.0,No,No,Second-Hand Dwelling house /Apartment,,2017-05-04,"19 Wainsfort Grove, Terenure, Dublin 6W, Co. Dublin, D6W P208, Ireland",ROOFTOP,53.3072125,-6.3023674,D6W P208,street_address,South Dublin,Templeogue-Kimmage Manor,03042,Dublin,267150018
201844,2017.0,"19 WILFIELD RD, SANDYMOUNT, DUBLIN 4,Dublin,Ireland",02/02/2017,"19 WILFIELD RD, SANDYMOUNT, DUBLIN 4",Dublin 4,Dublin,675000.0,No,No,Second-Hand Dwelling house /Apartment,,2017-02-02,"19 Wilfield Rd, Dublin 4, D04 FX66, Ireland",ROOFTOP,53.3274225,-6.2191628,D04 FX66,street_address,Dublin City,Pembroke East C,02127,Dublin,268112004
201846,2017.0,"19 WILLBROOK DOWNS, RATHFARNHAM, DUBLIN 14,Dublin,Ireland",02/03/2017,"19 WILLBROOK DOWNS, RATHFARNHAM, DUBLIN 14",Dublin 14,Dublin,450000.0,No,No,Second-Hand Dwelling house /Apartment,,2017-03-02,"19 Willbrook Downs, Rathfarnham, Dublin 14, D14 TF90, Ireland",ROOFTOP,53.2885729,-6.287153,D14 TF90,street_address,South Dublin,Rathfarnham-St. Enda's,03025,Dublin,267116010
201860,2017.0,"191 LOWER KIMMAGE RD, TERENURE, DUBLIN 6W,Dublin,Ireland",12/05/2017,"191 LOWER KIMMAGE RD, TERENURE, DUBLIN 6W",,Dublin,250000.0,No,No,Second-Hand Dwelling house /Apartment,,2017-05-12,"191 Kimmage Rd Lower, Kimmage, Dublin 6W, Co. Dublin, D6W WY98, Ireland",ROOFTOP,53.3189728,-6.2915477,D6W WY98,street_address,Dublin City,Kimmage D,02114,Dublin,268093008
201862,2017.0,"192 CARRINGTON PARK, NORTHWOOD, SANTRY,Dublin,Ireland",12/05/2017,"192 CARRINGTON PARK, NORTHWOOD, SANTRY",Dublin 9,Dublin,245000.0,No,No,Second-Hand Dwelling house /Apartment,,2017-05-12,,,,,,,,,,,
201863,2017.0,"192 COLLINS AVE, BEAUMONT, DUBLIN 9,Dublin,Ireland",03/04/2017,"192 COLLINS AVE, BEAUMONT, DUBLIN 9",Dublin 9,Dublin,650500.0,No,No,Second-Hand Dwelling house /Apartment,,2017-04-03,"192 Collins Ave, Beaumont, Dublin 9, D09 H3N1, Ireland",ROOFTOP,53.3782427,-6.2278167,D09 H3N1,street_address,Dublin City,Beaumont E,02025,Dublin,268025001
201869,2017.0,"193 COOLEY RD, DRIMNAGH, DUBLIN 12,Dublin,Ireland",09/02/2017,"193 COOLEY RD, DRIMNAGH, DUBLIN 12",Dublin 12,Dublin,250000.0,No,No,Second-Hand Dwelling house /Apartment,,2017-02-09,"193 Cooley Rd, Drimnagh, Dublin 12, D12 Y727, Ireland",ROOFTOP,53.3313871,-6.3271035,D12 Y727,street_address,Dublin City,Crumlin A,02098,Dublin,268051001
201875,2017.0,"193 WINDMILL RD, CRUMLIN, DUBLIN 12,Dublin,Ireland",04/04/2017,"193 WINDMILL RD, CRUMLIN, DUBLIN 12",Dublin 12,Dublin,239000.0,No,No,Second-Hand Dwelling house /Apartment,,2017-04-04,"193 Windmill Rd, Kimmage, Dublin 12, D12 W7W8, Ireland",ROOFTOP,53.3218979,-6.3142214,D12 W7W8,street_address,Dublin City,Kimmage A,02111,Dublin,268090001
201882,2017.0,"196 EAST WALL RD, DUBLIN 3, DUBLIN,Dublin,Ireland",10/05/2017,"196 EAST WALL RD, DUBLIN 3, DUBLIN",Dublin 3,Dublin,255000.0,No,No,Second-Hand Dwelling house /Apartment,,2017-05-10,"196 E Wall Rd, East Wall, Dublin 3, D03 N520, Ireland",ROOFTOP,53.3550861,-6.229818,D03 N520,street_address,Dublin City,North Dock B,02077,Dublin,268108001
201886,2017.0,"197 EMETT RD, INCHICORE, DUBLIN,Dublin,Ireland",03/04/2017,"197 EMETT RD, INCHICORE, DUBLIN",Dublin 8,Dublin,82360.0,No,No,Second-Hand Dwelling house /Apartment,,2017-04-03,"197 Emmet Rd, Inchicore, Dublin 8, D08 CKP7, Ireland",ROOFTOP,53.33954,-6.3195585,D08 CKP7,street_address,Dublin City,Kilmainham C,02110,Dublin,268085009
201892,2017.0,"198 THE HARDWICK, NORTH BRUNSWICK STREET, DUBLIN 7,Dublin,Ireland",01/06/2017,"198 THE HARDWICK, NORTH BRUNSWICK STREET, DUBLIN 7",,Dublin,168000.0,No,No,Second-Hand Dwelling house /Apartment,,2017-06-01,"Church Street Upper, Arran Quay, Dublin, Ireland",GEOMETRIC_CENTER,53.3513146,-6.2738961,,"establishment,lodging,point_of_interest",Dublin City,Arran Quay B,02002,Dublin,268002006
201898,2017.0,"19A WHEATFIELD CRESENT, CLONDALKIN, DUBLIN 22,Dublin,Ireland",06/01/2017,"19A WHEATFIELD CRESENT, CLONDALKIN, DUBLIN 22",Dublin 22,Dublin,136000.0,No,No,Second-Hand Dwelling house /Apartment,,2017-01-06,"19A Wheatfields Cres, Collinstown, Dublin 22, D22 R9Y2, Ireland",ROOFTOP,53.3420267,-6.3915775,D22 R9Y2,street_address,South Dublin,Clondalkin-Moorfield,03008,Dublin,267051005
201905,2017.0,"1A GLENDHU RD, CABRA, DUBLIN 7,Dublin,Ireland",09/03/2017,"1A GLENDHU RD, CABRA, DUBLIN 7",Dublin 7,Dublin,342000.0,No,No,Second-Hand Dwelling house /Apartment,,2017-03-09,"1A Glendhu Rd, Ashtown, Dublin 7, D07 Y36T, Ireland",ROOFTOP,53.373891,-6.3231291,D07 Y36T,street_address,Dublin City,Ashtown A,02006,Dublin,268006003
201909,2017.0,"1A MOYNE RD, BALDOYLE, DUBLIN 13,Dublin,Ireland",03/04/2017,"1A MOYNE RD, BALDOYLE, DUBLIN 13",Dublin 13,Dublin,176000.0,No,No,Second-Hand Dwelling house /Apartment,,2017-04-03,"1A Moyne Rd, Maynetown, Dublin 13, D13 EP66, Ireland",ROOFTOP,53.4092877,-6.137425,D13 EP66,street_address,Fingal,Portmarnock South,04032,Dublin,267111002
201910,2017.0,"1A Mount Argus View, Harolds Cross, Dublin 6W,Dublin,Ireland",02/06/2017,"1A Mount Argus View, Harolds Cross, Dublin 6W",Dublin 6w,Dublin,770000.0,No,Yes,New Dwelling house /Apartment,greater than or equal to 38 sq metres and less than 125 sq metres,2017-06-02,"1 Mount Argus View, Harold's Cross, Dublin 6W, Co. Dublin, D6W E927, Ireland",ROOFTOP,53.3201037,-6.2880798,D6W E927,street_address,Dublin City,Kimmage C,02113,Dublin,268092005
201920,2017.0,"1ST FLOOR, CROUGHS PUB, TALLAGHT,Dublin,Ireland",11/04/2017,"1ST FLOOR, CROUGHS PUB, TALLAGHT",Dublin 24,Dublin,100000.0,Yes,No,Second-Hand Dwelling house /Apartment,,2017-04-11,"Whitestown, Dublin, 24, Ireland",GEOMETRIC_CENTER,53.2867544,-6.389848,24,"bar,establishment,point_of_interest",South Dublin,Tallaght-Fettercairn,03030,Dublin,267138013
201921,2017.0,"1a Brock Hall, Brock Lane, Dun Laoghaire,Dublin,Ireland",09/01/2017,"1a Brock Hall, Brock Lane, Dun Laoghaire",,Dublin,123348.02,No,Yes,New Dwelling house /Apartment,less than 38 sq metres,2017-01-09,"Apartment 8, Brock Hall, Brock's Ln, Glenageary, Dublin, Ireland",ROOFTOP,53.2943511,-6.1420837,,premise,Dn Laoghaire-Rathdown,Dn Laoghaire-West Central,05052,Dublin,267077004
201943,2017.0,"2 ASHFIELD PARK, RIDGEWOOD, SWORDS,Dublin,Ireland",08/05/2017,"2 ASHFIELD PARK, RIDGEWOOD, SWORDS",,Dublin,296916.0,No,Yes,New Dwelling house /Apartment,greater than or equal to 125 sq metres,2017-05-08,"Ashfield Park, Rathingle, Co. Dublin, Ireland",GEOMETRIC_CENTER,53.4492125,-6.2501929,,route,Fingal,Swords-Forrest,04036,Dublin,267132041
201944,2017.0,"2 ASHFIELD WAY, HUNTSTOWN, BLANCHARDSTOWN DUBLIN 15,Dublin,Ireland",10/02/2017,"2 ASHFIELD WAY, HUNTSTOWN, BLANCHARDSTOWN DUBLIN 15",Dublin 15,Dublin,227500.0,Yes,No,Second-Hand Dwelling house /Apartment,,2017-02-10,"2 Ashfield Way, Huntstown, Dublin 15, D15 XV0R, Ireland",ROOFTOP,53.401491,-6.4068649,D15 XV0R,street_address,Fingal,Blanchardstown-Blakestown,04009,Dublin,267028008
201949,2017.0,"2 AVOCA COURT, AVOCA AVE, BLACKROCK,Dublin,Ireland",06/04/2017,"2 AVOCA COURT, AVOCA AVE, BLACKROCK",,Dublin,365000.0,No,No,Second-Hand Dwelling house /Apartment,,2017-04-06,"Apartment 2, Avoca Court, Avoca Ave, Carrysfort, Blackrock, Co. Dublin, Ireland",ROOFTOP,53.2960147,-6.1904205,,premise,Dn Laoghaire-Rathdown,Blackrock-Central,05010,Dublin,267021006
201951,2017.0,"2 Abbotts Grove Avenue, Knocklyon,Dublin,Ireland",02/05/2017,"2 Abbotts Grove Avenue, Knocklyon",Dublin 16,Dublin,325110.0,No,Yes,New Dwelling house /Apartment,greater than or equal to 38 sq metres and less than 125 sq metres,2017-05-02,"24 Abbots grove, Ballycullen, Knocklyon, Co. Dublin, Ireland",ROOFTOP,53.2710579,-6.3252412,,"establishment,general_contractor,point_of_interest",South Dublin,Firhouse-Ballycullen,03012,Dublin,267085005/267085009
201953,2017.0,"2 BALLYNAKELLY RISE, NEWCASTLE, DUBLIN,Dublin,Ireland",09/02/2017,"2 BALLYNAKELLY RISE, NEWCASTLE, DUBLIN",Dublin 22,Dublin,215000.0,No,No,Second-Hand Dwelling house /Apartment,,2017-02-09,"2 Ballynakelly Mews, Ballynakelly, Newcastle, Co. Dublin, D22 YC91, Ireland",ROOFTOP,53.2955565,-6.4937548,D22 YC91,street_address,South Dublin,Newcastle,03018,Dublin,267107013
201971,2017.0,"2 BLARNEY PARK, KIMMAGE, DUBLIN 12,Dublin,Ireland",02/05/2017,"2 BLARNEY PARK, KIMMAGE, DUBLIN 12",Dublin 12,Dublin,356000.0,No,No,Second-Hand Dwelling house /Apartment,,2017-05-02,"2 Blarney Park, Kimmage, Dublin 12, D12 F6X4, Ireland",ROOFTOP,53.3207289,-6.2936306,D12 F6X4,street_address,Dublin City,Kimmage D,02114,Dublin,268093010
201979,2017.0,"2 Balgriffin Grove, Malahide Road, Balgriffin,Dublin,Ireland",10/03/2017,"2 Balgriffin Grove, Malahide Road, Balgriffin",Dublin 13,Dublin,375000.0,Yes,Yes,New Dwelling house /Apartment,greater than or equal to 38 sq metres and less than 125 sq metres,2017-03-10,"2 Balgriffin Park, Balgriffin, Dublin 13, D13 X7F6, Ireland",ROOFTOP,53.4103613,-6.1643111,D13 X7F6,street_address,Fingal,Balgriffin,04005,Dublin,267005005
201982,2017.0,"2 Barnwell Gate, Hansfield, Barnwell,Dublin,Ireland",08/02/2017,"2 Barnwell Gate, Hansfield, Barnwell",,Dublin,263876.65,No,Yes,New Dwelling house /Apartment,greater than or equal to 38 sq metres and less than 125 sq metres,2017-02-08,,,,,,,,,,,
201983,2017.0,"2 Barnwell Road, Hansfield,Dublin,Ireland",10/04/2017,"2 Barnwell Road, Hansfield",Dublin 15,Dublin,246696.04,No,Yes,New Dwelling house /Apartment,greater than or equal to 125 sq metres,2017-04-10,"2 Barnwell Rd, Hansfield, Dublin, Ireland",RANGE_INTERPOLATED,53.3910575,-6.4441922,,street_address,Fingal,Blanchardstown-Blakestown,04009,Dublin,267028004/01
201986,2017.0,"2 Beresford Place, Turvey Avenue, Donabate,Dublin,Ireland",05/05/2017,"2 Beresford Place, Turvey Avenue, Donabate",,Dublin,299560.0,No,Yes,New Dwelling house /Apartment,greater than or equal to 38 sq metres and less than 125 sq metres,2017-05-05,,,,,,,,,,,
202004,2017.0,"2 CASTLEPARK RESIDENCE, CASTLEPARK ROAD, SANDYCOVE,Dublin,Ireland",12/05/2017,"2 CASTLEPARK RESIDENCE, CASTLEPARK ROAD, SANDYCOVE",,Dublin,725000.0,No,No,Second-Hand Dwelling house /Apartment,,2017-05-12,"Apartment 6, Castlepark Residence, Castle Park Rd, Sandycove, Dublin, Ireland",ROOFTOP,53.2842082,-6.1116757,,premise,Dn Laoghaire-Rathdown,Dalkey-Bullock,05033,Dublin,267063001
202009,2017.0,"2 CHERRYWOOD DR, CLONDALKIN, DUBLIN 22,Dublin,Ireland",10/03/2017,"2 CHERRYWOOD DR, CLONDALKIN, DUBLIN 22",Dublin 22,Dublin,218000.0,No,No,Second-Hand Dwelling house /Apartment,,2017-03-10,"2 Cherrywood Dr, Fairview, Dublin 22, D22 V9P4, Ireland",ROOFTOP,53.319905,-6.4121816,D22 V9P4,street_address,South Dublin,Clondalkin Village,03010,Dublin,267053004
202030,2017.0,"2 COOLBROCK COTTAGES, BARN LODGE THE NEW RD, FINGLAS DUBLIN 11,Dublin,Ireland",02/05/2017,"2 COOLBROCK COTTAGES, BARN LODGE THE NEW RD, FINGLAS DUBLIN 11",Dublin 11,Dublin,65000.0,Yes,No,Second-Hand Dwelling house /Apartment,,2017-05-02,,,,,,,,,,,
202031,2017.0,"2 COOPERS LANE, RUSH, COUNTY DUBLIN,Dublin,Ireland",10/05/2017,"2 COOPERS LANE, RUSH, COUNTY DUBLIN",,Dublin,225000.0,No,No,Second-Hand Dwelling house /Apartment,,2017-05-10,"2 Coopers Walk, Lusk Village, Lusk, Co. Dublin, K45 RP27, Ireland",ROOFTOP,53.5274461,-6.1635831,K45 RP27,street_address,Fingal,Lusk,04028,Dublin,267104027
202042,2017.0,"2 CURRAGH HALL WOOD, TYRRELSTOWN, DUBLIN 15,Dublin,Ireland",01/03/2017,"2 CURRAGH HALL WOOD, TYRRELSTOWN, DUBLIN 15",Dublin 15,Dublin,167000.0,No,No,Second-Hand Dwelling house /Apartment,,2017-03-01,"Apartment 1, Curragh Hall Wood, Curragh Hall Cres, Tyrrelstown, Dublin 15, Ireland",ROOFTOP,53.4165704,-6.3880096,,premise,Fingal,The Ward,04041,Dublin,267158003
202050,2017.0,"2 Cuil Duin View, Cuil Duin, Citywest,Dublin,Ireland",10/05/2017,"2 Cuil Duin View, Cuil Duin, Citywest",Dublin 24,Dublin,339207.0,No,Yes,New Dwelling house /Apartment,greater than or equal to 38 sq metres and less than 125 sq metres,2017-05-10,"Garters Lane, Fortunestown Ln, Dublin, Ireland",GEOMETRIC_CENTER,53.284505,-6.433161,,"establishment,point_of_interest",South Dublin,Saggart,03027,Dublin,267119013
202052,2017.0,"2 DEERPARK GREEN, KILTIPPER, TALLAGHT DUBLIN 24,Dublin,Ireland",08/05/2017,"2 DEERPARK GREEN, KILTIPPER, TALLAGHT DUBLIN 24",Dublin 24,Dublin,226842.3,No,No,Second-Hand Dwelling house /Apartment,,2017-05-08,"2 Deerpark Green, Kiltipper, Dublin 24, D24 T183, Ireland",ROOFTOP,53.270494,-6.374409,D24 T183,street_address,South Dublin,Tallaght-Kiltipper,03035,Dublin,267143018
202053,2017.0,"2 DELHURST CLOSE, ONGAR, CLONEE DUBLIN 15,Dublin,Ireland",07/04/2017,"2 DELHURST CLOSE, ONGAR, CLONEE DUBLIN 15",Dublin 15,Dublin,165000.0,No,No,Second-Hand Dwelling house /Apartment,,2017-04-07,"2 Delhurst Ave, Ongar Park, Dublin 15, D15 R3P8, Ireland",ROOFTOP,53.392916,-6.4343777,D15 R3P8,street_address,Fingal,Blanchardstown-Blakestown,04009,Dublin,267028105
202058,2017.0,"2 DROM NA NANE PK, BEAUMONT, DUBLIN 9,Dublin,Ireland",03/02/2017,"2 DROM NA NANE PK, BEAUMONT, DUBLIN 9",Dublin 9,Dublin,362500.0,No,No,Second-Hand Dwelling house /Apartment,,2017-02-03,,,,,,,,,,,
202064,2017.0,"2 DUNBUR, BROOKVALE RD, DONNYBROOK DUBLIN 4,Dublin,Ireland",02/06/2017,"2 DUNBUR, BROOKVALE RD, DONNYBROOK DUBLIN 4",Dublin 4,Dublin,675000.0,No,No,Second-Hand Dwelling house /Apartment,,2017-06-02,"2, Dunbur, Brookvale Rd, Dublin 4, Ireland",ROOFTOP,53.3185799,-6.2334909,,subpremise,Dublin City,Rathmines East B,02135,Dublin,268129024
202068,2017.0,"2 Dalkey Manor, Killiney Road, Dalkey,Dublin,Ireland",01/03/2017,"2 Dalkey Manor, Killiney Road, Dalkey",,Dublin,814977.97,No,Yes,New Dwelling house /Apartment,greater than or equal to 125 sq metres,2017-03-01,"2 Killiney Rd, Dalkey, Dublin, Ireland",RANGE_INTERPOLATED,53.2730565,-6.1213526,,street_address,Dn Laoghaire-Rathdown,Dalkey-Avondale,05032,Dublin,267062001
202069,2017.0,"2 Diswelltown Avenue, Castleknock, Dublin 15,Dublin,Ireland",10/05/2017,"2 Diswelltown Avenue, Castleknock, Dublin 15",Dublin 15,Dublin,418502.2,No,Yes,New Dwelling house /Apartment,greater than or equal to 38 sq metres and less than 125 sq metres,2017-05-10,"2 Castleknock Ave, Blanchardstown, Dublin 15, D15 K283, Ireland",ROOFTOP,53.37882,-6.3713593,D15 K283,street_address,Fingal,Castleknock-Knockmaroon,04016,Dublin,267040012
202083,2017.0,"2 FORBES LANE, DUBLIN 8, DUBLIN,Dublin,Ireland",03/03/2017,"2 FORBES LANE, DUBLIN 8, DUBLIN",Dublin 8,Dublin,150000.0,No,No,Second-Hand Dwelling house /Apartment,,2017-03-03,"2 Forbes Ln, Ushers, Dublin 8, D08 E6C8, Ireland",ROOFTOP,53.339486,-6.2881046,D08 E6C8,street_address,Dublin City,Ushers C,02154,Dublin,268150005
202084,2017.0,"2 FOREST CLOSE, KINGSWOOD, DUBLIN 24,Dublin,Ireland",07/03/2017,"2 FOREST CLOSE, KINGSWOOD, DUBLIN 24",Dublin 24,Dublin,285000.0,No,No,Second-Hand Dwelling house /Apartment,,2017-03-07,"2 Forest Cl, Kingswood, Dublin 24, D24 X9CX, Ireland",ROOFTOP,53.3085683,-6.3632027,D24 X9CX,street_address,South Dublin,Tallaght-Kilnamanagh,03034,Dublin,267142005
202088,2017.0,"2 Farraya, Clonshaugh Road, Dublin 17,Dublin,Ireland",05/05/2017,"2 Farraya, Clonshaugh Road, Dublin 17",Dublin 17,Dublin,121576.0,Yes,Yes,New Dwelling house /Apartment,greater than or equal to 38 sq metres and less than 125 sq metres,2017-05-05,"Farraya, Clonshaugh Rd, Clonshagh, Dublin 17, Ireland",ROOFTOP,53.4004483,-6.2151011,,premise,Dublin City,Priorswood E,02084,Dublin,268123005
202106,2017.0,"2 HARCOURT LODGE, SOUTHERN CROSS AVENUE, INCHICORE,Dublin,Ireland",04/04/2017,"2 HARCOURT LODGE, SOUTHERN CROSS AVENUE, INCHICORE",Dublin 8,Dublin,245000.0,No,No,Second-Hand Dwelling house /Apartment,,2017-04-04,"Harcourt Lodge, Southern Cross Ave, Inchicore, Dublin 8, Ireland",ROOFTOP,53.3367143,-6.3122658,,premise,Dublin City,Kilmainham C,02110,Dublin,268085017
202112,2017.0,"2 HIGHFIELD MANOR, RATHGAR, DUBLIN 6,Dublin,Ireland",10/02/2017,"2 HIGHFIELD MANOR, RATHGAR, DUBLIN 6",,Dublin,350000.0,No,No,Second-Hand Dwelling house /Apartment,,2017-02-10,"Apartment 2, Highfield Manor, 31 Highfield Rd, Rathfarnham, Dublin 6, D06 Y673, Ireland",ROOFTOP,53.3123335,-6.2711805,D06 Y673,street_address,Dublin City,Rathfarnham,02133,Dublin,268127009
202118,2017.0,"2 HYDE ROAD, DALKEY, COUNTY DUBLIN,Dublin,Ireland",03/04/2017,"2 HYDE ROAD, DALKEY, COUNTY DUBLIN",,Dublin,265000.0,Yes,No,Second-Hand Dwelling house /Apartment,,2017-04-03,"2 Hyde Rd, Dalkey, Co. Dublin, Ireland",RANGE_INTERPOLATED,53.2789533,-6.1080397,,street_address,Dn Laoghaire-Rathdown,Dalkey-Bullock,05033,Dublin,267063007
202121,2017.0,"2 Hampton Lodge Walk, Gracepark Road, Drumcondra,Dublin,Ireland",07/04/2017,"2 Hampton Lodge Walk, Gracepark Road, Drumcondra",Dublin 9,Dublin,411453.0,No,Yes,New Dwelling house /Apartment,greater than or equal to 38 sq metres and less than 125 sq metres,2017-04-07,"Grace Park Rd, Whitehall, Dublin 9, Ireland",GEOMETRIC_CENTER,53.3760331,-6.2448122,,"establishment,point_of_interest",Dublin City,Whitehall D,02093,Dublin,268160003
202131,2017.0,"2 KILCLARE AVENUE, JOBSTOWN, TALLAGHT,Dublin,Ireland",04/01/2017,"2 KILCLARE AVENUE, JOBSTOWN, TALLAGHT",,Dublin,140000.0,No,No,Second-Hand Dwelling house /Apartment,,2017-01-04,"2 Kilclare Ave, Whitestown, Dublin 24, D24 X3N7, Ireland",ROOFTOP,53.2811989,-6.3917397,D24 X3N7,street_address,South Dublin,Tallaght-Jobstown,03032,Dublin,267140031
202164,2017.0,"2 MAPLE HALL, MOUNT SAINT ANNES, MILLTOWN,Dublin,Ireland",06/04/2017,"2 MAPLE HALL, MOUNT SAINT ANNES, MILLTOWN",,Dublin,396475.77,No,Yes,New Dwelling house /Apartment,greater than or equal to 125 sq metres,2017-04-06,"Apartment 17, Maple Hall, Milltown Ave, Mount St Annes, Dublin 6, Ireland",ROOFTOP,53.3120818,-6.2481127,,premise,Dublin City,Rathmines East B,02135,Dublin,268129012/268129013
202171,2017.0,"2 MILESIAN GROVE, SWORDS, DUBLIN,Dublin,Ireland",11/04/2017,"2 MILESIAN GROVE, SWORDS, DUBLIN",,Dublin,385000.0,No,No,Second-Hand Dwelling house /Apartment,,2017-04-11,"2 Milesian Grove, Mountgorry, Swords, Co. Dublin, K67 PW92, Ireland",ROOFTOP,53.452763,-6.2065757,K67 PW92,street_address,Fingal,Swords-Seatown,04039,Dublin,267134003
202182,2017.0,"2 MOUNT ANVILLE LAWN, GOATSTOWN, DUBLIN 14,Dublin,Ireland",08/02/2017,"2 MOUNT ANVILLE LAWN, GOATSTOWN, DUBLIN 14",Dublin 14,Dublin,825000.0,No,No,Second-Hand Dwelling house /Apartment,,2017-02-08,"2 Mount Anville Park, Mount Merrion, Dublin 14, D14 K208, Ireland",ROOFTOP,53.2944946,-6.2204106,D14 K208,street_address,Dn Laoghaire-Rathdown,Stillorgan-Deerpark,05063,Dublin,267124003
202196,2017.0,"2 NUGENT RD, CHURCHTOWN, DUBLIN 14,Dublin,Ireland",11/04/2017,"2 NUGENT RD, CHURCHTOWN, DUBLIN 14",Dublin 14,Dublin,535000.0,No,No,Second-Hand Dwelling house /Apartment,,2017-04-11,"Nugent Rd, Whitehall, Dublin 14, Ireland",GEOMETRIC_CENTER,53.2947304,-6.2662343,,route,Dn Laoghaire-Rathdown,Churchtown-Castle,05022,Dublin,267042002
202204,2017.0,"2 ORBY DR, THE GALLOPS, LEOPARDSTOWN DUBLIN 18,Dublin,Ireland",09/01/2017,"2 ORBY DR, THE GALLOPS, LEOPARDSTOWN DUBLIN 18",Dublin 18,Dublin,580000.0,No,No,Second-Hand Dwelling house /Apartment,,2017-01-09,"2 Orby Dr, The Gallops, Dublin 18, D18 HD50, Ireland",ROOFTOP,53.2634147,-6.2033313,D18 HD50,street_address,Dn Laoghaire-Rathdown,Glencullen,05057,Dublin,267092038
202206,2017.0,"2 ORPHEN DALE, STILLORGAN GROVE, BLACKROCK,Dublin,Ireland",01/03/2017,"2 ORPHEN DALE, STILLORGAN GROVE, BLACKROCK",,Dublin,602500.0,No,No,Second-Hand Dwelling house /Apartment,,2017-03-01,,,,,,,,,,,
202212,2017.0,"2 Odin's Way, Rathfarnham,Dublin,Ireland",09/02/2017,"2 Odin's Way, Rathfarnham",Dublin 16,Dublin,480176.21,No,Yes,New Dwelling house /Apartment,greater than or equal to 38 sq metres and less than 125 sq metres,2017-02-09,"658 Whitechurch Rd, Rathfarnham, Dublin 16, D16 C954 Whitechurch Rd, Rathfarnham, Dublin 16, D16 C954, Ireland",ROOFTOP,53.2815731,-6.2851548,D16 C954,"establishment,point_of_interest",South Dublin,Edmondstown,03011,Dublin,267083017
202215,2017.0,"2 PALMERSTOWN SQ APT, PALMERSTOWN PARK, DUBLIN 20,Dublin,Ireland",03/03/2017,"2 PALMERSTOWN SQ APT, PALMERSTOWN PARK, DUBLIN 20",Dublin 20,Dublin,223000.0,No,No,Second-Hand Dwelling house /Apartment,,2017-03-03,"Palmerstown Square, Kennelsfort Rd Upper, Woodfarm, Dublin 20, Ireland",ROOFTOP,53.350705,-6.3821178,,premise,South Dublin,Palmerston West,03020,Dublin,267109011
202222,2017.0,"2 PAVILLION GATE, GLENAMUCK RD, CARRICKMINES,Dublin,Ireland",03/05/2017,"2 PAVILLION GATE, GLENAMUCK RD, CARRICKMINES",Dublin 18,Dublin,995000.0,No,No,Second-Hand Dwelling house /Apartment,,2017-05-03,,,,,,,,,,,
202223,2017.0,"2 PEAMOUNT ROAD, NEWCASTLE, CO DUBLIN,Dublin,Ireland",10/01/2017,"2 PEAMOUNT ROAD, NEWCASTLE, CO DUBLIN",,Dublin,120000.0,No,No,Second-Hand Dwelling house /Apartment,,2017-01-10,"2 Peamount Rd, Cornerpark, Newcastle, Co. Dublin, D22 DY04, Ireland",ROOFTOP,53.3000209,-6.5005216,D22 DY04,street_address,South Dublin,Newcastle,03018,Dublin,267107008
202225,2017.0,"2 PINEVIEW PARK, AYLESBURY, TALLAGHT,Dublin,Ireland",12/05/2017,"2 PINEVIEW PARK, AYLESBURY, TALLAGHT",Dublin 24,Dublin,311000.0,No,No,Second-Hand Dwelling house /Apartment,,2017-05-12,"Aylesbury Park, 32 Pineview Park, Oldbawn, Dublin 24, Ireland",ROOFTOP,53.2757356,-6.3622538,,"establishment,park,point_of_interest",South Dublin,Tallaght-Kiltipper,03035,Dublin,267143010
202227,2017.0,"2 PORTERSFIELD, COOLMINE, DUBLIN 15,Dublin,Ireland",02/03/2017,"2 PORTERSFIELD, COOLMINE, DUBLIN 15",Dublin 15,Dublin,152000.0,No,No,Second-Hand Dwelling house /Apartment,,2017-03-02,"2 Portersfield, Dublin, Ireland",RANGE_INTERPOLATED,53.3825974,-6.3962212,,street_address,Fingal,Blanchardstown-Delwood,04012,Dublin,267031009
202232,2017.0,"2 Parkside Walk, Parkside, Malahide,Dublin,Ireland",01/02/2017,"2 Parkside Walk, Parkside, Malahide",,Dublin,279729.0,No,Yes,New Dwelling house /Apartment,greater than or equal to 38 sq metres and less than 125 sq metres,2017-02-01,"13 Parkside Mews, Balgriffin, Dublin, Ireland",ROOFTOP,53.4063878,-6.1662688,,"establishment,point_of_interest",Dublin City,Grange A,02059,Dublin,268071024
202241,2017.0,"2 RATHDOWN CRESCENT, TERENURE, DUBLIN 6W,Dublin,Ireland",02/03/2017,"2 RATHDOWN CRESCENT, TERENURE, DUBLIN 6W",,Dublin,1225000.0,No,No,Second-Hand Dwelling house /Apartment,,2017-03-02,"2 Rathdown Cres, Terenure, Dublin 6W, Co. Dublin, D6W RW72, Ireland",ROOFTOP,53.3052677,-6.2863203,D6W RW72,street_address,Dublin City,Terenure D,02151,Dublin,268147001
202257,2017.0,"2 ROEBUCK ROAD, CLONSKEAGH, DUBLIN 14,Dublin,Ireland",06/03/2017,"2 ROEBUCK ROAD, CLONSKEAGH, DUBLIN 14",Dublin 14,Dublin,625000.0,No,No,Second-Hand Dwelling house /Apartment,,2017-03-06,"2 Roebuck Rd, Friarland, Dublin 14, D14 EP62, Ireland",ROOFTOP,53.3050941,-6.2365077,D14 EP62,street_address,Dn Laoghaire-Rathdown,Clonskeagh-Windy Arbour,05031,Dublin,267059002
202266,2017.0,"2 SEAFIELD TERRACE, COLIEMORE RD, DALKEY,Dublin,Ireland",12/05/2017,"2 SEAFIELD TERRACE, COLIEMORE RD, DALKEY",,Dublin,620000.0,No,No,Second-Hand Dwelling house /Apartment,,2017-05-12,"Seafield House, Coliemore Rd, Dalkey, Co. Dublin, Ireland",ROOFTOP,53.2761332,-6.0963402,,premise,Dn Laoghaire-Rathdown,Dalkey-Coliemore,05034,Dublin,267064002
202271,2017.0,"2 SHANLISS WAY, DUBLIN 9, DUBLIN,Dublin,Ireland",06/02/2017,"2 SHANLISS WAY, DUBLIN 9, DUBLIN",Dublin 9,Dublin,260000.0,No,No,Second-Hand Dwelling house /Apartment,,2017-02-06,"2 Shanliss Way, Santry, Dublin 9, D09 HV00, Ireland",ROOFTOP,53.3943375,-6.2535928,D09 HV00,street_address,Dublin City,Ballymun C,02017,Dublin,268017007
202296,2017.0,"2 STRALEM COURT, ONGAR WOOD, ONGAR DUBLIN 15,Dublin,Ireland",10/02/2017,"2 STRALEM COURT, ONGAR WOOD, ONGAR DUBLIN 15",Dublin 15,Dublin,145000.0,No,No,Second-Hand Dwelling house /Apartment,,2017-02-10,,,,,,,,,,,
202297,2017.0,"2 STRAND HOUSE, 171 STRAND RD, SANDYMOUNT DUBLIN 4,Dublin,Ireland",02/02/2017,"2 STRAND HOUSE, 171 STRAND RD, SANDYMOUNT DUBLIN 4",Dublin 4,Dublin,350000.0,No,No,Second-Hand Dwelling house /Apartment,,2017-02-02,"Strand House, Strand Rd, Dublin 4, Ireland",ROOFTOP,53.319719,-6.2064866,,premise,Dublin City,Pembroke East C,02127,Dublin,268112012
202300,2017.0,"2 SYCAMORE HOUSE, EATON WOOD SQ, SHANKILL,Dublin,Ireland",05/01/2017,"2 SYCAMORE HOUSE, EATON WOOD SQ, SHANKILL",Dublin 18,Dublin,170000.0,No,No,Second-Hand Dwelling house /Apartment,,2017-01-05,"Apartment 1, Sycamore House, Eaton Wood Grove, Shankill, Dublin 18, Ireland",ROOFTOP,53.2344323,-6.1165536,,premise,Dn Laoghaire-Rathdown,Shankill-Shanganagh,05062,Dublin,267122014
202315,2017.0,"2 THE BEECHES, DUNSTAFFNAGE HALL, OLD STILLORGAN ROAD,Dublin,Ireland",03/02/2017,"2 THE BEECHES, DUNSTAFFNAGE HALL, OLD STILLORGAN ROAD",,Dublin,365000.0,No,No,Second-Hand Dwelling house /Apartment,,2017-02-03,,,,,,,,,,,
202323,2017.0,"2 THE CRESCENT, GRIFFITH DOWNS, DRUMCONDRA DUBLIN 9,Dublin,Ireland",05/01/2017,"2 THE CRESCENT, GRIFFITH DOWNS, DRUMCONDRA DUBLIN 9",Dublin 9,Dublin,575000.0,No,No,Second-Hand Dwelling house /Apartment,,2017-01-05,"2 Griffith Walk, Drumcondra, Dublin 9, D09 W7C5, Ireland",ROOFTOP,53.3725589,-6.2414991,D09 W7C5,street_address,Dublin City,Drumcondra South A,02047,Dublin,268058018
202339,2017.0,"2 THE ORCHARD, CHERRYFIELD AVE UPPER, RANELAGH DUBLIN 6,Dublin,Ireland",02/05/2017,"2 THE ORCHARD, CHERRYFIELD AVE UPPER, RANELAGH DUBLIN 6",Dublin 6,Dublin,500000.0,No,No,Second-Hand Dwelling house /Apartment,,2017-05-02,"2 Cherryfield Ave Upper, The Orchard, Dublin 6, D06 K7N8, Ireland",ROOFTOP,53.3185465,-6.2471691,D06 K7N8,street_address,Dublin City,Rathmines East B,02135,Dublin,268129014
202354,2017.0,"2 TULLYHALL RISE, TULLYHALL, LUCAN,Dublin,Ireland",04/05/2017,"2 TULLYHALL RISE, TULLYHALL, LUCAN",,Dublin,390000.0,No,No,Second-Hand Dwelling house /Apartment,,2017-05-04,"13 Tullyhall Dr, Kishoge, Lucan, Co. Dublin, Ireland",ROOFTOP,53.3364601,-6.43928,,"establishment,point_of_interest,school",South Dublin,Lucan-Esker,03015,Dublin,267100007
202356,2017.0,"2 Terenure Square, Terenure,Dublin,Ireland",09/02/2017,"2 Terenure Square, Terenure",Dublin 6w,Dublin,528634.36,No,Yes,New Dwelling house /Apartment,greater than or equal to 38 sq metres and less than 125 sq metres,2017-02-09,"2 Terenure Rd E, Terenure, Dublin 6, D06 E5A0, Ireland",ROOFTOP,53.3119954,-6.2748419,D06 E5A0,street_address,Dublin City,Rathmines West E,02142,Dublin,268136007
202359,2017.0,"2 The Court, Scholarstown Wood, Scholarstown Road,Dublin,Ireland",11/05/2017,"2 The Court, Scholarstown Wood, Scholarstown Road",Dublin 16,Dublin,506607.93,No,Yes,New Dwelling house /Apartment,greater than or equal to 125 sq metres,2017-05-11,"Scholarstown Rd, Ballyroan, Dublin, Ireland",GEOMETRIC_CENTER,53.2793586,-6.3073067,,"establishment,point_of_interest",South Dublin,Firhouse-Ballycullen,03012,Dublin,267085025
202368,2017.0,"2 The Rise, St. Marnock's Bay,Dublin,Ireland",06/06/2017,"2 The Rise, St. Marnock's Bay",,Dublin,383252.0,No,Yes,New Dwelling house /Apartment,greater than or equal to 38 sq metres and less than 125 sq metres,2017-06-06,"2 St Helen's Terrace, Inchicore, Dublin 8, D08 Y66T, Ireland",ROOFTOP,53.3362082,-6.3139748,D08 Y66T,street_address,Dublin City,Kilmainham C,02110,Dublin,268085017
202370,2017.0,"2 The Walk, Scholarstown Road, Rathfarnham,Dublin,Ireland",09/02/2017,"2 The Walk, Scholarstown Road, Rathfarnham",Dublin 16,Dublin,422907.0,No,Yes,New Dwelling house /Apartment,greater than or equal to 38 sq metres and less than 125 sq metres,2017-02-09,"2 B�_thar Bhaile Scallart, L�_iste Theampaill Ru��in, Ballyroan, Dublin 16, D16 W3C8, Ireland",ROOFTOP,53.2803628,-6.3072958,D16 W3C8,street_address,South Dublin,Ballyboden,03002,Dublin,267013009
202376,2017.0,"2 WATERSIDE LAWN, WATERSIDE, SWORDS RD,Dublin,Ireland",06/04/2017,"2 WATERSIDE LAWN, WATERSIDE, SWORDS RD",Dublin 9,Dublin,240000.0,No,No,Second-Hand Dwelling house /Apartment,,2017-04-06,,,,,,,,,,,
202381,2017.0,"2 WHITEFRIAR PLACE, DUBLIN 8, DUBLIN,Dublin,Ireland",01/03/2017,"2 WHITEFRIAR PLACE, DUBLIN 8, DUBLIN",Dublin 8,Dublin,156000.0,No,No,Second-Hand Dwelling house /Apartment,,2017-03-01,"2 Whitefriar Pl, Dublin 8, D08 T0H6, Ireland",ROOFTOP,53.3396082,-6.2669331,D08 T0H6,street_address,Dublin City,Royal Exchange A,02144,Dublin,268140006
202387,2017.0,"2 WINTON MEWS, WINTON AVE, RATHGAR DUBLIN 6,Dublin,Ireland",02/06/2017,"2 WINTON MEWS, WINTON AVE, RATHGAR DUBLIN 6",Dublin 6,Dublin,525000.0,No,No,Second-Hand Dwelling house /Apartment,,2017-06-02,"Winton Lodge, Winton Rd, Dublin 6, Ireland",ROOFTOP,53.3285047,-6.2509831,,premise,Dublin City,Rathmines East A,02134,Dublin,268128002
202397,2017.0,"2 YELLOW MEADOWS DR, WATERY LANE,Dublin,Ireland",06/06/2017,"2 YELLOW MEADOWS DR, WATERY LANE",Dublin 22,Dublin,252000.0,No,No,Second-Hand Dwelling house /Apartment,,2017-06-06,"2 Watery Ln, Clondalkin, Dublin 22, D22 PN26, Ireland",ROOFTOP,53.3225106,-6.3916762,D22 PN26,street_address,South Dublin,Clondalkin-Monastery,03007,Dublin,267050005
202401,2017.0,"2 ashfield avenue, ridgewood, Forrest Road,Dublin,Ireland",12/04/2017,"2 ashfield avenue, ridgewood, Forrest Road",,Dublin,363876.65,No,Yes,New Dwelling house /Apartment,greater than or equal to 38 sq metres and less than 125 sq metres,2017-04-12,"59 Main St, Swords Demesne, Swords, Co. Dublin, Ireland",ROOFTOP,53.4565097,-6.2211673,,"establishment,finance,point_of_interest,real_estate_agency",Fingal,Swords Village,04040,Dublin,267135010
202419,2017.0,"20 ASHFIELD DRIVE, KINGSWOOD HEIGHTS, TALLAGHT,Dublin,Ireland",03/03/2017,"20 ASHFIELD DRIVE, KINGSWOOD HEIGHTS, TALLAGHT",,Dublin,268000.0,No,No,Second-Hand Dwelling house /Apartment,,2017-03-03,"20 Ashfield Dr, Kingswood, Dublin 24, D24 K06H, Ireland",ROOFTOP,53.3083902,-6.3682123,D24 K06H,street_address,South Dublin,Clondalkin-Ballymount,03004,Dublin,267047002
202420,2017.0,"20 ASHFIELD PARK, MULHUDDART, DUBLIN 15,Dublin,Ireland",03/03/2017,"20 ASHFIELD PARK, MULHUDDART, DUBLIN 15",Dublin 15,Dublin,156000.0,No,No,Second-Hand Dwelling house /Apartment,,2017-03-03,"20 Ashfield Park, Huntstown, Dublin 15, D15 N83C, Ireland",ROOFTOP,53.4010533,-6.4021757,D15 N83C,street_address,Fingal,Blanchardstown-Blakestown,04009,Dublin,267028119
202423,2017.0,"20 Abbots Grove Avenue, Knocklyon, DUBLIN,Dublin,Ireland",06/03/2017,"20 Abbots Grove Avenue, Knocklyon, DUBLIN",Dublin 16,Dublin,384000.0,No,Yes,New Dwelling house /Apartment,greater than or equal to 38 sq metres and less than 125 sq metres,2017-03-06,"24 Abbots grove, Ballycullen, Knocklyon, Co. Dublin, Ireland",ROOFTOP,53.2710579,-6.3252412,,"establishment,general_contractor,point_of_interest",South Dublin,Firhouse-Ballycullen,03012,Dublin,267085005/267085009
202429,2017.0,"20 Atkinson Drive, Belmont, Aikens Village,Dublin,Ireland",12/04/2017,"20 Atkinson Drive, Belmont, Aikens Village",,Dublin,370044.0,No,Yes,New Dwelling house /Apartment,greater than or equal to 38 sq metres and less than 125 sq metres,2017-04-12,,,,,,,,,,,
202440,2017.0,"20 BOTHAR LEIN, ARTANE, DUBLIN 5,Dublin,Ireland",03/02/2017,"20 BOTHAR LEIN, ARTANE, DUBLIN 5",Dublin 5,Dublin,235000.0,No,No,Second-Hand Dwelling house /Apartment,,2017-02-03,"20 Lein Rd, Harmonstown, Dublin 5, D05 NY22, Ireland",ROOFTOP,53.3821916,-6.1877401,D05 NY22,street_address,Dublin City,Harmonstown B,02065,Dublin,268077006
202445,2017.0,"20 Ballygossan Park, Golf Links Road, Skerries,Dublin,Ireland",06/04/2017,"20 Ballygossan Park, Golf Links Road, Skerries",,Dublin,259911.89,No,Yes,New Dwelling house /Apartment,greater than or equal to 38 sq metres and less than 125 sq metres,2017-04-06,,,,,,,,,,,
202448,2017.0,"20 Burford Drive, Honeypark, Dun Laoghaire,Dublin,Ireland",02/02/2017,"20 Burford Drive, Honeypark, Dun Laoghaire",,Dublin,612334.0,No,Yes,New Dwelling house /Apartment,greater than or equal to 125 sq metres,2017-02-02,"20 Burford Dr, Honeypark, Dublin, Ireland",RANGE_INTERPOLATED,53.2782595,-6.1452317,,street_address,Dn Laoghaire-Rathdown,Dn Laoghaire-Sallynoggin West,05049,Dublin,267074002
202452,2017.0,"20 CAPPAGH DR, FINGLAS WEST, DUBLIN 11,Dublin,Ireland",12/05/2017,"20 CAPPAGH DR, FINGLAS WEST, DUBLIN 11",Dublin 11,Dublin,210000.0,No,No,Second-Hand Dwelling house /Apartment,,2017-05-12,"20 Heathfield Crescent, Cappagh Rd, Kildonan, Dublin 11, D11 C2F5, Ireland",ROOFTOP,53.395324,-6.3209581,D11 C2F5,street_address,Fingal,The Ward,04041,Dublin,267158009
202458,2017.0,"20 CHAPEL FARM GROVE, LUSK, DUBLIN,Dublin,Ireland",08/05/2017,"20 CHAPEL FARM GROVE, LUSK, DUBLIN",,Dublin,274000.0,No,No,Second-Hand Dwelling house /Apartment,,2017-05-08,"20 Chapel Farm Grove, Racecourse Common, Lusk, Co. Dublin, K45 WV05, Ireland",ROOFTOP,53.522683,-6.1694359,K45 WV05,street_address,Fingal,Lusk,04028,Dublin,267104011
202463,2017.0,"20 CLAREVILLE RD, HAROLDS CROSS, DUBLIN 6W,Dublin,Ireland",02/03/2017,"20 CLAREVILLE RD, HAROLDS CROSS, DUBLIN 6W",,Dublin,547000.0,No,No,Second-Hand Dwelling house /Apartment,,2017-03-02,"20 Clareville Rd, Harold's Cross, Dublin 6W, Co. Dublin, D6W PN30, Ireland",ROOFTOP,53.3182205,-6.2828386,D6W PN30,street_address,Dublin City,Terenure A,02148,Dublin,268144012
202480,2017.0,"20 Croftwell Square, Rathcoole,Dublin,Ireland",07/06/2017,"20 Croftwell Square, Rathcoole",,Dublin,308370.04,No,Yes,New Dwelling house /Apartment,greater than or equal to 38 sq metres and less than 125 sq metres,2017-06-07,"Croftwell Square, Co. Dublin, Ireland",GEOMETRIC_CENTER,53.2788447,-6.4789994,,route,South Dublin,Rathcoole,03021,Dublin,267112003
202484,2017.0,"20 DONORE AVE, CIRCULAR RD SOUTH, DUBLIN 8,Dublin,Ireland",11/01/2017,"20 DONORE AVE, CIRCULAR RD SOUTH, DUBLIN 8",Dublin 8,Dublin,190000.0,No,No,Second-Hand Dwelling house /Apartment,,2017-01-11,,,,,,,,,,,
202486,2017.0,"20 DUNSINK AVE, FINGLAS WEST, DUBLIN 11,Dublin,Ireland",08/02/2017,"20 DUNSINK AVE, FINGLAS WEST, DUBLIN 11",Dublin 11,Dublin,157000.0,No,No,Second-Hand Dwelling house /Apartment,,2017-02-08,"20 Dunsink Ave, Finglas West, Dublin 11, D11 V5T8, Ireland",ROOFTOP,53.3848666,-6.305539,D11 V5T8,street_address,Dublin City,Finglas South C,02056,Dublin,268068006
202489,2017.0,"20 ELMFIELD COURT, NINTH LOCK, CLONDALKIN,Dublin,Ireland",04/05/2017,"20 ELMFIELD COURT, NINTH LOCK, CLONDALKIN",Dublin 22,Dublin,170000.0,No,No,Second-Hand Dwelling house /Apartment,,2017-05-04,"Apartment 62, Elmfield Court, Ninth Lock Rd, Clondalkin, Dublin 22, Ireland",ROOFTOP,53.3262473,-6.394799,,premise,South Dublin,Clondalkin-Monastery,03007,Dublin,267050007
202494,2017.0,"20 GAINSBOROUGH AVE, SWORDS RD, MALAHIDE,Dublin,Ireland",06/03/2017,"20 GAINSBOROUGH AVE, SWORDS RD, MALAHIDE",,Dublin,506000.0,No,No,Second-Hand Dwelling house /Apartment,,2017-03-06,,,,,,,,,,,
202495,2017.0,"20 GALTRIM GRANGE, BROOMFIELD, MALAHIDE,Dublin,Ireland",07/06/2017,"20 GALTRIM GRANGE, BROOMFIELD, MALAHIDE",,Dublin,430000.0,No,No,Second-Hand Dwelling house /Apartment,,2017-06-07,"20 Galtrim Grange, Broomfield, Malahide, Co. Dublin, K36 DC65, Ireland",ROOFTOP,53.4373867,-6.1544782,K36 DC65,street_address,Fingal,Malahide East,04029,Dublin,267105018
202499,2017.0,"20 GRACEPARK MANOR, DRUMCONDRA, DUBLIN 9,Dublin,Ireland",09/06/2017,"20 GRACEPARK MANOR, DRUMCONDRA, DUBLIN 9",Dublin 9,Dublin,345000.0,No,No,Second-Hand Dwelling house /Apartment,,2017-06-09,"20 Grace Park Terrace, Drumcondra, Dublin 9, D09 C9F7, Ireland",ROOFTOP,53.3726715,-6.242239,D09 C9F7,street_address,Dublin City,Drumcondra South A,02047,Dublin,268058018
202504,2017.0,"20 HANSFIELD, CASTAHEANY, DUBLIN 15,Dublin,Ireland",09/05/2017,"20 HANSFIELD, CASTAHEANY, DUBLIN 15",Dublin 15,Dublin,274000.0,No,No,Second-Hand Dwelling house /Apartment,,2017-05-09,"20 Hansfield, Castaheany, Dublin 15, D15 A5F9, Ireland",ROOFTOP,53.4007249,-6.4256095,D15 A5F9,street_address,Fingal,Blanchardstown-Blakestown,04009,Dublin,267028047
202510,2017.0,"20 INVER RD, CABRA WEST, DUBLIN 7,Dublin,Ireland",02/06/2017,"20 INVER RD, CABRA WEST, DUBLIN 7",Dublin 7,Dublin,240000.0,No,No,Second-Hand Dwelling house /Apartment,,2017-06-02,"20 Inver Rd, Cabra West, Dublin 7, D07 T2NC, Ireland",ROOFTOP,53.3660627,-6.2964509,D07 T2NC,street_address,Dublin City,Cabra West C,02035,Dublin,268035008
202512,2017.0,"20 KILCROSS SQ, SIMONS RIDGE, SANDYFORD,Dublin,Ireland",05/04/2017,"20 KILCROSS SQ, SIMONS RIDGE, SANDYFORD",Dublin 18,Dublin,380000.0,No,No,Second-Hand Dwelling house /Apartment,,2017-04-05,"20 Kilcross Square, Sandyford, Dublin 18, D18 XC91, Ireland",ROOFTOP,53.270784,-6.2348392,D18 XC91,street_address,Dn Laoghaire-Rathdown,Dundrum-Sandyford,05039,Dublin,267080020
202513,2017.0,"20 KILLINEY GATE, CHURCH RD, KILLINEY,Dublin,Ireland",06/06/2017,"20 KILLINEY GATE, CHURCH RD, KILLINEY",,Dublin,600000.0,No,No,Second-Hand Dwelling house /Apartment,,2017-06-06,"20 Church Rd, Dublin, Ireland",RANGE_INTERPOLATED,53.2534708,-6.1247722,,street_address,Dn Laoghaire-Rathdown,Killiney North,05058,Dublin,267096002
202546,2017.0,"20 PINTAIL HOUSE, REDCOURT OAKS, SEAFIELD RD EAST DUBLIN 3,Dublin,Ireland",01/01/2017,"20 PINTAIL HOUSE, REDCOURT OAKS, SEAFIELD RD EAST DUBLIN 3",Dublin 3,Dublin,360000.0,No,No,Second-Hand Dwelling house /Apartment,,2017-01-01,,,,,,,,,,,
202551,2017.0,"20 Park Avenue, Millers Glen, Swords,Dublin,Ireland",04/05/2017,"20 Park Avenue, Millers Glen, Swords",,Dublin,264316.0,No,Yes,New Dwelling house /Apartment,greater than or equal to 38 sq metres and less than 125 sq metres,2017-05-04,"Longview Ave, Oldtown, Co. Dublin, Ireland",GEOMETRIC_CENTER,53.4739449,-6.2397822,,"establishment,point_of_interest",Fingal,Swords-Lissenhall,04038,Dublin,267133026
202566,2017.0,"20 SEAFORT AVE, SANDYMOUNT, DUBLIN 4,Dublin,Ireland",09/06/2017,"20 SEAFORT AVE, SANDYMOUNT, DUBLIN 4",Dublin 4,Dublin,1030000.0,No,No,Second-Hand Dwelling house /Apartment,,2017-06-09,"20 Seafort Ave, Dublin 4, D04 H9C0, Ireland",ROOFTOP,53.333216,-6.2141501,D04 H9C0,street_address,Dublin City,Pembroke East B,02126,Dublin,268111007
202571,2017.0,"20 ST COLUMCILLES DR, SWORDS, DUBLIN,Dublin,Ireland",02/03/2017,"20 ST COLUMCILLES DR, SWORDS, DUBLIN",,Dublin,315000.0,No,No,Second-Hand Dwelling house /Apartment,,2017-03-02,"20 St Columcille's Dr, Townparks, Swords, Co. Dublin, Ireland",RANGE_INTERPOLATED,53.4590389,-6.217596,,street_address,Fingal,Swords Village,04040,Dublin,267135005
202576,2017.0,"20 STRALEM TERRACE, ONGAR WOOD, ONGAR DUBLIN 15,Dublin,Ireland",10/04/2017,"20 STRALEM TERRACE, ONGAR WOOD, ONGAR DUBLIN 15",Dublin 15,Dublin,252000.0,No,No,Second-Hand Dwelling house /Apartment,,2017-04-10,,,,,,,,,,,
202578,2017.0,"20 SYCAMORE AVE, CASTLEKNOCK, DUBLIN 15,Dublin,Ireland",01/03/2017,"20 SYCAMORE AVE, CASTLEKNOCK, DUBLIN 15",Dublin 15,Dublin,570000.0,No,No,Second-Hand Dwelling house /Apartment,,2017-03-01,"20 Sycamore Ave, Carpenterstown, Dublin 15, D15 YYK5, Ireland",ROOFTOP,53.3769999,-6.3873601,D15 YYK5,street_address,Fingal,Castleknock-Knockmaroon,04016,Dublin,267040019
202603,2017.0,"20 Tullyhall Close, Lucan,Dublin,Ireland",10/02/2017,"20 Tullyhall Close, Lucan",,Dublin,262115.0,No,Yes,New Dwelling house /Apartment,greater than or equal to 38 sq metres and less than 125 sq metres,2017-02-10,"20 Tullyhall Cres, Kishoge, Lucan, Co. Dublin, K78 HD80, Ireland",ROOFTOP,53.3362763,-6.4374271,K78 HD80,street_address,South Dublin,Lucan-Esker,03015,Dublin,267100007
202614,2017.0,"20 WOODFIELD TERRACE, SARSFIELD RD, INCHICORE DUBLIN 8,Dublin,Ireland",07/04/2017,"20 WOODFIELD TERRACE, SARSFIELD RD, INCHICORE DUBLIN 8",Dublin 10,Dublin,280171.0,No,No,Second-Hand Dwelling house /Apartment,,2017-04-07,"Woodfield Terrace, Sarsfield Rd, Kilmainham, Dublin 10, Ireland",ROOFTOP,53.3417178,-6.3201423,,premise,Dublin City,Kilmainham B,02109,Dublin,268084003
202617,2017.0,"20 waterside lawn, swords road, malahide,Dublin,Ireland",06/01/2017,"20 waterside lawn, swords road, malahide",,Dublin,300235.0,No,Yes,New Dwelling house /Apartment,greater than or equal to 125 sq metres,2017-01-06,,,,,,,,,,,
202630,2017.0,"204 LE FANU RD, BALLYFERMOT, DUBLIN 10,Dublin,Ireland",09/05/2017,"204 LE FANU RD, BALLYFERMOT, DUBLIN 10",Dublin 15,Dublin,63873.81,Yes,No,Second-Hand Dwelling house /Apartment,,2017-05-09,"204 Le Fanu Rd, Kylemore, Dublin 10, D10 XD54, Ireland",ROOFTOP,53.3419588,-6.3560241,D10 XD54,street_address,Dublin City,Carna,02096,Dublin,268039010
202636,2017.0,"205 SUNDRIVE RD, CRUMLIN, DUBLIN 12,Dublin,Ireland",12/04/2017,"205 SUNDRIVE RD, CRUMLIN, DUBLIN 12",Dublin 12,Dublin,480000.0,No,No,Second-Hand Dwelling house /Apartment,,2017-04-12,"205 Clonmacnoise Rd, Drimnagh, Dublin 12, D12 TD66, Ireland",ROOFTOP,53.326474,-6.2968266,D12 TD66,street_address,Dublin City,Crumlin C,02100,Dublin,268053002
202637,2017.0,"205 SUTTON PARK, SUTTON, DUBLIN 13,Dublin,Ireland",07/04/2017,"205 SUTTON PARK, SUTTON, DUBLIN 13",Dublin 13,Dublin,525000.0,No,No,Second-Hand Dwelling house /Apartment,,2017-04-07,"205 Sutton Park, Baldoyle, Dublin 13, D13 X098, Ireland",ROOFTOP,53.3907798,-6.1346525,D13 X098,street_address,Fingal,Sutton,04035,Dublin,267130016
202638,2017.0,"205 WOODFIELD, KNOCKLYON, DUBLIN 16,Dublin,Ireland",11/01/2017,"205 WOODFIELD, KNOCKLYON, DUBLIN 16",Dublin 16,Dublin,435000.0,No,No,Second-Hand Dwelling house /Apartment,,2017-01-11,"205 Woodfield, Scholarstown Rd, Schollarstown, Dublin 16, D16 H5F2, Ireland",ROOFTOP,53.2764034,-6.3093063,D16 H5F2,street_address,South Dublin,Firhouse-Ballycullen,03012,Dublin,267085026
202639,2017.0,"205B EMMET RD, INCHICORE, DUBLIN 8,Dublin,Ireland",02/02/2017,"205B EMMET RD, INCHICORE, DUBLIN 8",Dublin 8,Dublin,100000.0,No,No,Second-Hand Dwelling house /Apartment,,2017-02-02,"205B Emmet Rd, Inchicore, Dublin 8, D08 EN29, Ireland",ROOFTOP,53.3395499,-6.3205326,D08 EN29,street_address,Dublin City,Kilmainham B,02109,Dublin,268084006
202645,2017.0,"207 CASTLECURRAGH VALE, BLANCHARDSTOWN, DUBLIN 15,Dublin,Ireland",09/02/2017,"207 CASTLECURRAGH VALE, BLANCHARDSTOWN, DUBLIN 15",Dublin 15,Dublin,215000.0,No,No,Second-Hand Dwelling house /Apartment,,2017-02-09,"207 Castlecurragh Vale, Buzzardstown, Dublin 15, D15 W9TV, Ireland",ROOFTOP,53.4035011,-6.3886354,D15 W9TV,street_address,Fingal,Blanchardstown-Mulhuddart,04013,Dublin,267032013
202651,2017.0,"209 BEECHWOOD COURT, STILLORGAN RD, DUBLIN,Dublin,Ireland",02/03/2017,"209 BEECHWOOD COURT, STILLORGAN RD, DUBLIN",,Dublin,360000.0,No,No,Second-Hand Dwelling house /Apartment,,2017-03-02,,,,,,,,,,,
202653,2017.0,"209 TONLEGEE RD, RAHENY, DUBLIN 15,Dublin,Ireland",09/02/2017,"209 TONLEGEE RD, RAHENY, DUBLIN 15",Dublin 5,Dublin,30000.0,Yes,No,Second-Hand Dwelling house /Apartment,,2017-02-09,"209 Tonlegee Rd, Ayrfield, Dublin 5, D05 E0Y7, Ireland",ROOFTOP,53.3912741,-6.1802092,D05 E0Y7,street_address,Dublin City,Ayrfield,02008,Dublin,268008016
202656,2017.0,"20A SLADEMORE CLOSE, MALAHIDE RD, DUBLIN 13,Dublin,Ireland",02/05/2017,"20A SLADEMORE CLOSE, MALAHIDE RD, DUBLIN 13",Dublin 13,Dublin,410000.0,No,No,Second-Hand Dwelling house /Apartment,,2017-05-02,"20A Slademore Cl, Ard Na Gr̩ine, Dublin 13, D13 HA22, Ireland",ROOFTOP,53.3965651,-6.1831816,D13 HA22,street_address,Dublin City,Ayrfield,02008,Dublin,268008006
202657,2017.0,"20A WOODLANDS PK, BLACKROCK, DUBLIN,Dublin,Ireland",12/05/2017,"20A WOODLANDS PK, BLACKROCK, DUBLIN",,Dublin,792000.0,No,No,Second-Hand Dwelling house /Apartment,,2017-05-12,"20 Woodlands Park, Glenageary, Dublin, A96 E0E9, Ireland",ROOFTOP,53.2656188,-6.1426565,A96 E0E9,street_address,Dn Laoghaire-Rathdown,Cabinteely-Granitefield,05018,Dublin,267036008
202659,2017.0,"21 ABBOTSTOWN AVE, FINGLAS WEST, DUBLIN 11,Dublin,Ireland",08/05/2017,"21 ABBOTSTOWN AVE, FINGLAS WEST, DUBLIN 11",Dublin 11,Dublin,170000.0,No,No,Second-Hand Dwelling house /Apartment,,2017-05-08,"21 Abbotstown Ave, Finglas West, Dublin 11, D11 H7P6, Ireland",ROOFTOP,53.3877765,-6.3142659,D11 H7P6,street_address,Dublin City,Finglas South A,02054,Dublin,268066004
202677,2017.0,"21 Abbots Grove Avenue, Abbots Grove, Knocklyon,Dublin,Ireland",12/04/2017,"21 Abbots Grove Avenue, Abbots Grove, Knocklyon",,Dublin,425000.0,No,Yes,New Dwelling house /Apartment,greater than or equal to 38 sq metres and less than 125 sq metres,2017-04-12,"24 Abbots grove, Ballycullen, Knocklyon, Co. Dublin, Ireland",ROOFTOP,53.2710579,-6.3252412,,"establishment,general_contractor,point_of_interest",South Dublin,Firhouse-Ballycullen,03012,Dublin,267085005/267085009
202683,2017.0,"21 BALLYROAN HEIGHTS, RATHFARNHAM, DUBLIN 16,Dublin,Ireland",03/04/2017,"21 BALLYROAN HEIGHTS, RATHFARNHAM, DUBLIN 16",Dublin 16,Dublin,710000.0,No,No,Second-Hand Dwelling house /Apartment,,2017-04-03,"21 Ballyroan Heights, Elkwood, Templeogue, Dublin 16, D16 E5V9, Ireland",ROOFTOP,53.288502,-6.3040053,D16 E5V9,street_address,South Dublin,Ballyboden,03002,Dublin,267013012
202689,2017.0,"21 BIRCHVIEW LAWN, KILNAMANAGH, TALLAGHT DUBLIN 24,Dublin,Ireland",05/04/2017,"21 BIRCHVIEW LAWN, KILNAMANAGH, TALLAGHT DUBLIN 24",Dublin 24,Dublin,315000.0,No,No,Second-Hand Dwelling house /Apartment,,2017-04-05,"21 Birchview Lawn, Tymon North, Dublin 24, D24 Y4C1, Ireland",ROOFTOP,53.3000241,-6.3554569,D24 Y4C1,street_address,South Dublin,Tallaght-Kilnamanagh,03034,Dublin,267142009
202695,2017.0,"21 Ballygossan Park, Golf Links Road, Skerries,Dublin,Ireland",03/04/2017,"21 Ballygossan Park, Golf Links Road, Skerries",,Dublin,273127.75,No,Yes,New Dwelling house /Apartment,greater than or equal to 38 sq metres and less than 125 sq metres,2017-04-03,,,,,,,,,,,
202696,2017.0,"21 Belarmine Lawns, Belarmine Woods, STEPASIDE,Dublin,Ireland",02/06/2017,"21 Belarmine Lawns, Belarmine Woods, STEPASIDE",,Dublin,348000.0,No,Yes,New Dwelling house /Apartment,greater than or equal to 38 sq metres and less than 125 sq metres,2017-06-02,"Belarmine Ave, Kilgobbin Woods, Dublin, Ireland",GEOMETRIC_CENTER,53.2582737,-6.2162705,,"establishment,point_of_interest",Dn Laoghaire-Rathdown,Glencullen,05057,Dublin,267092044
202717,2017.0,"21 Castleland Park Place, Balbriggan, Co. Dublin,Dublin,Ireland",05/05/2017,"21 Castleland Park Place, Balbriggan, Co. Dublin",,Dublin,224669.6,No,Yes,New Dwelling house /Apartment,greater than or equal to 38 sq metres and less than 125 sq metres,2017-05-05,"21 Castleland Park View, Kilsough North, Balbriggan, Co. Dublin, K32 HX62, Ireland",ROOFTOP,53.5994904,-6.1756645,K32 HX62,street_address,Fingal,Balbriggan Rural,04002,Dublin,267002043
202734,2017.0,"21 Elder Heath Meadow, Elder Heath, Kiltipper Road,Dublin,Ireland",08/03/2017,"21 Elder Heath Meadow, Elder Heath, Kiltipper Road",Dublin 24,Dublin,251100.0,No,Yes,New Dwelling house /Apartment,greater than or equal to 38 sq metres and less than 125 sq metres,2017-03-08,,,,,,,,,,,
202749,2017.0,"21 GRAND CANAL WHARF, RINGSEND, DUBLIN 2,Dublin,Ireland",02/02/2017,"21 GRAND CANAL WHARF, RINGSEND, DUBLIN 2",Dublin 4,Dublin,355000.0,No,No,Second-Hand Dwelling house /Apartment,,2017-02-02,"21 Ringsend Rd, Grand Canal Dock, Dublin, Ireland",RANGE_INTERPOLATED,53.3419747,-6.2349143,,street_address,Dublin City,South Dock,02147,Dublin,268143028
202758,2017.0,"21 HAZELWOOD CRESCENT, CLONDALKIN, DUBLIN 22,Dublin,Ireland",03/02/2017,"21 HAZELWOOD CRESCENT, CLONDALKIN, DUBLIN 22",Dublin 22,Dublin,310000.0,No,No,Second-Hand Dwelling house /Apartment,,2017-02-03,"21 Hazelwood Cres, Gibraltar, Dublin 22, D22 K2X6, Ireland",ROOFTOP,53.3118187,-6.4037046,D22 K2X6,street_address,South Dublin,Clondalkin Village,03010,Dublin,267053025
202763,2017.0,"21 KINGS INN COURT, PHIBSBOROUGH, DUBLIN 7,Dublin,Ireland",03/03/2017,"21 KINGS INN COURT, PHIBSBOROUGH, DUBLIN 7",Dublin 7,Dublin,305000.0,No,No,Second-Hand Dwelling house /Apartment,,2017-03-03,"21, King's Inns Court, Phibsborough Rd, Phibsborough, Dublin 7, Ireland",ROOFTOP,53.3572726,-6.2733581,,subpremise,Dublin City,Arran Quay A,02001,Dublin,268001005
202770,2017.0,"21 LISLE RD, CRUMLIN, DUBLIN 12,Dublin,Ireland",07/06/2017,"21 LISLE RD, CRUMLIN, DUBLIN 12",Dublin 12,Dublin,250000.0,No,No,Second-Hand Dwelling house /Apartment,,2017-06-07,"21 Lisle Rd, Walkinstown, Dublin 12, D12 T2C6, Ireland",ROOFTOP,53.3199484,-6.3176325,D12 T2C6,street_address,Dublin City,Walkinstown C,02160,Dublin,268156009
202788,2017.0,"21 MOUNT BELLEW CRESCENT, WILLSBROOK RD, LUCAN,Dublin,Ireland",06/04/2017,"21 MOUNT BELLEW CRESCENT, WILLSBROOK RD, LUCAN",,Dublin,290000.0,No,No,Second-Hand Dwelling house /Apartment,,2017-04-06,,,,,,,,,,,
202794,2017.0,"21 NEWGROVE AVE, SANDYMOUNT, DUBLIN,Dublin,Ireland",04/04/2017,"21 NEWGROVE AVE, SANDYMOUNT, DUBLIN",Dublin 4,Dublin,650000.0,No,No,Second-Hand Dwelling house /Apartment,,2017-04-04,"21 Newgrove Ave, Dublin 4, D04 R259, Ireland",ROOFTOP,53.3319892,-6.2114497,D04 R259,street_address,Dublin City,Pembroke East C,02127,Dublin,268112015
202797,2017.0,"21 OAKDALE CLOSE, BALLYCULLEN DUBLIN 24, DUBLIN,Dublin,Ireland",03/05/2017,"21 OAKDALE CLOSE, BALLYCULLEN DUBLIN 24, DUBLIN",Dublin 24,Dublin,399100.0,No,No,Second-Hand Dwelling house /Apartment,,2017-05-03,"21 Oakdale Cl, Oldcourt, Dublin 24, D24 N5Y4, Ireland",ROOFTOP,53.2721102,-6.3378303,D24 N5Y4,street_address,South Dublin,Firhouse Village,03014,Dublin,267084008
202799,2017.0,"21 OLDFIELD HALL, TICKNOCK HILL, SANDYFORD DUBLIN 18,Dublin,Ireland",02/03/2017,"21 OLDFIELD HALL, TICKNOCK HILL, SANDYFORD DUBLIN 18",Dublin 18,Dublin,273000.0,No,No,Second-Hand Dwelling house /Apartment,,2017-03-02,"Apartment 20, Oldfield Hall, Ticknock Grove, Sandyford, Dublin 18, Ireland",ROOFTOP,53.2688793,-6.2460709,,premise,Dn Laoghaire-Rathdown,Dundrum-Sandyford,05039,Dublin,267080006
202817,2017.0,"21 ROPEWALK PLACE, RINGSEND, DUBLIN 4,Dublin,Ireland",07/04/2017,"21 ROPEWALK PLACE, RINGSEND, DUBLIN 4",Dublin 4,Dublin,382082.0,No,No,Second-Hand Dwelling house /Apartment,,2017-04-07,"21 Ropewalk Pl, Dublin, Ireland",RANGE_INTERPOLATED,53.3423227,-6.2257529,,street_address,Dublin City,Pembroke East A,02125,Dublin,268110010
202830,2017.0,"21 ST IGNATIUS RD, PHIBSBOROUGH, DUBLIN 7,Dublin,Ireland",11/04/2017,"21 ST IGNATIUS RD, PHIBSBOROUGH, DUBLIN 7",Dublin 7,Dublin,300000.0,No,No,Second-Hand Dwelling house /Apartment,,2017-04-11,"21 St Ignatius Rd, Phibsborough, Dublin 7, D07 AF34, Ireland",ROOFTOP,53.3617074,-6.2622618,D07 AF34,street_address,Dublin City,Inns Quay A,02066,Dublin,268080002
202845,2017.0,"21 THE VIEW, CARRICKMINES MANOR, GLENAMUCK RD,Dublin,Ireland",06/04/2017,"21 THE VIEW, CARRICKMINES MANOR, GLENAMUCK RD",Dublin 18,Dublin,146563.88,No,No,Second-Hand Dwelling house /Apartment,,2017-04-06,"Apartment 17, Cairnbrook Manor, Cairnbrook Ave., Dublin 18, Ireland",ROOFTOP,53.2479193,-6.1797148,,"establishment,lodging,point_of_interest",Dn Laoghaire-Rathdown,Cabinteely-Loughlinstown,05020,Dublin,267038003
202846,2017.0,"21 THE VIEW, ROBSWALL, MALAHIDE,Dublin,Ireland",10/02/2017,"21 THE VIEW, ROBSWALL, MALAHIDE",,Dublin,660000.0,No,No,Second-Hand Dwelling house /Apartment,,2017-02-10,"21 The View, Robswalls, Malahide, Co. Dublin, K36 AT89, Ireland",ROOFTOP,53.4444374,-6.1382455,K36 AT89,street_address,Fingal,Malahide East,04029,Dublin,267105011
202849,2017.0,"21 TYNAN HALL GROVE, KINGSWOOD, BALLYMOUNT,Dublin,Ireland",06/03/2017,"21 TYNAN HALL GROVE, KINGSWOOD, BALLYMOUNT",Dublin 24,Dublin,360000.0,No,No,Second-Hand Dwelling house /Apartment,,2017-03-06,"21 Tynan Hall Grove, Belgard, Dublin 24, D24 DP8W, Ireland",ROOFTOP,53.3072224,-6.372497,D24 DP8W,street_address,South Dublin,Clondalkin-Ballymount,03004,Dublin,267047004
202871,2017.0,"21, CROFTWOOD DRIVE, CHERRY ORCHARD DUBLIN 10,Dublin,Ireland",11/04/2017,"21, CROFTWOOD DRIVE, CHERRY ORCHARD DUBLIN 10",Dublin 10,Dublin,169000.0,No,No,Second-Hand Dwelling house /Apartment,,2017-04-11,"21 Croftwood Dr, Cherry Orchard, Dublin 10, D10 HP86, Ireland",ROOFTOP,53.3372632,-6.3677765,D10 HP86,street_address,Dublin City,Cherry Orchard C,02097,Dublin,268040011
202874,2017.0,"210 WHITECLIFF, WHITECHURCH RD, RATHFARNHAM DUBLIN 16,Dublin,Ireland",09/03/2017,"210 WHITECLIFF, WHITECHURCH RD, RATHFARNHAM DUBLIN 16",Dublin 16,Dublin,510000.0,No,No,Second-Hand Dwelling house /Apartment,,2017-03-09,,,,,,,,,,,
202876,2017.0,"211 TEMPLEOGUE RD, DUBLIN 6, DUBLIN,Dublin,Ireland",03/02/2017,"211 TEMPLEOGUE RD, DUBLIN 6, DUBLIN",,Dublin,835000.0,No,No,Second-Hand Dwelling house /Apartment,,2017-02-03,"211 Templeogue Rd, Templeogue, Dublin 6W, Co. Dublin, D6W Y628, Ireland",ROOFTOP,53.3017292,-6.2979618,D6W Y628,street_address,South Dublin,Templeogue-Kimmage Manor,03042,Dublin,267150014
202885,2017.0,"213 MARINA VILLAGE, MALAHIDE, DUBLIN,Dublin,Ireland",09/05/2017,"213 MARINA VILLAGE, MALAHIDE, DUBLIN",,Dublin,365000.0,No,No,Second-Hand Dwelling house /Apartment,,2017-05-09,"213 Marina Village, Malahide, Co. Dublin, Ireland",RANGE_INTERPOLATED,53.453631,-6.1546741,,street_address,Fingal,Malahide East,04029,Dublin,267105026
202886,2017.0,"213 THE CRESCENT, PARK WEST POINTE, PARK WEST,Dublin,Ireland",08/03/2017,"213 THE CRESCENT, PARK WEST POINTE, PARK WEST",Dublin 12,Dublin,177000.0,No,No,Second-Hand Dwelling house /Apartment,,2017-03-08,,,,,,,,,,,
202889,2017.0,"215 CHARLOTT QUAY DOCK, GRAND CANAL, DUBLIN 4,Dublin,Ireland",07/04/2017,"215 CHARLOTT QUAY DOCK, GRAND CANAL, DUBLIN 4",Dublin 4,Dublin,440000.0,No,No,Second-Hand Dwelling house /Apartment,,2017-04-07,"Charlotte Quay Dock, Ringsend Rd, Grand Canal Dock, Dublin 4, Ireland",ROOFTOP,53.3425769,-6.2366343,,premise,Dublin City,South Dock,02147,Dublin,268143021
202911,2017.0,"22 ABBOTSTOWN RD, FINGLAS WEST, DUBLIN 11,Dublin,Ireland",01/06/2017,"22 ABBOTSTOWN RD, FINGLAS WEST, DUBLIN 11",Dublin 11,Dublin,190000.0,No,No,Second-Hand Dwelling house /Apartment,,2017-06-01,"22 Abbotstown Rd, Finglas West, Dublin 11, D11 C3V1, Ireland",ROOFTOP,53.3887546,-6.315922,D11 C3V1,street_address,Dublin City,Finglas South A,02054,Dublin,268066006
202915,2017.0,"22 ARDAGH PARK, BLACKROCK, DUBLIN,Dublin,Ireland",02/02/2017,"22 ARDAGH PARK, BLACKROCK, DUBLIN",,Dublin,615000.0,No,No,Second-Hand Dwelling house /Apartment,,2017-02-02,"22 Ardagh Park, Stillorgan Park, Blackrock, Co. Dublin, A94 HW77, Ireland",ROOFTOP,53.2845916,-6.1832109,A94 HW77,street_address,Dn Laoghaire-Rathdown,Blackrock-Carysfort,05009,Dublin,267020019
202917,2017.0,"22 ASHFIELD GROVE, HUNTSTOWN, DUBLIN 15,Dublin,Ireland",07/04/2017,"22 ASHFIELD GROVE, HUNTSTOWN, DUBLIN 15",,Dublin,234000.0,No,No,Second-Hand Dwelling house /Apartment,,2017-04-07,"22 Ashfield Grove, Huntstown, Dublin 15, D15 ND2T, Ireland",ROOFTOP,53.4036472,-6.4051439,D15 ND2T,street_address,Fingal,Blanchardstown-Blakestown,04009,Dublin,267028006
202921,2017.0,"22 Abbots Grove Ave, Knocklyon,Dublin,Ireland",11/04/2017,"22 Abbots Grove Ave, Knocklyon",Dublin 16,Dublin,425000.0,No,Yes,New Dwelling house /Apartment,greater than or equal to 38 sq metres and less than 125 sq metres,2017-04-11,"24 Abbots grove, Ballycullen, Knocklyon, Co. Dublin, Ireland",ROOFTOP,53.2710579,-6.3252412,,"establishment,general_contractor,point_of_interest",South Dublin,Firhouse-Ballycullen,03012,Dublin,267085005/267085009
202922,2017.0,"22 Ashfield Avenue, Ridgewood, Swords,Dublin,Ireland",12/04/2017,"22 Ashfield Avenue, Ridgewood, Swords",,Dublin,315000.0,No,Yes,New Dwelling house /Apartment,greater than or equal to 38 sq metres and less than 125 sq metres,2017-04-12,"Ashfield Avenue, Rathingle, Co. Dublin, Ireland",GEOMETRIC_CENTER,53.4489414,-6.2510781,,route,Fingal,Swords-Forrest,04036,Dublin,267132001
202923,2017.0,"22 Atkinson Drive, Belmont, Aiken's Village,Dublin,Ireland",12/04/2017,"22 Atkinson Drive, Belmont, Aiken's Village",,Dublin,367625.0,No,Yes,New Dwelling house /Apartment,greater than or equal to 125 sq metres,2017-04-12,,,,,,,,,,,
202930,2017.0,"22 BERTRAM COURT, CHRISTCHURCH, DUBLIN 8,Dublin,Ireland",06/01/2017,"22 BERTRAM COURT, CHRISTCHURCH, DUBLIN 8",Dublin 15,Dublin,240000.0,No,No,Second-Hand Dwelling house /Apartment,,2017-01-06,,,,,,,,,,,
202944,2017.0,"22 CASTLEFIELD PARK, CLONSILLA, DUBLIN 15,Dublin,Ireland",01/02/2017,"22 CASTLEFIELD PARK, CLONSILLA, DUBLIN 15",Dublin 15,Dublin,300000.0,No,No,Second-Hand Dwelling house /Apartment,,2017-02-01,"22 Castlefield Park, Clonsilla, Dublin 15, D15 WK3T, Ireland",ROOFTOP,53.3849221,-6.4143491,D15 WK3T,street_address,Fingal,Blanchardstown-Blakestown,04009,Dublin,267028082
202945,2017.0,"22 CASTLEGRANGE DR, CLONDALKIN, DUBLIN 22,Dublin,Ireland",10/03/2017,"22 CASTLEGRANGE DR, CLONDALKIN, DUBLIN 22",Dublin 22,Dublin,202000.0,No,No,Second-Hand Dwelling house /Apartment,,2017-03-10,"22 Castlegrange Dr, Deansrath, Dublin 22, D22 W9H6, Ireland",ROOFTOP,53.3216441,-6.4273154,D22 W9H6,street_address,South Dublin,Clondalkin-Dunawley,03006,Dublin,267049023
202969,2017.0,"22 DUNSOGHLY CLOSE, FINGLAS, DUBLIN 11,Dublin,Ireland",02/05/2017,"22 DUNSOGHLY CLOSE, FINGLAS, DUBLIN 11",Dublin 11,Dublin,237000.0,No,No,Second-Hand Dwelling house /Apartment,,2017-05-02,"22 Dunsoghly Cl, Finglas West, Dublin 11, D11 DP97, Ireland",ROOFTOP,53.3909911,-6.3228398,D11 DP97,street_address,Fingal,Blanchardstown-Abbotstown,04008,Dublin,267027017
202970,2017.0,"22 Dodderbrook Avenue, Dodderbrook, Ballycullen,Dublin,Ireland",06/03/2017,"22 Dodderbrook Avenue, Dodderbrook, Ballycullen",,Dublin,332500.0,No,Yes,New Dwelling house /Apartment,greater than or equal to 38 sq metres and less than 125 sq metres,2017-03-06,"Oldcourt Rd, Oldcourt, Dublin, Ireland",GEOMETRIC_CENTER,53.2700459,-6.3415907,,"establishment,general_contractor,point_of_interest",South Dublin,Firhouse Village,03014,Dublin,267084004
202975,2017.0,"22 FEIRNLEIGH DR, CASTLEKNOCK, DUBLIN 15,Dublin,Ireland",08/02/2017,"22 FEIRNLEIGH DR, CASTLEKNOCK, DUBLIN 15",Dublin 15,Dublin,292500.0,No,No,Second-Hand Dwelling house /Apartment,,2017-02-08,"22 Fernleigh Dr, Carpenterstown, Dublin 15, D15 ADX5, Ireland",ROOFTOP,53.3725257,-6.4033809,D15 ADX5,street_address,Fingal,Castleknock-Knockmaroon,04016,Dublin,267040048
202976,2017.0,"22 FERNHILL PARK, TERENURE, DUBLIN 12,Dublin,Ireland",05/05/2017,"22 FERNHILL PARK, TERENURE, DUBLIN 12",Dublin 12,Dublin,240000.0,No,No,Second-Hand Dwelling house /Apartment,,2017-05-05,"22 Fernhill Park, Whitehall, Dublin 12, D12 PD88, Ireland",ROOFTOP,53.30824,-6.324945,D12 PD88,street_address,South Dublin,Templeogue-Limekiln,03043,Dublin,267151011
202977,2017.0,"22 FERNLEIGH CLOSE, RIVERWOOD, CASTLEKNOCK DUBLIN 15,Dublin,Ireland",03/04/2017,"22 FERNLEIGH CLOSE, RIVERWOOD, CASTLEKNOCK DUBLIN 15",Dublin 15,Dublin,322000.0,No,No,Second-Hand Dwelling house /Apartment,,2017-04-03,,,,,,,,,,,
202983,2017.0,"22 FOXBOROUGH DR, LUCAN, DUBLIN,Dublin,Ireland",07/04/2017,"22 FOXBOROUGH DR, LUCAN, DUBLIN",,Dublin,263000.0,No,No,Second-Hand Dwelling house /Apartment,,2017-04-07,"22 Foxborough Dr, Balgaddy, Lucan, Co. Dublin, K78 FH60, Ireland",ROOFTOP,53.3413947,-6.4258639,K78 FH60,street_address,South Dublin,Lucan-Esker,03015,Dublin,267100040
202998,2017.0,"22 GREENFIELD PARK, BALLYCULLEN RD, DUBLIN 24,Dublin,Ireland",05/05/2017,"22 GREENFIELD PARK, BALLYCULLEN RD, DUBLIN 24",Dublin 24,Dublin,417500.0,No,No,Second-Hand Dwelling house /Apartment,,2017-05-05,,,,,,,,,,,
202999,2017.0,"22 GREENMOUNT LAWNS, TERENURE, DUBLIN 6,Dublin,Ireland",03/02/2017,"22 GREENMOUNT LAWNS, TERENURE, DUBLIN 6",Dublin 6,Dublin,197000.0,No,No,Second-Hand Dwelling house /Apartment,,2017-02-03,"22 Greenmount Lawns, Terenure, Dublin 6, D06 DT66, Ireland",ROOFTOP,53.3087994,-6.2819338,D06 DT66,street_address,Dublin City,Rathfarnham,02133,Dublin,268127013
203001,2017.0,"22 GREENWOOD LAWN, AYRFIELD, DUBLIN 13,Dublin,Ireland",09/02/2017,"22 GREENWOOD LAWN, AYRFIELD, DUBLIN 13",Dublin 13,Dublin,255000.0,No,No,Second-Hand Dwelling house /Apartment,,2017-02-09,"22 Greenwood Lawn, Ayrfield, Dublin 13, D13 W9Y9, Ireland",ROOFTOP,53.3984368,-6.1805683,D13 W9Y9,street_address,Dublin City,Ayrfield,02008,Dublin,268008017/01
203005,2017.0,"22 HARCOURT GREEN, CHARLEMONT ST, DUBLIN 2,Dublin,Ireland",07/02/2017,"22 HARCOURT GREEN, CHARLEMONT ST, DUBLIN 2",Dublin 2,Dublin,340000.0,No,No,Second-Hand Dwelling house /Apartment,,2017-02-07,"Unit 1, Harcourt Green Charlemont St, Saint Kevin's, Dublin, Ireland",ROOFTOP,53.3312758,-6.2609679,,"establishment,food,grocery_or_supermarket,point_of_interest,store",Dublin City,St. Kevin's,02146,Dublin,268142023
203006,2017.0,"22 HARDIMAN ROAD, DRUMCONDRA, DUBLIN 9,Dublin,Ireland",06/03/2017,"22 HARDIMAN ROAD, DRUMCONDRA, DUBLIN 9",,Dublin,265000.0,No,No,Second-Hand Dwelling house /Apartment,,2017-03-06,"22 Hardiman Rd, Drumcondra, Dublin 9, D09 NY51, Ireland",ROOFTOP,53.3740251,-6.2592738,D09 NY51,street_address,Dublin City,Drumcondra South C,02049,Dublin,268060007
203022,2017.0,"22 LIMEKILN DR, DUBLIN 12, DUBLIN,Dublin,Ireland",02/05/2017,"22 LIMEKILN DR, DUBLIN 12, DUBLIN",Dublin 12,Dublin,420000.0,No,No,Second-Hand Dwelling house /Apartment,,2017-05-02,"22 Limekiln Dr, Whitehall, Dublin 12, D12 DX26, Ireland",ROOFTOP,53.3053649,-6.323841,D12 DX26,street_address,South Dublin,Templeogue-Limekiln,03043,Dublin,267151007
203026,2017.0,"22 MARIAN PARK, NEWTOWNPARK AVE, BLACKROCK,Dublin,Ireland",02/02/2017,"22 MARIAN PARK, NEWTOWNPARK AVE, BLACKROCK",,Dublin,200000.0,Yes,No,Second-Hand Dwelling house /Apartment,,2017-02-02,"Marion Park, Newtownpark Ave, Newtown Castlebyrn, Blackrock, Co. Dublin, Ireland",ROOFTOP,53.2882753,-6.1750495,,premise,Dn Laoghaire-Rathdown,Blackrock-Newpark,05013,Dublin,267023006
203027,2017.0,"22 MARIAN RD, RATHFARNHAM, DUBLIN 14,Dublin,Ireland",08/03/2017,"22 MARIAN RD, RATHFARNHAM, DUBLIN 14",Dublin 14,Dublin,540000.0,No,No,Second-Hand Dwelling house /Apartment,,2017-03-08,"22 Marian Rd, Rathfarnham, Dublin 14, D14 W260, Ireland",ROOFTOP,53.294046,-6.2974926,D14 W260,street_address,South Dublin,Rathfarnham-Ballyroan,03022,Dublin,267113009
203028,2017.0,"22 MARINO CRESCENT, DUBLIN 3, DUBLIN,Dublin,Ireland",11/04/2017,"22 MARINO CRESCENT, DUBLIN 3, DUBLIN",Dublin 3,Dublin,650000.0,No,No,Second-Hand Dwelling house /Apartment,,2017-04-11,"22 Marino Cres, Clontarf West, Dublin 3, D03 R968, Ireland",ROOFTOP,53.365381,-6.2273683,D03 R968,street_address,Dublin City,Clontarf West C,02044,Dublin,268048009
203035,2017.0,"22 MOUNT SYMON LAWN, CLONSILLA, DUBLIN 15,Dublin,Ireland",07/02/2017,"22 MOUNT SYMON LAWN, CLONSILLA, DUBLIN 15",Dublin 15,Dublin,360000.0,No,No,Second-Hand Dwelling house /Apartment,,2017-02-07,"22 Mount Symon Lawn, Clonsilla, Dublin 15, D15 T3K4, Ireland",ROOFTOP,53.3875822,-6.4189982,D15 T3K4,street_address,Fingal,Blanchardstown-Blakestown,04009,Dublin,267028089
203037,2017.0,"22 MOYNE RD, RANELAGH, DUBLIN 6,Dublin,Ireland",07/02/2017,"22 MOYNE RD, RANELAGH, DUBLIN 6",Dublin 6,Dublin,950000.0,No,No,Second-Hand Dwelling house /Apartment,,2017-02-07,"22 Moyne Rd, Dublin, Ireland",RANGE_INTERPOLATED,53.3205924,-6.2556343,,street_address,Dublin City,Rathmines East C,02136,Dublin,268130005
203044,2017.0,"22 NUTLEY PARK, DONNYBROOK, DUBLIN 4,Dublin,Ireland",06/02/2017,"22 NUTLEY PARK, DONNYBROOK, DUBLIN 4",Dublin 4,Dublin,1900000.0,No,No,Second-Hand Dwelling house /Apartment,,2017-02-06,"22 Nutley Park, Dublin 4, D04 K4C2, Ireland",ROOFTOP,53.312184,-6.2189928,D04 K4C2,street_address,Dublin City,Pembroke East D,02128,Dublin,268113011
203050,2017.0,"22 PARK AVENUE, MILLERS GLEN, SWORDS,Dublin,Ireland",11/04/2017,"22 PARK AVENUE, MILLERS GLEN, SWORDS",,Dublin,275329.0,No,Yes,New Dwelling house /Apartment,greater than or equal to 38 sq metres and less than 125 sq metres,2017-04-11,"Longview Ave, Oldtown, Co. Dublin, Ireland",GEOMETRIC_CENTER,53.4739449,-6.2397822,,"establishment,point_of_interest",Fingal,Swords-Lissenhall,04038,Dublin,267133026
203051,2017.0,"22 PARK BOULEVARD, TYRRELSTOWN, DUBLIN 15,Dublin,Ireland",03/04/2017,"22 PARK BOULEVARD, TYRRELSTOWN, DUBLIN 15",Dublin 15,Dublin,171000.0,No,No,Second-Hand Dwelling house /Apartment,,2017-04-03,"22 Park Blvd, Tyrrelstown, Dublin 15, D15 EY60, Ireland",ROOFTOP,53.4191395,-6.3865741,D15 EY60,street_address,Fingal,The Ward,04041,Dublin,267158007
203055,2017.0,"22 PLUNKETT DR, FINGLAS WEST, DUBLIN 11,Dublin,Ireland",04/04/2017,"22 PLUNKETT DR, FINGLAS WEST, DUBLIN 11",Dublin 11,Dublin,176500.0,No,No,Second-Hand Dwelling house /Apartment,,2017-04-04,"22 Plunkett Dr, Finglas West, Dublin 11, D11 Y7N0, Ireland",ROOFTOP,53.397327,-6.3122513,D11 Y7N0,street_address,Dublin City,Finglas North A,02051,Dublin,268063003
203057,2017.0,"22 Parkside Avenue, Parkside, Dublin 13,Dublin,Ireland",08/02/2017,"22 Parkside Avenue, Parkside, Dublin 13",Dublin 13,Dublin,320000.0,No,Yes,New Dwelling house /Apartment,greater than or equal to 38 sq metres and less than 125 sq metres,2017-02-08,"13 Parkside Mews, Balgriffin, Dublin, Ireland",ROOFTOP,53.4063878,-6.1662688,,"establishment,point_of_interest",Dublin City,Grange A,02059,Dublin,268071024
203074,2017.0,"22 SHANLISS DR, SANTRY, DUBLIN 9,Dublin,Ireland",03/03/2017,"22 SHANLISS DR, SANTRY, DUBLIN 9",Dublin 9,Dublin,310000.0,No,No,Second-Hand Dwelling house /Apartment,,2017-03-03,"22 Shanliss Dr, Whitehall, Dublin 9, D09 FN27, Ireland",ROOFTOP,53.391963,-6.2521345,D09 FN27,street_address,Dublin City,Whitehall C,02092,Dublin,268159009
203079,2017.0,"22 SPENCER STREET, NORTH STRAND, DUBLIN 3,Dublin,Ireland",04/04/2017,"22 SPENCER STREET, NORTH STRAND, DUBLIN 3",,Dublin,222000.0,No,No,Second-Hand Dwelling house /Apartment,,2017-04-04,"22 Spencer St N, North Strand, Dublin 3, D03 KV25, Ireland",ROOFTOP,53.3579415,-6.2386455,D03 KV25,street_address,Dublin City,North Dock A,02076,Dublin,268107002
203094,2017.0,"22 THE GOULDING, SANTRY CROSS, SANTRY AVEIUE,Dublin,Ireland",06/06/2017,"22 THE GOULDING, SANTRY CROSS, SANTRY AVEIUE",Dublin 9,Dublin,125000.0,No,No,Second-Hand Dwelling house /Apartment,,2017-06-06,"Ballymun, Dublin, Co. Dublin, Ireland",GEOMETRIC_CENTER,53.40056,-6.2634676,,"establishment,lodging,point_of_interest",Dublin City,Ballymun C,02017,Dublin,268017023
203098,2017.0,"22 THE ORCHARD, KILLESTER DUBLIN 5, DUBLIN,Dublin,Ireland",02/02/2017,"22 THE ORCHARD, KILLESTER DUBLIN 5, DUBLIN",Dublin 5,Dublin,421000.0,No,No,Second-Hand Dwelling house /Apartment,,2017-02-02,"22 The Orchard, Clontarf West, Dublin, Ireland",ROOFTOP,53.3752794,-6.2045468,,street_address,Dublin City,Clontarf West A,02042,Dublin,268046005
203101,2017.0,"22 TRIMBLESTON, GOATSTOWN RD, DUBLIN,Dublin,Ireland",07/04/2017,"22 TRIMBLESTON, GOATSTOWN RD, DUBLIN",Dublin 14,Dublin,400000.0,No,No,Second-Hand Dwelling house /Apartment,,2017-04-07,"Trimbleston, Goatstown Rd, Friarland, Dublin 14, Ireland",ROOFTOP,53.2983908,-6.2315228,,premise,Dn Laoghaire-Rathdown,Clonskeagh-Roebuck,05030,Dublin,267058010
203102,2017.0,"22 The Avenue, Robswall  Malahide,Dublin,Ireland",12/01/2017,"22 The Avenue, Robswall  Malahide",,Dublin,361233.48,No,Yes,New Dwelling house /Apartment,greater than or equal to 38 sq metres and less than 125 sq metres,2017-01-12,,,,,,,,,,,
203107,2017.0,"22 WESTEND VILLAGE, SNUGBOROUGH RD, BLANCHARDSTOWN DUBLIN 15,Dublin,Ireland",07/02/2017,"22 WESTEND VILLAGE, SNUGBOROUGH RD, BLANCHARDSTOWN DUBLIN 15",Dublin 15,Dublin,184000.0,No,No,Second-Hand Dwelling house /Apartment,,2017-02-07,"Westend Village, Snugborough Rd, Blanchardstown, Dublin 15, Ireland",ROOFTOP,53.3886042,-6.3906675,,premise,Fingal,Blanchardstown-Coolmine,04010,Dublin,267029029
203109,2017.0,"22 WHITETHORN CRESCENT, PALMERSTOWN, DUBLIN 20,Dublin,Ireland",03/05/2017,"22 WHITETHORN CRESCENT, PALMERSTOWN, DUBLIN 20",Dublin 20,Dublin,250000.0,No,No,Second-Hand Dwelling house /Apartment,,2017-05-03,"22 Whitethorn Cres, Ballyfermot Upper, Dublin 22, D22 Y2C4, Ireland",ROOFTOP,53.3459107,-6.382515,D22 Y2C4,street_address,South Dublin,Clondalkin-Moorfield,03008,Dublin,267051014/01
203115,2017.0,"22 Windmill Close, Rathcoole, County Dublin,Dublin,Ireland",01/03/2017,"22 Windmill Close, Rathcoole, County Dublin",,Dublin,286344.0,No,Yes,New Dwelling house /Apartment,greater than or equal to 38 sq metres and less than 125 sq metres,2017-03-01,"3 Main St, Clondalkin, Dublin 22, Co. Dublin, Ireland",ROOFTOP,53.3210325,-6.3936892,,"establishment,point_of_interest,real_estate_agency",South Dublin,Clondalkin-Monastery,03007,Dublin,267050005
203117,2017.0,"220 SWORDS RD, SANTRY, DUBLIN,Dublin,Ireland",06/02/2017,"220 SWORDS RD, SANTRY, DUBLIN",Dublin 9,Dublin,358000.0,No,No,Second-Hand Dwelling house /Apartment,,2017-02-06,"220 Swords Rd, Whitehall, Dublin 9, D09 T048, Ireland",ROOFTOP,53.3880294,-6.2442937,D09 T048,street_address,Dublin City,Whitehall C,02092,Dublin,268159002
203128,2017.0,"223 HAMPTON LODGE, GRACE PARK RD, DUBLIN 9,Dublin,Ireland",04/04/2017,"223 HAMPTON LODGE, GRACE PARK RD, DUBLIN 9",Dublin 9,Dublin,250000.0,No,No,Second-Hand Dwelling house /Apartment,,2017-04-04,"Grace Park Rd, Whitehall, Dublin 9, Ireland",GEOMETRIC_CENTER,53.3760331,-6.2448122,,"establishment,point_of_interest",Dublin City,Whitehall D,02093,Dublin,268160003
203135,2017.0,"226 CUSTOM HOUSE HARBOUR, IFSC, DUBLIN 1,Dublin,Ireland",02/03/2017,"226 CUSTOM HOUSE HARBOUR, IFSC, DUBLIN 1",Dublin 1,Dublin,393000.0,No,No,Second-Hand Dwelling house /Apartment,,2017-03-02,"3 Harbourmaster Pl, North Dock, Dublin, Ireland",ROOFTOP,53.3511989,-6.2478815,,"establishment,natural_feature,point_of_interest",Dublin City,North Dock C,02078,Dublin,268109017
203136,2017.0,"226 GRACEPARK MANOR, GRACE PARK RD, DRUMCONDRA DUBLIN 9,Dublin,Ireland",02/03/2017,"226 GRACEPARK MANOR, GRACE PARK RD, DRUMCONDRA DUBLIN 9",Dublin 9,Dublin,280000.0,No,No,Second-Hand Dwelling house /Apartment,,2017-03-02,"Grace Park Hall, Grace Park Rd, Drumcondra, Dublin 9, Ireland",ROOFTOP,53.3760191,-6.2419319,,premise,Dublin City,Grace Park,02058,Dublin,268070015
203137,2017.0,"226 PARKLANDS, NORTHWOOD, SANTRY DUBLIN 9,Dublin,Ireland",10/05/2017,"226 PARKLANDS, NORTHWOOD, SANTRY DUBLIN 9",Dublin 9,Dublin,160000.0,No,No,Second-Hand Dwelling house /Apartment,,2017-05-10,"Northwood Ave, North Wood, Santry, Co. Dublin, Ireland",GEOMETRIC_CENTER,53.4067216,-6.2505445,,"establishment,point_of_interest",Fingal,Airport,04001,Dublin,267001005
203141,2017.0,"227 OLCOVAR, DUBLIN RD, SHANKILL,Dublin,Ireland",06/04/2017,"227 OLCOVAR, DUBLIN RD, SHANKILL",Dublin 18,Dublin,216000.0,No,No,Second-Hand Dwelling house /Apartment,,2017-04-06,"Olcovar, Dublin Rd, Shankill, Dublin 18, Ireland",ROOFTOP,53.2270969,-6.1264758,,premise,Dn Laoghaire-Rathdown,Shankill-Rathmichael,05060,Dublin,267120011
203145,2017.0,"22A CHALFONT RD, MALAHIDE, DUBLIN,Dublin,Ireland",02/02/2017,"22A CHALFONT RD, MALAHIDE, DUBLIN",,Dublin,550000.0,No,No,Second-Hand Dwelling house /Apartment,,2017-02-02,"22A Chalfont Rd, Malahide Demesne, Malahide, Co. Dublin, K36 KH26, Ireland",ROOFTOP,53.4516114,-6.1649665,K36 KH26,street_address,Fingal,Malahide West,04030,Dublin,267106009
203148,2017.0,"23 ACHILL HOUSE, MAYOR ST LOWER, I F S C DUBLIN 1,Dublin,Ireland",12/05/2017,"23 ACHILL HOUSE, MAYOR ST LOWER, I F S C DUBLIN 1",Dublin 1,Dublin,237000.0,No,No,Second-Hand Dwelling house /Apartment,,2017-05-12,,,,,,,,,,,
203149,2017.0,"23 ALPINE RISE, TALLAGHT, DUBLIN 24,Dublin,Ireland",05/05/2017,"23 ALPINE RISE, TALLAGHT, DUBLIN 24",Dublin 24,Dublin,235000.0,Yes,No,Second-Hand Dwelling house /Apartment,,2017-05-05,"23 Alpine Rise, Belgard, Dublin 24, D24 T3H1, Ireland",ROOFTOP,53.2971353,-6.3859416,D24 T3H1,street_address,South Dublin,Tallaght-Belgard,03029,Dublin,267137006
203150,2017.0,"23 ARANLEIGH MOUNT, RATHFARNHAM, DUBLIN 14,Dublin,Ireland",07/03/2017,"23 ARANLEIGH MOUNT, RATHFARNHAM, DUBLIN 14",Dublin 14,Dublin,610000.0,No,No,Second-Hand Dwelling house /Apartment,,2017-03-07,"23 Aranleigh Mount, Rathfarnham, Dublin 14, D14 N2E7, Ireland",ROOFTOP,53.2897566,-6.2795033,D14 N2E7,street_address,South Dublin,Rathfarnham-Hermitage,03024,Dublin,267115005
203159,2017.0,"23 Ashfield Avenue, Forrest Road, Ridgewood,Dublin,Ireland",12/04/2017,"23 Ashfield Avenue, Forrest Road, Ridgewood",,Dublin,285450.0,No,Yes,New Dwelling house /Apartment,greater than or equal to 38 sq metres and less than 125 sq metres,2017-04-12,,,,,,,,,,,
203162,2017.0,"23 BALLYGALL CRESENT, FINGLAS EAST, DUBLIN 11,Dublin,Ireland",10/01/2017,"23 BALLYGALL CRESENT, FINGLAS EAST, DUBLIN 11",,Dublin,210000.0,No,No,Second-Hand Dwelling house /Apartment,,2017-01-10,"23 Ballygall Cres, Finglas East, Dublin 11, D11 KD6Y, Ireland",ROOFTOP,53.3843011,-6.2890401,D11 KD6Y,street_address,Dublin City,Ballygall A,02011,Dublin,268012005
203175,2017.0,"23 CARDY ROCK AVE, BALBRIGGAN, DUBLIN,Dublin,Ireland",01/03/2017,"23 CARDY ROCK AVE, BALBRIGGAN, DUBLIN",,Dublin,175000.0,No,No,Second-Hand Dwelling house /Apartment,,2017-03-01,"23 Cardy Rock Ave, Tankardstown, Balbriggan, Co. Dublin, K32 V602, Ireland",ROOFTOP,53.6186486,-6.1919721,K32 V602,street_address,Fingal,Balbriggan Rural,04002,Dublin,267002044
203177,2017.0,"23 CASTLEKNOCK GLADE, CASTLEKNOCK, DUBLIN 15,Dublin,Ireland",10/05/2017,"23 CASTLEKNOCK GLADE, CASTLEKNOCK, DUBLIN 15",Dublin 15,Dublin,417500.0,No,No,Second-Hand Dwelling house /Apartment,,2017-05-10,"23 Castleknock Glade, Blanchardstown, Dublin 15, D15 PV40, Ireland",ROOFTOP,53.3777814,-6.3694045,D15 PV40,street_address,Fingal,Castleknock-Knockmaroon,04016,Dublin,267040007
203178,2017.0,"23 CASTLELAND PARK PLACE, BALBRIGGAN,Dublin,Ireland",06/03/2017,"23 CASTLELAND PARK PLACE, BALBRIGGAN",,Dublin,220264.0,No,Yes,New Dwelling house /Apartment,greater than or equal to 38 sq metres and less than 125 sq metres,2017-03-06,"23 Castleland Park View, Kilsough North, Balbriggan, Co. Dublin, K32 E199, Ireland",ROOFTOP,53.5995906,-6.1756064,K32 E199,street_address,Fingal,Balbriggan Rural,04002,Dublin,267002043
203180,2017.0,"23 CHERRYWOOD AVE, CLONDALKIN, DUBLIN 22,Dublin,Ireland",09/02/2017,"23 CHERRYWOOD AVE, CLONDALKIN, DUBLIN 22",Dublin 22,Dublin,228000.0,No,No,Second-Hand Dwelling house /Apartment,,2017-02-09,"23 Cherrywood Ave, Fairview, Dublin 22, D22 RR76, Ireland",ROOFTOP,53.3215342,-6.4052451,D22 RR76,street_address,South Dublin,Clondalkin Village,03010,Dublin,267053031
203185,2017.0,"23 CHURCHVIEW, DRUMCONDRA, DUBLIN 9,Dublin,Ireland",04/05/2017,"23 CHURCHVIEW, DRUMCONDRA, DUBLIN 9",Dublin 9,Dublin,102502.43,Yes,No,Second-Hand Dwelling house /Apartment,,2017-05-04,"23 Church Ave, Grace Park Rd, Drumcondra, Dublin 9, D09 K8N0, Ireland",ROOFTOP,53.3709565,-6.2520113,D09 K8N0,street_address,Dublin City,Drumcondra South A,02047,Dublin,268058007
203190,2017.0,"23 COLLEGE ST, BALDOYLE, DUBLIN 13,Dublin,Ireland",03/03/2017,"23 COLLEGE ST, BALDOYLE, DUBLIN 13",Dublin 13,Dublin,290000.0,No,No,Second-Hand Dwelling house /Apartment,,2017-03-03,"23 College St, Baldoyle, Dublin 13, D13 A3E6, Ireland",ROOFTOP,53.3971267,-6.128646,D13 A3E6,street_address,Fingal,Baldoyle,04004,Dublin,267004025
203192,2017.0,"23 CROSS GUNS QUAY, PHIBSBORO, DUBLIN 7,Dublin,Ireland",09/02/2017,"23 CROSS GUNS QUAY, PHIBSBORO, DUBLIN 7",Dublin 7,Dublin,200000.0,No,No,Second-Hand Dwelling house /Apartment,,2017-02-09,"Apartment 72, Cross Guns Quay, Phibsborough Rd, Phibsborough, Dublin 7, Ireland",ROOFTOP,53.3644671,-6.2732142,,premise,Dublin City,Cabra East A,02030,Dublin,268030009
203201,2017.0,"23 Dodderbrook Park, Oldcourt Road, Ballycullen,Dublin,Ireland",06/01/2017,"23 Dodderbrook Park, Oldcourt Road, Ballycullen",,Dublin,390000.0,No,Yes,New Dwelling house /Apartment,greater than or equal to 125 sq metres,2017-01-06,"Oldcourt Rd, Oldcourt, Dublin, Ireland",GEOMETRIC_CENTER,53.2700459,-6.3415907,,"establishment,general_contractor,point_of_interest",South Dublin,Firhouse Village,03014,Dublin,267084004
203202,2017.0,"23 EDENMORE GROVE, RAHENY, DUBLIN 5,Dublin,Ireland",08/06/2017,"23 EDENMORE GROVE, RAHENY, DUBLIN 5",Dublin 5,Dublin,300000.0,No,No,Second-Hand Dwelling house /Apartment,,2017-06-08,"23 Edenmore Grove, Edenmore, Dublin 5, D05 F254, Ireland",ROOFTOP,53.3859809,-6.1830631,D05 F254,street_address,Dublin City,Edenmore,02050,Dublin,268062009
203208,2017.0,"23 FINSBURY GREEN, CHURCHTOWN, DUBLIN 14,Dublin,Ireland",10/02/2017,"23 FINSBURY GREEN, CHURCHTOWN, DUBLIN 14",Dublin 14,Dublin,420000.0,No,No,Second-Hand Dwelling house /Apartment,,2017-02-10,"23 Finsbury Green, Churchtown Upper, Dublin 14, D14 P582, Ireland",ROOFTOP,53.2937195,-6.2533171,D14 P582,street_address,Dn Laoghaire-Rathdown,Dundrum-Sweetmount,05040,Dublin,267081002
203211,2017.0,"23 FURRY PARK COURT, DUBLIN 5, DUBLIN,Dublin,Ireland",06/03/2017,"23 FURRY PARK COURT, DUBLIN 5, DUBLIN",Dublin 5,Dublin,305000.0,No,No,Second-Hand Dwelling house /Apartment,,2017-03-06,"23 Furry Park Ct, Clontarf East, Dublin 5, D05 PR53, Ireland",ROOFTOP,53.3731499,-6.198659,D05 PR53,street_address,Dublin City,Clontarf East E,02041,Dublin,268045002
203216,2017.0,"23 GLASNEVIN PARK, DUBLIN 11, DUBLIN,Dublin,Ireland",08/03/2017,"23 GLASNEVIN PARK, DUBLIN 11, DUBLIN",Dublin 11,Dublin,460000.0,No,No,Second-Hand Dwelling house /Apartment,,2017-03-08,"23 Glasnevin Park, Ballygall, Dublin 11, D11 P9C7, Ireland",ROOFTOP,53.3884603,-6.2731467,D11 P9C7,street_address,Dublin City,Ballygall C,02013,Dublin,268011003
203226,2017.0,"23 HIBERNIA, DE VESCI COURT APTS., THE SLOPES,Dublin,Ireland",10/03/2017,"23 HIBERNIA, DE VESCI COURT APTS., THE SLOPES",,Dublin,320000.0,No,No,Second-Hand Dwelling house /Apartment,,2017-03-10,,,,,,,,,,,
203232,2017.0,"23 KINCORA DR, CLONTARF, DUBLIN 3,Dublin,Ireland",11/04/2017,"23 KINCORA DR, CLONTARF, DUBLIN 3",Dublin 3,Dublin,700000.0,No,No,Second-Hand Dwelling house /Apartment,,2017-04-11,"23 Kincora Dr, Clontarf East, Dublin 3, D03 F290, Ireland",ROOFTOP,53.3646581,-6.2099159,D03 F290,street_address,Dublin City,Clontarf East D,02040,Dublin,268044005
203236,2017.0,"23 LARKSPUR HALL, LEVMOSS PARK, LEOPARDSTOWN DUBLIN 18,Dublin,Ireland",09/06/2017,"23 LARKSPUR HALL, LEVMOSS PARK, LEOPARDSTOWN DUBLIN 18",Dublin 18,Dublin,340000.0,No,No,Second-Hand Dwelling house /Apartment,,2017-06-09,"Apartment 34, Larkspur Hall, Levmoss Park, The Gallops, Dublin 18, Ireland",ROOFTOP,53.2636894,-6.1978649,,premise,Dn Laoghaire-Rathdown,Glencullen,05057,Dublin,267092053
203241,2017.0,"23 LONGS PLACE, DUBLIN 8, DUBLIN,Dublin,Ireland",03/03/2017,"23 LONGS PLACE, DUBLIN 8, DUBLIN",Dublin 8,Dublin,150000.0,No,No,Second-Hand Dwelling house /Apartment,,2017-03-03,"23 Long's Pl, Ushers, Dublin, Ireland",RANGE_INTERPOLATED,53.3396013,-6.2882938,,street_address,Dublin City,Ushers C,02154,Dublin,268150005
203247,2017.0,"23 MAIESTON, SANTRY CROSS, BALLYMUN DUBLIN 11,Dublin,Ireland",04/05/2017,"23 MAIESTON, SANTRY CROSS, BALLYMUN DUBLIN 11",Dublin 11,Dublin,156000.0,No,No,Second-Hand Dwelling house /Apartment,,2017-05-04,,,,,,,,,,,
203253,2017.0,"23 MEASC CRESENT, ARTANE, DUBLIN 5,Dublin,Ireland",10/05/2017,"23 MEASC CRESENT, ARTANE, DUBLIN 5",Dublin 5,Dublin,298500.0,No,No,Second-Hand Dwelling house /Apartment,,2017-05-10,,,,,,,,,,,
203255,2017.0,"23 MILLMOUNT GROVE, DUNDRUM RD, DUBLIN 16,Dublin,Ireland",12/04/2017,"23 MILLMOUNT GROVE, DUNDRUM RD, DUBLIN 16",Dublin 14,Dublin,350000.0,No,No,Second-Hand Dwelling house /Apartment,,2017-04-12,"Millmount Terrace, Dundrum Rd, Windy Arbour, Dublin 14, Ireland",ROOFTOP,53.3042595,-6.2457741,,premise,Dn Laoghaire-Rathdown,Clonskeagh-Farranboley,05028,Dublin,267057003
203256,2017.0,"23 MOLAND HOUSE 10A TALBOT ST, DUBLIN 1, DUBLIN,Dublin,Ireland",04/02/2017,"23 MOLAND HOUSE 10A TALBOT ST, DUBLIN 1, DUBLIN",Dublin 1,Dublin,260000.0,No,No,Second-Hand Dwelling house /Apartment,,2017-02-04,"Moland House, Talbot St, North City, Dublin 1, Ireland",ROOFTOP,53.3506044,-6.2560913,,premise,Dublin City,North City,02075,Dublin,268106019
203257,2017.0,"23 MONALEA PARK, FIRHOUSE, DUBLIN 24,Dublin,Ireland",10/04/2017,"23 MONALEA PARK, FIRHOUSE, DUBLIN 24",Dublin 24,Dublin,358000.0,No,No,Second-Hand Dwelling house /Apartment,,2017-04-10,"23 Monalea Park, Knocklyon, Dublin 24, D24 P5Y4, Ireland",ROOFTOP,53.2843768,-6.3317498,D24 P5Y4,street_address,South Dublin,Firhouse Village,03014,Dublin,267084035
203262,2017.0,"23 MOYLARAGH GARDENS, BALBRIGGAN, DUBLIN,Dublin,Ireland",07/03/2017,"23 MOYLARAGH GARDENS, BALBRIGGAN, DUBLIN",,Dublin,163000.0,No,No,Second-Hand Dwelling house /Apartment,,2017-03-07,"23 Moylaragh Gardens, Clogheder, Balbriggan, Co. Dublin, K32 PN72, Ireland",ROOFTOP,53.6096351,-6.20375,K32 PN72,street_address,Fingal,Balbriggan Rural,04002,Dublin,267002022
203268,2017.0,"23 OAKLANDS DR, RATHGAR, DUBLIN 6,Dublin,Ireland",04/01/2017,"23 OAKLANDS DR, RATHGAR, DUBLIN 6",Dublin 6,Dublin,915000.0,No,No,Second-Hand Dwelling house /Apartment,,2017-01-04,"23 Oaklands Dr, Rathfarnham, Dublin 6, D06 K2X9, Ireland",ROOFTOP,53.3115229,-6.2679445,D06 K2X9,street_address,Dublin City,Rathfarnham,02133,Dublin,268127012
203274,2017.0,"23 PINE VALLEY PARK, GRANGE RD, RATHFARNHAM DUBLIN 16,Dublin,Ireland",02/05/2017,"23 PINE VALLEY PARK, GRANGE RD, RATHFARNHAM DUBLIN 16",Dublin 16,Dublin,650000.0,No,No,Second-Hand Dwelling house /Apartment,,2017-05-02,"Pine Valley, Grange Rd, Rathfarnham, Dublin 16, Ireland",ROOFTOP,53.2724453,-6.2626977,,premise,Dn Laoghaire-Rathdown,Ballinteer-Woodpark,05006,Dublin,267007012
203284,2017.0,"23 RUTLAND COTTAGES, SUMMERHILL, DUBLIN 1,Dublin,Ireland",05/05/2017,"23 RUTLAND COTTAGES, SUMMERHILL, DUBLIN 1",Dublin 1,Dublin,84345.0,No,No,Second-Hand Dwelling house /Apartment,,2017-05-05,,,,,,,,,,,
203293,2017.0,"23 ST MARGARETS RD, MALAHIDE, DUBLIN,Dublin,Ireland",11/05/2017,"23 ST MARGARETS RD, MALAHIDE, DUBLIN",,Dublin,1519508.0,No,No,Second-Hand Dwelling house /Apartment,,2017-05-11,"23 St Margaret's Rd, Malahide, Co. Dublin, Ireland",RANGE_INTERPOLATED,53.4483393,-6.1559431,,street_address,Fingal,Malahide East,04029,Dublin,267105001
203300,2017.0,"23 THE ATRIUM, FOLEY ST, DUBLIN 1,Dublin,Ireland",12/01/2017,"23 THE ATRIUM, FOLEY ST, DUBLIN 1",Dublin 1,Dublin,256000.0,No,No,Second-Hand Dwelling house /Apartment,,2017-01-12,,,,,,,,,,,
203302,2017.0,"23 THE BAILY, CUSTOM HOUSE HARBOUR, BAILY DUBLIN 1,Dublin,Ireland",10/03/2017,"23 THE BAILY, CUSTOM HOUSE HARBOUR, BAILY DUBLIN 1",Dublin 1,Dublin,316000.0,No,No,Second-Hand Dwelling house /Apartment,,2017-03-10,"3 Harbourmaster Pl, North Dock, Dublin, Ireland",ROOFTOP,53.3511989,-6.2478815,,"establishment,natural_feature,point_of_interest",Dublin City,North Dock C,02078,Dublin,268109017
203304,2017.0,"23 THE COURT, HENRIETTA PLACE, DUBLIN 1,Dublin,Ireland",05/04/2017,"23 THE COURT, HENRIETTA PLACE, DUBLIN 1",Dublin 1,Dublin,174000.0,No,No,Second-Hand Dwelling house /Apartment,,2017-04-05,"23 Henrietta Pl, Inns Quay, Dublin, Ireland",RANGE_INTERPOLATED,53.3508175,-6.2709037,,street_address,Dublin City,Inns Quay C,02068,Dublin,268082013
203309,2017.0,"23 THE LIGHTHOUSE, THE CRESCENT, ROBSWALL MALAHIDE,Dublin,Ireland",10/03/2017,"23 THE LIGHTHOUSE, THE CRESCENT, ROBSWALL MALAHIDE",,Dublin,420000.0,No,No,Second-Hand Dwelling house /Apartment,,2017-03-10,"Apartment 1, The Lighthouse, The Crescent, Robswalls, Malahide, Co. Dublin, Ireland",ROOFTOP,53.4444758,-6.1310797,,premise,Fingal,Malahide East,04029,Dublin,267105015
203310,2017.0,"23 THE MILL RACE, MARTINS ROW, CHAPELIZOD DUBLIN 20,Dublin,Ireland",03/03/2017,"23 THE MILL RACE, MARTINS ROW, CHAPELIZOD DUBLIN 20",Dublin 20,Dublin,250000.0,No,No,Second-Hand Dwelling house /Apartment,,2017-03-03,"Mill Race, Martin's Row, Chapelizod, Dublin 20, Ireland",ROOFTOP,53.3498936,-6.3455737,,premise,Dublin City,Chapelizod,02094,Dublin,268037014
203350,2017.0,"23A WILLOW COURT, DRUIDS VALLEY, CABINTEELY DUBLIN 18,Dublin,Ireland",10/05/2017,"23A WILLOW COURT, DRUIDS VALLEY, CABINTEELY DUBLIN 18",Dublin 18,Dublin,207000.0,No,No,Second-Hand Dwelling house /Apartment,,2017-05-10,"23 Willow Ct, Druid Valley, Dublin 18, D18 RR44, Ireland",ROOFTOP,53.249188,-6.1412921,D18 RR44,street_address,Dn Laoghaire-Rathdown,Cabinteely-Loughlinstown,05020,Dublin,267038007
203355,2017.0,"24 ABBEYFIELD, MILLTOWN, DUBLIN 6,Dublin,Ireland",03/02/2017,"24 ABBEYFIELD, MILLTOWN, DUBLIN 6",Dublin 6,Dublin,385000.0,No,No,Second-Hand Dwelling house /Apartment,,2017-02-03,"24-37 Abbeyfield, Dublin 6, Ireland",ROOFTOP,53.3154552,-6.2467861,,street_address,Dublin City,Rathmines East B,02135,Dublin,268129006
203362,2017.0,"24 Abbot's Grove Avenue, Knocklyon, Dublin 16,Dublin,Ireland",05/04/2017,"24 Abbot's Grove Avenue, Knocklyon, Dublin 16",,Dublin,325110.13,No,Yes,New Dwelling house /Apartment,greater than or equal to 38 sq metres and less than 125 sq metres,2017-04-05,"24 Abbots grove, Ballycullen, Knocklyon, Co. Dublin, Ireland",ROOFTOP,53.2710579,-6.3252412,,"establishment,general_contractor,point_of_interest",South Dublin,Firhouse-Ballycullen,03012,Dublin,267085005/267085009
203363,2017.0,"24 Ashfield Ave, Forrest Rd, Ridgewood,Dublin,Ireland",10/02/2017,"24 Ashfield Ave, Forrest Rd, Ridgewood",,Dublin,259912.0,No,Yes,New Dwelling house /Apartment,greater than or equal to 38 sq metres and less than 125 sq metres,2017-02-10,,,,,,,,,,,
203371,2017.0,"24 BEVERTON GREEN, DONABATE, DUBLIN,Dublin,Ireland",12/04/2017,"24 BEVERTON GREEN, DONABATE, DUBLIN",,Dublin,385000.0,No,No,Second-Hand Dwelling house /Apartment,,2017-04-12,"24 Beverton Green, Ballisk Common, Donabate, Co. Dublin, K36 YW73, Ireland",ROOFTOP,53.4910969,-6.1561358,K36 YW73,street_address,Fingal,Donabate,04019,Dublin,267065021
203377,2017.0,"24 Belarmine Lawns, Stepaside,Dublin,Ireland",07/04/2017,"24 Belarmine Lawns, Stepaside",,Dublin,374449.0,No,Yes,New Dwelling house /Apartment,greater than or equal to 38 sq metres and less than 125 sq metres,2017-04-07,,,,,,,,,,,
203394,2017.0,"24 CLUNE ROAD, FINGLAS, DUBLIN 11,Dublin,Ireland",01/03/2017,"24 CLUNE ROAD, FINGLAS, DUBLIN 11",,Dublin,190000.0,No,No,Second-Hand Dwelling house /Apartment,,2017-03-01,"24 Clune Rd, Finglas East, Dublin 11, D11 V3W6, Ireland",ROOFTOP,53.3905616,-6.2944374,D11 V3W6,street_address,Dublin City,Finglas North C,02053,Dublin,268065006
203395,2017.0,"24 COLLEGE COURT, KINGS INNS ST, DUBLIN 1,Dublin,Ireland",12/05/2017,"24 COLLEGE COURT, KINGS INNS ST, DUBLIN 1",Dublin 1,Dublin,180000.0,No,No,Second-Hand Dwelling house /Apartment,,2017-05-12,"Apartment 9, College Court, King's Inns St, Rotunda, Dublin 1, Ireland",ROOFTOP,53.3516198,-6.2672301,,premise,Dublin City,Rotunda B,02089,Dublin,268139004
203405,2017.0,"24 Dodderbrook Avenue, Dodderbrook, Ballycullen,Dublin,Ireland",01/03/2017,"24 Dodderbrook Avenue, Dodderbrook, Ballycullen",,Dublin,287600.0,No,Yes,New Dwelling house /Apartment,greater than or equal to 38 sq metres and less than 125 sq metres,2017-03-01,"Oldcourt Rd, Oldcourt, Dublin, Ireland",GEOMETRIC_CENTER,53.2700459,-6.3415907,,"establishment,general_contractor,point_of_interest",South Dublin,Firhouse Village,03014,Dublin,267084004
203408,2017.0,"24 FARNEY PARK, SANDYMOUNT, DUBLIN 4,Dublin,Ireland",03/03/2017,"24 FARNEY PARK, SANDYMOUNT, DUBLIN 4",Dublin 4,Dublin,970000.0,No,No,Second-Hand Dwelling house /Apartment,,2017-03-03,"24 Farney Park, Dublin 4, D04 K310, Ireland",ROOFTOP,53.333008,-6.2200063,D04 K310,street_address,Dublin City,Pembroke East B,02126,Dublin,268111011
203411,2017.0,"24 Fairhaven Road, Castleknock Road, Castleknock,Dublin,Ireland",12/04/2017,"24 Fairhaven Road, Castleknock Road, Castleknock",,Dublin,431700.0,No,Yes,New Dwelling house /Apartment,greater than or equal to 125 sq metres,2017-04-12,"Castleknock Rd, Ashtown, Dublin, Ireland",GEOMETRIC_CENTER,53.3711529,-6.3407142,,"establishment,point_of_interest",Fingal,Castleknock-Park,04017,Dublin,267041014
203414,2017.0,"24 GARDINER ST UPPER, DUBLIN 1, DUBLIN,Dublin,Ireland",01/03/2017,"24 GARDINER ST UPPER, DUBLIN 1, DUBLIN",Dublin 1,Dublin,540000.0,No,No,Second-Hand Dwelling house /Apartment,,2017-03-01,"24 Gardiner Street Upper, Rotunda, Dublin 1, D01 RX81, Ireland",ROOFTOP,53.3579691,-6.2606499,D01 RX81,street_address,Dublin City,Rotunda A,02088,Dublin,268138009
203421,2017.0,"24 HAZEL GROVE, BLESSINGTON ROAD, TALLAGHT,Dublin,Ireland",07/02/2017,"24 HAZEL GROVE, BLESSINGTON ROAD, TALLAGHT",,Dublin,199000.0,No,No,Second-Hand Dwelling house /Apartment,,2017-02-07,,,,,,,,,,,
203423,2017.0,"24 HILLCREST VIEW, LUCAN, DUBLIN,Dublin,Ireland",01/02/2017,"24 HILLCREST VIEW, LUCAN, DUBLIN",,Dublin,255000.0,No,No,Second-Hand Dwelling house /Apartment,,2017-02-01,"24 Hillcrest View, Lucan, Co. Dublin, K78 P6D9, Ireland",ROOFTOP,53.3515921,-6.4567915,K78 P6D9,street_address,South Dublin,Lucan-St. Helen's,03017,Dublin,267103022
203426,2017.0,"24 HUNTSTOWN RISE, MULHUDDART, DUBLIN 15,Dublin,Ireland",06/03/2017,"24 HUNTSTOWN RISE, MULHUDDART, DUBLIN 15",Dublin 15,Dublin,228000.0,No,No,Second-Hand Dwelling house /Apartment,,2017-03-06,"24 Huntstown Rise, Huntstown, Dublin 15, D15 KCP0, Ireland",ROOFTOP,53.4019745,-6.4045578,D15 KCP0,street_address,Fingal,Blanchardstown-Blakestown,04009,Dublin,267028007
203445,2017.0,"24 MAPLE HALL, MOUNT SAINT ANNES, MILLTOWN,Dublin,Ireland",09/02/2017,"24 MAPLE HALL, MOUNT SAINT ANNES, MILLTOWN",,Dublin,299559.0,No,Yes,New Dwelling house /Apartment,greater than or equal to 38 sq metres and less than 125 sq metres,2017-02-09,"Apartment 17, Maple Hall, Milltown Ave, Mount St Annes, Dublin 6, Ireland",ROOFTOP,53.3120818,-6.2481127,,premise,Dublin City,Rathmines East B,02135,Dublin,268129012/268129013
203454,2017.0,"24 Neptune Block, Honeypark, Dun-Laoghaire,Dublin,Ireland",03/03/2017,"24 Neptune Block, Honeypark, Dun-Laoghaire",,Dublin,308370.04,No,Yes,New Dwelling house /Apartment,greater than or equal to 38 sq metres and less than 125 sq metres,2017-03-03,"Neptune Lodge, Sandycove Point, D̼n Laoghaire, Dublin, Ireland",ROOFTOP,53.2890348,-6.114664,,premise,Dn Laoghaire-Rathdown,Dn Laoghaire-Sandycove,05050,Dublin,267076004
203462,2017.0,"24 PARKSIDE AVENUE, BALGRIFFIN,Dublin,Ireland",11/01/2017,"24 PARKSIDE AVENUE, BALGRIFFIN",,Dublin,260162.59,No,Yes,New Dwelling house /Apartment,greater than or equal to 38 sq metres and less than 125 sq metres,2017-01-11,"Parkside Avenue, Grange, Dublin, Co. Dublin, Ireland",GEOMETRIC_CENTER,53.4067772,-6.1672701,,route,Dublin City,Grange A,02059,Dublin,268071024
203476,2017.0,"24 SUMMER ST NORTH, DUBLIN 1,Dublin,Ireland",04/05/2017,"24 SUMMER ST NORTH, DUBLIN 1",Dublin 1,Dublin,200000.0,No,No,Second-Hand Dwelling house /Apartment,,2017-05-04,"24 Summer St N, Mountjoy, Dublin 1, D01 T9X9, Ireland",ROOFTOP,53.3572924,-6.2514068,D01 T9X9,street_address,Dublin City,Mountjoy B,02074,Dublin,268105008
203482,2017.0,"24 THE COPSE WOODPARK BALLINTEER, DUBLIN 16, DUBLIN,Dublin,Ireland",08/03/2017,"24 THE COPSE WOODPARK BALLINTEER, DUBLIN 16, DUBLIN",Dublin 16,Dublin,313000.0,No,No,Second-Hand Dwelling house /Apartment,,2017-03-08,,,,,,,,,,,
203484,2017.0,"24 THE OVAL, TULLYVALE, DUBLIN 18,Dublin,Ireland",10/03/2017,"24 THE OVAL, TULLYVALE, DUBLIN 18",Dublin 18,Dublin,312000.0,No,No,Second-Hand Dwelling house /Apartment,,2017-03-10,"The Oval, Tullyvale, Dublin 18, Ireland",ROOFTOP,53.2479619,-6.1454823,,premise,Dn Laoghaire-Rathdown,Cabinteely-Loughlinstown,05020,Dublin,267038016
203503,2017.0,"24 WOODFORD PARK, CLONDALKIN, DUBLIN 22,Dublin,Ireland",05/05/2017,"24 WOODFORD PARK, CLONDALKIN, DUBLIN 22",Dublin 22,Dublin,228000.0,No,No,Second-Hand Dwelling house /Apartment,,2017-05-05,"24 Woodford Park, Knockmitten, Dublin 22, D22 N4A9, Ireland",ROOFTOP,53.3259301,-6.3777892,D22 N4A9,street_address,South Dublin,Clondalkin-Monastery,03007,Dublin,267050030
203510,2017.0,"241 SOUTH CIRCULAR RD, DUBLIN 8, DUBLIN,Dublin,Ireland",07/03/2017,"241 SOUTH CIRCULAR RD, DUBLIN 8, DUBLIN",Dublin 8,Dublin,616000.0,No,No,Second-Hand Dwelling house /Apartment,,2017-03-07,"241 S Circular Rd, Merchants Quay, Dublin 8, D08 W2R6, Ireland",ROOFTOP,53.3318936,-6.2861187,D08 W2R6,street_address,Dublin City,Merchants Quay F,02124,Dublin,268103002
203514,2017.0,"244 CHERRYWOOD LAWN, DUBLIN 22, DUBLIN,Dublin,Ireland",12/04/2017,"244 CHERRYWOOD LAWN, DUBLIN 22, DUBLIN",Dublin 22,Dublin,268000.0,No,No,Second-Hand Dwelling house /Apartment,,2017-04-12,"244 Cherrywood Lawn, Fairview, Dublin 22, D22 KD34, Ireland",ROOFTOP,53.3168779,-6.4138917,D22 KD34,street_address,South Dublin,Clondalkin Village,03010,Dublin,267053015
203521,2017.0,"247 SUTTON PARK, SUTTON, DUBLIN 13,Dublin,Ireland",11/06/2017,"247 SUTTON PARK, SUTTON, DUBLIN 13",Dublin 13,Dublin,520000.0,No,No,Second-Hand Dwelling house /Apartment,,2017-06-11,"247 Sutton Park, Baldoyle, Dublin 13, D13 P667, Ireland",ROOFTOP,53.3899454,-6.1351113,D13 P667,street_address,Fingal,Sutton,04035,Dublin,267130015
203525,2017.0,"249 ORWELL PARK, GLADE, TEMPLEOGUE DUBLIN 6W,Dublin,Ireland",03/04/2017,"249 ORWELL PARK, GLADE, TEMPLEOGUE DUBLIN 6W",,Dublin,525000.0,No,No,Second-Hand Dwelling house /Apartment,,2017-04-03,"249 Orwell Park Glade, Templeogue, Dublin 6W, Co. Dublin, D6W PF68, Ireland",ROOFTOP,53.3008889,-6.3231894,D6W PF68,street_address,South Dublin,Templeogue-Orwell,03044,Dublin,267152006
203540,2017.0,"25 ASH ST, THE LIBERTIES, DUBLIN 8,Dublin,Ireland",12/01/2017,"25 ASH ST, THE LIBERTIES, DUBLIN 8",Dublin 8,Dublin,300000.0,No,No,Second-Hand Dwelling house /Apartment,,2017-01-12,"25 Ash St, Merchants Quay, Dublin 8, D08 PY9E, Ireland",ROOFTOP,53.3401246,-6.2770852,D08 PY9E,street_address,Dublin City,Merchants Quay B,02120,Dublin,268099007
203543,2017.0,"25 Abbot's Grove, Knocklyon, Dublin 16,Dublin,Ireland",06/04/2017,"25 Abbot's Grove, Knocklyon, Dublin 16",Dublin 16,Dublin,325110.13,No,Yes,New Dwelling house /Apartment,greater than or equal to 125 sq metres,2017-04-06,"24 Abbots grove, Ballycullen, Knocklyon, Co. Dublin, Ireland",ROOFTOP,53.2710579,-6.3252412,,"establishment,general_contractor,point_of_interest",South Dublin,Firhouse-Ballycullen,03012,Dublin,267085005/267085009
203554,2017.0,"25 BOROIMHE BIRCHES, SWORDS, DUBLIN,Dublin,Ireland",03/05/2017,"25 BOROIMHE BIRCHES, SWORDS, DUBLIN",,Dublin,230000.0,No,No,Second-Hand Dwelling house /Apartment,,2017-05-03,"25 Boroimhe Birches, Fosterstown North, Swords, Co. Dublin, Ireland",ROOFTOP,53.4476244,-6.2342233,,street_address,Fingal,Swords-Forrest,04036,Dublin,267132031
203556,2017.0,"25 BRIGHTON GARDENS, TERENURE, DUBLIN 6,Dublin,Ireland",08/02/2017,"25 BRIGHTON GARDENS, TERENURE, DUBLIN 6",Dublin 6,Dublin,492000.0,No,No,Second-Hand Dwelling house /Apartment,,2017-02-08,"25 Brighton Gardens, Terenure, Dublin 6, D06 PV34, Ireland",ROOFTOP,53.3125237,-6.2802506,D06 PV34,street_address,Dublin City,Rathmines West E,02142,Dublin,268136011
203558,2017.0,"25 BUTTERFIELD PARK, RATHFARNHAM, DUBLIN 14,Dublin,Ireland",07/02/2017,"25 BUTTERFIELD PARK, RATHFARNHAM, DUBLIN 14",Dublin 14,Dublin,770000.0,No,No,Second-Hand Dwelling house /Apartment,,2017-02-07,"25 Butterfield Park, Rathfarnham, Dublin 14, D14 FX93, Ireland",ROOFTOP,53.2954116,-6.2922189,D14 FX93,street_address,South Dublin,Rathfarnham-Butterfield,03023,Dublin,267114011
203567,2017.0,"25 CARYSFORT AVE, BLSCKROCK, DUBLIN,Dublin,Ireland",06/04/2017,"25 CARYSFORT AVE, BLSCKROCK, DUBLIN",,Dublin,755000.0,No,No,Second-Hand Dwelling house /Apartment,,2017-04-06,"25 Carysfort Ave, Blackrock, Co. Dublin, A94 D9R9, Ireland",ROOFTOP,53.3000176,-6.1794115,A94 D9R9,street_address,Dn Laoghaire-Rathdown,Blackrock-Central,05010,Dublin,267021008
203572,2017.0,"25 CHARNWOOD HEATH, CLONSILLA, DUBLIN 15,Dublin,Ireland",12/05/2017,"25 CHARNWOOD HEATH, CLONSILLA, DUBLIN 15",Dublin 15,Dublin,395000.0,No,No,Second-Hand Dwelling house /Apartment,,2017-05-12,"25 Charnwood Heath, Clonsilla, Dublin 15, D15 E0F4, Ireland",ROOFTOP,53.3856233,-6.4144875,D15 E0F4,street_address,Fingal,Blanchardstown-Blakestown,04009,Dublin,267028080
203584,2017.0,"25 CROSBIE HOUSE, NORTHBROOK AVE, DUBLIN 6,Dublin,Ireland",09/06/2017,"25 CROSBIE HOUSE, NORTHBROOK AVE, DUBLIN 6",Dublin 6,Dublin,383000.0,No,No,Second-Hand Dwelling house /Apartment,,2017-06-09,,,,,,,,,,,
203590,2017.0,"25 DAKOTA COURT PHIBSBORO DUBLIN 6W, DUBLIN,Dublin,Ireland",09/05/2017,"25 DAKOTA COURT PHIBSBORO DUBLIN 6W, DUBLIN",Dublin 15,Dublin,83052.08,Yes,No,Second-Hand Dwelling house /Apartment,,2017-05-09,,,,,,,,,,,
203592,2017.0,"25 DUBLIN RD, SKERRIES, DUBLIN,Dublin,Ireland",03/02/2017,"25 DUBLIN RD, SKERRIES, DUBLIN",Dublin 18,Dublin,425000.0,No,No,Second-Hand Dwelling house /Apartment,,2017-02-03,"25 Dublin Rd, Townparks, Skerries, Co. Dublin, K34 NP21, Ireland",ROOFTOP,53.574216,-6.1148154,K34 NP21,street_address,Fingal,Skerries,04034,Dublin,267123024
203594,2017.0,"25 DUNDRUM GATE, BALLINTEER RD, DUBLIN 14,Dublin,Ireland",01/03/2017,"25 DUNDRUM GATE, BALLINTEER RD, DUBLIN 14",Dublin 16,Dublin,336000.0,No,No,Second-Hand Dwelling house /Apartment,,2017-03-01,"Dundrum Gate, Ballinteer Rd, Dundrum, Dublin 16, Ireland",ROOFTOP,53.28825,-6.245357,,premise,Dn Laoghaire-Rathdown,Dundrum-Sandyford,05039,Dublin,267080015
203607,2017.0,"25 FOREST AVE, KINGSWOOD HEIGHTS, DUBLIN 24,Dublin,Ireland",10/03/2017,"25 FOREST AVE, KINGSWOOD HEIGHTS, DUBLIN 24",Dublin 24,Dublin,255000.0,No,No,Second-Hand Dwelling house /Apartment,,2017-03-10,"25 Forest Ave, Kilnamanagh, Dublin, Ireland",RANGE_INTERPOLATED,53.3069278,-6.3612138,,street_address,South Dublin,Tallaght-Kilnamanagh,03034,Dublin,267142005
203613,2017.0,"25 GLENHILL GROVE, FINGLAS, DUBLIN 11,Dublin,Ireland",10/04/2017,"25 GLENHILL GROVE, FINGLAS, DUBLIN 11",Dublin 11,Dublin,255000.0,No,No,Second-Hand Dwelling house /Apartment,,2017-04-10,"25 Glenhill Grove, Finglas East, Dublin 11, D11 N2Y3, Ireland",ROOFTOP,53.3838911,-6.2886852,D11 N2Y3,street_address,Dublin City,Ballygall A,02011,Dublin,268012011
203616,2017.0,"25 Hazelbrook, Malahide, County Dublin,Dublin,Ireland",10/03/2017,"25 Hazelbrook, Malahide, County Dublin",,Dublin,528634.0,No,Yes,New Dwelling house /Apartment,greater than or equal to 38 sq metres and less than 125 sq metres,2017-03-10,"25 Malahide Rd, Myra Manor, Kinsealy, Malahide, Co. Dublin, K36 X313, Ireland",ROOFTOP,53.4322144,-6.1758927,K36 X313,street_address,Fingal,Kinsaley,04026,Dublin,267099031
203618,2017.0,"25 KNOCKLYON GROVE, DUBLIN 16, DUBLIN,Dublin,Ireland",06/04/2017,"25 KNOCKLYON GROVE, DUBLIN 16, DUBLIN",Dublin 16,Dublin,410000.0,No,No,Second-Hand Dwelling house /Apartment,,2017-04-06,"25 Knocklyon Grove, Schollarstown, Dublin 16, D16 TY88, Ireland",ROOFTOP,53.2847533,-6.3197058,D16 TY88,street_address,South Dublin,Firhouse-Knocklyon,03013,Dublin,267086001
203620,2017.0,"25 LANESBOROUGH VIEW, CHARLESTOWN, FINGLAS DUBLIN 11,Dublin,Ireland",10/01/2017,"25 LANESBOROUGH VIEW, CHARLESTOWN, FINGLAS DUBLIN 11",Dublin 11,Dublin,243000.0,No,No,Second-Hand Dwelling house /Apartment,,2017-01-10,"25 Lanesborough View, Jamestown Little, Dublin 11, D11 T184, Ireland",ROOFTOP,53.4029332,-6.2925148,D11 T184,street_address,Fingal,Dubber,04020,Dublin,267066002
203643,2017.0,"25 PARKSIDE DRIVE, PARKSIDE, MALAHDIE ROAD,Dublin,Ireland",08/02/2017,"25 PARKSIDE DRIVE, PARKSIDE, MALAHDIE ROAD",Dublin 13,Dublin,274890.0,No,Yes,New Dwelling house /Apartment,greater than or equal to 38 sq metres and less than 125 sq metres,2017-02-08,"13 Malahide Rd, Balgriffin, Dublin, Ireland",ROOFTOP,53.4046281,-6.1665709,,"establishment,point_of_interest",Dublin City,Grange A,02059,Dublin,268071002
203644,2017.0,"25 PINTAIL HOUSE, REDCOURT OAKS, SEAFIELD RD EAST,Dublin,Ireland",01/01/2017,"25 PINTAIL HOUSE, REDCOURT OAKS, SEAFIELD RD EAST",Dublin 3,Dublin,148148.0,Yes,No,Second-Hand Dwelling house /Apartment,,2017-01-01,,,,,,,,,,,
203654,2017.0,"25 SEAFIELD RD, THE GABLES, DUBLIN 3,Dublin,Ireland",10/01/2017,"25 SEAFIELD RD, THE GABLES, DUBLIN 3",Dublin 3,Dublin,1300000.0,No,No,Second-Hand Dwelling house /Apartment,,2017-01-10,,,,,,,,,,,
203662,2017.0,"25 THE AVENUE, ROBSWALL, MALAHIDE,Dublin,Ireland",06/04/2017,"25 THE AVENUE, ROBSWALL, MALAHIDE",,Dublin,651982.0,No,Yes,New Dwelling house /Apartment,greater than or equal to 125 sq metres,2017-04-06,,,,,,,,,,,
203670,2017.0,"25 THE VIEW, ROBSWALL, MALAHIDE,Dublin,Ireland",10/01/2017,"25 THE VIEW, ROBSWALL, MALAHIDE",,Dublin,650000.0,No,No,Second-Hand Dwelling house /Apartment,,2017-01-10,"25 The View, Robswalls, Malahide, Co. Dublin, K36 YA46, Ireland",ROOFTOP,53.4444219,-6.1376742,K36 YA46,street_address,Fingal,Malahide East,04029,Dublin,267105011
203673,2017.0,"25 TORY SQ, WATERVILLE, BLANCHARDSTOWN DUBLIN 15,Dublin,Ireland",05/04/2017,"25 TORY SQ, WATERVILLE, BLANCHARDSTOWN DUBLIN 15",Dublin 15,Dublin,224000.0,No,No,Second-Hand Dwelling house /Apartment,,2017-04-05,"25 Tory Square, Dublin, Ireland",RANGE_INTERPOLATED,53.393001,-6.377271,,street_address,Fingal,Blanchardstown-Abbotstown,04008,Dublin,267027014
203674,2017.0,"25 The Avenue, Handfield Wood, Hansfield,Dublin,Ireland",02/05/2017,"25 The Avenue, Handfield Wood, Hansfield",Dublin 15,Dublin,321585.91,No,Yes,New Dwelling house /Apartment,greater than or equal to 38 sq metres and less than 125 sq metres,2017-05-02,"Clonsilla, Dublin, Ireland",GEOMETRIC_CENTER,53.3905516,-6.4322246,,"establishment,point_of_interest",Fingal,Blanchardstown-Blakestown,04009,Dublin,267028004/02
203688,2017.0,"25 park avenue, millers glen, swords,Dublin,Ireland",04/05/2017,"25 park avenue, millers glen, swords",,Dublin,257709.0,No,Yes,New Dwelling house /Apartment,less than 38 sq metres,2017-05-04,"Longview Ave, Oldtown, Co. Dublin, Ireland",GEOMETRIC_CENTER,53.4739449,-6.2397822,,"establishment,point_of_interest",Fingal,Swords-Lissenhall,04038,Dublin,267133026
203694,2017.0,"255 CAPTAINS RD, CRUMLIN, DUBLIN 12,Dublin,Ireland",10/02/2017,"255 CAPTAINS RD, CRUMLIN, DUBLIN 12",Dublin 12,Dublin,176000.0,No,No,Second-Hand Dwelling house /Apartment,,2017-02-10,"255 Captain's Rd, Kimmage, Dublin 12, D12 H6X6, Ireland",ROOFTOP,53.318604,-6.3085669,D12 H6X6,street_address,Dublin City,Kimmage E,02115,Dublin,268094007
203716,2017.0,"26 ASHINGTON MEWS, NAVAN RD, DUBLIN 7,Dublin,Ireland",07/02/2017,"26 ASHINGTON MEWS, NAVAN RD, DUBLIN 7",Dublin 7,Dublin,325000.0,No,No,Second-Hand Dwelling house /Apartment,,2017-02-07,"26 Navan Rd, Villa Park Ave, Ashtown, Dublin 7, D07 T2Y5, Ireland",ROOFTOP,53.3644194,-6.3125171,D07 T2Y5,street_address,Dublin City,Ashtown B,02007,Dublin,268007010
203719,2017.0,"26 Abbots Grove Avenue, Knocklyon,Dublin,Ireland",02/05/2017,"26 Abbots Grove Avenue, Knocklyon",Dublin 16,Dublin,324110.0,No,Yes,New Dwelling house /Apartment,greater than or equal to 38 sq metres and less than 125 sq metres,2017-05-02,"24 Abbots grove, Ballycullen, Knocklyon, Co. Dublin, Ireland",ROOFTOP,53.2710579,-6.3252412,,"establishment,general_contractor,point_of_interest",South Dublin,Firhouse-Ballycullen,03012,Dublin,267085005/267085009
203727,2017.0,"26 Ballygossan Park, Golf Links Road, Skerries,Dublin,Ireland",10/02/2017,"26 Ballygossan Park, Golf Links Road, Skerries",,Dublin,286344.0,No,Yes,New Dwelling house /Apartment,greater than or equal to 38 sq metres and less than 125 sq metres,2017-02-10,,,,,,,,,,,
203728,2017.0,"26 Belarmine Lawns, Belarmine Woods, Stepaside,Dublin,Ireland",07/04/2017,"26 Belarmine Lawns, Belarmine Woods, Stepaside",Dublin 18,Dublin,374500.0,No,Yes,New Dwelling house /Apartment,greater than or equal to 125 sq metres,2017-04-07,"Belarmine Ave, Kilgobbin Woods, Dublin, Ireland",GEOMETRIC_CENTER,53.2582737,-6.2162705,,"establishment,point_of_interest",Dn Laoghaire-Rathdown,Glencullen,05057,Dublin,267092044
203752,2017.0,"26 DUNDRUM GATE, BALLINTEER RD, DUNDRUM DUBLIN 14,Dublin,Ireland",12/04/2017,"26 DUNDRUM GATE, BALLINTEER RD, DUNDRUM DUBLIN 14",Dublin 16,Dublin,280000.0,No,No,Second-Hand Dwelling house /Apartment,,2017-04-12,"Dundrum Gate, Ballinteer Rd, Dundrum, Dublin 16, Ireland",ROOFTOP,53.28825,-6.245357,,premise,Dn Laoghaire-Rathdown,Dundrum-Sandyford,05039,Dublin,267080015
203755,2017.0,"26 Dodder Brook Avenue, DodderBrook Wood, DodderBrook,Dublin,Ireland",02/03/2017,"26 Dodder Brook Avenue, DodderBrook Wood, DodderBrook",,Dublin,292951.53,No,Yes,New Dwelling house /Apartment,greater than or equal to 38 sq metres and less than 125 sq metres,2017-03-02,"Oldcourt Rd, Oldcourt, Dublin, Ireland",GEOMETRIC_CENTER,53.2700459,-6.3415907,,"establishment,general_contractor,point_of_interest",South Dublin,Firhouse Village,03014,Dublin,267084004
203764,2017.0,"26 FORGE LANE, LUSK VILLAGE, CO DUBLIN,Dublin,Ireland",10/03/2017,"26 FORGE LANE, LUSK VILLAGE, CO DUBLIN",,Dublin,225000.0,No,No,Second-Hand Dwelling house /Apartment,,2017-03-10,"26 Forge Ln, Lusk Village, Lusk, Co. Dublin, K45 W778, Ireland",ROOFTOP,53.5290151,-6.1604602,K45 W778,street_address,Fingal,Lusk,04028,Dublin,267104025
203765,2017.0,"26 FORREST AVE, SWORDS, DUBLIN,Dublin,Ireland",01/06/2017,"26 FORREST AVE, SWORDS, DUBLIN",,Dublin,270000.0,No,No,Second-Hand Dwelling house /Apartment,,2017-06-01,"26 Forest Ave, Forestfields, Swords, Co. Dublin, K67 P9W7, Ireland",ROOFTOP,53.4505566,-6.2408719,K67 P9W7,street_address,Fingal,Swords-Forrest,04036,Dublin,267132026
203768,2017.0,"26 GLENBOURNE RD, LEOPARDSTOWN VALLEY, DUBLIN 18,Dublin,Ireland",06/04/2017,"26 GLENBOURNE RD, LEOPARDSTOWN VALLEY, DUBLIN 18",Dublin 18,Dublin,433000.0,No,No,Second-Hand Dwelling house /Apartment,,2017-04-06,"26 Glenbourne Rd, Leopardstown Valley, Dublin 18, D18 A3W2, Ireland",ROOFTOP,53.2593263,-6.1999706,D18 A3W2,street_address,Dn Laoghaire-Rathdown,Glencullen,05057,Dublin,267092033
203772,2017.0,"26 Glebe Hill, Brackenstown Road, Swords,Dublin,Ireland",03/03/2017,"26 Glebe Hill, Brackenstown Road, Swords",,Dublin,378854.62,No,Yes,New Dwelling house /Apartment,greater than or equal to 38 sq metres and less than 125 sq metres,2017-03-03,"26 Brackenstown Rd, Swords, Co. Dublin, Ireland",RANGE_INTERPOLATED,53.4577121,-6.2326777,,street_address,Fingal,Swords-Glasmore,04037,Dublin,267131005
203777,2017.0,"26 HERBERT PLACE, DUBLIN 2, DUBLIN,Dublin,Ireland",03/03/2017,"26 HERBERT PLACE, DUBLIN 2, DUBLIN",Dublin 2,Dublin,500000.0,No,No,Second-Hand Dwelling house /Apartment,,2017-03-03,"26 Herbert Pl, Grand Canal Dock, Dublin 2, D02 A098, Ireland",ROOFTOP,53.3362251,-6.2432208,D02 A098,street_address,Dublin City,South Dock,02147,Dublin,268143001
203788,2017.0,"26 LONGSTOWN PARK, PORTRANE, DUBLIN,Dublin,Ireland",04/01/2017,"26 LONGSTOWN PARK, PORTRANE, DUBLIN",,Dublin,210000.0,No,No,Second-Hand Dwelling house /Apartment,,2017-01-04,"26 Longstone Park, Port Reachrann, Portrane, Co. Dublin, K36 VP84, Ireland",ROOFTOP,53.4944076,-6.1150016,K36 VP84,street_address,Fingal,Donabate,04019,Dublin,267065030
203795,2017.0,"26 MANOR STREET, DUBLIN 7,Dublin,Ireland",09/03/2017,"26 MANOR STREET, DUBLIN 7",,Dublin,365000.0,No,No,Second-Hand Dwelling house /Apartment,,2017-03-09,"26 Manor St, Stoneybatter, Dublin 7, D07 K6X6, Ireland",ROOFTOP,53.3527871,-6.2840237,D07 K6X6,street_address,Dublin City,Arran Quay B,02002,Dublin,268002003
203796,2017.0,"26 MANOR STREET, DUBLIN 7,Dublin,Ireland",09/03/2017,"26 MANOR STREET, DUBLIN 7",,Dublin,365000.0,No,No,Second-Hand Dwelling house /Apartment,,2017-03-09,"26 Manor St, Stoneybatter, Dublin 7, D07 K6X6, Ireland",ROOFTOP,53.3527871,-6.2840237,D07 K6X6,street_address,Dublin City,Arran Quay B,02002,Dublin,268002003
203797,2017.0,"26 MANOR STREET, DUBLIN 7,Dublin,Ireland",09/03/2017,"26 MANOR STREET, DUBLIN 7",,Dublin,10000.0,No,No,Second-Hand Dwelling house /Apartment,,2017-03-09,"26 Manor St, Stoneybatter, Dublin 7, D07 K6X6, Ireland",ROOFTOP,53.3527871,-6.2840237,D07 K6X6,street_address,Dublin City,Arran Quay B,02002,Dublin,268002003
203798,2017.0,"26 MANOR STREET, DUBLIN 7,Dublin,Ireland",09/03/2017,"26 MANOR STREET, DUBLIN 7",,Dublin,10000.0,No,No,Second-Hand Dwelling house /Apartment,,2017-03-09,"26 Manor St, Stoneybatter, Dublin 7, D07 K6X6, Ireland",ROOFTOP,53.3527871,-6.2840237,D07 K6X6,street_address,Dublin City,Arran Quay B,02002,Dublin,268002003
203807,2017.0,"26 MOUNTDOWN RD, MANOR ESTATE, DUBLIN 12,Dublin,Ireland",07/04/2017,"26 MOUNTDOWN RD, MANOR ESTATE, DUBLIN 12",Dublin 12,Dublin,525000.0,No,No,Second-Hand Dwelling house /Apartment,,2017-04-07,"26 Mountdown Rd, Manor Estate, Dublin 12, D12 V292, Ireland",ROOFTOP,53.3064292,-6.3239045,D12 V292,street_address,South Dublin,Templeogue-Limekiln,03043,Dublin,267151001
203820,2017.0,"26 RATHMORE CRESCENT, TYRRELSTOWN DUBLIN 15, DUBLIN 15,Dublin,Ireland",10/03/2017,"26 RATHMORE CRESCENT, TYRRELSTOWN DUBLIN 15, DUBLIN 15",Dublin 15,Dublin,245000.0,No,No,Second-Hand Dwelling house /Apartment,,2017-03-10,"26 Rathmore Cres, Tyrrelstown, Dublin 15, D15 TR28, Ireland",ROOFTOP,53.418331,-6.3910403,D15 TR28,street_address,Fingal,The Ward,04041,Dublin,267158010
203821,2017.0,"26 RATHVALE DR, AYRFIELD, DUBLIN 13,Dublin,Ireland",10/02/2017,"26 RATHVALE DR, AYRFIELD, DUBLIN 13",Dublin 13,Dublin,150000.0,No,No,Second-Hand Dwelling house /Apartment,,2017-02-10,"26 Rathvale Ave, Ayrfield, Dublin 13, D13 X2C9, Ireland",ROOFTOP,53.3924944,-6.1863685,D13 X2C9,street_address,Dublin City,Ayrfield,02008,Dublin,268008002
203837,2017.0,"26 ST ATTRACTA RD, CABRA, DUBLIN 7,Dublin,Ireland",10/05/2017,"26 ST ATTRACTA RD, CABRA, DUBLIN 7",Dublin 7,Dublin,110000.0,No,No,Second-Hand Dwelling house /Apartment,,2017-05-10,"26 St Attracta Rd, Cabra East, Dublin 7, D07 X4C4, Ireland",ROOFTOP,53.3645887,-6.283104,D07 X4C4,street_address,Dublin City,Cabra East B,02031,Dublin,268031005
203843,2017.0,"26 STATIONCOURT VIEW, COOLMINE, DUBLIN 15,Dublin,Ireland",03/02/2017,"26 STATIONCOURT VIEW, COOLMINE, DUBLIN 15",Dublin 15,Dublin,215000.0,No,No,Second-Hand Dwelling house /Apartment,,2017-02-03,"Stationcourt View, Coolmine, Dublin 15, Ireland",GEOMETRIC_CENTER,53.3798135,-6.3956337,,route,Fingal,Blanchardstown-Delwood,04012,Dublin,267031012
203856,2017.0,"26 TONLEGEE RD, COOLOCK, DUBLIN 5,Dublin,Ireland",12/04/2017,"26 TONLEGEE RD, COOLOCK, DUBLIN 5",Dublin 5,Dublin,304000.0,No,No,Second-Hand Dwelling house /Apartment,,2017-04-12,"26 Tonlegee Rd, Harmonstown, Dublin 5, D05 K7N8, Ireland",ROOFTOP,53.3886878,-6.1960763,D05 K7N8,street_address,Dublin City,Harmonstown A,02064,Dublin,268076006
203859,2017.0,"26 The Lawn, Hansfield Wood, Hansfield,Dublin,Ireland",03/02/2017,"26 The Lawn, Hansfield Wood, Hansfield",Dublin 15,Dublin,251101.0,No,Yes,New Dwelling house /Apartment,greater than or equal to 38 sq metres and less than 125 sq metres,2017-02-03,"Clonsilla, Dublin, Ireland",GEOMETRIC_CENTER,53.3905516,-6.4322246,,"establishment,point_of_interest",Fingal,Blanchardstown-Blakestown,04009,Dublin,267028004/02
203864,2017.0,"26 WATERSIDE PARK, SWORDS RD, MALAHIDE,Dublin,Ireland",10/02/2017,"26 WATERSIDE PARK, SWORDS RD, MALAHIDE",,Dublin,300000.0,No,No,Second-Hand Dwelling house /Apartment,,2017-02-10,"26 Swords Rd, Lissadel Wood, Yellow Walls, Malahide, Co. Dublin, K36 PW44, Ireland",ROOFTOP,53.4513925,-6.1885594,K36 PW44,street_address,Fingal,Swords-Seatown,04039,Dublin,267134019
203866,2017.0,"26 WILLANS AVE, ONGAR GREEN DUBLIN 15, DUBLIN,Dublin,Ireland",09/03/2017,"26 WILLANS AVE, ONGAR GREEN DUBLIN 15, DUBLIN",Dublin 15,Dublin,226000.0,No,No,Second-Hand Dwelling house /Apartment,,2017-03-09,"26 Willan's Ave, Ongar Green, Dublin 15, D15 C2H0, Ireland",ROOFTOP,53.3944233,-6.443682,D15 C2H0,street_address,Fingal,Blanchardstown-Blakestown,04009,Dublin,267028117
203879,2017.0,"262 BLOCK G, CARRINGTON PARK, NORTHWOOD DUBLIN 9,Dublin,Ireland",07/02/2017,"262 BLOCK G, CARRINGTON PARK, NORTHWOOD DUBLIN 9",Dublin 11,Dublin,225000.0,No,No,Second-Hand Dwelling house /Apartment,,2017-02-07,,,,,,,,,,,
203882,2017.0,"263 BALLYFERMOT RD, BALLYFERMOT, DUBLIN 10,Dublin,Ireland",02/02/2017,"263 BALLYFERMOT RD, BALLYFERMOT, DUBLIN 10",Dublin 10,Dublin,170000.0,No,No,Second-Hand Dwelling house /Apartment,,2017-02-02,"263 Ballyfermot Rd, Kylemore, Dublin 10, D10 W298, Ireland",ROOFTOP,53.3419805,-6.3518856,D10 W298,street_address,Dublin City,Kylemore,02116,Dublin,268095009
203892,2017.0,"266 SUNDRIVE RD, DUBLIN 12, DUBLIN,Dublin,Ireland",10/01/2017,"266 SUNDRIVE RD, DUBLIN 12, DUBLIN",Dublin 12,Dublin,340000.0,No,No,Second-Hand Dwelling house /Apartment,,2017-01-10,"266 Sundrive Rd, Drimnagh, Dublin 12, D12 F383, Ireland",ROOFTOP,53.3282691,-6.2985721,D12 F383,street_address,Dublin City,Crumlin D,02101,Dublin,268054014
203893,2017.0,"266 WYCKHAM POINT, DUNDRUM, DUBLIN 14,Dublin,Ireland",10/01/2017,"266 WYCKHAM POINT, DUNDRUM, DUBLIN 14",Dublin 16,Dublin,341000.0,No,No,Second-Hand Dwelling house /Apartment,,2017-01-10,"14 Wyckham Way, Dundrum, Dublin, Ireland",RANGE_INTERPOLATED,53.2825059,-6.2434598,,street_address,Dn Laoghaire-Rathdown,Dundrum-Sandyford,05039,Dublin,267080013
203896,2017.0,"26A MERTON DR, RANELAGH, DUBLIN 6,Dublin,Ireland",04/05/2017,"26A MERTON DR, RANELAGH, DUBLIN 6",Dublin 6,Dublin,957000.0,No,No,Second-Hand Dwelling house /Apartment,,2017-05-04,"26A Merton Dr, Dublin 6, D06 TX26, Ireland",ROOFTOP,53.3192033,-6.2508115,D06 TX26,street_address,Dublin City,Rathmines East D,02137,Dublin,268131001
203931,2017.0,"27 Belarmine Grove, Belarmine Woods, Stepaside,Dublin,Ireland",10/01/2017,"27 Belarmine Grove, Belarmine Woods, Stepaside",,Dublin,419525.0,No,Yes,New Dwelling house /Apartment,greater than or equal to 38 sq metres and less than 125 sq metres,2017-01-10,"Belarmine Ave, Kilgobbin Woods, Dublin, Ireland",GEOMETRIC_CENTER,53.2582737,-6.2162705,,"establishment,point_of_interest",Dn Laoghaire-Rathdown,Glencullen,05057,Dublin,267092044
203938,2017.0,"27 CELTIC PARK AVE, WHITEHALL, DUBLIN 9,Dublin,Ireland",12/04/2017,"27 CELTIC PARK AVE, WHITEHALL, DUBLIN 9",Dublin 9,Dublin,425000.0,No,No,Second-Hand Dwelling house /Apartment,,2017-04-12,"27 Celtic Park Ave, Beaumont, Dublin 9, D09 F504, Ireland",ROOFTOP,53.380707,-6.2313956,D09 F504,street_address,Dublin City,Beaumont F,02026,Dublin,268026001
203959,2017.0,"27 Dodderbrook Avenue, Dodderbrook, Oldcourt Road,Dublin,Ireland",03/05/2017,"27 Dodderbrook Avenue, Dodderbrook, Oldcourt Road",Dublin 24,Dublin,295154.18,No,Yes,New Dwelling house /Apartment,greater than or equal to 38 sq metres and less than 125 sq metres,2017-05-03,"Oldcourt Rd, Oldcourt, Dublin, Ireland",GEOMETRIC_CENTER,53.2700459,-6.3415907,,"establishment,general_contractor,point_of_interest",South Dublin,Firhouse Village,03014,Dublin,267084004
203961,2017.0,"27 EDENMORE GROVE, RAHENY, DUBLIN 5,Dublin,Ireland",04/05/2017,"27 EDENMORE GROVE, RAHENY, DUBLIN 5",,Dublin,320000.0,No,No,Second-Hand Dwelling house /Apartment,,2017-05-04,"27 Edenmore Grove, Edenmore, Dublin 5, D05 TR99, Ireland",ROOFTOP,53.3860946,-6.1831821,D05 TR99,street_address,Dublin City,Edenmore,02050,Dublin,268062009
203972,2017.0,"27 GEOFFREY KEATING RD, THE TENTERS, DUBLIN 8,Dublin,Ireland",07/02/2017,"27 GEOFFREY KEATING RD, THE TENTERS, DUBLIN 8",Dublin 8,Dublin,387000.0,No,No,Second-Hand Dwelling house /Apartment,,2017-02-07,,,,,,,,,,,
203978,2017.0,"27 HADDON RD, CLONTARF, DUBLIN 3,Dublin,Ireland",04/04/2017,"27 HADDON RD, CLONTARF, DUBLIN 3",Dublin 3,Dublin,800000.0,No,No,Second-Hand Dwelling house /Apartment,,2017-04-04,"27 Haddon Rd, Clontarf, Dublin 3, D03 NX48, Ireland",ROOFTOP,53.3621559,-6.210779,D03 NX48,street_address,Dublin City,Clontarf East D,02040,Dublin,268044009
203983,2017.0,"27 Hampton Gardens Drive, Balbriggan, Dublin,Dublin,Ireland",10/04/2017,"27 Hampton Gardens Drive, Balbriggan, Dublin",,Dublin,207048.46,No,Yes,New Dwelling house /Apartment,greater than or equal to 38 sq metres and less than 125 sq metres,2017-04-10,"27 Hampton St, Balbriggan, Co. Dublin, K32 PV00, Ireland",ROOFTOP,53.6077092,-6.1803828,K32 PV00,street_address,Fingal,Balbriggan Urban,04003,Dublin,267003017
203984,2017.0,"27 Hampton Woods Lawns, Finglas, Dublin 11,Dublin,Ireland",01/03/2017,"27 Hampton Woods Lawns, Finglas, Dublin 11",,Dublin,195000.0,No,Yes,New Dwelling house /Apartment,greater than or equal to 38 sq metres and less than 125 sq metres,2017-03-01,"27 Hampton Wood Lawn, Hampton Wood, Dublin 11, D11 CY60, Ireland",ROOFTOP,53.4040402,-6.2841095,D11 CY60,street_address,Dublin City,Ballymun A,02015,Dublin,268015005/268015014
204003,2017.0,"27 MILLMOUNT GROVE, WINDY ARBOUR, DUNDRUM DUBLIN 14,Dublin,Ireland",02/03/2017,"27 MILLMOUNT GROVE, WINDY ARBOUR, DUNDRUM DUBLIN 14",Dublin 14,Dublin,530000.0,No,No,Second-Hand Dwelling house /Apartment,,2017-03-02,"27 Millmount Grove, Windy Arbour, Dublin 14, D14 F882, Ireland",ROOFTOP,53.3039164,-6.2461866,D14 F882,street_address,Dn Laoghaire-Rathdown,Clonskeagh-Farranboley,05028,Dublin,267057003
204019,2017.0,"27 RICHMOND SQ, MORNING STAR AVE, NORTH BRUNSWICK ST DUBLIN 7,Dublin,Ireland",05/04/2017,"27 RICHMOND SQ, MORNING STAR AVE, NORTH BRUNSWICK ST DUBLIN 7",Dublin 7,Dublin,190000.0,No,No,Second-Hand Dwelling house /Apartment,,2017-04-05,,,,,,,,,,,
204025,2017.0,"27 ROCHFORT HOUSE, DEAN COURT, PATRICK ST DUBLIN 8,Dublin,Ireland",04/05/2017,"27 ROCHFORT HOUSE, DEAN COURT, PATRICK ST DUBLIN 8",Dublin 8,Dublin,315000.0,No,No,Second-Hand Dwelling house /Apartment,,2017-05-04,,,,,,,,,,,
204040,2017.0,"27 SYCAMORE DR, CASTLEKNOCK, DUBLIN 15,Dublin,Ireland",10/03/2017,"27 SYCAMORE DR, CASTLEKNOCK, DUBLIN 15",Dublin 15,Dublin,390500.0,No,No,Second-Hand Dwelling house /Apartment,,2017-03-10,"27 Sycamore Dr, Carpenterstown, Dublin 15, D15 YEK4, Ireland",ROOFTOP,53.3762013,-6.3860245,D15 YEK4,street_address,Fingal,Castleknock-Knockmaroon,04016,Dublin,267040019
204041,2017.0,"27 THE AVENUE, HANSFIELD WOOD, HANSFIELD,Dublin,Ireland",09/05/2017,"27 THE AVENUE, HANSFIELD WOOD, HANSFIELD",,Dublin,321585.0,No,Yes,New Dwelling house /Apartment,greater than or equal to 38 sq metres and less than 125 sq metres,2017-05-09,"Clonsilla, Dublin, Ireland",GEOMETRIC_CENTER,53.3905516,-6.4322246,,"establishment,point_of_interest",Fingal,Blanchardstown-Blakestown,04009,Dublin,267028004/02
204043,2017.0,"27 THE BAILEY, CUSTOM HOUSE HARBOUR, IFSC DUBLIN 1,Dublin,Ireland",05/05/2017,"27 THE BAILEY, CUSTOM HOUSE HARBOUR, IFSC DUBLIN 1",Dublin 1,Dublin,305000.0,No,No,Second-Hand Dwelling house /Apartment,,2017-05-05,"3 Harbourmaster Pl, North Dock, Dublin, Ireland",ROOFTOP,53.3511989,-6.2478815,,"establishment,natural_feature,point_of_interest",Dublin City,North Dock C,02078,Dublin,268109017
204064,2017.0,"27 belarmine lawns, belarmine woods, stepaside,Dublin,Ireland",10/05/2017,"27 belarmine lawns, belarmine woods, stepaside",,Dublin,380600.0,No,Yes,New Dwelling house /Apartment,greater than or equal to 38 sq metres and less than 125 sq metres,2017-05-10,"Belarmine Ave, Kilgobbin Woods, Dublin, Ireland",GEOMETRIC_CENTER,53.2582737,-6.2162705,,"establishment,point_of_interest",Dn Laoghaire-Rathdown,Glencullen,05057,Dublin,267092044
204066,2017.0,"27 the lawn, hansfield, hansfield wood,Dublin,Ireland",12/04/2017,"27 the lawn, hansfield, hansfield wood",Dublin 15,Dublin,255506.0,No,Yes,New Dwelling house /Apartment,greater than or equal to 38 sq metres and less than 125 sq metres,2017-04-12,"Clonsilla, Dublin, Ireland",GEOMETRIC_CENTER,53.3905516,-6.4322246,,"establishment,point_of_interest",Fingal,Blanchardstown-Blakestown,04009,Dublin,267028004/02
204073,2017.0,"273 GLASNEVIN AVE, DUBLIN 11, DUBLIN,Dublin,Ireland",10/02/2017,"273 GLASNEVIN AVE, DUBLIN 11, DUBLIN",Dublin 11,Dublin,295000.0,No,No,Second-Hand Dwelling house /Apartment,,2017-02-10,"273 Glasnevin Ave, Ballymun, Dublin, Ireland",RANGE_INTERPOLATED,53.3904715,-6.286304,,street_address,Dublin City,Ballygall B,02012,Dublin,268013004
204093,2017.0,"28 Abbot's Grove Ave, Abbot's Grove, Knocklyon,Dublin,Ireland",02/06/2017,"28 Abbot's Grove Ave, Abbot's Grove, Knocklyon",,Dublin,365639.0,No,Yes,New Dwelling house /Apartment,greater than or equal to 38 sq metres and less than 125 sq metres,2017-06-02,"24 Abbots grove, Ballycullen, Knocklyon, Co. Dublin, Ireland",ROOFTOP,53.2710579,-6.3252412,,"establishment,general_contractor,point_of_interest",South Dublin,Firhouse-Ballycullen,03012,Dublin,267085005/267085009
204096,2017.0,"28 Ascaill Pairc an tSioda, Old Naas Road, Citywest,Dublin,Ireland",02/06/2017,"28 Ascaill Pairc an tSioda, Old Naas Road, Citywest",,Dublin,249950.0,No,Yes,New Dwelling house /Apartment,greater than or equal to 38 sq metres and less than 125 sq metres,2017-06-02,,,,,,,,,,,
204105,2017.0,"28 BROOKLAWN WOOD, BLACKROCK, DUBLIN,Dublin,Ireland",11/01/2017,"28 BROOKLAWN WOOD, BLACKROCK, DUBLIN",,Dublin,375000.0,No,No,Second-Hand Dwelling house /Apartment,,2017-01-11,"28 Brooklawn Wood, Stradbrook, Monkstown, Co. Dublin, A94 TW21, Ireland",ROOFTOP,53.2918126,-6.1670883,A94 TW21,street_address,Dn Laoghaire-Rathdown,Blackrock-Monkstown,05012,Dublin,267017002
204110,2017.0,"28 Belarmine Lawns, Belarmine Woods, Stepaside,Dublin,Ireland",10/04/2017,"28 Belarmine Lawns, Belarmine Woods, Stepaside",Dublin 18,Dublin,387665.19,No,Yes,New Dwelling house /Apartment,greater than or equal to 38 sq metres and less than 125 sq metres,2017-04-10,"Belarmine Ave, Kilgobbin Woods, Dublin, Ireland",GEOMETRIC_CENTER,53.2582737,-6.2162705,,"establishment,point_of_interest",Dn Laoghaire-Rathdown,Glencullen,05057,Dublin,267092044
204115,2017.0,"28 CHERRYFIELD AVE LOWER, RANELAGH, DUBLIN 6,Dublin,Ireland",02/06/2017,"28 CHERRYFIELD AVE LOWER, RANELAGH, DUBLIN 6",Dublin 6,Dublin,740000.0,No,No,Second-Hand Dwelling house /Apartment,,2017-06-02,"28 Cherryfield Ave Lower, Dublin 6, D06 W6F5, Ireland",ROOFTOP,53.3190456,-6.2462372,D06 W6F5,street_address,Dublin City,Rathmines East B,02135,Dublin,268129014
204120,2017.0,"28 CLONSHAUGH DRIVE, PRIORSWOOD, DUBLIN 17,Dublin,Ireland",12/05/2017,"28 CLONSHAUGH DRIVE, PRIORSWOOD, DUBLIN 17",Dublin 17,Dublin,240000.0,No,No,Second-Hand Dwelling house /Apartment,,2017-05-12,"28 Clonshaugh Dr, Clonshagh, Dublin 17, D17 R772, Ireland",ROOFTOP,53.4047719,-6.2038975,D17 R772,street_address,Dublin City,Priorswood B,02081,Dublin,268122003
204122,2017.0,"28 CLUNY GROVE, KILLINEY, CO DUBLIN,Dublin,Ireland",06/01/2017,"28 CLUNY GROVE, KILLINEY, CO DUBLIN",,Dublin,283332.0,Yes,No,Second-Hand Dwelling house /Apartment,,2017-01-06,"28 Cluny Grove, Ballinclea, Dublin, Ireland",RANGE_INTERPOLATED,53.2710276,-6.1266363,,street_address,Dn Laoghaire-Rathdown,Dalkey-Avondale,05032,Dublin,267062002
204125,2017.0,"28 CREMORE CRESCENT, DUBLIN 11,Dublin,Ireland",03/02/2017,"28 CREMORE CRESCENT, DUBLIN 11",,Dublin,500000.0,No,No,Second-Hand Dwelling house /Apartment,,2017-02-03,"28 Cremore Cres, Ballygall, Dublin 11, D11 CX2X, Ireland",ROOFTOP,53.3789538,-6.2790155,D11 CX2X,street_address,Dublin City,Ballygall D,02014,Dublin,268014006
204128,2017.0,"28 CYPRESS RD, MOUNT MERRION, DUBLIN,Dublin,Ireland",09/06/2017,"28 CYPRESS RD, MOUNT MERRION, DUBLIN",,Dublin,792000.0,No,No,Second-Hand Dwelling house /Apartment,,2017-06-09,"28 Cypress Rd, Mount Merrion, Blackrock, Co. Dublin, A94 X2F4, Ireland",ROOFTOP,53.2981383,-6.2128278,A94 X2F4,street_address,Dn Laoghaire-Rathdown,Stillorgan-Deerpark,05063,Dublin,267124006
204132,2017.0,"28 DUBLIN ST, BALBRIGGAN, DUBLIN,Dublin,Ireland",11/05/2017,"28 DUBLIN ST, BALBRIGGAN, DUBLIN",,Dublin,115000.0,No,No,Second-Hand Dwelling house /Apartment,,2017-05-11,"28 Dublin St, Balbriggan, Co. Dublin, K32 W250, Ireland",ROOFTOP,53.6070118,-6.18342,K32 W250,street_address,Fingal,Balbriggan Urban,04003,Dublin,267003017
204133,2017.0,"28 Dodderbrook Avenue, Oldcourt Road, Ballycullen,Dublin,Ireland",03/05/2017,"28 Dodderbrook Avenue, Oldcourt Road, Ballycullen",Dublin 24,Dublin,301278.0,No,Yes,New Dwelling house /Apartment,greater than or equal to 38 sq metres and less than 125 sq metres,2017-05-03,"Oldcourt Rd, Oldcourt, Dublin, Ireland",GEOMETRIC_CENTER,53.2700459,-6.3415907,,"establishment,general_contractor,point_of_interest",South Dublin,Firhouse Village,03014,Dublin,267084004
204143,2017.0,"28 GREENORE TERRACE, OFF LR GRAND CANAL ST, DUBLIN 2,Dublin,Ireland",05/04/2017,"28 GREENORE TERRACE, OFF LR GRAND CANAL ST, DUBLIN 2",Dublin 2,Dublin,337500.0,No,No,Second-Hand Dwelling house /Apartment,,2017-04-05,,,,,,,,,,,
204146,2017.0,"28 HAMPTON GARDENS DRIVE, BALBRIGGAN,Dublin,Ireland",07/04/2017,"28 HAMPTON GARDENS DRIVE, BALBRIGGAN",,Dublin,207048.46,No,Yes,New Dwelling house /Apartment,greater than or equal to 38 sq metres and less than 125 sq metres,2017-04-07,"28 Hampton Gardens Dr, Clogheder, Balbriggan, Co. Dublin, Ireland",RANGE_INTERPOLATED,53.6078554,-6.2015922,,street_address,Fingal,Balbriggan Rural,04002,Dublin,267002002
204167,2017.0,"28 MARETIMO GARDENS EAST, BLACKROCK, DUBLIN,Dublin,Ireland",06/01/2017,"28 MARETIMO GARDENS EAST, BLACKROCK, DUBLIN",,Dublin,870000.0,No,No,Second-Hand Dwelling house /Apartment,,2017-01-06,"28 Maretimo Gardens E, Seapoint, Blackrock, Co. Dublin, A94 Y6F2, Ireland",ROOFTOP,53.2993128,-6.1692793,A94 Y6F2,street_address,Dn Laoghaire-Rathdown,Blackrock-Templehill,05016,Dublin,267025005
204170,2017.0,"28 MARLBOROUGH RD, DONNYBROOK, DUBLIN 4,Dublin,Ireland",12/04/2017,"28 MARLBOROUGH RD, DONNYBROOK, DUBLIN 4",Dublin 4,Dublin,1315000.0,No,No,Second-Hand Dwelling house /Apartment,,2017-04-12,"28 Marlborough Rd, Dublin 4, D04 R2K3, Ireland",ROOFTOP,53.3239702,-6.2419428,D04 R2K3,street_address,Dublin City,Rathmines East B,02135,Dublin,268129023
204173,2017.0,"28 MAXWELL ST, THE COOMBE, DUBLIN 8,Dublin,Ireland",05/01/2017,"28 MAXWELL ST, THE COOMBE, DUBLIN 8",Dublin 8,Dublin,184500.0,No,No,Second-Hand Dwelling house /Apartment,,2017-01-05,"28 Maxwell St, Merchants Quay, Dublin 8, D08 CDP1, Ireland",ROOFTOP,53.3363074,-6.2859925,D08 CDP1,street_address,Dublin City,Merchants Quay F,02124,Dublin,268103008
204175,2017.0,"28 MC AULEY DR, ARTANE DUBLIN 5, DUBLIN,Dublin,Ireland",02/06/2017,"28 MC AULEY DR, ARTANE DUBLIN 5, DUBLIN",Dublin 5,Dublin,269000.0,No,No,Second-Hand Dwelling house /Apartment,,2017-06-02,"28 McAuley Dr, Harmonstown, Dublin 5, D05 H772, Ireland",ROOFTOP,53.3814125,-6.1891127,D05 H772,street_address,Dublin City,Harmonstown B,02065,Dublin,268077009
204176,2017.0,"28 MEADOW DRIVE, HARTSTOWN, CLONSILLA,Dublin,Ireland",04/04/2017,"28 MEADOW DRIVE, HARTSTOWN, CLONSILLA",Dublin 15,Dublin,35000.0,Yes,No,Second-Hand Dwelling house /Apartment,,2017-04-04,"28 Meadow Dr, Hartstown, Dublin 15, D15 V32R, Ireland",ROOFTOP,53.3965749,-6.4193498,D15 V32R,street_address,Fingal,Blanchardstown-Blakestown,04009,Dublin,267028057
204177,2017.0,"28 MELVIN RD, TERENURE, DUBLIN 6W,Dublin,Ireland",10/03/2017,"28 MELVIN RD, TERENURE, DUBLIN 6W",,Dublin,200000.0,No,No,Second-Hand Dwelling house /Apartment,,2017-03-10,"28 Melvin Rd, Terenure, Dublin 6W, Co. Dublin, D6W Y236, Ireland",ROOFTOP,53.3140981,-6.2891722,D6W Y236,street_address,Dublin City,Terenure B,02149,Dublin,268145002
204178,2017.0,"28 MOERAN RD, WALKINSTOWN, DUBLIN 12,Dublin,Ireland",10/03/2017,"28 MOERAN RD, WALKINSTOWN, DUBLIN 12",Dublin 12,Dublin,200000.0,No,No,Second-Hand Dwelling house /Apartment,,2017-03-10,"12 Moeran Rd, Walkinstown, Dublin 12, D12 AY64, Ireland",ROOFTOP,53.317228,-6.3220114,D12 AY64,street_address,Dublin City,Walkinstown C,02160,Dublin,268156002
204180,2017.0,"28 MOYLARAGH WAY, BALBRIGGAN, DUBLIN,Dublin,Ireland",01/06/2017,"28 MOYLARAGH WAY, BALBRIGGAN, DUBLIN",,Dublin,175000.0,No,No,Second-Hand Dwelling house /Apartment,,2017-06-01,"28 Moylaragh Way, Tankardstown, Balbriggan, Co. Dublin, K32 DR77, Ireland",ROOFTOP,53.610369,-6.2010717,K32 DR77,street_address,Fingal,Balbriggan Rural,04002,Dublin,267002006
204183,2017.0,"28 NASH ST, INCHICORE, DUBLIN 8,Dublin,Ireland",08/02/2017,"28 NASH ST, INCHICORE, DUBLIN 8",Dublin 8,Dublin,200000.0,No,No,Second-Hand Dwelling house /Apartment,,2017-02-08,"28 Nash St, Inchicore, Dublin 8, D08 X4VX, Ireland",ROOFTOP,53.3361041,-6.330672,D08 X4VX,street_address,Dublin City,Inchicore A,02106,Dublin,268078010
204186,2017.0,"28 PALMERS CRESCENT, PALMERSTOWN, DUBLIN 20,Dublin,Ireland",06/02/2017,"28 PALMERS CRESCENT, PALMERSTOWN, DUBLIN 20",Dublin 20,Dublin,320000.0,No,No,Second-Hand Dwelling house /Apartment,,2017-02-06,"28 Palmers Cres, Palmerstown Manor, Dublin 20, D20 TC99, Ireland",ROOFTOP,53.3482633,-6.3801475,D20 TC99,street_address,South Dublin,Palmerston West,03020,Dublin,267109016
204187,2017.0,"28 PARK COURT, SANDYMOUNT, DUBLIN 4,Dublin,Ireland",06/04/2017,"28 PARK COURT, SANDYMOUNT, DUBLIN 4",Dublin 4,Dublin,421000.0,No,No,Second-Hand Dwelling house /Apartment,,2017-04-06,"28 Park Ct, Dublin 4, D04 XK81, Ireland",ROOFTOP,53.326997,-6.2170777,D04 XK81,street_address,Dublin City,Pembroke East C,02127,Dublin,268112005
204190,2017.0,"28 Park Avenue, Millers Glen, Swords,Dublin,Ireland",07/06/2017,"28 Park Avenue, Millers Glen, Swords",,Dublin,288546.24,No,Yes,New Dwelling house /Apartment,greater than or equal to 38 sq metres and less than 125 sq metres,2017-06-07,"Longview Ave, Oldtown, Co. Dublin, Ireland",GEOMETRIC_CENTER,53.4739449,-6.2397822,,"establishment,point_of_interest",Fingal,Swords-Lissenhall,04038,Dublin,267133026
204201,2017.0,"28 SANDERLING, BARNAGEERAGH COVE, SKERRIES,Dublin,Ireland",10/02/2017,"28 SANDERLING, BARNAGEERAGH COVE, SKERRIES",,Dublin,270000.0,No,No,Second-Hand Dwelling house /Apartment,,2017-02-10,"Sanderling, Quay St, Townparks, Skerries, Co. Dublin, Ireland",ROOFTOP,53.5810704,-6.1105576,,premise,Fingal,Skerries,04034,Dublin,267123026
204207,2017.0,"28 SILVER PINES, BREWERY RD, BLACKROCK,Dublin,Ireland",05/05/2017,"28 SILVER PINES, BREWERY RD, BLACKROCK",,Dublin,580000.0,No,No,Second-Hand Dwelling house /Apartment,,2017-05-05,,,,,,,,,,,
204228,2017.0,"28 The Avenue, Glenside, Carrickmines,Dublin,Ireland",10/04/2017,"28 The Avenue, Glenside, Carrickmines",Dublin 18,Dublin,405286.34,No,Yes,New Dwelling house /Apartment,greater than or equal to 38 sq metres and less than 125 sq metres,2017-04-10,,,,,,,,,,,
204233,2017.0,"28 WESTON DR, WESTON PARK, LUCAN,Dublin,Ireland",09/01/2017,"28 WESTON DR, WESTON PARK, LUCAN",,Dublin,445000.0,No,No,Second-Hand Dwelling house /Apartment,,2017-01-09,"28 Weston Dr, Cooldrinagh, Lucan, Co. Dublin, K78 H766, Ireland",ROOFTOP,53.3569283,-6.4737138,K78 H766,street_address,South Dublin,Lucan-St. Helen's,03017,Dublin,267103005
204234,2017.0,"28 WOLVERTON GLEN, DALKEY, DUBLIN,Dublin,Ireland",12/04/2017,"28 WOLVERTON GLEN, DALKEY, DUBLIN",,Dublin,512000.0,No,No,Second-Hand Dwelling house /Apartment,,2017-04-12,"28 Wolverton Glen, Glenageary, Dublin, A96 F2K4, Ireland",ROOFTOP,53.2781771,-6.1139165,A96 F2K4,street_address,Dn Laoghaire-Rathdown,Dalkey-Bullock,05033,Dublin,267063004
204235,2017.0,"28 WOODBROOK CRESCENT, RIVERWOOD RD, CARPENTERSTOWN DUBLIN 15,Dublin,Ireland",10/03/2017,"28 WOODBROOK CRESCENT, RIVERWOOD RD, CARPENTERSTOWN DUBLIN 15",Dublin 15,Dublin,230000.0,No,No,Second-Hand Dwelling house /Apartment,,2017-03-10,"29, Woodbrook Crescent, Riverwood Rd, Porterstown, Dublin 15, Ireland",ROOFTOP,53.3770575,-6.4027559,,premise,Fingal,Castleknock-Knockmaroon,04016,Dublin,267040058
204240,2017.0,"28 Wilkin's View, Walkinstown, Dublin 12,Dublin,Ireland",03/02/2017,"28 Wilkin's View, Walkinstown, Dublin 12",Dublin 12,Dublin,494215.0,No,Yes,New Dwelling house /Apartment,greater than or equal to 38 sq metres and less than 125 sq metres,2017-02-03,"10 Temple Manor Grove, Limekilnfarm, Dublin 12, D12 K832, Ireland",ROOFTOP,53.3067991,-6.3321054,D12 K832,"establishment,point_of_interest",South Dublin,Templeogue-Limekiln,03043,Dublin,267151008
204243,2017.0,"28 parkside drive, parkside, malahide rd,Dublin,Ireland",03/03/2017,"28 parkside drive, parkside, malahide rd",,Dublin,286343.61,No,Yes,New Dwelling house /Apartment,greater than or equal to 125 sq metres,2017-03-03,"13 Malahide Rd, Balgriffin, Dublin, Ireland",ROOFTOP,53.4046281,-6.1665709,,"establishment,point_of_interest",Dublin City,Grange A,02059,Dublin,268071002
204249,2017.0,"283 HAROLDS RD, DUBLIN 6W, DUBLIN,Dublin,Ireland",09/03/2017,"283 HAROLDS RD, DUBLIN 6W, DUBLIN",Dublin 2,Dublin,200000.0,No,No,Second-Hand Dwelling house /Apartment,,2017-03-09,"283 B�_thar Chrois Araild, Crois Araild, Dublin 6W, Co. Contae Bhaile ́tha Cliath, D6W K021, Ireland",ROOFTOP,53.3169995,-6.2800823,D6W K021,street_address,Dublin City,Rathmines West E,02142,Dublin,268136005
204250,2017.0,"284 CUSHLAWN PARK, TALLAGHT, DUBLIN 24,Dublin,Ireland",01/02/2017,"284 CUSHLAWN PARK, TALLAGHT, DUBLIN 24",Dublin 24,Dublin,167000.0,No,No,Second-Hand Dwelling house /Apartment,,2017-02-01,"284 Cushlawn Park, Killinardan, Dublin 24, D24 C8CY, Ireland",ROOFTOP,53.2726713,-6.3791251,D24 C8CY,street_address,South Dublin,Tallaght-Kiltipper,03035,Dublin,267143006
204251,2017.0,"285 KILDARE RD, CRUMLIN, DUBLIN 12,Dublin,Ireland",07/03/2017,"285 KILDARE RD, CRUMLIN, DUBLIN 12",Dublin 12,Dublin,250000.0,No,No,Second-Hand Dwelling house /Apartment,,2017-03-07,"285 Kildare Rd, Drimnagh, Dublin 12, D12 C6R6, Ireland",ROOFTOP,53.3250318,-6.3119904,D12 C6R6,street_address,Dublin City,Crumlin D,02101,Dublin,268054006
204267,2017.0,"29 ARCHERS WOOD, CLONEE, DUBLIN 15,Dublin,Ireland",02/03/2017,"29 ARCHERS WOOD, CLONEE, DUBLIN 15",Dublin 15,Dublin,216000.0,No,No,Second-Hand Dwelling house /Apartment,,2017-03-02,"29 Archers Wood, Parslickstown, Clonee, Co. Dublin, D15 P799, Ireland",ROOFTOP,53.4043694,-6.4087403,D15 P799,street_address,Fingal,Blanchardstown-Blakestown,04009,Dublin,267028092
204271,2017.0,"29 AUBURN ST, BROADSTONE, PHIBSBORO,Dublin,Ireland",06/01/2017,"29 AUBURN ST, BROADSTONE, PHIBSBORO",Dublin 7,Dublin,346000.0,No,No,Second-Hand Dwelling house /Apartment,,2017-01-06,"29 Auburn St, Phibsborough, Dublin 7, D07 Y6X2, Ireland",ROOFTOP,53.3567568,-6.2718276,D07 Y6X2,street_address,Dublin City,Inns Quay B,02067,Dublin,268081009
204306,2017.0,"29 Croftwell Square, Rathcoole,Dublin,Ireland",06/04/2017,"29 Croftwell Square, Rathcoole",,Dublin,308370.0,No,Yes,New Dwelling house /Apartment,greater than or equal to 38 sq metres and less than 125 sq metres,2017-04-06,"Croftwell Square, Co. Dublin, Ireland",GEOMETRIC_CENTER,53.2788447,-6.4789994,,route,South Dublin,Rathcoole,03021,Dublin,267112003
204311,2017.0,"29 Dodderbrook Avenue, Oldcourt Road, Ballycullen,Dublin,Ireland",11/04/2017,"29 Dodderbrook Avenue, Oldcourt Road, Ballycullen",,Dublin,295155.0,No,Yes,New Dwelling house /Apartment,greater than or equal to 38 sq metres and less than 125 sq metres,2017-04-11,"Oldcourt Rd, Oldcourt, Dublin, Ireland",GEOMETRIC_CENTER,53.2700459,-6.3415907,,"establishment,general_contractor,point_of_interest",South Dublin,Firhouse Village,03014,Dublin,267084004
204312,2017.0,"29 Dodderbrook Park, Oldcourt Road, Ballycullen,Dublin,Ireland",04/01/2017,"29 Dodderbrook Park, Oldcourt Road, Ballycullen",,Dublin,405000.0,No,Yes,New Dwelling house /Apartment,greater than or equal to 38 sq metres and less than 125 sq metres,2017-01-04,"Oldcourt Rd, Oldcourt, Dublin, Ireland",GEOMETRIC_CENTER,53.2700459,-6.3415907,,"establishment,general_contractor,point_of_interest",South Dublin,Firhouse Village,03014,Dublin,267084004
204322,2017.0,"29 GLENGARRIFFE PARADE, NORTH CIRCULAR RD, DUBLIN 7,Dublin,Ireland",06/01/2017,"29 GLENGARRIFFE PARADE, NORTH CIRCULAR RD, DUBLIN 7",Dublin 7,Dublin,335000.0,No,No,Second-Hand Dwelling house /Apartment,,2017-01-06,,,,,,,,,,,
204326,2017.0,"29 GROSVENOR PARK, RATHMINES, DUBLIN,Dublin,Ireland",09/03/2017,"29 GROSVENOR PARK, RATHMINES, DUBLIN",Dublin 6,Dublin,570000.0,No,No,Second-Hand Dwelling house /Apartment,,2017-03-09,"29 Grosvenor Park, Dublin 6, D06 K2V1, Ireland",ROOFTOP,53.3218168,-6.2732304,D06 K2V1,street_address,Dublin City,Rathmines West F,02143,Dublin,268137009
204328,2017.0,"29 HAZELBROOK, UPPER KILMACUD RD, DUBLIN 14,Dublin,Ireland",04/04/2017,"29 HAZELBROOK, UPPER KILMACUD RD, DUBLIN 14",Dublin 14,Dublin,650000.0,No,No,Second-Hand Dwelling house /Apartment,,2017-04-04,"Apartment 51, Hazelbrook, Kilmacud Rd Upper, Dundrum, Dublin 14, Ireland",ROOFTOP,53.2854363,-6.2251096,,premise,Dn Laoghaire-Rathdown,Stillorgan-Kilmacud,05064,Dublin,267125003
204331,2017.0,"29 HIGHFIELD RD, RATHGAR, DUBLIN 6,Dublin,Ireland",06/04/2017,"29 HIGHFIELD RD, RATHGAR, DUBLIN 6",Dublin 6,Dublin,3400000.0,No,No,Second-Hand Dwelling house /Apartment,,2017-04-06,"29 Highfield Rd, Rathfarnham, Dublin 6, D06 Y3F1, Ireland",ROOFTOP,53.3123835,-6.2698919,D06 Y3F1,street_address,Dublin City,Rathfarnham,02133,Dublin,268127010
204342,2017.0,"29 LOHUNDA DOWNS, CLONSILLA, DUBLIN 15,Dublin,Ireland",09/06/2017,"29 LOHUNDA DOWNS, CLONSILLA, DUBLIN 15",Dublin 15,Dublin,260000.0,No,No,Second-Hand Dwelling house /Apartment,,2017-06-09,"29 Lohunda Downs, Clonsilla, Dublin 15, D15 N6DP, Ireland",ROOFTOP,53.3876643,-6.4061642,D15 N6DP,street_address,Fingal,Blanchardstown-Coolmine,04010,Dublin,267029006
204362,2017.0,"29 RIVERWOOD CHASE, CASTLEKNOCK, DUBLIN 15,Dublin,Ireland",10/01/2017,"29 RIVERWOOD CHASE, CASTLEKNOCK, DUBLIN 15",Dublin 15,Dublin,360000.0,No,No,Second-Hand Dwelling house /Apartment,,2017-01-10,"29 Riverwood Chase, Carpenterstown, Dublin 15, D15 H2H6, Ireland",ROOFTOP,53.375165,-6.400893,D15 H2H6,street_address,Fingal,Castleknock-Knockmaroon,04016,Dublin,267040045
204371,2017.0,"29 ST AUBYNS COURT, SHANGANAGH RD, KILLINEY,Dublin,Ireland",06/06/2017,"29 ST AUBYNS COURT, SHANGANAGH RD, KILLINEY",,Dublin,387500.0,No,No,Second-Hand Dwelling house /Apartment,,2017-06-06,"Saint Aubyn's Court, Shanganagh Rd, Hackettsland, Killiney, Co. Dublin, Ireland",ROOFTOP,53.2467725,-6.1221362,,premise,Dn Laoghaire-Rathdown,Killiney South,05059,Dublin,267097002
204380,2017.0,"29 THE ORCHARD APTS, CARPENTERSTOWN RD, CASTLEKNOCK,Dublin,Ireland",01/02/2017,"29 THE ORCHARD APTS, CARPENTERSTOWN RD, CASTLEKNOCK",Dublin 15,Dublin,155000.0,No,No,Second-Hand Dwelling house /Apartment,,2017-02-01,,,,,,,,,,,
204381,2017.0,"29 THE PARK, LARCH HILL, OSCAR TRAYNOR RD DUBLIN 17,Dublin,Ireland",08/06/2017,"29 THE PARK, LARCH HILL, OSCAR TRAYNOR RD DUBLIN 17",Dublin 17,Dublin,187000.0,No,No,Second-Hand Dwelling house /Apartment,,2017-06-08,"20 The View, Larch Hill, Dublin 17, Co. Dublin, Ireland",ROOFTOP,53.3982054,-6.228322,,"establishment,point_of_interest",Dublin City,Kilmore A,02069,Dublin,268088010
204391,2017.0,"29 The Lawn, Hansfield Wood, Hansfield,Dublin,Ireland",02/06/2017,"29 The Lawn, Hansfield Wood, Hansfield",Dublin 15,Dublin,255507.0,No,Yes,New Dwelling house /Apartment,greater than or equal to 38 sq metres and less than 125 sq metres,2017-06-02,"Clonsilla, Dublin, Ireland",GEOMETRIC_CENTER,53.3905516,-6.4322246,,"establishment,point_of_interest",Fingal,Blanchardstown-Blakestown,04009,Dublin,267028004/02
204392,2017.0,"29 Usher Park, Knocksedan Demesne, Swords,Dublin,Ireland",06/04/2017,"29 Usher Park, Knocksedan Demesne, Swords",,Dublin,370044.0,No,Yes,New Dwelling house /Apartment,greater than or equal to 38 sq metres and less than 125 sq metres,2017-04-06,"29 Usher Park, Brackenstown, Co. Dublin, Ireland",RANGE_INTERPOLATED,53.453242,-6.2604824,,street_address,Fingal,Swords-Forrest,04036,Dublin,267132001
204397,2017.0,"29 WILLIE NOLAN RD, BALDOYLE, DUBLIN 13,Dublin,Ireland",01/02/2017,"29 WILLIE NOLAN RD, BALDOYLE, DUBLIN 13",Dublin 13,Dublin,550000.0,No,No,Second-Hand Dwelling house /Apartment,,2017-02-01,"29 Willie Nolan Rd, Baldoyle, Dublin 13, D13 K0T2, Ireland",ROOFTOP,53.3971129,-6.1342874,D13 K0T2,street_address,Fingal,Baldoyle,04004,Dublin,267004025
204401,2017.0,"29 park avenue, millers glen, swords,Dublin,Ireland",12/05/2017,"29 park avenue, millers glen, swords",,Dublin,275330.0,No,Yes,New Dwelling house /Apartment,less than 38 sq metres,2017-05-12,"Longview Ave, Oldtown, Co. Dublin, Ireland",GEOMETRIC_CENTER,53.4739449,-6.2397822,,"establishment,point_of_interest",Fingal,Swords-Lissenhall,04038,Dublin,267133026
204405,2017.0,"293 PREMIER SQ, FINGLAS RD, GLASNEVIN DUBLIN 11,Dublin,Ireland",02/06/2017,"293 PREMIER SQ, FINGLAS RD, GLASNEVIN DUBLIN 11",Dublin 11,Dublin,207000.0,No,No,Second-Hand Dwelling house /Apartment,,2017-06-02,"Premier Square, Finglas Rd, Ballygall, Dublin 11, Ireland",ROOFTOP,53.3817894,-6.2897619,,premise,Dublin City,Ballygall A,02011,Dublin,268012002
204416,2017.0,"2A OLD YELLOW WALLS ROAD, Malahide,Dublin,Ireland",03/02/2017,"2A OLD YELLOW WALLS ROAD, Malahide",,Dublin,792951.0,No,Yes,New Dwelling house /Apartment,greater than or equal to 125 sq metres,2017-02-03,"2 Old Yellow Walls Rd, Yellow Walls, Malahide, Co. Dublin, K36 H395, Ireland",ROOFTOP,53.4547175,-6.1772781,K36 H395,street_address,Fingal,Malahide West,04030,Dublin,267106019
204418,2017.0,"2A TYMONVILLE LAWNS, TALLAGHT, DUBLIN 24,Dublin,Ireland",10/04/2017,"2A TYMONVILLE LAWNS, TALLAGHT, DUBLIN 24",Dublin 24,Dublin,270000.0,No,No,Second-Hand Dwelling house /Apartment,,2017-04-10,"2A Tymonville Lawn, Tymon North, Dublin 24, D24 AK27, Ireland",ROOFTOP,53.2986817,-6.3496555,D24 AK27,street_address,South Dublin,Tallaght-Tymon,03040,Dublin,267148018
204420,2017.0,"2B LUTTRELLPARK CRESCENT, CARPENTERSTOWN, CASTLEKNOCK DUBLIN 15,Dublin,Ireland",12/01/2017,"2B LUTTRELLPARK CRESCENT, CARPENTERSTOWN, CASTLEKNOCK DUBLIN 15",Dublin 15,Dublin,397500.0,No,No,Second-Hand Dwelling house /Apartment,,2017-01-12,"2A Luttrellpark Cres, Carpenterstown, Dublin 15, D15 FKH3, Ireland",ROOFTOP,53.3746952,-6.3907395,D15 FKH3,street_address,Fingal,Castleknock-Knockmaroon,04016,Dublin,267040033
204426,2017.0,"2ND FLOOR 72 SHREWSBURY PARK, MERRION RD, BALLSBRIDGE DUBLIN 4,Dublin,Ireland",09/03/2017,"2ND FLOOR 72 SHREWSBURY PARK, MERRION RD, BALLSBRIDGE DUBLIN 4",Dublin 4,Dublin,525000.0,No,No,Second-Hand Dwelling house /Apartment,,2017-03-09,"Shrewsbury, Merrion Rd, Dublin 4, Ireland",ROOFTOP,53.3247818,-6.2204639,,premise,Dublin City,Pembroke East E,02129,Dublin,268114006
204429,2017.0,"3  Hersil Wood, Knocklyon, DUBLIN 16,Dublin,Ireland",10/04/2017,"3  Hersil Wood, Knocklyon, DUBLIN 16",,Dublin,550660.79,No,Yes,New Dwelling house /Apartment,greater than or equal to 125 sq metres,2017-04-10,"Hersil Wood, Dublin 16, Knocklyon Rd, Knocklyon, Co. Dublin, Ireland",GEOMETRIC_CENTER,53.2882652,-6.3103416,,"establishment,point_of_interest",South Dublin,Rathfarnham-Ballyroan,03022,Dublin,267113005
204453,2017.0,"3 ARNOLD PARK, GLENAGEARY, DUBLIN,Dublin,Ireland",10/03/2017,"3 ARNOLD PARK, GLENAGEARY, DUBLIN",,Dublin,590000.0,No,No,Second-Hand Dwelling house /Apartment,,2017-03-10,"3 Arnold Park, Glenageary, Dublin, A96 F7D6, Ireland",ROOFTOP,53.2710631,-6.1339874,A96 F7D6,street_address,Dn Laoghaire-Rathdown,Dalkey-Avondale,05032,Dublin,267062004
204454,2017.0,"3 ASHFIELD PARK, RIDGEWOOD, FORREST ROAD,Dublin,Ireland",06/04/2017,"3 ASHFIELD PARK, RIDGEWOOD, FORREST ROAD",,Dublin,296916.0,No,Yes,New Dwelling house /Apartment,greater than or equal to 125 sq metres,2017-04-06,,,,,,,,,,,
204460,2017.0,"3 Adamstown Park, Adamstown Square, Adamstown,Dublin,Ireland",11/05/2017,"3 Adamstown Park, Adamstown Square, Adamstown",,Dublin,224669.6,No,Yes,New Dwelling house /Apartment,greater than or equal to 38 sq metres and less than 125 sq metres,2017-05-11,"Adamstown Ave, Adamstown Castle, Lucan, Co. Dublin, Ireland",GEOMETRIC_CENTER,53.3374647,-6.458759,,"establishment,point_of_interest",South Dublin,Lucan-St. Helen's,03017,Dublin,267103012
204470,2017.0,"3 BAWNLEA DR, JOBSTOWN, DUBLIN 24,Dublin,Ireland",09/02/2017,"3 BAWNLEA DR, JOBSTOWN, DUBLIN 24",Dublin 24,Dublin,150000.0,Yes,No,Second-Hand Dwelling house /Apartment,,2017-02-09,"3 Bawnlea Dr, Jobstown, Dublin 24, D24 VW3W, Ireland",ROOFTOP,53.2814058,-6.4016124,D24 VW3W,street_address,South Dublin,Tallaght-Jobstown,03032,Dublin,267140029
204476,2017.0,"3 BEECHFIELD COURT, CLONEE, DUBLIN 15,Dublin,Ireland",12/01/2017,"3 BEECHFIELD COURT, CLONEE, DUBLIN 15",Dublin 15,Dublin,220000.0,No,No,Second-Hand Dwelling house /Apartment,,2017-01-12,"3 Beechfield Heights, Castaheany, Clonee, Co. Dublin, D15 H3K1, Ireland",ROOFTOP,53.4016547,-6.4389622,D15 H3K1,street_address,Fingal,Blanchardstown-Blakestown,04009,Dublin,267028039
204480,2017.0,"3 BELGRAVE TERRACE, MONKSTOWN, DUBLIN,Dublin,Ireland",09/03/2017,"3 BELGRAVE TERRACE, MONKSTOWN, DUBLIN",,Dublin,1200000.0,No,No,Second-Hand Dwelling house /Apartment,,2017-03-09,"3 Belgrave Terrace, Seapoint, Blackrock, Co. Dublin, A94 T672, Ireland",ROOFTOP,53.2967726,-6.1629548,A94 T672,street_address,Dn Laoghaire-Rathdown,Blackrock-Seapoint,05014,Dublin,267018007
204489,2017.0,"3 BREMEN RD, RINGSEND, DUBLIN 4,Dublin,Ireland",02/02/2017,"3 BREMEN RD, RINGSEND, DUBLIN 4",Dublin 4,Dublin,397000.0,No,No,Second-Hand Dwelling house /Apartment,,2017-02-02,"3 Bremen Rd, Dublin 4, D04 TN23, Ireland",ROOFTOP,53.339596,-6.216769,D04 TN23,street_address,Dublin City,Pembroke East A,02125,Dublin,268110017
204494,2017.0,"3 Balgriffin Grove, Malahide Road, Balgriffin,Dublin,Ireland",10/03/2017,"3 Balgriffin Grove, Malahide Road, Balgriffin",Dublin 13,Dublin,375000.0,Yes,Yes,New Dwelling house /Apartment,greater than or equal to 38 sq metres and less than 125 sq metres,2017-03-10,"3 Balgriffin Park, Balgriffin, Dublin 13, D13 V0A8, Ireland",ROOFTOP,53.4100007,-6.1641683,D13 V0A8,street_address,Fingal,Balgriffin,04005,Dublin,267005005
204499,2017.0,"3 Beresford Place, Donabate,Dublin,Ireland",02/05/2017,"3 Beresford Place, Donabate",,Dublin,299559.47,No,Yes,New Dwelling house /Apartment,greater than or equal to 38 sq metres and less than 125 sq metres,2017-05-02,"Beresford Green, Donabate, Co. Dublin, Ireland",GEOMETRIC_CENTER,53.4889065,-6.1624365,,"establishment,lodging,point_of_interest",Fingal,Donabate,04019,Dublin,267065011
204502,2017.0,"3 Brookfield Mews, Brookfield Terrace, Blackrock,Dublin,Ireland",06/04/2017,"3 Brookfield Mews, Brookfield Terrace, Blackrock",Dublin 24,Dublin,837004.0,No,Yes,New Dwelling house /Apartment,greater than or equal to 125 sq metres,2017-04-06,"Brookfield Mews, Brookfield, Blackrock, Co. Dublin, Ireland",ROOFTOP,53.30013,-6.1873415,,premise,Dn Laoghaire-Rathdown,Blackrock-Central,05010,Dublin,267021009
204514,2017.0,"3 CASTLEKNOCK MANOR, CASTLEKNOCK, DUBLIN 15,Dublin,Ireland",10/03/2017,"3 CASTLEKNOCK MANOR, CASTLEKNOCK, DUBLIN 15",,Dublin,540000.0,No,No,Second-Hand Dwelling house /Apartment,,2017-03-10,"3 Castleknock Manor, Dunsink, Dublin 15, D15 W8XV, Ireland",ROOFTOP,53.3787248,-6.3540573,D15 W8XV,street_address,Fingal,Castleknock-Park,04017,Dublin,267041011
204528,2017.0,"3 CLEARWATER COURT NORTH, ROYAL CANAL PARK, ASHTOWN DUBLIN 15,Dublin,Ireland",06/02/2017,"3 CLEARWATER COURT NORTH, ROYAL CANAL PARK, ASHTOWN DUBLIN 15",Dublin 15,Dublin,255000.0,No,No,Second-Hand Dwelling house /Apartment,,2017-02-06,"Apartment 34, Clearwater Court North, Camden Ave, Royal Canal Park, Dublin 15, Ireland",ROOFTOP,53.3775534,-6.3175322,,premise,Dublin City,Ashtown A,02006,Dublin,268006025
204549,2017.0,"3 CORBAWN LAWN, SHANKILL, DUBLIN 18,Dublin,Ireland",11/05/2017,"3 CORBAWN LAWN, SHANKILL, DUBLIN 18",Dublin 18,Dublin,385000.0,No,No,Second-Hand Dwelling house /Apartment,,2017-05-11,"3 Corbawn Lawn, Shankill, Dublin 18, D18 C624, Ireland",ROOFTOP,53.2334828,-6.1143767,D18 C624,street_address,Dn Laoghaire-Rathdown,Shankill-Shanganagh,05062,Dublin,267122004
204551,2017.0,"3 COURTLANDS, CABINTEELY, DUBLIN 18,Dublin,Ireland",12/05/2017,"3 COURTLANDS, CABINTEELY, DUBLIN 18",Dublin 18,Dublin,345000.0,No,No,Second-Hand Dwelling house /Apartment,,2017-05-12,"3 Courtlands, Johnstown, Cabinteely, Co. Dublin, D18 C5H9, Ireland",ROOFTOP,53.2632629,-6.1479272,D18 C5H9,street_address,Dn Laoghaire-Rathdown,Cabinteely-Kilbogget,05019,Dublin,267037003
204552,2017.0,"3 COWPER HALL, MOUNT SAINT ANNES, MILLTOWN,Dublin,Ireland",02/03/2017,"3 COWPER HALL, MOUNT SAINT ANNES, MILLTOWN",,Dublin,277533.03,No,Yes,New Dwelling house /Apartment,greater than or equal to 38 sq metres and less than 125 sq metres,2017-03-02,"Apartment 14, Cowper Hall, Milltown Ave, Mount St Annes, Dublin 6, Ireland",ROOFTOP,53.3119211,-6.2494527,,premise,Dublin City,Rathmines East B,02135,Dublin,268129012/268129013
204556,2017.0,"3 CRANNAGH COURT, CRANNAGH RD, RATHFARNHAM DUBLIN 14,Dublin,Ireland",07/04/2017,"3 CRANNAGH COURT, CRANNAGH RD, RATHFARNHAM DUBLIN 14",Dublin 14,Dublin,350000.0,No,No,Second-Hand Dwelling house /Apartment,,2017-04-07,"Apartment 9, Crannagh Court, Crannagh Road, Rathfarnham, Dublin 14, Ireland",ROOFTOP,53.3010713,-6.2828346,,premise,South Dublin,Rathfarnham Village,03026,Dublin,267117012
204567,2017.0,"3 Castleknock Cross, Castleknock, Dublin 15,Dublin,Ireland",07/04/2017,"3 Castleknock Cross, Castleknock, Dublin 15",Dublin 15,Dublin,722446.96,No,Yes,New Dwelling house /Apartment,greater than or equal to 125 sq metres,2017-04-07,"Castleknock Rd, Castleknock, Dublin, Ireland",GEOMETRIC_CENTER,53.3724154,-6.3607701,,"establishment,point_of_interest,real_estate_agency",Fingal,Castleknock-Park,04017,Dublin,267041002
204571,2017.0,"3 Cottonwood, Carpenterstwon Road, Castleknock,Dublin,Ireland",02/03/2017,"3 Cottonwood, Carpenterstwon Road, Castleknock",,Dublin,876651.0,No,Yes,New Dwelling house /Apartment,greater than or equal to 125 sq metres,2017-03-02,"Cottonwood, Carpenterstown Road, Carpenterstown, Dublin 15, Ireland",ROOFTOP,53.3721794,-6.3808069,,premise,Fingal,Castleknock-Knockmaroon,04016,Dublin,267040031
204574,2017.0,"3 DARGLE RD, DRUMCONDRA, DUBLIN 9,Dublin,Ireland",11/04/2017,"3 DARGLE RD, DRUMCONDRA, DUBLIN 9",Dublin 9,Dublin,397500.0,No,No,Second-Hand Dwelling house /Apartment,,2017-04-11,"3 Dargle Rd, Drumcondra, Dublin 9, D09 E196, Ireland",ROOFTOP,53.366025,-6.2578284,D09 E196,street_address,Dublin City,Botanic B,02028,Dublin,268028001
204588,2017.0,"3 Diswellstown manor, castleknock, DUBLIN 15,Dublin,Ireland",08/05/2017,"3 Diswellstown manor, castleknock, DUBLIN 15",Dublin 15,Dublin,572687.22,No,Yes,New Dwelling house /Apartment,greater than or equal to 38 sq metres and less than 125 sq metres,2017-05-08,"Porterstown, Castleknock Golf Club, Co. Dublin, Ireland",GEOMETRIC_CENTER,53.3670659,-6.3855459,,"establishment,point_of_interest",Fingal,Castleknock-Knockmaroon,04016,Dublin,267040042
204589,2017.0,"3 Dodderbrook Court, Dodderbrook, Ballycullen,Dublin,Ireland",04/05/2017,"3 Dodderbrook Court, Dodderbrook, Ballycullen",Dublin 24,Dublin,348016.62,No,Yes,New Dwelling house /Apartment,greater than or equal to 38 sq metres and less than 125 sq metres,2017-05-04,"Oldcourt Rd, Oldcourt, Dublin, Ireland",GEOMETRIC_CENTER,53.2700459,-6.3415907,,"establishment,general_contractor,point_of_interest",South Dublin,Firhouse Village,03014,Dublin,267084004
204591,2017.0,"3 Dodderbrook Park, OLDCOURT ROAD, BALLYCULLEN,Dublin,Ireland",05/01/2017,"3 Dodderbrook Park, OLDCOURT ROAD, BALLYCULLEN",Dublin 24,Dublin,307885.46,No,Yes,New Dwelling house /Apartment,greater than or equal to 125 sq metres,2017-01-05,"Oldcourt Rd, Oldcourt, Dublin, Ireland",GEOMETRIC_CENTER,53.2700459,-6.3415907,,"establishment,general_contractor,point_of_interest",South Dublin,Firhouse Village,03014,Dublin,267084004
204593,2017.0,"3 EDEN PARK RD, GOATSTOWN, DUBLIN 14,Dublin,Ireland",03/05/2017,"3 EDEN PARK RD, GOATSTOWN, DUBLIN 14",Dublin 14,Dublin,623500.0,No,No,Second-Hand Dwelling house /Apartment,,2017-05-03,"3 Eden Park Rd, Kilmacud, Dublin 14, D14 RY90, Ireland",ROOFTOP,53.2888526,-6.2274176,D14 RY90,street_address,Dn Laoghaire-Rathdown,Dundrum-Kilmacud,05038,Dublin,267079013
204600,2017.0,"3 FARNEY PARK, SANDYMOUNT, DUBLIN 4,Dublin,Ireland",11/04/2017,"3 FARNEY PARK, SANDYMOUNT, DUBLIN 4",Dublin 4,Dublin,840000.0,No,No,Second-Hand Dwelling house /Apartment,,2017-04-11,"3 Farney Park, Dublin 4, D04 NH50, Ireland",ROOFTOP,53.3322033,-6.2206512,D04 NH50,street_address,Dublin City,Pembroke East B,02126,Dublin,268111012
204605,2017.0,"3 FITZGERALD PARK, DUN LAOGHAIRE, DUBLIN,Dublin,Ireland",02/02/2017,"3 FITZGERALD PARK, DUN LAOGHAIRE, DUBLIN",,Dublin,250000.0,No,No,Second-Hand Dwelling house /Apartment,,2017-02-02,"3 Fitzgerald Park, D̼n Laoghaire, Dublin, A96 DK02, Ireland",ROOFTOP,53.2855672,-6.1469041,A96 DK02,street_address,Dn Laoghaire-Rathdown,Dn Laoghaire-Mount Town,05046,Dublin,267071006
204608,2017.0,"3 FORBES LANE, DUBLIN 8, DUBLIN,Dublin,Ireland",03/03/2017,"3 FORBES LANE, DUBLIN 8, DUBLIN",Dublin 8,Dublin,150000.0,No,No,Second-Hand Dwelling house /Apartment,,2017-03-03,"3 Forbes Ln, Ushers, Dublin 8, D08 P2E9, Ireland",ROOFTOP,53.3394754,-6.2880017,D08 P2E9,street_address,Dublin City,Ushers C,02154,Dublin,268150005
204614,2017.0,"3 GIBBONS TERRACE, BALBRIGGAN, DUBLIN,Dublin,Ireland",10/05/2017,"3 GIBBONS TERRACE, BALBRIGGAN, DUBLIN",,Dublin,205000.0,No,No,Second-Hand Dwelling house /Apartment,,2017-05-10,"3 Gibbons Terrace, Balbriggan, Co. Dublin, Ireland",RANGE_INTERPOLATED,53.6058393,-6.1755903,,street_address,Fingal,Balbriggan Urban,04003,Dublin,267003022
204629,2017.0,"3 GREENCASTLE DR, COOLOCK, DUBLIN 17,Dublin,Ireland",10/03/2017,"3 GREENCASTLE DR, COOLOCK, DUBLIN 17",Dublin 17,Dublin,255000.0,No,No,Second-Hand Dwelling house /Apartment,,2017-03-10,"3 Greencastle Rd, Castle Elms, Priorswood, Dublin 17, D17 E822, Ireland",ROOFTOP,53.3942513,-6.1985569,D17 E822,street_address,Dublin City,Priorswood D,02083,Dublin,268120008
204659,2017.0,"3 KELSTON HOUSE, WHITES CROSS, FOXROCK DUBLIN 18,Dublin,Ireland",06/03/2017,"3 KELSTON HOUSE, WHITES CROSS, FOXROCK DUBLIN 18",Dublin 18,Dublin,700000.0,No,No,Second-Hand Dwelling house /Apartment,,2017-03-06,,,,,,,,,,,
204663,2017.0,"3 KINCORA DR, CLONTARF, DUBLIN 3,Dublin,Ireland",09/02/2017,"3 KINCORA DR, CLONTARF, DUBLIN 3",Dublin 3,Dublin,685000.0,No,No,Second-Hand Dwelling house /Apartment,,2017-02-09,"3 Kincora Rd, Clontarf East, Dublin 3, D03 RP26, Ireland",ROOFTOP,53.3633625,-6.2036272,D03 RP26,street_address,Dublin City,Clontarf East C,02039,Dublin,268043001
204692,2017.0,"3 MARYLAND, SHANKILL, DUBLIN 18,Dublin,Ireland",10/03/2017,"3 MARYLAND, SHANKILL, DUBLIN 18",Dublin 18,Dublin,305000.0,No,No,Second-Hand Dwelling house /Apartment,,2017-03-10,"Apartment 23, Maryland House, Maryland, Shankill, Dublin 18, Ireland",ROOFTOP,53.2351373,-6.1224315,,premise,Dn Laoghaire-Rathdown,Shankill-Rathsallagh,05061,Dublin,267121003
204700,2017.0,"3 MERRION GROVE, STILLORGAN, DUBLIN,Dublin,Ireland",10/04/2017,"3 MERRION GROVE, STILLORGAN, DUBLIN",,Dublin,425000.0,No,No,Second-Hand Dwelling house /Apartment,,2017-04-10,"3 Merrion Cres, Trimblestown, Blackrock, Co. Dublin, A94 D289, Ireland",ROOFTOP,53.3099732,-6.2075072,A94 D289,street_address,Dn Laoghaire-Rathdown,Blackrock-Glenomena,05011,Dublin,267022003
204710,2017.0,"3 MONALOE COURT, CLONKEEN RD, BLACKROCK,Dublin,Ireland",10/02/2017,"3 MONALOE COURT, CLONKEEN RD, BLACKROCK",,Dublin,335000.0,No,No,Second-Hand Dwelling house /Apartment,,2017-02-10,"Monaloe, Clonkeen Rd, Deansgrange, Blackrock, Co. Dublin, Ireland",ROOFTOP,53.2649799,-6.1583442,,premise,Dn Laoghaire-Rathdown,Foxrock-Carrickmines,05054,Dublin,267088016
204727,2017.0,"3 OAK VIEW, SANTRY, DUBLIN 9,Dublin,Ireland",05/04/2017,"3 OAK VIEW, SANTRY, DUBLIN 9",Dublin 9,Dublin,276000.0,No,No,Second-Hand Dwelling house /Apartment,,2017-04-05,"3 Oak View, Santry, Dublin 9, D09 X4P0, Ireland",ROOFTOP,53.3991749,-6.2433404,D09 X4P0,street_address,Fingal,Turnapin,04042,Dublin,267160006
204732,2017.0,"3 OAKWOOD PARK, GLASNEVIN NORTH, DUBLIN 11,Dublin,Ireland",07/03/2017,"3 OAKWOOD PARK, GLASNEVIN NORTH, DUBLIN 11",Dublin 11,Dublin,355000.0,No,No,Second-Hand Dwelling house /Apartment,,2017-03-07,"3 Oakwood Park, Finglas East, Dublin 11, D11 T650, Ireland",ROOFTOP,53.3959855,-6.28894,D11 T650,street_address,Dublin City,Finglas North C,02053,Dublin,268065009
204733,2017.0,"3 OHARA AVE, HAROLDS CROSS, DUBLIN,Dublin,Ireland",12/01/2017,"3 OHARA AVE, HAROLDS CROSS, DUBLIN",Dublin 6,Dublin,427500.0,No,No,Second-Hand Dwelling house /Apartment,,2017-01-12,"3 O'Hara Ave, Harold's Cross, Dublin 6, D06 Y038, Ireland",ROOFTOP,53.3291268,-6.2741908,D06 Y038,street_address,Dublin City,Rathmines West A,02138,Dublin,268132004
204749,2017.0,"3 PARK AVE, STREAMSTOWN LANE, MALAHIDE,Dublin,Ireland",09/01/2017,"3 PARK AVE, STREAMSTOWN LANE, MALAHIDE",,Dublin,900000.0,No,No,Second-Hand Dwelling house /Apartment,,2017-01-09,,,,,,,,,,,
204751,2017.0,"3 PINE HURST, NAVAN RD, DUBLIN 7,Dublin,Ireland",02/05/2017,"3 PINE HURST, NAVAN RD, DUBLIN 7",Dublin 7,Dublin,372000.0,No,No,Second-Hand Dwelling house /Apartment,,2017-05-02,,,,,,,,,,,
204756,2017.0,"3 PROSPECT HILL, BLOCK 6, FINGLAS DUBLIN 11,Dublin,Ireland",07/04/2017,"3 PROSPECT HILL, BLOCK 6, FINGLAS DUBLIN 11",Dublin 11,Dublin,190000.0,No,No,Second-Hand Dwelling house /Apartment,,2017-04-07,"Prospect Hill, Finglas Rd, Finglas South, Dublin 11, Ireland",ROOFTOP,53.3804835,-6.2906336,,premise,Dublin City,Finglas South B,02055,Dublin,268067010
204757,2017.0,"3 PROSPECT HILL, BLOCK 6, FINGLAS DUBLIN 11,Dublin,Ireland",07/04/2017,"3 PROSPECT HILL, BLOCK 6, FINGLAS DUBLIN 11",Dublin 11,Dublin,190000.0,No,No,Second-Hand Dwelling house /Apartment,,2017-04-07,"Prospect Hill, Finglas Rd, Finglas South, Dublin 11, Ireland",ROOFTOP,53.3804835,-6.2906336,,premise,Dublin City,Finglas South B,02055,Dublin,268067010
204763,2017.0,"3 Priorswood Lodge, Clonshaugh Road, Clonshaugh,Dublin,Ireland",09/03/2017,"3 Priorswood Lodge, Clonshaugh Road, Clonshaugh",Dublin 17,Dublin,285000.0,No,No,New Dwelling house /Apartment,greater than or equal to 38 sq metres and less than 125 sq metres,2017-03-09,"Priorswood Lodge, Clonshaugh Rd, Clonshagh, Dublin 17, Ireland",ROOFTOP,53.4032235,-6.214759,,premise,Dublin City,Priorswood A,02080,Dublin,268121003
204770,2017.0,"3 RIVERSDALE, BUTTERFIELD AVENUE, RATHFARNHAM,Dublin,Ireland",11/05/2017,"3 RIVERSDALE, BUTTERFIELD AVENUE, RATHFARNHAM",Dublin 16,Dublin,792951.0,No,Yes,New Dwelling house /Apartment,greater than or equal to 38 sq metres and less than 125 sq metres,2017-05-11,"Riversdale House, Butterfield Ave, Rathfarnham, Dublin 14, Ireland",ROOFTOP,53.2944956,-6.3079399,,premise,South Dublin,Rathfarnham-Ballyroan,03022,Dublin,267113010
204771,2017.0,"3 RIVERSIDE DR, PALMERSTOWN, DUBLIN 20,Dublin,Ireland",07/04/2017,"3 RIVERSIDE DR, PALMERSTOWN, DUBLIN 20",Dublin 20,Dublin,310000.0,No,No,Second-Hand Dwelling house /Apartment,,2017-04-07,"3 Riverside Dr, Palmerstown Lower, Dublin 20, D20 AV26, Ireland",ROOFTOP,53.3576654,-6.3773517,D20 AV26,street_address,South Dublin,Palmerston West,03020,Dublin,267109005
204784,2017.0,"3 SAINT MARGARET'S TERRACE, DUBLIN 8,Dublin,Ireland",01/06/2017,"3 SAINT MARGARET'S TERRACE, DUBLIN 8",,Dublin,325000.0,No,No,Second-Hand Dwelling house /Apartment,,2017-06-01,"3 St Margaret's Terrace, Ushers, Dublin 8, D08 Y0E1, Ireland",ROOFTOP,53.3370876,-6.2881303,D08 Y0E1,street_address,Dublin City,Ushers C,02154,Dublin,268150011
204788,2017.0,"3 SEABANK COURT, COAST RD, MALAHIDE,Dublin,Ireland",09/03/2017,"3 SEABANK COURT, COAST RD, MALAHIDE",,Dublin,350000.0,No,No,Second-Hand Dwelling house /Apartment,,2017-03-09,,,,,,,,,,,
204790,2017.0,"3 SEAPORT, BALBRIGAN, CO DUBLIN,Dublin,Ireland",02/02/2017,"3 SEAPORT, BALBRIGAN, CO DUBLIN",,Dublin,340000.0,No,No,Second-Hand Dwelling house /Apartment,,2017-02-02,,,,,,,,,,,
204796,2017.0,"3 SHELBOURNE VILLAGE, RINGSEND RD, DUBLIN 4,Dublin,Ireland",03/02/2017,"3 SHELBOURNE VILLAGE, RINGSEND RD, DUBLIN 4",Dublin 4,Dublin,270000.0,No,No,Second-Hand Dwelling house /Apartment,,2017-02-03,"21 Ringsend Rd, Dublin, Co. Dublin City, DUBLIN 4, Ireland",ROOFTOP,53.3415272,-6.2350872,DUBLIN 4,"establishment,point_of_interest",Dublin City,Pembroke West A,02130,Dublin,268115006
204807,2017.0,"3 ST ANNS SQ, TEMPLE RD, BLACKROCK,Dublin,Ireland",07/04/2017,"3 ST ANNS SQ, TEMPLE RD, BLACKROCK",,Dublin,540000.0,No,No,Second-Hand Dwelling house /Apartment,,2017-04-07,,,,,,,,,,,
204808,2017.0,"3 ST DECLANS TERRACE, MARINO, DUBLIN 3,Dublin,Ireland",07/06/2017,"3 ST DECLANS TERRACE, MARINO, DUBLIN 3",Dublin 3,Dublin,430000.0,No,No,Second-Hand Dwelling house /Apartment,,2017-06-07,"3 St Declan's Terrace, Clontarf West, Dublin 3, D03 C5X5, Ireland",ROOFTOP,53.369662,-6.2317818,D03 C5X5,street_address,Dublin City,Clontarf West E,02046,Dublin,268050009
204809,2017.0,"3 ST EITHNES RD, DUBLIN 7, DUBLIN,Dublin,Ireland",06/06/2017,"3 ST EITHNES RD, DUBLIN 7, DUBLIN",Dublin 7,Dublin,220000.0,No,No,Second-Hand Dwelling house /Apartment,,2017-06-06,"3 St Eithne Rd, Cabra East, Dublin 7, D07 A0H3, Ireland",ROOFTOP,53.3648487,-6.2859276,D07 A0H3,street_address,Dublin City,Cabra East B,02031,Dublin,268031010
204813,2017.0,"3 ST KEVINS GARDENS, DARTRY, DUBLIN 6,Dublin,Ireland",07/03/2017,"3 ST KEVINS GARDENS, DARTRY, DUBLIN 6",,Dublin,785000.0,No,No,Second-Hand Dwelling house /Apartment,,2017-03-07,"3 St Kevin's Gardens, Dartry, Dublin 6, D06 X2W5, Ireland",ROOFTOP,53.3100339,-6.2637479,D06 X2W5,street_address,Dublin City,Rathfarnham,02133,Dublin,268127011
204850,2017.0,"3 THE HERON, BARNAGEERAGH COVE, SKERRIES,Dublin,Ireland",09/03/2017,"3 THE HERON, BARNAGEERAGH COVE, SKERRIES",,Dublin,277533.0,No,Yes,New Dwelling house /Apartment,greater than or equal to 125 sq metres,2017-03-09,,,,,,,,,,,
204854,2017.0,"3 THE MEWS, AILESBURY, BALLSBRIDGE,Dublin,Ireland",11/01/2017,"3 THE MEWS, AILESBURY, BALLSBRIDGE",,Dublin,815000.0,No,No,Second-Hand Dwelling house /Apartment,,2017-01-11,"3 Ailesbury Rd, Dublin 4, D04 R6P7, Ireland",ROOFTOP,53.3200335,-6.2172658,D04 R6P7,street_address,Dublin City,Pembroke East D,02128,Dublin,268113010
204868,2017.0,"3 THORNFIELD SQ, WATERY LANE, CLONDALKIN DUBLIN 22,Dublin,Ireland",10/01/2017,"3 THORNFIELD SQ, WATERY LANE, CLONDALKIN DUBLIN 22",Dublin 22,Dublin,140000.0,No,No,Second-Hand Dwelling house /Apartment,,2017-01-10,"Thornfield Square, Watery Ln, Clondalkin, Dublin 22, Ireland",ROOFTOP,53.3243492,-6.393099,,premise,South Dublin,Clondalkin-Monastery,03007,Dublin,267050006
204870,2017.0,"3 TURNAPIN COTTAGES, CLOGHRAN, DUBLIN 17,Dublin,Ireland",12/04/2017,"3 TURNAPIN COTTAGES, CLOGHRAN, DUBLIN 17",Dublin 17,Dublin,245000.0,No,No,Second-Hand Dwelling house /Apartment,,2017-04-12,"3 Turnapin Cottages, Turnapin Little, Dublin 17, D17 H297, Ireland",ROOFTOP,53.4079095,-6.2323258,D17 H297,street_address,Fingal,Turnapin,04042,Dublin,267160001
204872,2017.0,"3 The Avenue, Hansfield Wood, Hansfield,Dublin,Ireland",10/05/2017,"3 The Avenue, Hansfield Wood, Hansfield",,Dublin,246696.0,No,Yes,New Dwelling house /Apartment,greater than or equal to 38 sq metres and less than 125 sq metres,2017-05-10,"Clonsilla, Dublin, Ireland",GEOMETRIC_CENTER,53.3905516,-6.4322246,,"establishment,point_of_interest",Fingal,Blanchardstown-Blakestown,04009,Dublin,267028004/02
204874,2017.0,"3 The Cottage, Tivoli Place, Tivoli Road,Dublin,Ireland",10/03/2017,"3 The Cottage, Tivoli Place, Tivoli Road",,Dublin,865000.0,No,Yes,New Dwelling house /Apartment,greater than or equal to 125 sq metres,2017-03-10,"Tivoli Lodge, Tivoli Rd, D̼n Laoghaire, Dublin, Ireland",ROOFTOP,53.2887622,-6.1449582,,premise,Dn Laoghaire-Rathdown,Dn Laoghaire-West Central,05052,Dublin,267077006
204880,2017.0,"3 Thornberry Close, Belmont, Stepaside,Dublin,Ireland",03/05/2017,"3 Thornberry Close, Belmont, Stepaside",,Dublin,414096.92,No,Yes,New Dwelling house /Apartment,greater than or equal to 125 sq metres,2017-05-03,,,,,,,,,,,
204882,2017.0,"3 USHER PARK, KNOCKSEDAN DEMENSE, SWORDS,Dublin,Ireland",05/01/2017,"3 USHER PARK, KNOCKSEDAN DEMENSE, SWORDS",,Dublin,436123.35,No,Yes,New Dwelling house /Apartment,greater than or equal to 38 sq metres and less than 125 sq metres,2017-01-05,"3 Usher Park, Brackenstown, Co. Dublin, Ireland",RANGE_INTERPOLATED,53.453242,-6.2604824,,street_address,Fingal,Swords-Forrest,04036,Dublin,267132001
204883,2017.0,"3 VERGEMOUNT COURT, CLONSKEAGH RD, DUBLIN 6,Dublin,Ireland",10/04/2017,"3 VERGEMOUNT COURT, CLONSKEAGH RD, DUBLIN 6",Dublin 6,Dublin,325000.0,No,No,Second-Hand Dwelling house /Apartment,,2017-04-10,"Apartment 9, Vergemount Court, Clonskeagh Rd, Dublin 6, Ireland",ROOFTOP,53.3171071,-6.2392923,,premise,Dublin City,Rathmines East B,02135,Dublin,268129026
204902,2017.0,"3 WOODFORD COURT, LEINSTER RD WEST, RATHMINES DUBLIN 6,Dublin,Ireland",10/04/2017,"3 WOODFORD COURT, LEINSTER RD WEST, RATHMINES DUBLIN 6",Dublin 6,Dublin,303000.0,No,No,Second-Hand Dwelling house /Apartment,,2017-04-10,"Flat 8, Woodford Court, Leinster Rd W, Dublin 6, Ireland",ROOFTOP,53.3208268,-6.2759341,,premise,Dublin City,Rathmines West F,02143,Dublin,268137008
204904,2017.0,"3 WOODSTOWN MEADOWS, KNOCKLYON, DUBLIN 16,Dublin,Ireland",07/02/2017,"3 WOODSTOWN MEADOWS, KNOCKLYON, DUBLIN 16",Dublin 16,Dublin,455000.0,No,No,Second-Hand Dwelling house /Apartment,,2017-02-07,"3 Woodstown Meadow, Ballycullen, Dublin 16, D16 V0V9, Ireland",ROOFTOP,53.2745227,-6.3267396,D16 V0V9,street_address,South Dublin,Firhouse-Ballycullen,03012,Dublin,267085001
204905,2017.0,"3 WOODVALE CRESCENT, CLONSILLA, DUBLIN 15,Dublin,Ireland",08/02/2017,"3 WOODVALE CRESCENT, CLONSILLA, DUBLIN 15",Dublin 15,Dublin,227000.0,No,No,Second-Hand Dwelling house /Apartment,,2017-02-08,"3 Woodvale Cres, Blakestown, Dublin 15, D15 A9PF, Ireland",ROOFTOP,53.3941056,-6.4100766,D15 A9PF,street_address,Fingal,Blanchardstown-Blakestown,04009,Dublin,267028017
204911,2017.0,"3 castleway, Kinsealy Lane, Malahide,Dublin,Ireland",08/06/2017,"3 castleway, Kinsealy Lane, Malahide",,Dublin,674008.8,No,Yes,New Dwelling house /Apartment,greater than or equal to 125 sq metres,2017-06-08,,,,,,,,,,,
204912,2017.0,"3, HAZELBROOK SQUARE, CHURCHTOWN,Dublin,Ireland",06/04/2017,"3, HAZELBROOK SQUARE, CHURCHTOWN",Dublin 14,Dublin,440520.0,No,Yes,New Dwelling house /Apartment,greater than or equal to 38 sq metres and less than 125 sq metres,2017-04-06,"3 Hazelbrook Square, Whitehall, Dublin, Ireland",RANGE_INTERPOLATED,53.2932857,-6.2670921,,street_address,Dn Laoghaire-Rathdown,Churchtown-Castle,05022,Dublin,267042002
204915,2017.0,"30 ANLEY COURT, ESKER LANE, LUCAN,Dublin,Ireland",12/06/2017,"30 ANLEY COURT, ESKER LANE, LUCAN",,Dublin,252500.0,No,No,Second-Hand Dwelling house /Apartment,,2017-06-12,,,,,,,,,,,
204919,2017.0,"30 BALLINTYRE DEMESNE BLOCK 5, BALLINTYRE HALL, BALLINTYRE AVE,Dublin,Ireland",02/02/2017,"30 BALLINTYRE DEMESNE BLOCK 5, BALLINTYRE HALL, BALLINTYRE AVE",Dublin 16,Dublin,345000.0,No,No,Second-Hand Dwelling house /Apartment,,2017-02-02,,,,,,,,,,,
204922,2017.0,"30 BELARMINE LAWNS, BELERMINE WOODS, STEPASIDE,Dublin,Ireland",07/04/2017,"30 BELARMINE LAWNS, BELERMINE WOODS, STEPASIDE",Dublin 18,Dublin,387665.0,No,Yes,New Dwelling house /Apartment,greater than or equal to 38 sq metres and less than 125 sq metres,2017-04-07,"Belarmine Ave, Kilgobbin Woods, Dublin, Ireland",GEOMETRIC_CENTER,53.2582737,-6.2162705,,"establishment,point_of_interest",Dn Laoghaire-Rathdown,Glencullen,05057,Dublin,267092044
204925,2017.0,"30 BELLGREE BLVD, TYRELLSTOWN, DUBLIN 15,Dublin,Ireland",05/04/2017,"30 BELLGREE BLVD, TYRELLSTOWN, DUBLIN 15",Dublin 15,Dublin,230000.0,Yes,No,Second-Hand Dwelling house /Apartment,,2017-04-05,"30 Bellgree Dr, Tyrrelstown, Dublin 15, D15 E3E5, Ireland",ROOFTOP,53.4228222,-6.3881899,D15 E3E5,street_address,Fingal,The Ward,04041,Dublin,267158013
204943,2017.0,"30 CLONTURK PARK, DRUMCONDRA, DUBLIN 9,Dublin,Ireland",07/04/2017,"30 CLONTURK PARK, DRUMCONDRA, DUBLIN 9",Dublin 9,Dublin,485000.0,No,No,Second-Hand Dwelling house /Apartment,,2017-04-07,"30 Clonturk Park, Drumcondra, Dublin 9, D09 K6E4, Ireland",ROOFTOP,53.3693593,-6.2521759,D09 K6E4,street_address,Dublin City,Drumcondra South A,02047,Dublin,268058014
204964,2017.0,"30 Dodderbrook Avenue, Ballycullen,Dublin,Ireland",02/03/2017,"30 Dodderbrook Avenue, Ballycullen",Dublin 24,Dublin,292951.0,No,Yes,New Dwelling house /Apartment,greater than or equal to 38 sq metres and less than 125 sq metres,2017-03-02,,,,,,,,,,,
204966,2017.0,"30 ESKER MANOR LUCAN, DUBLIN,Dublin,Ireland",08/05/2017,"30 ESKER MANOR LUCAN, DUBLIN",,Dublin,200000.0,No,No,Second-Hand Dwelling house /Apartment,,2017-05-08,"30 Esker Manor, Glebe, Lucan, Co. Dublin, K78 XD62, Ireland",ROOFTOP,53.3492573,-6.4379045,K78 XD62,street_address,South Dublin,Lucan-Esker,03015,Dublin,267100032
204967,2017.0,"30 FERGUSON RD, DRUMCONDRA, DUBLIN 9,Dublin,Ireland",12/05/2017,"30 FERGUSON RD, DRUMCONDRA, DUBLIN 9",Dublin 9,Dublin,472000.0,No,No,Second-Hand Dwelling house /Apartment,,2017-05-12,"30 Ferguson Rd, Drumcondra, Dublin 9, D09 T3P9, Ireland",ROOFTOP,53.3717033,-6.2591306,D09 T3P9,street_address,Dublin City,Drumcondra South C,02049,Dublin,268060010
204968,2017.0,"30 FORBES QUAY, SIR JOHN ROGERSONS QUAY, DUBLIN 2,Dublin,Ireland",12/01/2017,"30 FORBES QUAY, SIR JOHN ROGERSONS QUAY, DUBLIN 2",Dublin 2,Dublin,345000.0,No,No,Second-Hand Dwelling house /Apartment,,2017-01-12,"Apartment 59, Sir John Rogerson's Quay, Forbes St, Grand Canal Dock, Dublin 2, Ireland",ROOFTOP,53.3455819,-6.2383244,,"establishment,point_of_interest,premise",Dublin City,South Dock,02147,Dublin,268143018
204969,2017.0,"30 FORTFIELD SQUARE, TERENURE, DUBLIN,Dublin,Ireland",09/02/2017,"30 FORTFIELD SQUARE, TERENURE, DUBLIN",,Dublin,700000.0,No,No,Second-Hand Dwelling house /Apartment,,2017-02-09,"30 Fortfield Square, Terenure, Dublin 6W, Co. Dublin, D6W P638, Ireland",ROOFTOP,53.3044224,-6.3038565,D6W P638,street_address,South Dublin,Templeogue-Kimmage Manor,03042,Dublin,267150004
204970,2017.0,"30 FOXBOROUGH DR, LUCAN, DUBLIN,Dublin,Ireland",09/03/2017,"30 FOXBOROUGH DR, LUCAN, DUBLIN",,Dublin,254000.0,No,No,Second-Hand Dwelling house /Apartment,,2017-03-09,"30 Foxborough Dr, Balgaddy, Lucan, Co. Dublin, K78 K199, Ireland",ROOFTOP,53.3415046,-6.426682,K78 K199,street_address,South Dublin,Lucan-Esker,03015,Dublin,267100040
204987,2017.0,"30 HUNTSTOWN LAWN, CLONSILLA, DUBLIN 15,Dublin,Ireland",07/02/2017,"30 HUNTSTOWN LAWN, CLONSILLA, DUBLIN 15",Dublin 15,Dublin,251000.0,No,No,Second-Hand Dwelling house /Apartment,,2017-02-07,"30 Huntstown Lawn, Blakestown, Dublin 15, D15 FRH6, Ireland",ROOFTOP,53.3988595,-6.403431,D15 FRH6,street_address,Fingal,Blanchardstown-Blakestown,04009,Dublin,267028011
204988,2017.0,"30 Hampton Gardens Drive, Balbriggan, CO Dublin,Dublin,Ireland",08/03/2017,"30 Hampton Gardens Drive, Balbriggan, CO Dublin",,Dublin,207048.46,No,Yes,New Dwelling house /Apartment,greater than or equal to 125 sq metres,2017-03-08,"30 Hampton Cove, Kilsough North, Balbriggan, Co. Dublin, K32 K065, Ireland",ROOFTOP,53.6039191,-6.1681182,K32 K065,street_address,Fingal,Balbriggan Urban,04003,Dublin,267003006
204990,2017.0,"30 Hollywoodrath Crescent, Hollywoodrath, Holystown,Dublin,Ireland",03/02/2017,"30 Hollywoodrath Crescent, Hollywoodrath, Holystown",,Dublin,259912.0,No,Yes,New Dwelling house /Apartment,greater than or equal to 38 sq metres and less than 125 sq metres,2017-02-03,"Hollywoodrath Road, Hollywoodrath, Co. Dublin, Ireland",GEOMETRIC_CENTER,53.4251366,-6.3745817,,route,Fingal,The Ward,04041,Dublin,267158012
205005,2017.0,"30 MILLCOURT DRIVE, CLONDALKIN, DUBLIN 22,Dublin,Ireland",03/03/2017,"30 MILLCOURT DRIVE, CLONDALKIN, DUBLIN 22",Dublin 22,Dublin,200000.0,No,No,Second-Hand Dwelling house /Apartment,,2017-03-03,"30 Mill Ct Dr, Deansrath, Dublin 22, D22 E8C0, Ireland",ROOFTOP,53.3202993,-6.4211098,D22 E8C0,street_address,South Dublin,Clondalkin-Dunawley,03006,Dublin,267049007
205009,2017.0,"30 NEWMARKET, NEWMARKET, DUBLIN 8,Dublin,Ireland",10/02/2017,"30 NEWMARKET, NEWMARKET, DUBLIN 8",Dublin 8,Dublin,212000.0,No,No,Second-Hand Dwelling house /Apartment,,2017-02-10,"Newmarket House, Newmarket, Merchants Quay, Dublin 8, Ireland",ROOFTOP,53.3385245,-6.2760207,,premise,Dublin City,Merchants Quay C,02121,Dublin,268100012
205013,2017.0,"30 PARKSIDE DRIVE, PARKSIDE, MALAHIDE ROAD,Dublin,Ireland",04/05/2017,"30 PARKSIDE DRIVE, PARKSIDE, MALAHIDE ROAD",,Dublin,276651.0,No,Yes,New Dwelling house /Apartment,greater than or equal to 38 sq metres and less than 125 sq metres,2017-05-04,"13 Malahide Rd, Balgriffin, Dublin, Ireland",ROOFTOP,53.4046281,-6.1665709,,"establishment,point_of_interest",Dublin City,Grange A,02059,Dublin,268071002
205025,2017.0,"30 ST AONGUS LAWN, TYMON NORTH, TALLAGHT DUBLIN 24,Dublin,Ireland",09/03/2017,"30 ST AONGUS LAWN, TYMON NORTH, TALLAGHT DUBLIN 24",Dublin 24,Dublin,260000.0,No,No,Second-Hand Dwelling house /Apartment,,2017-03-09,"30 St Aongus' Lawn, Tymon North, Dublin 24, D24 V3Y0, Ireland",ROOFTOP,53.2977582,-6.3444345,D24 V3Y0,street_address,South Dublin,Tallaght-Tymon,03040,Dublin,267148017
205027,2017.0,"30 ST JOHNS COURT, GREENPARK, CLONDALKIN DUBLIN 22,Dublin,Ireland",10/02/2017,"30 ST JOHNS COURT, GREENPARK, CLONDALKIN DUBLIN 22",Dublin 22,Dublin,245000.0,No,No,Second-Hand Dwelling house /Apartment,,2017-02-10,"Unit 2, Green Park Shopping Centre, St John's Dr, Gibraltar, Dublin 22, Ireland",ROOFTOP,53.3142168,-6.4035421,,premise,South Dublin,Clondalkin Village,03010,Dublin,267053008
205030,2017.0,"30 SWIFT HALL, COLLEGEWOOD, CASTLEKNOCK,Dublin,Ireland",12/04/2017,"30 SWIFT HALL, COLLEGEWOOD, CASTLEKNOCK",Dublin 15,Dublin,263000.0,No,No,Second-Hand Dwelling house /Apartment,,2017-04-12,"Apartment 5, Swift Hall, Collegewood, Castleknock, Dublin 15, Ireland",ROOFTOP,53.3720781,-6.3706031,,premise,Fingal,Castleknock-Knockmaroon,04016,Dublin,267040053
205036,2017.0,"30 THE ELMS, MOUNT MERRION AVE, BLACKROCK,Dublin,Ireland",10/05/2017,"30 THE ELMS, MOUNT MERRION AVE, BLACKROCK",,Dublin,390000.0,No,No,Second-Hand Dwelling house /Apartment,,2017-05-10,"The Elms, Mount Merrion Ave, Merrion, Blackrock, Co. Dublin, Ireland",ROOFTOP,53.2983102,-6.1948971,,premise,Dn Laoghaire-Rathdown,Blackrock-Central,05010,Dublin,267021012
205041,2017.0,"30 THORNHILL ROAD, MOUNT MERRION, CO DUBLIN,Dublin,Ireland",03/04/2017,"30 THORNHILL ROAD, MOUNT MERRION, CO DUBLIN",,Dublin,776000.0,No,No,Second-Hand Dwelling house /Apartment,,2017-04-03,"30 Thornhill Rd, Mountmerrion, Blackrock, Co. Dublin, A94 X4F1, Ireland",ROOFTOP,53.289911,-6.212194,A94 X4F1,street_address,Dn Laoghaire-Rathdown,Stillorgan-Deerpark,05063,Dublin,267124007
205042,2017.0,"30 TRINITY PLAZA, PEARSE ST, DUBLIN 2,Dublin,Ireland",12/01/2017,"30 TRINITY PLAZA, PEARSE ST, DUBLIN 2",Dublin 2,Dublin,382500.0,No,Yes,New Dwelling house /Apartment,less than 38 sq metres,2017-01-12,"2 Pearse St, Dublin 2, D02 FW96, Ireland",ROOFTOP,53.3452135,-6.2542246,D02 FW96,"establishment,lodging,point_of_interest",Dublin City,Mansion House A,02117,Dublin,268096004
205052,2017.0,"30 Windmill Close, Rathcoole, Rathcoole,Dublin,Ireland",10/03/2017,"30 Windmill Close, Rathcoole, Rathcoole",,Dublin,325000.0,No,Yes,New Dwelling house /Apartment,greater than or equal to 125 sq metres,2017-03-10,,,,,,,,,,,
205058,2017.0,"305C THE CRESCENT, BELGARD HEIGHTS, DUBLIN 24,Dublin,Ireland",06/01/2017,"305C THE CRESCENT, BELGARD HEIGHTS, DUBLIN 24",Dublin 24,Dublin,365000.0,No,No,Second-Hand Dwelling house /Apartment,,2017-01-06,"305 The Crescent, Belgard Heights, Dublin 24, D24 F6K8, Ireland",ROOFTOP,53.2975199,-6.3818097,D24 F6K8,street_address,South Dublin,Tallaght-Belgard,03029,Dublin,267137003
205063,2017.0,"30A ALL SAINTS RD, RAHENY, DUBLIN 5,Dublin,Ireland",02/06/2017,"30A ALL SAINTS RD, RAHENY, DUBLIN 5",Dublin 5,Dublin,612000.0,No,No,Second-Hand Dwelling house /Apartment,,2017-06-02,"30 All Saints Rd, Clontarf East, Dublin 5, D05 RY26, Ireland",ROOFTOP,53.3752696,-6.1838476,D05 RY26,street_address,Dublin City,Clontarf East A,02037,Dublin,268041005
205064,2017.0,"30A PEYTON CLOSE, STONEY LANE, RATHCOOLE,Dublin,Ireland",03/02/2017,"30A PEYTON CLOSE, STONEY LANE, RATHCOOLE",Dublin 24,Dublin,342000.0,No,No,Second-Hand Dwelling house /Apartment,,2017-02-03,,,,,,,,,,,
205067,2017.0,"30DEANSTOWN PARK, FINGLAS WEST, DUBLIN 11,Dublin,Ireland",05/01/2017,"30DEANSTOWN PARK, FINGLAS WEST, DUBLIN 11",Dublin 11,Dublin,180000.0,No,No,Second-Hand Dwelling house /Apartment,,2017-01-05,"30 Deanstown Park, Finglas West, Dublin 11, D11 Y3V5, Ireland",ROOFTOP,53.3854731,-6.3163651,D11 Y3V5,street_address,Dublin City,Finglas South A,02054,Dublin,268066010
205077,2017.0,"31 BARTON RD WEST, RATHFARNHAM, DUBLIN 14,Dublin,Ireland",11/01/2017,"31 BARTON RD WEST, RATHFARNHAM, DUBLIN 14",Dublin 14,Dublin,531777.0,No,No,Second-Hand Dwelling house /Apartment,,2017-01-11,"31 Barton Rd W, Rathfarnham, Dublin 14, D14 HC78, Ireland",ROOFTOP,53.2869207,-6.2795131,D14 HC78,street_address,South Dublin,Rathfarnham-Hermitage,03024,Dublin,267115008
205078,2017.0,"31 BEACH RD, SANDYMOUNT, DUBLIN 4,Dublin,Ireland",09/02/2017,"31 BEACH RD, SANDYMOUNT, DUBLIN 4",Dublin 4,Dublin,725000.0,No,No,Second-Hand Dwelling house /Apartment,,2017-02-09,"31 Beach Rd, Dublin 4, D04 H972, Ireland",ROOFTOP,53.3350095,-6.2148992,D04 H972,street_address,Dublin City,Pembroke East B,02126,Dublin,268111009
205079,2017.0,"31 BEAUMONT RD, WHITEHALL, DUBLIN 9,Dublin,Ireland",04/04/2017,"31 BEAUMONT RD, WHITEHALL, DUBLIN 9",Dublin 9,Dublin,412000.0,No,No,Second-Hand Dwelling house /Apartment,,2017-04-04,"31 Beaumont Cres, Beaumont, Dublin 9, D09 Y583, Ireland",ROOFTOP,53.3867759,-6.2272182,D09 Y583,street_address,Dublin City,Beaumont B,02022,Dublin,268022014
205082,2017.0,"31 BOROIMHE HAZEL, SWORDS, DUBLIN,Dublin,Ireland",10/03/2017,"31 BOROIMHE HAZEL, SWORDS, DUBLIN",,Dublin,430000.0,No,No,Second-Hand Dwelling house /Apartment,,2017-03-10,"31 Boroimhe Hazel, Nevinstown West, Swords, Co. Dublin, K67 H590, Ireland",ROOFTOP,53.4431276,-6.2328093,K67 H590,street_address,Fingal,Swords-Forrest,04036,Dublin,267132011
205084,2017.0,"31 Ballygossan Park, Golf Links Road, Skerries,Dublin,Ireland",04/01/2017,"31 Ballygossan Park, Golf Links Road, Skerries",,Dublin,286343.61,No,Yes,New Dwelling house /Apartment,greater than or equal to 38 sq metres and less than 125 sq metres,2017-01-04,,,,,,,,,,,
205096,2017.0,"31 CHERRY ORCHARD GREEN, CHERRY ORCHARD, BALLYFERMOT DUBLIN 10,Dublin,Ireland",04/01/2017,"31 CHERRY ORCHARD GREEN, CHERRY ORCHARD, BALLYFERMOT DUBLIN 10",Dublin 10,Dublin,161000.0,No,No,Second-Hand Dwelling house /Apartment,,2017-01-04,"31 Cherry Orchard Green, Cherry Orchard, Dublin 10, D10 TK37, Ireland",ROOFTOP,53.3385898,-6.3784373,D10 TK37,street_address,Dublin City,Cherry Orchard A,02095,Dublin,268038001
205097,2017.0,"31 CHRISTCHURCH VIEW, CHRISTCHURCH, DUBLIN 8,Dublin,Ireland",02/05/2017,"31 CHRISTCHURCH VIEW, CHRISTCHURCH, DUBLIN 8",Dublin 8,Dublin,485000.0,No,No,Second-Hand Dwelling house /Apartment,,2017-05-02,"8 Christchurch Pl, Wood Quay, Dublin, Co. Dublin, Ireland",ROOFTOP,53.3434826,-6.2710628,,"church,establishment,place_of_worship,point_of_interest,premise",Dublin City,Wood Quay A,02161,Dublin,268161006
205103,2017.0,"31 DALEPARK RD, AYLESBURY TALLAGHT, DUBLIN 24,Dublin,Ireland",06/03/2017,"31 DALEPARK RD, AYLESBURY TALLAGHT, DUBLIN 24",Dublin 24,Dublin,263000.0,No,No,Second-Hand Dwelling house /Apartment,,2017-03-06,,,,,,,,,,,
205122,2017.0,"31 GLENDOHER AVE, RATHFARNHAM, DUBLIN 16,Dublin,Ireland",02/02/2017,"31 GLENDOHER AVE, RATHFARNHAM, DUBLIN 16",Dublin 16,Dublin,485000.0,No,No,Second-Hand Dwelling house /Apartment,,2017-02-02,"31 Glendoher Ave, Rathfarnham, Dublin 16, D16 W2N0, Ireland",ROOFTOP,53.2854933,-6.2897637,D16 W2N0,street_address,South Dublin,Rathfarnham-St. Enda's,03025,Dublin,267116004
205123,2017.0,"31 GLENVARA PARK, KNOCKLYON, TEMPLEOGUE DUBLIN 16,Dublin,Ireland",01/05/2017,"31 GLENVARA PARK, KNOCKLYON, TEMPLEOGUE DUBLIN 16",Dublin 16,Dublin,400000.0,No,No,Second-Hand Dwelling house /Apartment,,2017-05-01,"31 Glenvara Park, Knocklyon, Dublin 16, D16 RF30, Ireland",ROOFTOP,53.2814064,-6.3291481,D16 RF30,street_address,South Dublin,Firhouse-Ballycullen,03012,Dublin,267085020
205124,2017.0,"31 GREENWOOD AVE, BLUNDEN DR MALAHIDE RD, DUBLIN 13,Dublin,Ireland",10/04/2017,"31 GREENWOOD AVE, BLUNDEN DR MALAHIDE RD, DUBLIN 13",Dublin 13,Dublin,307500.0,No,No,Second-Hand Dwelling house /Apartment,,2017-04-10,,,,,,,,,,,
205125,2017.0,"31 HAMPTON GARDENS DRIVE, BALBRIGGAN,Dublin,Ireland",01/03/2017,"31 HAMPTON GARDENS DRIVE, BALBRIGGAN",,Dublin,207048.0,No,Yes,New Dwelling house /Apartment,greater than or equal to 38 sq metres and less than 125 sq metres,2017-03-01,"31 Hampton St, Balbriggan, Co. Dublin, K32 N523, Ireland",ROOFTOP,53.6076309,-6.1801513,K32 N523,street_address,Fingal,Balbriggan Urban,04003,Dublin,267003017
205136,2017.0,"31 LARKSPUR HALL, LEVMOSS PARK, THE GALLOPS DUBLIN 18,Dublin,Ireland",10/05/2017,"31 LARKSPUR HALL, LEVMOSS PARK, THE GALLOPS DUBLIN 18",Dublin 18,Dublin,330000.0,No,Yes,New Dwelling house /Apartment,greater than or equal to 38 sq metres and less than 125 sq metres,2017-05-10,"Apartment 34, Larkspur Hall, Levmoss Park, The Gallops, Dublin 18, Ireland",ROOFTOP,53.2636894,-6.1978649,,premise,Dn Laoghaire-Rathdown,Glencullen,05057,Dublin,267092053
205140,2017.0,"31 Lower Baggot Street, Dublin 2,Dublin,Ireland",09/02/2017,"31 Lower Baggot Street, Dublin 2",Dublin 2,Dublin,375000.0,No,Yes,New Dwelling house /Apartment,greater than or equal to 38 sq metres and less than 125 sq metres,2017-02-09,"31 Baggot Street Lower, Dublin 2, Ireland",ROOFTOP,53.337428,-6.2502357,,street_address,Dublin City,Mansion House B,02118,Dublin,268097004
205159,2017.0,"31 Parkside Drive, Balgriffin, DUBLIN 17,Dublin,Ireland",09/05/2017,"31 Parkside Drive, Balgriffin, DUBLIN 17",Dublin 17,Dublin,276651.98,No,Yes,New Dwelling house /Apartment,greater than or equal to 38 sq metres and less than 125 sq metres,2017-05-09,"Parkside Drive, Grange, Dublin, Co. Dublin, Ireland",GEOMETRIC_CENTER,53.4069067,-6.1684839,,route,Dublin City,Grange A,02059,Dublin,268071024
205163,2017.0,"31 RIVERWOOD COURT, CARPENTERSTOWN, DUBLIN,Dublin,Ireland",11/01/2017,"31 RIVERWOOD COURT, CARPENTERSTOWN, DUBLIN",Dublin 15,Dublin,330000.0,No,No,Second-Hand Dwelling house /Apartment,,2017-01-11,"31 Riverwood Ct, Carpenterstown, Dublin 15, D15 TH2P, Ireland",ROOFTOP,53.3767742,-6.3963195,D15 TH2P,street_address,Fingal,Castleknock-Knockmaroon,04016,Dublin,267040043
205186,2017.0,"31 UPPER DRUMCONDRA ROAD, DRUMCONDRA, DUBLIN 9,Dublin,Ireland",02/01/2017,"31 UPPER DRUMCONDRA ROAD, DRUMCONDRA, DUBLIN 9",,Dublin,260000.0,No,No,Second-Hand Dwelling house /Apartment,,2017-01-02,"31 Drumcondra Rd Upper, Drumcondra, Dublin 9, D09 E3P3, Ireland",ROOFTOP,53.3729091,-6.2527799,D09 E3P3,street_address,Dublin City,Drumcondra South C,02049,Dublin,268060002
205192,2017.0,"31 WHITHORN GROVE, BEAUMOUNT, DUBLIN 9,Dublin,Ireland",10/02/2017,"31 WHITHORN GROVE, BEAUMOUNT, DUBLIN 9",Dublin 9,Dublin,375000.0,No,No,Second-Hand Dwelling house /Apartment,,2017-02-10,"31 Whitethorn Grove, Beaumont, Dublin 5, D05 X6R5, Ireland",ROOFTOP,53.3836026,-6.2184184,D05 X6R5,street_address,Dublin City,Beaumont D,02024,Dublin,268024007
205193,2017.0,"31 WILLOWS DR, CLONSILLA, DUBLIN 15,Dublin,Ireland",03/04/2017,"31 WILLOWS DR, CLONSILLA, DUBLIN 15",Dublin 15,Dublin,245000.0,No,No,Second-Hand Dwelling house /Apartment,,2017-04-03,"31 Willows Dr, Hartstown, Dublin 15, D15 VX7N, Ireland",ROOFTOP,53.388929,-6.416907,D15 VX7N,street_address,Fingal,Blanchardstown-Blakestown,04009,Dublin,267028027
205199,2017.0,"311 HAROLDS CROSS RD, HAROLDS CROSS, DUBLIN 6W,Dublin,Ireland",02/03/2017,"311 HAROLDS CROSS RD, HAROLDS CROSS, DUBLIN 6W",,Dublin,580000.0,No,No,Second-Hand Dwelling house /Apartment,,2017-03-02,"311 Harold's Cross Rd, Harold's Cross, Dublin 6W, Co. Dublin, D6W X036, Ireland",ROOFTOP,53.3161417,-6.2808949,D6W X036,street_address,Dublin City,Rathmines West E,02142,Dublin,268136008
205206,2017.0,"316 CLONTARF ROAD, CLONTARF, DUBLIN 3,Dublin,Ireland",03/04/2017,"316 CLONTARF ROAD, CLONTARF, DUBLIN 3",,Dublin,175000.0,No,No,Second-Hand Dwelling house /Apartment,,2017-04-03,"316 Clontarf Rd, Clontarf, Dublin 3, D03 XN52, Ireland",ROOFTOP,53.3606835,-6.183386,D03 XN52,street_address,Dublin City,Clontarf East B,02038,Dublin,268042007
205227,2017.0,"32 BARLEY HOUSE, CORK ST, DUBLIN 8,Dublin,Ireland",06/04/2017,"32 BARLEY HOUSE, CORK ST, DUBLIN 8",Dublin 8,Dublin,160000.0,No,No,Second-Hand Dwelling house /Apartment,,2017-04-06,"The Barley House, Cork St, Merchants Quay, Dublin 8, Ireland",ROOFTOP,53.3376808,-6.2864909,,premise,Dublin City,Merchants Quay C,02121,Dublin,268100003
205235,2017.0,"32 BODEN HEATH, RATHFARHAM, DUBLIN 14,Dublin,Ireland",05/04/2017,"32 BODEN HEATH, RATHFARHAM, DUBLIN 14",Dublin 16,Dublin,285000.0,No,No,Second-Hand Dwelling house /Apartment,,2017-04-05,"32 Boden Heath, Ballyroan, Dublin, Ireland",RANGE_INTERPOLATED,53.2819368,-6.3027335,,street_address,South Dublin,Ballyboden,03002,Dublin,267013007
205238,2017.0,"32 Belarmine Grove, Belarmine Woods, Dublin 18,Dublin,Ireland",07/03/2017,"32 Belarmine Grove, Belarmine Woods, Dublin 18",Dublin 18,Dublin,387665.0,No,Yes,New Dwelling house /Apartment,greater than or equal to 38 sq metres and less than 125 sq metres,2017-03-07,"Belarmine Ave, Kilgobbin Woods, Dublin, Ireland",GEOMETRIC_CENTER,53.2582737,-6.2162705,,"establishment,point_of_interest",Dn Laoghaire-Rathdown,Glencullen,05057,Dublin,267092044
205242,2017.0,"32 CATHERINES CLOSE, CARMANS HALL, FRANCIS ST,Dublin,Ireland",01/05/2017,"32 CATHERINES CLOSE, CARMANS HALL, FRANCIS ST",Dublin 8,Dublin,150000.0,No,No,Second-Hand Dwelling house /Apartment,,2017-05-01,,,,,,,,,,,
205246,2017.0,"32 CLONROSSE DR, ARD NA GREINE, DUBLIN 13,Dublin,Ireland",07/03/2017,"32 CLONROSSE DR, ARD NA GREINE, DUBLIN 13",Dublin 13,Dublin,285000.0,No,No,Second-Hand Dwelling house /Apartment,,2017-03-07,"32 Clonrosse Dr, Ard Na Gr̩ine, Dublin 13, D13 X3F9, Ireland",ROOFTOP,53.3933528,-6.1832913,D13 X3F9,street_address,Dublin City,Ayrfield,02008,Dublin,268008007
205257,2017.0,"32 FOXBOROUGH DOWNES, LUCAN, DUBLIN,Dublin,Ireland",04/01/2017,"32 FOXBOROUGH DOWNES, LUCAN, DUBLIN",,Dublin,258000.0,No,No,Second-Hand Dwelling house /Apartment,,2017-01-04,"32 Foxborough Downs, Balgaddy, Lucan, Co. Dublin, K78 PV38, Ireland",ROOFTOP,53.342382,-6.4263231,K78 PV38,street_address,South Dublin,Lucan-Esker,03015,Dublin,267100044
205266,2017.0,"32 Hollywoodrath Crescent, Hollystown, Dublin 15,Dublin,Ireland",10/03/2017,"32 Hollywoodrath Crescent, Hollystown, Dublin 15",Dublin 15,Dublin,259911.9,No,Yes,New Dwelling house /Apartment,greater than or equal to 38 sq metres and less than 125 sq metres,2017-03-10,"32 Hollystown Park, Hollystown, Dublin 15, D15 C9X4, Ireland",ROOFTOP,53.4340699,-6.3848497,D15 C9X4,street_address,Fingal,The Ward,04041,Dublin,267158022
205274,2017.0,"32 LALLY ROAD, BALLYFERMOT, DUBLIN 10,Dublin,Ireland",10/05/2017,"32 LALLY ROAD, BALLYFERMOT, DUBLIN 10",Dublin 10,Dublin,171000.0,No,No,Second-Hand Dwelling house /Apartment,,2017-05-10,"32 Lally Rd, Kilmainham, Dublin 10, D10 W589, Ireland",ROOFTOP,53.3419297,-6.3310848,D10 W589,street_address,Dublin City,Kilmainham A,02108,Dublin,268083010
205275,2017.0,"32 LARKSPUR HALL, LEVMOSS PARK, THE GALLOPS DUBLIN 18,Dublin,Ireland",02/06/2017,"32 LARKSPUR HALL, LEVMOSS PARK, THE GALLOPS DUBLIN 18",Dublin 18,Dublin,246000.0,No,No,Second-Hand Dwelling house /Apartment,,2017-06-02,"Apartment 34, Larkspur Hall, Levmoss Park, The Gallops, Dublin 18, Ireland",ROOFTOP,53.2636894,-6.1978649,,premise,Dn Laoghaire-Rathdown,Glencullen,05057,Dublin,267092053
205280,2017.0,"32 LOWER CAMDEN STREET, DUBLIN 2,Dublin,Ireland",05/05/2017,"32 LOWER CAMDEN STREET, DUBLIN 2",Dublin 2,Dublin,300000.0,No,No,Second-Hand Dwelling house /Apartment,,2017-05-05,"32 Wexford St, Dublin 2, D02 VW44, Ireland",ROOFTOP,53.3369845,-6.2657973,D02 VW44,street_address,Dublin City,Royal Exchange A,02144,Dublin,268140005
205288,2017.0,"32 MAYWOOD LAWN, RAHENY, DUBLIN 5,Dublin,Ireland",06/02/2017,"32 MAYWOOD LAWN, RAHENY, DUBLIN 5",Dublin 5,Dublin,520000.0,No,No,Second-Hand Dwelling house /Apartment,,2017-02-06,"32 Maywood Lawn, Raheny - St. Assam, Dublin 5, D05 AE97, Ireland",ROOFTOP,53.377366,-6.1657811,D05 AE97,street_address,Dublin City,Raheny-St. Assam,02087,Dublin,268126003
205292,2017.0,"32 MONASTERY GATE CLOSE, CLONDALKIN, DUBLIN 22,Dublin,Ireland",07/03/2017,"32 MONASTERY GATE CLOSE, CLONDALKIN, DUBLIN 22",Dublin 22,Dublin,315000.0,No,No,Second-Hand Dwelling house /Apartment,,2017-03-07,"32 Monastery Gate Green, Redcow, Dublin 22, D22 C853, Ireland",ROOFTOP,53.3201526,-6.375577,D22 C853,street_address,South Dublin,Clondalkin-Monastery,03007,Dublin,267050013
205296,2017.0,"32 Neptune Block, Honeypark, Dun-Laoghaire,Dublin,Ireland",03/03/2017,"32 Neptune Block, Honeypark, Dun-Laoghaire",,Dublin,308370.04,No,Yes,New Dwelling house /Apartment,greater than or equal to 38 sq metres and less than 125 sq metres,2017-03-03,"Neptune Lodge, Sandycove Point, D̼n Laoghaire, Dublin, Ireland",ROOFTOP,53.2890348,-6.114664,,premise,Dn Laoghaire-Rathdown,Dn Laoghaire-Sandycove,05050,Dublin,267076004
205297,2017.0,"32 OAKLANDS TERRACE, RATHGAR, DUBLIN 6,Dublin,Ireland",06/01/2017,"32 OAKLANDS TERRACE, RATHGAR, DUBLIN 6",Dublin 6,Dublin,647000.0,No,No,Second-Hand Dwelling house /Apartment,,2017-01-06,"32 Oaklands Terrace, Terenure, Dublin 6, D06 VW74, Ireland",ROOFTOP,53.3132235,-6.2795497,D06 VW74,street_address,Dublin City,Rathmines West E,02142,Dublin,268136001
205302,2017.0,"32 PHILIPSBURGH AVE, FAIRVIEW, DUBLIN 3,Dublin,Ireland",06/01/2017,"32 PHILIPSBURGH AVE, FAIRVIEW, DUBLIN 3",Dublin 3,Dublin,400000.0,No,No,Second-Hand Dwelling house /Apartment,,2017-01-06,"32 Philipsburgh Ave, Fionnradharc, Dublin 3, D03 E0E3, Ireland",ROOFTOP,53.3646978,-6.2396654,D03 E0E3,street_address,Dublin City,Clontarf West D,02045,Dublin,268049005
205303,2017.0,"32 PINEWOOD CRESCENT, GLASNEVIN, DUBLIN 2,Dublin,Ireland",11/01/2017,"32 PINEWOOD CRESCENT, GLASNEVIN, DUBLIN 2",Dublin 11,Dublin,435000.0,No,No,Second-Hand Dwelling house /Apartment,,2017-01-11,"32 Pinewood Cres, Ballymun, Dublin 11, D11 FH76, Ireland",ROOFTOP,53.3942036,-6.2770123,D11 FH76,street_address,Dublin City,Ballymun E,02019,Dublin,268019006
205304,2017.0,"32 PINTAIL HOUSE, REDCOURT OAKS, SEAFIELD RD EAST DUBLIN 3,Dublin,Ireland",01/01/2017,"32 PINTAIL HOUSE, REDCOURT OAKS, SEAFIELD RD EAST DUBLIN 3",Dublin 3,Dublin,352800.0,Yes,No,Second-Hand Dwelling house /Apartment,,2017-01-01,,,,,,,,,,,
205305,2017.0,"32 Parkside Avenue, Parkside, Malahide Road,Dublin,Ireland",10/02/2017,"32 Parkside Avenue, Parkside, Malahide Road",,Dublin,277533.03,No,Yes,New Dwelling house /Apartment,greater than or equal to 38 sq metres and less than 125 sq metres,2017-02-10,"13 Malahide Rd, Balgriffin, Dublin, Ireland",ROOFTOP,53.4046281,-6.1665709,,"establishment,point_of_interest",Dublin City,Grange A,02059,Dublin,268071002
205317,2017.0,"32 STOCKING WOOD COPSE, STOCKING AVE, RATHFARNHAM,Dublin,Ireland",01/02/2017,"32 STOCKING WOOD COPSE, STOCKING AVE, RATHFARNHAM",Dublin 16,Dublin,255000.0,No,No,Second-Hand Dwelling house /Apartment,,2017-02-01,"Stocking Well Row, Rathfarnham, Dublin 16, Ireland",GEOMETRIC_CENTER,53.2727917,-6.3193542,,route,South Dublin,Firhouse-Ballycullen,03012,Dublin,267085014/02
205322,2017.0,"32 THE CLAYTON, THE GASWORKS, BARROW ST,Dublin,Ireland",12/04/2017,"32 THE CLAYTON, THE GASWORKS, BARROW ST",Dublin 4,Dublin,640000.0,No,No,Second-Hand Dwelling house /Apartment,,2017-04-12,,,,,,,,,,,
205329,2017.0,"32 Usher Park, Knocksedan Demesne, Brackenstown,Dublin,Ireland",05/05/2017,"32 Usher Park, Knocksedan Demesne, Brackenstown",,Dublin,420000.0,No,Yes,New Dwelling house /Apartment,greater than or equal to 38 sq metres and less than 125 sq metres,2017-05-05,"32 Usher Park, Brackenstown, Co. Dublin, Ireland",RANGE_INTERPOLATED,53.453242,-6.2604824,,street_address,Fingal,Swords-Forrest,04036,Dublin,267132001
205333,2017.0,"32 Wilkins View, Templemanor Drive, Walkinstown,Dublin,Ireland",12/04/2017,"32 Wilkins View, Templemanor Drive, Walkinstown",,Dublin,396480.0,No,Yes,New Dwelling house /Apartment,less than 38 sq metres,2017-04-12,,,,,,,,,,,
205335,2017.0,"32 belarmine lawns, belarmine woods, stepaside,Dublin,Ireland",11/04/2017,"32 belarmine lawns, belarmine woods, stepaside",,Dublin,387665.0,No,Yes,New Dwelling house /Apartment,greater than or equal to 125 sq metres,2017-04-11,"Belarmine Ave, Kilgobbin Woods, Dublin, Ireland",GEOMETRIC_CENTER,53.2582737,-6.2162705,,"establishment,point_of_interest",Dn Laoghaire-Rathdown,Glencullen,05057,Dublin,267092044
205345,2017.0,"327 NORTH CIRCULAR RD, DUBLIN 7, DUBLIN,Dublin,Ireland",08/05/2017,"327 NORTH CIRCULAR RD, DUBLIN 7, DUBLIN",Dublin 7,Dublin,650000.0,No,No,Second-Hand Dwelling house /Apartment,,2017-05-08,"327 N Circular Rd, Phibsborough, Dublin 7, D07 Y8NV, Ireland",ROOFTOP,53.3610088,-6.2749919,D07 Y8NV,street_address,Dublin City,Cabra East A,02030,Dublin,268030018
205349,2017.0,"33 ABBEYVALE GROVE, SWORDS, DUBLIN,Dublin,Ireland",07/04/2017,"33 ABBEYVALE GROVE, SWORDS, DUBLIN",,Dublin,279000.0,No,No,Second-Hand Dwelling house /Apartment,,2017-04-07,"33 Abbeyvale Grove, Mooretown, Swords, Co. Dublin, K67 R2V4, Ireland",ROOFTOP,53.4635773,-6.2525546,K67 R2V4,street_address,Fingal,Swords-Glasmore,04037,Dublin,267131021
205352,2017.0,"33 ARD RIGH RD, STONEYBATTER, DUBLIN 7,Dublin,Ireland",02/02/2017,"33 ARD RIGH RD, STONEYBATTER, DUBLIN 7",Dublin 7,Dublin,365000.0,No,No,Second-Hand Dwelling house /Apartment,,2017-02-02,"33 Ard Righ Rd, Arbour Hill, Dublin 7, D07 Y7P8, Ireland",ROOFTOP,53.3510839,-6.2858412,D07 Y7P8,street_address,Dublin City,Arran Quay E,02005,Dublin,268005001
205359,2017.0,"33 BEACH PARK, PORTMARNOCK, DUBLIN,Dublin,Ireland",01/03/2017,"33 BEACH PARK, PORTMARNOCK, DUBLIN",Dublin 13,Dublin,620000.0,No,No,Second-Hand Dwelling house /Apartment,,2017-03-01,"33 Beach Park, Burrow, Portmarnock, Co. Dublin, D13 DT89, Ireland",ROOFTOP,53.4285669,-6.1302301,D13 DT89,street_address,Fingal,Portmarnock North,04031,Dublin,267110012
205364,2017.0,"33 BELMONT GARDENS, DONNYBROOK, DUBLIN 4,Dublin,Ireland",10/03/2017,"33 BELMONT GARDENS, DONNYBROOK, DUBLIN 4",Dublin 4,Dublin,1035000.0,No,No,Second-Hand Dwelling house /Apartment,,2017-03-10,"33 Belmont Gardens, Dublin 4, D04 W1W8, Ireland",ROOFTOP,53.3197558,-6.2396954,D04 W1W8,street_address,Dublin City,Rathmines East B,02135,Dublin,268129020
205372,2017.0,"33 Belarmine Grove, Belarmine Woods, Stepaside,Dublin,Ireland",03/01/2017,"33 Belarmine Grove, Belarmine Woods, Stepaside",,Dublin,348018.0,No,Yes,New Dwelling house /Apartment,greater than or equal to 38 sq metres and less than 125 sq metres,2017-01-03,"Belarmine Ave, Kilgobbin Woods, Dublin, Ireland",GEOMETRIC_CENTER,53.2582737,-6.2162705,,"establishment,point_of_interest",Dn Laoghaire-Rathdown,Glencullen,05057,Dublin,267092044
205388,2017.0,"33 DRYNAM CRESCENT, DRYNAM HALL, KINSEALY,Dublin,Ireland",10/02/2017,"33 DRYNAM CRESCENT, DRYNAM HALL, KINSEALY",,Dublin,330000.0,No,No,Second-Hand Dwelling house /Apartment,,2017-02-10,"33 Drynam Cres, Drynam Hall, Swords, Co. Dublin, K67 K0Y6, Ireland",ROOFTOP,53.4428913,-6.1996404,K67 K0Y6,street_address,Fingal,Kinsaley,04026,Dublin,267099025
205389,2017.0,"33 Diswellstown Ave, Castleknock, Dublin 15,Dublin,Ireland",03/04/2017,"33 Diswellstown Ave, Castleknock, Dublin 15",Dublin 15,Dublin,409691.0,No,Yes,New Dwelling house /Apartment,greater than or equal to 38 sq metres and less than 125 sq metres,2017-04-03,"33 Castleknock Ave, Blanchardstown, Dublin 15, D15 PP82, Ireland",ROOFTOP,53.377835,-6.3749291,D15 PP82,street_address,Fingal,Castleknock-Knockmaroon,04016,Dublin,267040012
205390,2017.0,"33 Dodderbrook Avenue, Ballycullen,Dublin,Ireland",05/05/2017,"33 Dodderbrook Avenue, Ballycullen",Dublin 24,Dublin,295154.0,No,Yes,New Dwelling house /Apartment,greater than or equal to 38 sq metres and less than 125 sq metres,2017-05-05,"Oldcourt Rd, Oldcourt, Dublin, Ireland",GEOMETRIC_CENTER,53.2700459,-6.3415907,,"establishment,general_contractor,point_of_interest",South Dublin,Firhouse Village,03014,Dublin,267084004
205407,2017.0,"33 GRANGEMORE GROVE, DONAGHMEDE, DUBLIN 13,Dublin,Ireland",07/06/2017,"33 GRANGEMORE GROVE, DONAGHMEDE, DUBLIN 13",Dublin 13,Dublin,290000.0,No,No,Second-Hand Dwelling house /Apartment,,2017-06-07,"33 Grangemore Grove, Donaghmede, Dublin 13, D13 K3T2, Ireland",ROOFTOP,53.3964924,-6.1629225,D13 K3T2,street_address,Dublin City,Grange A,02059,Dublin,268071007
205408,2017.0,"33 GRANVILLE ROAD, CABINTEELY, DUBLIN 18,Dublin,Ireland",08/06/2017,"33 GRANVILLE ROAD, CABINTEELY, DUBLIN 18",,Dublin,590000.0,No,No,Second-Hand Dwelling house /Apartment,,2017-06-08,"33 Granville Rd, Glenageary, Dublin, A96 K124, Ireland",ROOFTOP,53.2638928,-6.1434483,A96 K124,street_address,Dn Laoghaire-Rathdown,Cabinteely-Granitefield,05018,Dublin,267036008
205410,2017.0,"33 Hollywoodrath Avenue, Hollywoodrath, Hollystown,Dublin,Ireland",08/05/2017,"33 Hollywoodrath Avenue, Hollywoodrath, Hollystown",Dublin 15,Dublin,263876.0,No,Yes,New Dwelling house /Apartment,greater than or equal to 38 sq metres and less than 125 sq metres,2017-05-08,"Hollywoodrath Road, Hollywoodrath, Co. Dublin, Ireland",GEOMETRIC_CENTER,53.4251366,-6.3745817,,route,Fingal,The Ward,04041,Dublin,267158012
205424,2017.0,"33 LLEWELLYN COURT, RATHFARNHAM, DUBLIN 16,Dublin,Ireland",05/05/2017,"33 LLEWELLYN COURT, RATHFARNHAM, DUBLIN 16",Dublin 16,Dublin,418000.0,No,No,Second-Hand Dwelling house /Apartment,,2017-05-05,"33 Llewellyn Ct, Rathfarnham, Dublin 16, D16 T680, Ireland",ROOFTOP,53.2822876,-6.2640919,D16 T680,street_address,Dn Laoghaire-Rathdown,Ballinteer-Marley,05003,Dublin,267010008
205433,2017.0,"33 MOUNT SYMON AVE, CLONSILLA, DUBLIN 15,Dublin,Ireland",10/04/2017,"33 MOUNT SYMON AVE, CLONSILLA, DUBLIN 15",Dublin 15,Dublin,336000.0,No,No,Second-Hand Dwelling house /Apartment,,2017-04-10,"33 Mount Symon Ave, Clonsilla, Dublin 15, D15 T2F9, Ireland",ROOFTOP,53.3877063,-6.4205448,D15 T2F9,street_address,Fingal,Blanchardstown-Blakestown,04009,Dublin,267028089
205442,2017.0,"33 Parkside Drive, Parkside, Malahide Road,Dublin,Ireland",03/02/2017,"33 Parkside Drive, Parkside, Malahide Road",,Dublin,286343.0,No,Yes,New Dwelling house /Apartment,greater than or equal to 38 sq metres and less than 125 sq metres,2017-02-03,"13 Malahide Rd, Balgriffin, Dublin, Ireland",ROOFTOP,53.4046281,-6.1665709,,"establishment,point_of_interest",Dublin City,Grange A,02059,Dublin,268071002
205452,2017.0,"33 TALLOW HALL, BELGARD SQ, TALLAGHT DUBLIN 24,Dublin,Ireland",07/02/2017,"33 TALLOW HALL, BELGARD SQ, TALLAGHT DUBLIN 24",Dublin 24,Dublin,151000.0,No,No,Second-Hand Dwelling house /Apartment,,2017-02-07,,,,,,,,,,,
205463,2017.0,"33 The Lawn, Hansfield Wood, Hansfield,Dublin,Ireland",05/04/2017,"33 The Lawn, Hansfield Wood, Hansfield",,Dublin,264273.12,No,Yes,New Dwelling house /Apartment,greater than or equal to 38 sq metres and less than 125 sq metres,2017-04-05,"Clonsilla, Dublin, Ireland",GEOMETRIC_CENTER,53.3905516,-6.4322246,,"establishment,point_of_interest",Fingal,Blanchardstown-Blakestown,04009,Dublin,267028004/02
205465,2017.0,"33 USHERS PARK, KNOCKSEDAN DEMENSE, SWORDS,Dublin,Ireland",11/04/2017,"33 USHERS PARK, KNOCKSEDAN DEMENSE, SWORDS",,Dublin,408577.09,No,Yes,New Dwelling house /Apartment,greater than or equal to 38 sq metres and less than 125 sq metres,2017-04-11,"33 Usher Park, Brackenstown, Co. Dublin, Ireland",RANGE_INTERPOLATED,53.453242,-6.2604824,,street_address,Fingal,Swords-Forrest,04036,Dublin,267132001
205470,2017.0,"33 WOODLAWN GREEN, SANTRY, DUBLIN 9,Dublin,Ireland",02/02/2017,"33 WOODLAWN GREEN, SANTRY, DUBLIN 9",Dublin 17,Dublin,153000.0,No,No,Second-Hand Dwelling house /Apartment,,2017-02-02,"33 Woodlawn Green, Clonshagh, Dublin 17, D17 P983, Ireland",ROOFTOP,53.4016393,-6.2326704,D17 P983,street_address,Dublin City,Kilmore A,02069,Dublin,268088007
205474,2017.0,"330 CUSTOM HOUSE HARBOUR, IFSC, DUBLIN 1,Dublin,Ireland",02/06/2017,"330 CUSTOM HOUSE HARBOUR, IFSC, DUBLIN 1",Dublin 1,Dublin,528000.0,No,No,Second-Hand Dwelling house /Apartment,,2017-06-02,"3 Harbourmaster Pl, North Dock, Dublin, Ireland",ROOFTOP,53.3511989,-6.2478815,,"establishment,natural_feature,point_of_interest",Dublin City,North Dock C,02078,Dublin,268109017
205480,2017.0,"337 The Oak, Trimbleston, Goatstown Road,Dublin,Ireland",10/01/2017,"337 The Oak, Trimbleston, Goatstown Road",Dublin 14,Dublin,484581.49,No,Yes,New Dwelling house /Apartment,greater than or equal to 38 sq metres and less than 125 sq metres,2017-01-10,"Trimbleston Goatstown Road Goatstown, Goatstown Rd, Dublin 14, Ireland",GEOMETRIC_CENTER,53.2997325,-6.2329552,,"establishment,lodging,point_of_interest",Dn Laoghaire-Rathdown,Clonskeagh-Roebuck,05030,Dublin,267058009
205481,2017.0,"33A CHERRYWOOD VILLAS, CLONDALKIN, DUBLIN 22,Dublin,Ireland",03/04/2017,"33A CHERRYWOOD VILLAS, CLONDALKIN, DUBLIN 22",,Dublin,175000.0,No,No,Second-Hand Dwelling house /Apartment,,2017-04-03,"33 Cherrywood Dr, Fairview, Dublin 22, D22 X8V0, Ireland",ROOFTOP,53.319756,-6.4102183,D22 X8V0,street_address,South Dublin,Clondalkin Village,03010,Dublin,267053030
205483,2017.0,"34 ABBEYVALE WAY, SWORDS, DUBLIN,Dublin,Ireland",04/04/2017,"34 ABBEYVALE WAY, SWORDS, DUBLIN",,Dublin,320000.0,No,No,Second-Hand Dwelling house /Apartment,,2017-04-04,"34 Abbeyvale Way, Swords, Co. Dublin, K67 K8P0, Ireland",ROOFTOP,53.4598602,-6.2528104,K67 K8P0,street_address,Fingal,Swords-Glasmore,04037,Dublin,267131019
205487,2017.0,"34 AMBER, THE GRANGE, STILLORGAN RD,Dublin,Ireland",01/06/2017,"34 AMBER, THE GRANGE, STILLORGAN RD",,Dublin,350000.0,Yes,No,Second-Hand Dwelling house /Apartment,,2017-06-01,,,,,,,,,,,
205488,2017.0,"34 ASHFIELD COURT, MULHUDDART, DUBLIN 15,Dublin,Ireland",10/03/2017,"34 ASHFIELD COURT, MULHUDDART, DUBLIN 15",Dublin 15,Dublin,233000.0,No,No,Second-Hand Dwelling house /Apartment,,2017-03-10,"34 Ashfield Ct, Huntstown, Dublin 15, D15 NRC6, Ireland",ROOFTOP,53.4003933,-6.4025021,D15 NRC6,street_address,Fingal,Blanchardstown-Blakestown,04009,Dublin,267028119
205504,2017.0,"34 CASTLE VIEW DR, SWORDS, DUBLIN,Dublin,Ireland",09/02/2017,"34 CASTLE VIEW DR, SWORDS, DUBLIN",,Dublin,275000.0,No,No,Second-Hand Dwelling house /Apartment,,2017-02-09,"34 Castleview Dr, Broadmeadow, Swords, Co. Dublin, K67 HY28, Ireland",ROOFTOP,53.4717151,-6.2348807,K67 HY28,street_address,Fingal,Swords-Lissenhall,04038,Dublin,267133023
205508,2017.0,"34 CLANAWLEY RD, KILLESTER, DUBLIN 5,Dublin,Ireland",06/01/2017,"34 CLANAWLEY RD, KILLESTER, DUBLIN 5",Dublin 5,Dublin,315000.0,No,No,Second-Hand Dwelling house /Apartment,,2017-01-06,"34 Clanawley Rd, Clontarf West, Dublin 5, D05 PY68, Ireland",ROOFTOP,53.3738817,-6.2094778,D05 PY68,street_address,Dublin City,Clontarf West B,02043,Dublin,268047006
205524,2017.0,"34 Fairhaven Road, Castleknock Road, Castleknock,Dublin,Ireland",05/04/2017,"34 Fairhaven Road, Castleknock Road, Castleknock",,Dublin,590750.0,No,Yes,New Dwelling house /Apartment,greater than or equal to 38 sq metres and less than 125 sq metres,2017-04-05,"Castleknock Rd, Ashtown, Dublin, Ireland",GEOMETRIC_CENTER,53.3711529,-6.3407142,,"establishment,point_of_interest",Fingal,Castleknock-Park,04017,Dublin,267041014
205527,2017.0,"34 GLENVILLE AVE, CASTLEKNOCK, DUBLIN 15,Dublin,Ireland",06/02/2017,"34 GLENVILLE AVE, CASTLEKNOCK, DUBLIN 15",Dublin 15,Dublin,365000.0,No,No,Second-Hand Dwelling house /Apartment,,2017-02-06,"34 Glenville Ave, Clonsilla, Dublin 15, D15 FW4F, Ireland",ROOFTOP,53.3837538,-6.3857054,D15 FW4F,street_address,Fingal,Blanchardstown-Delwood,04012,Dublin,267031006
205531,2017.0,"34 HARBOUR COURT, GEORGES PLACE, DUN LAOGHAIRE,Dublin,Ireland",08/02/2017,"34 HARBOUR COURT, GEORGES PLACE, DUN LAOGHAIRE",,Dublin,420000.0,No,No,Second-Hand Dwelling house /Apartment,,2017-02-08,"22, Harbour Court, George's Pl, D̼n Laoghaire, Dublin, Ireland",ROOFTOP,53.2951756,-6.141188,,premise,Dn Laoghaire-Rathdown,Dn Laoghaire-West Central,05052,Dublin,267077008
205532,2017.0,"34 HAVELOCK SQ, SANDYMOUNT, DUBLIN 4,Dublin,Ireland",04/04/2017,"34 HAVELOCK SQ, SANDYMOUNT, DUBLIN 4",Dublin 4,Dublin,950000.0,No,No,Second-Hand Dwelling house /Apartment,,2017-04-04,"34 Havelock Square, Dublin 4, D04 EH26, Ireland",ROOFTOP,53.3365807,-6.2301612,D04 EH26,street_address,Dublin City,Pembroke West A,02130,Dublin,268115022
205533,2017.0,"34 HOLLYWOODRATH AVENUE, HOLLYSTOWN, DUBLIN 15,Dublin,Ireland",01/06/2017,"34 HOLLYWOODRATH AVENUE, HOLLYSTOWN, DUBLIN 15",,Dublin,286343.61,No,Yes,New Dwelling house /Apartment,greater than or equal to 38 sq metres and less than 125 sq metres,2017-06-01,"34 Hollystown Park, Hollystown, Dublin 15, D15 C9Y2, Ireland",ROOFTOP,53.4341111,-6.3852229,D15 C9Y2,street_address,Fingal,The Ward,04041,Dublin,267158022
205549,2017.0,"34 MERRION STRAND, STRAND RD, SANDYMOUNT,Dublin,Ireland",10/01/2017,"34 MERRION STRAND, STRAND RD, SANDYMOUNT",Dublin 4,Dublin,436000.0,No,No,Second-Hand Dwelling house /Apartment,,2017-01-10,"Merrion Lodge, Strand Rd, Dublin 4, Ireland",ROOFTOP,53.3174161,-6.2049648,,premise,Dublin City,Pembroke East C,02127,Dublin,268112012
205557,2017.0,"34 O ROURKE PK, SALLYNOGGIN, DUBLIN,Dublin,Ireland",07/02/2017,"34 O ROURKE PK, SALLYNOGGIN, DUBLIN",,Dublin,338000.0,No,No,Second-Hand Dwelling house /Apartment,,2017-02-07,"34 O'Rourke Park, Honeypark, Sallynoggin, Co. Dublin, A96 H5V9, Ireland",ROOFTOP,53.2793806,-6.1429058,A96 H5V9,street_address,Dn Laoghaire-Rathdown,Dn Laoghaire-Sallynoggin West,05049,Dublin,267074002
205574,2017.0,"34 SHANDON RD, PHIBSBOROUGH, DUBLIN 7,Dublin,Ireland",10/04/2017,"34 SHANDON RD, PHIBSBOROUGH, DUBLIN 7",Dublin 7,Dublin,505000.0,No,No,Second-Hand Dwelling house /Apartment,,2017-04-10,"34 Shandon Cres, Phibsborough, Dublin 7, D07 F4A6, Ireland",ROOFTOP,53.3650278,-6.2807328,D07 F4A6,street_address,Dublin City,Cabra East A,02030,Dublin,268030004
205582,2017.0,"34 THE CRESCENT, CARRICKMINES MANOR, GLENAMUCK RD,Dublin,Ireland",06/04/2017,"34 THE CRESCENT, CARRICKMINES MANOR, GLENAMUCK RD",Dublin 18,Dublin,137753.3,No,No,Second-Hand Dwelling house /Apartment,,2017-04-06,"Apartment 17, Cairnbrook Manor, Cairnbrook Ave., Dublin 18, Ireland",ROOFTOP,53.2479193,-6.1797148,,"establishment,lodging,point_of_interest",Dn Laoghaire-Rathdown,Cabinteely-Loughlinstown,05020,Dublin,267038003
205583,2017.0,"34 THE DICKENS THE GASWORKS, BARROW ST, RINGSEND DUBLIN 4,Dublin,Ireland",11/05/2017,"34 THE DICKENS THE GASWORKS, BARROW ST, RINGSEND DUBLIN 4",Dublin 4,Dublin,330000.0,No,No,Second-Hand Dwelling house /Apartment,,2017-05-11,,,,,,,,,,,
205592,2017.0,"34 The Lawn, Hansfield Wood, Hansfield,Dublin,Ireland",06/04/2017,"34 The Lawn, Hansfield Wood, Hansfield",Dublin 15,Dublin,264300.0,No,Yes,New Dwelling house /Apartment,greater than or equal to 38 sq metres and less than 125 sq metres,2017-04-06,"Clonsilla, Dublin, Ireland",GEOMETRIC_CENTER,53.3905516,-6.4322246,,"establishment,point_of_interest",Fingal,Blanchardstown-Blakestown,04009,Dublin,267028004/02
205593,2017.0,"34 VENETIAN HALL, HOWTH RD, KILLESTER DUBLIN 5,Dublin,Ireland",07/03/2017,"34 VENETIAN HALL, HOWTH RD, KILLESTER DUBLIN 5",Dublin 5,Dublin,310000.0,No,No,Second-Hand Dwelling house /Apartment,,2017-03-07,"Howth Rd, Clontarf East, Dublin 5, Ireland",GEOMETRIC_CENTER,53.374803,-6.1993911,,"establishment,point_of_interest",Dublin City,Clontarf East E,02041,Dublin,268045002
205598,2017.0,"34 WHITECHURCH CLOSE, RATHFARNHAM, DUBLIN 16,Dublin,Ireland",10/02/2017,"34 WHITECHURCH CLOSE, RATHFARNHAM, DUBLIN 16",Dublin 16,Dublin,250000.0,No,No,Second-Hand Dwelling house /Apartment,,2017-02-10,"34 Whitechurch Pl, Rathfarnham, Dublin 16, D16 W2N6, Ireland",ROOFTOP,53.2744936,-6.2895844,D16 W2N6,street_address,South Dublin,Edmondstown,03011,Dublin,267083018
205600,2017.0,"34 WOODVIEW, LUCAN, DUBLIN,Dublin,Ireland",01/06/2017,"34 WOODVIEW, LUCAN, DUBLIN",,Dublin,250000.0,Yes,No,Second-Hand Dwelling house /Apartment,,2017-06-01,"34 Woodview, Lucan, Co. Dublin, K78 F8F5, Ireland",ROOFTOP,53.3539088,-6.4611035,K78 F8F5,street_address,South Dublin,Lucan-St. Helen's,03017,Dublin,267103020
205608,2017.0,"348 SOUTH CIRCULAR ROAD, DUBLIN 8,Dublin,Ireland",05/01/2017,"348 SOUTH CIRCULAR ROAD, DUBLIN 8",,Dublin,435000.0,No,No,Second-Hand Dwelling house /Apartment,,2017-01-05,"348 S Circular Rd, Merchants Quay, Dublin 8, D08 Y9K4, Ireland",ROOFTOP,53.3326555,-6.2894273,D08 Y9K4,street_address,Dublin City,Merchants Quay F,02124,Dublin,268103001
205609,2017.0,"348 THE LAWN, BELGARD HEIGHTS, DUBLIN 24,Dublin,Ireland",03/02/2017,"348 THE LAWN, BELGARD HEIGHTS, DUBLIN 24",Dublin 24,Dublin,255000.0,No,No,Second-Hand Dwelling house /Apartment,,2017-02-03,"348 The Lawn, Belgard Heights, Dublin 24, D24 Y0F4, Ireland",ROOFTOP,53.2971636,-6.383681,D24 Y0F4,street_address,South Dublin,Tallaght-Belgard,03029,Dublin,267137005
205610,2017.0,"35  Diswellstown Avenue, Castleknock, Dublin 15,Dublin,Ireland",09/06/2017,"35  Diswellstown Avenue, Castleknock, Dublin 15",Dublin 15,Dublin,409691.0,No,Yes,New Dwelling house /Apartment,greater than or equal to 38 sq metres and less than 125 sq metres,2017-06-09,"35 Castleknock Ave, Blanchardstown, Dublin 15, D15 YP57, Ireland",ROOFTOP,53.3777587,-6.375147,D15 YP57,street_address,Fingal,Castleknock-Knockmaroon,04016,Dublin,267040012
205622,2017.0,"35 Belarmine Grove, Belarmine Woods, Stepaside,Dublin,Ireland",07/02/2017,"35 Belarmine Grove, Belarmine Woods, Stepaside",,Dublin,340000.0,No,Yes,New Dwelling house /Apartment,greater than or equal to 38 sq metres and less than 125 sq metres,2017-02-07,"Belarmine Ave, Kilgobbin Woods, Dublin, Ireland",GEOMETRIC_CENTER,53.2582737,-6.2162705,,"establishment,point_of_interest",Dn Laoghaire-Rathdown,Glencullen,05057,Dublin,267092044
205625,2017.0,"35 CASTLE VIEW RD, CLONDALKIN, DUBLIN 22,Dublin,Ireland",06/03/2017,"35 CASTLE VIEW RD, CLONDALKIN, DUBLIN 22",Dublin 22,Dublin,209558.0,No,No,Second-Hand Dwelling house /Apartment,,2017-03-06,"35 Castle View Rd, Yellowmeadows, Dublin 22, D22 HW13, Ireland",ROOFTOP,53.3246618,-6.3875799,D22 HW13,street_address,South Dublin,Clondalkin-Monastery,03007,Dublin,267050016
205642,2017.0,"35 DODDERBROOK AVENUE, DODDERBROOK, OLDCOURT ROAD,Dublin,Ireland",11/05/2017,"35 DODDERBROOK AVENUE, DODDERBROOK, OLDCOURT ROAD",Dublin 24,Dublin,370044.0,No,Yes,New Dwelling house /Apartment,greater than or equal to 38 sq metres and less than 125 sq metres,2017-05-11,"Oldcourt Rd, Oldcourt, Dublin, Ireland",GEOMETRIC_CENTER,53.2700459,-6.3415907,,"establishment,general_contractor,point_of_interest",South Dublin,Firhouse Village,03014,Dublin,267084004
205649,2017.0,"35 ELMCASTLE DR, TALLAGHT, DUBLIN 24,Dublin,Ireland",08/02/2017,"35 ELMCASTLE DR, TALLAGHT, DUBLIN 24",Dublin 24,Dublin,310000.0,No,No,Second-Hand Dwelling house /Apartment,,2017-02-08,"35 Elmcastle Dr, Kilnamanagh, Dublin 24, D24 ER83, Ireland",ROOFTOP,53.3038758,-6.353501,D24 ER83,street_address,South Dublin,Tallaght-Kilnamanagh,03034,Dublin,267142008
205650,2017.0,"35 EMMORVILLE AVE, SOUTH CIRCULAR RD, DUBLIN 8,Dublin,Ireland",10/01/2017,"35 EMMORVILLE AVE, SOUTH CIRCULAR RD, DUBLIN 8",Dublin 8,Dublin,675000.0,No,No,Second-Hand Dwelling house /Apartment,,2017-01-10,,,,,,,,,,,
205654,2017.0,"35 FORBES QUAY, SIR GEORGE ROGERSONS QUAY, GRAND CANAL SQ,Dublin,Ireland",05/01/2017,"35 FORBES QUAY, SIR GEORGE ROGERSONS QUAY, GRAND CANAL SQ",Dublin 2,Dublin,453000.0,No,No,Second-Hand Dwelling house /Apartment,,2017-01-05,,,,,,,,,,,
205655,2017.0,"35 FOREST HILLS, FORREST RD, SWORDS,Dublin,Ireland",10/04/2017,"35 FOREST HILLS, FORREST RD, SWORDS",,Dublin,218000.0,No,No,Second-Hand Dwelling house /Apartment,,2017-04-10,"Forest Hills, Forrest Rd, Forestfields, Swords, Co. Dublin, Ireland",ROOFTOP,53.4483788,-6.2353275,,premise,Fingal,Swords-Forrest,04036,Dublin,267132032
205656,2017.0,"35 FURRY PARK COURT, HOWTH RD, DUBLIN 3,Dublin,Ireland",02/06/2017,"35 FURRY PARK COURT, HOWTH RD, DUBLIN 3",Dublin 5,Dublin,395000.0,No,No,Second-Hand Dwelling house /Apartment,,2017-06-02,"Furry Park House, Howth Rd, Clontarf East, Dublin 5, Ireland",ROOFTOP,53.3732372,-6.1999248,,premise,Dublin City,Clontarf East E,02041,Dublin,268045002
205666,2017.0,"35 Hollywoodrath Crescent, Hollystown, Dublin 15,Dublin,Ireland",02/03/2017,"35 Hollywoodrath Crescent, Hollystown, Dublin 15",Dublin 15,Dublin,263876.66,No,Yes,New Dwelling house /Apartment,greater than or equal to 38 sq metres and less than 125 sq metres,2017-03-02,"35 Hollystown Park, Hollystown, Dublin 15, D15 E6H7, Ireland",ROOFTOP,53.4340869,-6.3856203,D15 E6H7,street_address,Fingal,The Ward,04041,Dublin,267158022
205670,2017.0,"35 KNOCKABAWN, HARBOUR RD, RUSH,Dublin,Ireland",06/02/2017,"35 KNOCKABAWN, HARBOUR RD, RUSH",,Dublin,251000.0,No,No,Second-Hand Dwelling house /Apartment,,2017-02-06,,,,,,,,,,,
205689,2017.0,"35 PINTAIL HOUSE, REDCOURT OAKS, SEAFIELD RD EAST DUBLIN 3,Dublin,Ireland",01/01/2017,"35 PINTAIL HOUSE, REDCOURT OAKS, SEAFIELD RD EAST DUBLIN 3",Dublin 3,Dublin,215600.0,Yes,No,Second-Hand Dwelling house /Apartment,,2017-01-01,,,,,,,,,,,
205691,2017.0,"35 Park Avenue, Millers Glen, Swords,Dublin,Ireland",12/05/2017,"35 Park Avenue, Millers Glen, Swords",,Dublin,282139.87,No,Yes,New Dwelling house /Apartment,greater than or equal to 38 sq metres and less than 125 sq metres,2017-05-12,"Longview Ave, Oldtown, Co. Dublin, Ireland",GEOMETRIC_CENTER,53.4739449,-6.2397822,,"establishment,point_of_interest",Fingal,Swords-Lissenhall,04038,Dublin,267133026
205727,2017.0,"36 AUBURN HOUSE, RATHMINES, DUBLIN 6,Dublin,Ireland",02/02/2017,"36 AUBURN HOUSE, RATHMINES, DUBLIN 6",Dublin 6,Dublin,200000.0,No,No,Second-Hand Dwelling house /Apartment,,2017-02-02,"Auburn House, Rathmines Rd Upper, Dublin 6, Ireland",ROOFTOP,53.3186869,-6.2649093,,premise,Dublin City,Rathmines West D,02141,Dublin,268135012
205729,2017.0,"36 BELFRY DOWNS, TALLAGHT DUBLIN 24, DUBLIN,Dublin,Ireland",12/05/2017,"36 BELFRY DOWNS, TALLAGHT DUBLIN 24, DUBLIN",Dublin 24,Dublin,228000.0,No,No,Second-Hand Dwelling house /Apartment,,2017-05-12,"36 Belfry Downs, Citywest, Dublin, D24 EA26, Ireland",ROOFTOP,53.2758364,-6.4149912,D24 EA26,street_address,South Dublin,Tallaght-Jobstown,03032,Dublin,267140006
205730,2017.0,"36 BELGRAVE RD, RATHMINES, DUBLIN 6,Dublin,Ireland",02/06/2017,"36 BELGRAVE RD, RATHMINES, DUBLIN 6",Dublin 6,Dublin,1120000.0,No,No,Second-Hand Dwelling house /Apartment,,2017-06-02,"36 Belgrave Square W, Dublin 6, D06 V660, Ireland",ROOFTOP,53.3222043,-6.2611681,D06 V660,street_address,Dublin City,Rathmines West C,02140,Dublin,268134013
205733,2017.0,"36 BULFIN RD, INCHICORE, DUBLIN 8,Dublin,Ireland",04/05/2017,"36 BULFIN RD, INCHICORE, DUBLIN 8",Dublin 8,Dublin,333000.0,No,No,Second-Hand Dwelling house /Apartment,,2017-05-04,"36 Bulfin Rd, Inchicore, Dublin 8, D08 PY6E, Ireland",ROOFTOP,53.3398262,-6.3131081,D08 PY6E,street_address,Dublin City,Kilmainham C,02110,Dublin,268085005
205736,2017.0,"36 CARLETON RD, MARINO, DUBLIN 3,Dublin,Ireland",05/05/2017,"36 CARLETON RD, MARINO, DUBLIN 3",Dublin 3,Dublin,530000.0,No,No,Second-Hand Dwelling house /Apartment,,2017-05-05,"36 Carleton Rd, Clontarf West, Dublin 3, D03 N271, Ireland",ROOFTOP,53.3663555,-6.2299135,D03 N271,street_address,Dublin City,Clontarf West D,02045,Dublin,268049008
205740,2017.0,"36 CASTLEBYRNE PARK, NEWTOWNPARK AVE, BLACKROCK,Dublin,Ireland",03/03/2017,"36 CASTLEBYRNE PARK, NEWTOWNPARK AVE, BLACKROCK",,Dublin,380000.0,No,No,Second-Hand Dwelling house /Apartment,,2017-03-03,,,,,,,,,,,
205742,2017.0,"36 CASTLELAWNS, SANDYFORD DUBLIN 18, DUBLIN,Dublin,Ireland",06/01/2017,"36 CASTLELAWNS, SANDYFORD DUBLIN 18, DUBLIN",Dublin 18,Dublin,282000.0,No,No,Second-Hand Dwelling house /Apartment,,2017-01-06,"36 Castle Lawns, Sandyford, Dublin, Ireland",RANGE_INTERPOLATED,53.2611847,-6.2084401,,street_address,Dn Laoghaire-Rathdown,Glencullen,05057,Dublin,267092047
205748,2017.0,"36 CRAIGFORD AVE, ARTANE, DUBLIN 5,Dublin,Ireland",06/06/2017,"36 CRAIGFORD AVE, ARTANE, DUBLIN 5",Dublin 5,Dublin,236250.0,Yes,No,Second-Hand Dwelling house /Apartment,,2017-06-06,"36 Craigford Ave, Clontarf West, Dublin 5, D05 V0F4, Ireland",ROOFTOP,53.378929,-6.2102929,D05 V0F4,street_address,Dublin City,Clontarf West A,02042,Dublin,268046002
205753,2017.0,"36 DONORE RD, DUBLIN 8, DUBLIN,Dublin,Ireland",09/05/2017,"36 DONORE RD, DUBLIN 8, DUBLIN",Dublin 8,Dublin,385000.0,No,No,Second-Hand Dwelling house /Apartment,,2017-05-09,"36 Donore Rd, Merchants Quay, Dublin 8, D08 V0VH, Ireland",ROOFTOP,53.3346482,-6.281511,D08 V0VH,street_address,Dublin City,Merchants Quay D,02122,Dublin,268101001
205759,2017.0,"36 GRANVILLE RD, DUN LAOGHAIRE, DUBLIN,Dublin,Ireland",03/03/2017,"36 GRANVILLE RD, DUN LAOGHAIRE, DUBLIN",,Dublin,595000.0,No,No,Second-Hand Dwelling house /Apartment,,2017-03-03,"36 Granville Rd, Glenageary, Dublin, A96 DY93, Ireland",ROOFTOP,53.2631592,-6.1432072,A96 DY93,street_address,Dn Laoghaire-Rathdown,Cabinteely-Kilbogget,05019,Dublin,267037001
205763,2017.0,"36 HILL VIEW, MOUNT TALBOT, CLONDALKIN DUBLIN 22,Dublin,Ireland",06/03/2017,"36 HILL VIEW, MOUNT TALBOT, CLONDALKIN DUBLIN 22",Dublin 24,Dublin,142000.0,No,No,Second-Hand Dwelling house /Apartment,,2017-03-06,"Apartment 4 Hillview, Hillview Apartments, Mount Talbot, Monastery Road, Redcow, Dublin 22, Ireland",ROOFTOP,53.3188341,-6.3719596,,premise,South Dublin,Clondalkin-Monastery,03007,Dublin,267050010
205767,2017.0,"36 JUGBACK GREEN APPLEWOOD SWORDS, DUBLIN,Dublin,Ireland",02/03/2017,"36 JUGBACK GREEN APPLEWOOD SWORDS, DUBLIN",,Dublin,170000.0,No,No,Second-Hand Dwelling house /Apartment,,2017-03-02,"36 Jugback Cres, Castlefarm, Swords, Co. Dublin, K67 YP57, Ireland",ROOFTOP,53.4661,-6.2254712,K67 YP57,street_address,Fingal,Swords-Lissenhall,04038,Dublin,267133032
205769,2017.0,"36 LA ROCHELLE, HIGH ST, DUBLIN 8,Dublin,Ireland",03/02/2017,"36 LA ROCHELLE, HIGH ST, DUBLIN 8",Dublin 8,Dublin,255000.0,No,No,Second-Hand Dwelling house /Apartment,,2017-02-03,"Apartment 16, La Rochelle, High St, Merchants Quay, Dublin 8, Ireland",ROOFTOP,53.34312,-6.2749184,,premise,Dublin City,Merchants Quay B,02120,Dublin,268099021
205791,2017.0,"36 SHANOWEN HALL, SHANOWEN RD, SANTRY DUBLIN 9,Dublin,Ireland",08/05/2017,"36 SHANOWEN HALL, SHANOWEN RD, SANTRY DUBLIN 9",Dublin 9,Dublin,267000.0,No,No,Second-Hand Dwelling house /Apartment,,2017-05-08,"Shanowen Hall, Shanowen Rd, Whitehall, Dublin 9, Ireland",ROOFTOP,53.3881662,-6.255739,,premise,Dublin City,Whitehall B,02091,Dublin,268158016
205792,2017.0,"36 SLADEMORE DR, ARD NA GREINE, DUBLIN 13,Dublin,Ireland",11/05/2017,"36 SLADEMORE DR, ARD NA GREINE, DUBLIN 13",Dublin 13,Dublin,325000.0,No,No,Second-Hand Dwelling house /Apartment,,2017-05-11,"36 Slademore Ave, Ard Na Gr̩ine, Dublin 13, D13 K7W2, Ireland",ROOFTOP,53.396206,-6.1864341,D13 K7W2,street_address,Dublin City,Ayrfield,02008,Dublin,268008006
205807,2017.0,"36 THE WALK, ROBSWALL, MALAHIDE,Dublin,Ireland",09/03/2017,"36 THE WALK, ROBSWALL, MALAHIDE",,Dublin,275500.0,No,No,Second-Hand Dwelling house /Apartment,,2017-03-09,"36 The Walk, Robswalls, Malahide, Co. Dublin, K36 PY51, Ireland",ROOFTOP,53.4446081,-6.1371449,K36 PY51,street_address,Fingal,Malahide East,04029,Dublin,267105011
205809,2017.0,"36 The Lawn, Hansfield Wood, Hansfield,Dublin,Ireland",05/05/2017,"36 The Lawn, Hansfield Wood, Hansfield",Dublin 15,Dublin,264273.0,No,Yes,New Dwelling house /Apartment,greater than or equal to 125 sq metres,2017-05-05,"Clonsilla, Dublin, Ireland",GEOMETRIC_CENTER,53.3905516,-6.4322246,,"establishment,point_of_interest",Fingal,Blanchardstown-Blakestown,04009,Dublin,267028004/02
205817,2017.0,"362 The Oak, Trimbleston, Goatstown Road,Dublin,Ireland",08/06/2017,"362 The Oak, Trimbleston, Goatstown Road",,Dublin,525609.75,No,Yes,New Dwelling house /Apartment,greater than or equal to 38 sq metres and less than 125 sq metres,2017-06-08,"Trimbleston Goatstown Road Goatstown, Goatstown Rd, Dublin 14, Ireland",GEOMETRIC_CENTER,53.2997325,-6.2329552,,"establishment,lodging,point_of_interest",Dn Laoghaire-Rathdown,Clonskeagh-Roebuck,05030,Dublin,267058009
205818,2017.0,"366 CASHEL RD, KIMMAGE, DUBLIN 12,Dublin,Ireland",09/01/2017,"366 CASHEL RD, KIMMAGE, DUBLIN 12",Dublin 12,Dublin,182000.0,No,No,Second-Hand Dwelling house /Apartment,,2017-01-09,"366 Cashel Rd, Kimmage, Dublin 12, D12 VH3E, Ireland",ROOFTOP,53.3155133,-6.3014814,D12 VH3E,street_address,Dublin City,Kimmage E,02115,Dublin,268094003
205822,2017.0,"369 The Oak, Trimbleston, Goatstown Road,Dublin,Ireland",05/01/2017,"369 The Oak, Trimbleston, Goatstown Road",Dublin 14,Dublin,352423.0,No,Yes,New Dwelling house /Apartment,greater than or equal to 38 sq metres and less than 125 sq metres,2017-01-05,"Trimbleston Goatstown Road Goatstown, Goatstown Rd, Dublin 14, Ireland",GEOMETRIC_CENTER,53.2997325,-6.2329552,,"establishment,lodging,point_of_interest",Dn Laoghaire-Rathdown,Clonskeagh-Roebuck,05030,Dublin,267058009
205823,2017.0,"369, GALTYMORE ROAD, DRIMNAGH DUBLIN 12,Dublin,Ireland",07/04/2017,"369, GALTYMORE ROAD, DRIMNAGH DUBLIN 12",Dublin 12,Dublin,122000.0,Yes,No,Second-Hand Dwelling house /Apartment,,2017-04-07,"369 Galtymore Rd, Drimnagh, Dublin 12, D12 V042, Ireland",ROOFTOP,53.3353548,-6.304291,D12 V042,street_address,Dublin City,Crumlin B,02099,Dublin,268052004
205846,2017.0,"37 CRANNAGH PARK, RATHFARNHAM, DUBLIN 16,Dublin,Ireland",07/06/2017,"37 CRANNAGH PARK, RATHFARNHAM, DUBLIN 16",Dublin 14,Dublin,838000.0,No,No,Second-Hand Dwelling house /Apartment,,2017-06-07,"37 Crannagh Park, Rathfarnham, Dublin 14, D14 W635, Ireland",ROOFTOP,53.3017316,-6.2775123,D14 W635,street_address,South Dublin,Rathfarnham Village,03026,Dublin,267117011
205848,2017.0,"37 CRESTFIELD AVE, WHITEHALL, DUBLIN 9,Dublin,Ireland",02/06/2017,"37 CRESTFIELD AVE, WHITEHALL, DUBLIN 9",Dublin 9,Dublin,367000.0,No,No,Second-Hand Dwelling house /Apartment,,2017-06-02,"37 Crestfield Ave, Whitehall, Dublin 9, D09 AE86, Ireland",ROOFTOP,53.3862783,-6.2528537,D09 AE86,street_address,Dublin City,Whitehall B,02091,Dublin,268158008
205862,2017.0,"37 HARBOUR COURT, GEORGES PLACE, DUN LAOGHAIRE,Dublin,Ireland",08/02/2017,"37 HARBOUR COURT, GEORGES PLACE, DUN LAOGHAIRE",,Dublin,470000.0,No,No,Second-Hand Dwelling house /Apartment,,2017-02-08,"22, Harbour Court, George's Pl, D̼n Laoghaire, Dublin, Ireland",ROOFTOP,53.2951756,-6.141188,,premise,Dn Laoghaire-Rathdown,Dn Laoghaire-West Central,05052,Dublin,267077008
205865,2017.0,"37 HERMITAGE RD, LUCAN, DUBLIN,Dublin,Ireland",09/02/2017,"37 HERMITAGE RD, LUCAN, DUBLIN",,Dublin,310000.0,No,No,Second-Hand Dwelling house /Apartment,,2017-02-09,"37 Hermitage Rd, Ballydowd, Lucan, Co. Dublin, K78 DR02, Ireland",ROOFTOP,53.3574639,-6.4200422,K78 DR02,street_address,South Dublin,Lucan-Esker,03015,Dublin,267100065
205871,2017.0,"37 KILGOBBIN HEIGHTS, STEPASIDE, DUBLIN 18,Dublin,Ireland",07/04/2017,"37 KILGOBBIN HEIGHTS, STEPASIDE, DUBLIN 18",Dublin 18,Dublin,725000.0,No,No,Second-Hand Dwelling house /Apartment,,2017-04-07,"37 Kilgobbin Heights, Sandyford, Dublin 18, D18 H5Y0, Ireland",ROOFTOP,53.2542892,-6.2107655,D18 H5Y0,street_address,Dn Laoghaire-Rathdown,Glencullen,05057,Dublin,267092026/267092050
205872,2017.0,"37 LANSDOWNE VILLAGE, DUBLIN 4, DUBLIN,Dublin,Ireland",12/05/2017,"37 LANSDOWNE VILLAGE, DUBLIN 4, DUBLIN",Dublin 4,Dublin,570000.0,No,No,Second-Hand Dwelling house /Apartment,,2017-05-12,"37 Lansdowne Village, Dublin 4, D04 XV57, Ireland",ROOFTOP,53.3369894,-6.2241006,D04 XV57,street_address,Dublin City,Pembroke East B,02126,Dublin,268111004
205875,2017.0,"37 MALAHIDE RD, DUBLIN 5, DUBLIN,Dublin,Ireland",05/05/2017,"37 MALAHIDE RD, DUBLIN 5, DUBLIN",Dublin 5,Dublin,350000.0,No,No,Second-Hand Dwelling house /Apartment,,2017-05-05,"37 Malahide Rd, Clontarf West, Dublin 5, D05 P025, Ireland",ROOFTOP,53.3822156,-6.2066706,D05 P025,street_address,Dublin City,Clontarf West A,02042,Dublin,268046010
205883,2017.0,"37 Marrsfield Avenue, Belltree, Clongriffin,Dublin,Ireland",12/05/2017,"37 Marrsfield Avenue, Belltree, Clongriffin",Dublin 17,Dublin,273128.0,No,Yes,New Dwelling house /Apartment,greater than or equal to 38 sq metres and less than 125 sq metres,2017-05-12,,,,,,,,,,,
205892,2017.0,"37 PRIORY WAY, MANOR GROVE, TERENURE DUBLIN 12,Dublin,Ireland",11/01/2017,"37 PRIORY WAY, MANOR GROVE, TERENURE DUBLIN 12",Dublin 12,Dublin,536000.0,No,No,Second-Hand Dwelling house /Apartment,,2017-01-11,"37 Priory Way, Manor Grove, Dublin 12, D12 YK8X, Ireland",ROOFTOP,53.3087827,-6.313185,D12 YK8X,street_address,South Dublin,Templeogue-Kimmage Manor,03042,Dublin,267150012
205909,2017.0,"37 STRAND ST, SKERRIES, CO DUBLIN,Dublin,Ireland",11/04/2017,"37 STRAND ST, SKERRIES, CO DUBLIN",,Dublin,375000.0,No,No,Second-Hand Dwelling house /Apartment,,2017-04-11,"37 Sr��id Na Tr��, Townparks, Na Sceir�_, Co. Contae Bhaile ́tha Cliath, K34 E781, Ireland",ROOFTOP,53.5790665,-6.1061343,K34 E781,street_address,Fingal,Skerries,04034,Dublin,267123031
205915,2017.0,"37 THE ROWAN, RIVERSDALE, DUNDRUM DUBLIN 16,Dublin,Ireland",09/06/2017,"37 THE ROWAN, RIVERSDALE, DUNDRUM DUBLIN 16",Dublin 16,Dublin,280000.0,No,No,Second-Hand Dwelling house /Apartment,,2017-06-09,,,,,,,,,,,
205916,2017.0,"37 THE SQUARE, LARCHILL, SANTRY DUBLIN 9,Dublin,Ireland",09/03/2017,"37 THE SQUARE, LARCHILL, SANTRY DUBLIN 9",Dublin 17,Dublin,176000.0,No,No,Second-Hand Dwelling house /Apartment,,2017-03-09,"37 The Ct, Whitehall, Dublin, Ireland",RANGE_INTERPOLATED,53.3806771,-6.2402655,,street_address,Dublin City,Whitehall D,02093,Dublin,268160001
205919,2017.0,"37 The Lawn, Hansfield Wood,Dublin,Ireland",04/05/2017,"37 The Lawn, Hansfield Wood",Dublin 15,Dublin,264273.0,No,Yes,New Dwelling house /Apartment,greater than or equal to 38 sq metres and less than 125 sq metres,2017-05-04,"Clonsilla, Dublin, Ireland",GEOMETRIC_CENTER,53.3905516,-6.4322246,,"establishment,point_of_interest",Fingal,Blanchardstown-Blakestown,04009,Dublin,267028004/02
205920,2017.0,"37 WATERSIDE LAWN, WATERSIDE  SWORDS, MALAHIDE,Dublin,Ireland",05/04/2017,"37 WATERSIDE LAWN, WATERSIDE  SWORDS, MALAHIDE",,Dublin,185000.0,No,No,Second-Hand Dwelling house /Apartment,,2017-04-05,,,,,,,,,,,
205921,2017.0,"37 WESTMINSTER LAWNS, FOXROCK, DUBLIN 18,Dublin,Ireland",10/02/2017,"37 WESTMINSTER LAWNS, FOXROCK, DUBLIN 18",Dublin 18,Dublin,785000.0,No,No,Second-Hand Dwelling house /Apartment,,2017-02-10,"37 Westminster Lawns, Galloping Green North, Dublin 18, D18 R9K0, Ireland",ROOFTOP,53.278224,-6.1883954,D18 R9K0,street_address,Dn Laoghaire-Rathdown,Stillorgan-Leopardstown,05065,Dublin,267126009
205932,2017.0,"374 The Oak, Trimbleston, Dundrum,Dublin,Ireland",07/02/2017,"374 The Oak, Trimbleston, Dundrum",Dublin 14,Dublin,475770.0,No,Yes,New Dwelling house /Apartment,greater than or equal to 38 sq metres and less than 125 sq metres,2017-02-07,"Trimbleston Goatstown Road Goatstown, Goatstown Rd, Dublin 14, Ireland",GEOMETRIC_CENTER,53.2997325,-6.2329552,,"establishment,lodging,point_of_interest",Dn Laoghaire-Rathdown,Clonskeagh-Roebuck,05030,Dublin,267058009
205933,2017.0,"377, CARNLOUGH ROAD, CABRA DUBLIN 7,Dublin,Ireland",12/06/2017,"377, CARNLOUGH ROAD, CABRA DUBLIN 7",Dublin 7,Dublin,130800.0,Yes,No,Second-Hand Dwelling house /Apartment,,2017-06-12,"377 Carnlough Rd, Cabra West, Dublin 7, D07 TY03, Ireland",ROOFTOP,53.3700523,-6.2965125,D07 TY03,street_address,Dublin City,Cabra West B,02034,Dublin,268034001
205945,2017.0,"38 ARDMEEN PARK, BLACKROCK, DUBLIN,Dublin,Ireland",07/03/2017,"38 ARDMEEN PARK, BLACKROCK, DUBLIN",,Dublin,672500.0,No,No,Second-Hand Dwelling house /Apartment,,2017-03-07,"38 Ardmeen Park, Glebe, Blackrock, Co. Dublin, A94 VK40, Ireland",ROOFTOP,53.283601,-6.1796606,A94 VK40,street_address,Dn Laoghaire-Rathdown,Blackrock-Carysfort,05009,Dublin,267020012
205953,2017.0,"38 BOROIMHE HAZEL, SWORDS, DUBLIN,Dublin,Ireland",03/03/2017,"38 BOROIMHE HAZEL, SWORDS, DUBLIN",,Dublin,307000.0,No,No,Second-Hand Dwelling house /Apartment,,2017-03-03,"38 Boroimhe Hazel, Nevinstown West, Swords, Co. Dublin, K67 KX64, Ireland",ROOFTOP,53.4431159,-6.231966,K67 KX64,street_address,Fingal,Swords-Forrest,04036,Dublin,267132011
205954,2017.0,"38 BOYD AVENUE, HONEYPARK, DUN LAOGHAIRE,Dublin,Ireland",09/02/2017,"38 BOYD AVENUE, HONEYPARK, DUN LAOGHAIRE",,Dublin,590309.2,No,Yes,New Dwelling house /Apartment,greater than or equal to 125 sq metres,2017-02-09,"38 Boyd Ave, Honeypark, Dublin, Ireland",RANGE_INTERPOLATED,53.2809106,-6.1428043,,street_address,Dn Laoghaire-Rathdown,Dn Laoghaire-Sallynoggin West,05049,Dublin,267074006
205964,2017.0,"38 CLADDAGH RD, BALLYFERMOT, DUBLIN 10,Dublin,Ireland",12/05/2017,"38 CLADDAGH RD, BALLYFERMOT, DUBLIN 10",Dublin 10,Dublin,221000.0,No,No,Second-Hand Dwelling house /Apartment,,2017-05-12,"38 Claddagh Rd, Cherry Orchard, Dublin 10, D10 EK46, Ireland",ROOFTOP,53.3413019,-6.3642504,D10 EK46,street_address,Dublin City,Carna,02096,Dublin,268039009
205972,2017.0,"38 DRUMMARTIN TERRACE, GOATSTOWN, DUBLIN 14,Dublin,Ireland",01/03/2017,"38 DRUMMARTIN TERRACE, GOATSTOWN, DUBLIN 14",Dublin 14,Dublin,440000.0,No,No,Second-Hand Dwelling house /Apartment,,2017-03-01,"38 Drummartin Terrace, Mountanville, Dublin 14, D14 C927, Ireland",ROOFTOP,53.2911418,-6.2302788,D14 C927,street_address,Dn Laoghaire-Rathdown,Dundrum-Kilmacud,05038,Dublin,267079014
205977,2017.0,"38 FURRY PARK RD, KILLESTER, DUBLIN 5,Dublin,Ireland",05/04/2017,"38 FURRY PARK RD, KILLESTER, DUBLIN 5",Dublin 5,Dublin,525000.0,No,No,Second-Hand Dwelling house /Apartment,,2017-04-05,"38 Furry Park Rd, Clontarf East, Dublin 5, D05 Y682, Ireland",ROOFTOP,53.3722352,-6.1998157,D05 Y682,street_address,Dublin City,Clontarf East E,02041,Dublin,268045004
205980,2017.0,"38 GRANGE PARK VIEW, RAHENY, DUBLIN 5,Dublin,Ireland",09/03/2017,"38 GRANGE PARK VIEW, RAHENY, DUBLIN 5",Dublin 5,Dublin,290000.0,No,No,Second-Hand Dwelling house /Apartment,,2017-03-09,"38 Grange Park View, Donaghmede, Dublin 5, D05 HX06, Ireland",ROOFTOP,53.3879508,-6.1654709,D05 HX06,street_address,Dublin City,Grange D,02062,Dublin,268074008
205981,2017.0,"38 GRANGE PARK, BALDOYLE, DUBLIN 13,Dublin,Ireland",10/03/2017,"38 GRANGE PARK, BALDOYLE, DUBLIN 13",Dublin 13,Dublin,105000.0,No,No,Second-Hand Dwelling house /Apartment,,2017-03-10,"38 Grange Park, Baldoyle, Dublin 13, D13 K7Y4, Ireland",ROOFTOP,53.3985276,-6.1396289,D13 K7Y4,street_address,Fingal,Baldoyle,04004,Dublin,267004016
205986,2017.0,"38 Hollywoodrath Crescent, Hollystown, Dublin 15,Dublin,Ireland",08/03/2017,"38 Hollywoodrath Crescent, Hollystown, Dublin 15",Dublin 15,Dublin,264273.1,No,Yes,New Dwelling house /Apartment,greater than or equal to 38 sq metres and less than 125 sq metres,2017-03-08,"38 Hollystown Park, Hollystown, Dublin 15, D15 P0K1, Ireland",ROOFTOP,53.4343964,-6.3863745,D15 P0K1,street_address,Fingal,The Ward,04041,Dublin,267158022
205992,2017.0,"38 LIOSCIAN, SWORDS, DUBLIN,Dublin,Ireland",03/03/2017,"38 LIOSCIAN, SWORDS, DUBLIN",,Dublin,249000.0,No,No,Second-Hand Dwelling house /Apartment,,2017-03-03,"38 Lioscian, Rathbeale Rd, Windmill Lands, Swords, Co. Dublin, K67 FV44, Ireland",ROOFTOP,53.4627253,-6.2413122,K67 FV44,street_address,Fingal,Swords-Glasmore,04037,Dublin,267131016
205997,2017.0,"38 MARKET SQ, GREEN ST, DUBLIN 7,Dublin,Ireland",07/03/2017,"38 MARKET SQ, GREEN ST, DUBLIN 7",Dublin 7,Dublin,220000.0,No,No,Second-Hand Dwelling house /Apartment,,2017-03-07,"Apartment 40, Market Square, Green St, Rotunda, Dublin 7, Ireland",ROOFTOP,53.3498972,-6.2704125,,premise,Dublin City,Rotunda B,02089,Dublin,268139005
205998,2017.0,"38 MEADOWBANK, BUSHY PARK RD, TERENURE DUBLIN 6,Dublin,Ireland",12/05/2017,"38 MEADOWBANK, BUSHY PARK RD, TERENURE DUBLIN 6",Dublin 6,Dublin,527000.0,No,No,Second-Hand Dwelling house /Apartment,,2017-05-12,"Meadowbank, 31 Bushy Park Rd, Terenure, Dublin 6, D06 N9R2, Ireland",ROOFTOP,53.3073343,-6.2760379,D06 N9R2,street_address,Dublin City,Rathfarnham,02133,Dublin,268127001
206008,2017.0,"38 RATHDOWN SQ, NORTH CIRCULAR RD, DUBLIN 7,Dublin,Ireland",03/02/2017,"38 RATHDOWN SQ, NORTH CIRCULAR RD, DUBLIN 7",Dublin 7,Dublin,191000.0,No,No,Second-Hand Dwelling house /Apartment,,2017-02-03,"38 An Cuarbh�_thar Thuaidh, Arran Quay, Dublin 7, D07 V9F4, Ireland",ROOFTOP,53.3530489,-6.2962739,D07 V9F4,street_address,Dublin City,Arran Quay D,02004,Dublin,268004011
206015,2017.0,"38 SEAGRAVE, THE LINKS, STATION RD,Dublin,Ireland",12/05/2017,"38 SEAGRAVE, THE LINKS, STATION RD",Dublin 13,Dublin,137500.0,No,No,Second-Hand Dwelling house /Apartment,,2017-05-12,,,,,,,,,,,
206026,2017.0,"38 TIMBER MILL, ARTANE, DUBLIN 5,Dublin,Ireland",08/02/2017,"38 TIMBER MILL, ARTANE, DUBLIN 5",Dublin 5,Dublin,242000.0,No,No,Second-Hand Dwelling house /Apartment,,2017-02-08,"Timber Mills, Kilmore Rd, Beaumont, Dublin 5, Ireland",ROOFTOP,53.3842782,-6.2118513,,premise,Dublin City,Beaumont C,02023,Dublin,268023011
206028,2017.0,"38 WARREN GREEN, BALDOYLE, DUBLIN 13,Dublin,Ireland",10/02/2017,"38 WARREN GREEN, BALDOYLE, DUBLIN 13",Dublin 13,Dublin,295000.0,No,No,Second-Hand Dwelling house /Apartment,,2017-02-10,"38 Warren Green, Burrow, Dublin 13, D13 P7W7, Ireland",ROOFTOP,53.3935442,-6.123997,D13 P7W7,street_address,Fingal,Baldoyle,04004,Dublin,267004020
206031,2017.0,"38 WEAVERS COURT, NEILSTOWN RD, DUBLIN 22,Dublin,Ireland",10/04/2017,"38 WEAVERS COURT, NEILSTOWN RD, DUBLIN 22",Dublin 22,Dublin,118000.0,No,No,Second-Hand Dwelling house /Apartment,,2017-04-10,"Weaver Court, Neilstown Rd, Neillstown, Dublin 22, Ireland",ROOFTOP,53.3458031,-6.3991984,,premise,South Dublin,Clondalkin-Rowlagh,03009,Dublin,267052013
206032,2017.0,"38 WESTHAVEN, HUNTSTOWN DUBLIN 15, DUBLIN,Dublin,Ireland",08/02/2017,"38 WESTHAVEN, HUNTSTOWN DUBLIN 15, DUBLIN",Dublin 15,Dublin,245000.0,No,No,Second-Hand Dwelling house /Apartment,,2017-02-08,"38 Westhaven, Huntstown, Dublin 15, D15 X36E, Ireland",ROOFTOP,53.4021136,-6.4174589,D15 X36E,street_address,Fingal,Blanchardstown-Blakestown,04009,Dublin,267028099
206037,2017.0,"386 CLOGHER ROAD, CRUMLIN, DUBLIN 12,Dublin,Ireland",02/06/2017,"386 CLOGHER ROAD, CRUMLIN, DUBLIN 12",,Dublin,395000.0,No,No,Second-Hand Dwelling house /Apartment,,2017-06-02,"386 Clogher Rd, Kimmage, Dublin 12, D12 VH75, Ireland",ROOFTOP,53.3290277,-6.2848075,D12 VH75,street_address,Dublin City,Kimmage C,02113,Dublin,268092002
206042,2017.0,"39 AVONDALE AVE, PHIBSBOROUGH, DUBLIN 7,Dublin,Ireland",10/03/2017,"39 AVONDALE AVE, PHIBSBOROUGH, DUBLIN 7",Dublin 7,Dublin,245000.0,No,No,Second-Hand Dwelling house /Apartment,,2017-03-10,"39 Avondale Ave, Phibsborough, Dublin 7, D07 VP94, Ireland",ROOFTOP,53.3596229,-6.275076,D07 VP94,street_address,Dublin City,Arran Quay A,02001,Dublin,268001002
206045,2017.0,"39 BEECH HILL AVE, DONNYBROOK, DUBLIN 4,Dublin,Ireland",08/02/2017,"39 BEECH HILL AVE, DONNYBROOK, DUBLIN 4",Dublin 4,Dublin,435500.0,No,No,Second-Hand Dwelling house /Apartment,,2017-02-08,"39 Beech Hill Ave, Dublin 4, D04 V0Y6, Ireland",ROOFTOP,53.3157912,-6.2339703,D04 V0Y6,street_address,Dublin City,Pembroke East D,02128,Dublin,268113005
206046,2017.0,"39 BEECHLAWN AVE, ARTANE, DUBLIN 5,Dublin,Ireland",03/05/2017,"39 BEECHLAWN AVE, ARTANE, DUBLIN 5",Dublin 5,Dublin,317000.0,No,No,Second-Hand Dwelling house /Apartment,,2017-05-03,"39 Beechlawn Ave, Kilmore, Dublin 5, D05 DC96, Ireland",ROOFTOP,53.3920567,-6.2078482,D05 DC96,street_address,Dublin City,Kilmore D,02072,Dublin,268087003
206052,2017.0,"39 BRAMLEY VIEW, CASTLEKNOCK, DUBLIN 15,Dublin,Ireland",02/05/2017,"39 BRAMLEY VIEW, CASTLEKNOCK, DUBLIN 15",Dublin 15,Dublin,375500.0,No,No,Second-Hand Dwelling house /Apartment,,2017-05-02,"39 Bramley Cres, Carpenterstown, Dublin 15, D15 F43H, Ireland",ROOFTOP,53.3728798,-6.3865402,D15 F43H,street_address,Fingal,Castleknock-Knockmaroon,04016,Dublin,267040030
206060,2017.0,"39 CASTLEGRANGE DR, CLONDALKIN, DUBLIN 22,Dublin,Ireland",03/02/2017,"39 CASTLEGRANGE DR, CLONDALKIN, DUBLIN 22",Dublin 22,Dublin,180000.0,No,No,Second-Hand Dwelling house /Apartment,,2017-02-03,"39 Castlegrange Dr, Deansrath, Dublin 22, D22 NR12, Ireland",ROOFTOP,53.321418,-6.4267089,D22 NR12,street_address,South Dublin,Clondalkin-Dunawley,03006,Dublin,267049023
206071,2017.0,"39 CREMORE CRESCENT, GLASNEVIN, DUBLIN 11,Dublin,Ireland",03/02/2017,"39 CREMORE CRESCENT, GLASNEVIN, DUBLIN 11",Dublin 11,Dublin,500000.0,No,No,Second-Hand Dwelling house /Apartment,,2017-02-03,"39 Cremore Cres, Ballygall, Dublin 11, D11 F6V2, Ireland",ROOFTOP,53.3785532,-6.2799601,D11 F6V2,street_address,Dublin City,Ballygall D,02014,Dublin,268014006
206078,2017.0,"39 EARLSFORT MEADOWS, LUCAN, DUBLIN,Dublin,Ireland",03/03/2017,"39 EARLSFORT MEADOWS, LUCAN, DUBLIN",,Dublin,250000.0,No,No,Second-Hand Dwelling house /Apartment,,2017-03-03,"39 Earlsfort Meadows, Ballyowen, Lucan, Co. Dublin, K78 C796, Ireland",ROOFTOP,53.3471408,-6.4145657,K78 C796,street_address,South Dublin,Lucan-Esker,03015,Dublin,267100079
206081,2017.0,"39 Eaton Close, Rathcoole,Dublin,Ireland",06/04/2017,"39 Eaton Close, Rathcoole",,Dublin,245000.0,No,Yes,New Dwelling house /Apartment,greater than or equal to 38 sq metres and less than 125 sq metres,2017-04-06,"Apartment 8, Eaton Close, Main St, Rathcoole, Co. Dublin, Ireland",ROOFTOP,53.2815209,-6.4707408,,premise,South Dublin,Rathcoole,03021,Dublin,267112013
206098,2017.0,"39 KINCORA DR, CLONTARF, DUBLIN 3,Dublin,Ireland",09/02/2017,"39 KINCORA DR, CLONTARF, DUBLIN 3",Dublin 3,Dublin,600000.0,No,No,Second-Hand Dwelling house /Apartment,,2017-02-09,"39 Kincora Dr, Clontarf East, Dublin 3, D03 EV88, Ireland",ROOFTOP,53.3652727,-6.2093416,D03 EV88,street_address,Dublin City,Clontarf East D,02040,Dublin,268044005
206099,2017.0,"39 KINGS INN COURT, PHIBSBOROUGH, DUBLIN 7,Dublin,Ireland",11/05/2017,"39 KINGS INN COURT, PHIBSBOROUGH, DUBLIN 7",Dublin 7,Dublin,320000.0,No,No,Second-Hand Dwelling house /Apartment,,2017-05-11,"39, King's Inns Court, Phibsborough Rd, Phibsborough, Dublin 7, Ireland",ROOFTOP,53.3576678,-6.2731185,,subpremise,Dublin City,Arran Quay A,02001,Dublin,268001005
206106,2017.0,"39 MILLPARK, OLD NANGOR RD, CLONDALKIN DUBLIN 22,Dublin,Ireland",05/04/2017,"39 MILLPARK, OLD NANGOR RD, CLONDALKIN DUBLIN 22",Dublin 22,Dublin,215000.0,No,No,Second-Hand Dwelling house /Apartment,,2017-04-05,"Mill Park, Old Nangor Rd, Clondalkin, Dublin 22, Ireland",ROOFTOP,53.3243671,-6.4005664,,premise,South Dublin,Clondalkin-Dunawley,03006,Dublin,267049015
206129,2017.0,"39 STILLORGAN HEATH, STILLORGAN, BLACKROCK,Dublin,Ireland",02/02/2017,"39 STILLORGAN HEATH, STILLORGAN, BLACKROCK",,Dublin,820000.0,No,No,Second-Hand Dwelling house /Apartment,,2017-02-02,"39 Stillorgan Heath, Stillorgan, Dublin, A94 VR98, Ireland",ROOFTOP,53.2822127,-6.2086199,A94 VR98,street_address,Dn Laoghaire-Rathdown,Stillorgan-Merville,05066,Dublin,267127009
206139,2017.0,"39 TURNSTONE, THORN WOOD, BOOTERSTOWN AVE,Dublin,Ireland",08/06/2017,"39 TURNSTONE, THORN WOOD, BOOTERSTOWN AVE",,Dublin,360000.0,No,No,Second-Hand Dwelling house /Apartment,,2017-06-08,"Booterstown Ave, Merrion, Blackrock, Co. Dublin, Ireland",GEOMETRIC_CENTER,53.2996153,-6.2044644,,"establishment,point_of_interest",Dn Laoghaire-Rathdown,Blackrock-Booterstown,05008,Dublin,267019008
206159,2017.0,"3D HAYESTOWN GREEN, RUSH, DUBLIN,Dublin,Ireland",03/04/2017,"3D HAYESTOWN GREEN, RUSH, DUBLIN",,Dublin,475000.0,No,No,Second-Hand Dwelling house /Apartment,,2017-04-03,"3 The Green, Rush, Co. Dublin, Ireland",RANGE_INTERPOLATED,53.5371115,-6.0966096,,street_address,Fingal,Rush,04033,Dublin,267118026
206163,2017.0,"4  PARKSIDE CLOSE, DUBLIN  13,Dublin,Ireland",06/03/2017,"4  PARKSIDE CLOSE, DUBLIN  13",Dublin 13,Dublin,314000.0,No,Yes,New Dwelling house /Apartment,greater than or equal to 38 sq metres and less than 125 sq metres,2017-03-06,"Parkside Mews, Grange, Dublin, Ireland",GEOMETRIC_CENTER,53.4065018,-6.1670122,,route,Dublin City,Grange A,02059,Dublin,268071024
206168,2017.0,"4 AILESBURY OAKS, AILESBURY RD, BALLSBRIDGE DUBLIN 4,Dublin,Ireland",02/06/2017,"4 AILESBURY OAKS, AILESBURY RD, BALLSBRIDGE DUBLIN 4",Dublin 4,Dublin,840000.0,No,No,Second-Hand Dwelling house /Apartment,,2017-06-02,"Ailesbury Oaks, Ailesbury Rd, Dublin 4, Ireland",ROOFTOP,53.3209401,-6.2169417,,premise,Dublin City,Pembroke East E,02129,Dublin,268114001
206174,2017.0,"4 AN CUILEANN, MOUNT ANVILLE RD, DUNDRUM DUBLIN 14,Dublin,Ireland",09/02/2017,"4 AN CUILEANN, MOUNT ANVILLE RD, DUNDRUM DUBLIN 14",Dublin 14,Dublin,401000.0,No,No,Second-Hand Dwelling house /Apartment,,2017-02-09,"Apartment 5, An Cuileann, Mount Anville Rd, Mount Merrion, Dublin 14, Ireland",ROOFTOP,53.298121,-6.219307,,premise,Dn Laoghaire-Rathdown,Stillorgan-Deerpark,05063,Dublin,267124005
206186,2017.0,"4 Ashfield Avenue, Ridgewood, Forrest Road,Dublin,Ireland",02/03/2017,"4 Ashfield Avenue, Ridgewood, Forrest Road",,Dublin,385000.0,No,Yes,New Dwelling house /Apartment,greater than or equal to 38 sq metres and less than 125 sq metres,2017-03-02,"59 Main St, Swords Demesne, Swords, Co. Dublin, Ireland",ROOFTOP,53.4565097,-6.2211673,,"establishment,finance,point_of_interest,real_estate_agency",Fingal,Swords Village,04040,Dublin,267135010
206188,2017.0,"4 BALLENTREE CRESCENT, TYRELLSTOWN, DUBLIN 15,Dublin,Ireland",08/02/2017,"4 BALLENTREE CRESCENT, TYRELLSTOWN, DUBLIN 15",Dublin 15,Dublin,227000.0,No,No,Second-Hand Dwelling house /Apartment,,2017-02-08,"4 Ballentree Cres, Tyrrelstown, Dublin 15, D15 V9W6, Ireland",ROOFTOP,53.4178795,-6.3837935,D15 V9W6,street_address,Fingal,The Ward,04041,Dublin,267158005
206206,2017.0,"4 BENMADIGAN RD, DUBLIN 12, DUBLIN,Dublin,Ireland",09/06/2017,"4 BENMADIGAN RD, DUBLIN 12, DUBLIN",Dublin 12,Dublin,270000.0,No,No,Second-Hand Dwelling house /Apartment,,2017-06-09,"4 Benmadigan Rd, Drimnagh, Dublin 12, D12 WC79, Ireland",ROOFTOP,53.3342582,-6.3124048,D12 WC79,street_address,Dublin City,Crumlin A,02098,Dublin,268051011
206213,2017.0,"4 BROOKDENE, SHANKILL, DUBLIN 18,Dublin,Ireland",02/02/2017,"4 BROOKDENE, SHANKILL, DUBLIN 18",Dublin 18,Dublin,350000.0,No,No,Second-Hand Dwelling house /Apartment,,2017-02-02,"4 B�_thar Sheang��na�_, Fothair an tSruth��in, Seanchill, Baile ́tha Cliath 18, D18 XE81, Ireland",ROOFTOP,53.243512,-6.1211325,D18 XE81,street_address,Dn Laoghaire-Rathdown,Killiney South,05059,Dublin,267097001
206216,2017.0,"4 BUSHFIELD SQ, FAIRVIEW, DUBLIN 3,Dublin,Ireland",10/02/2017,"4 BUSHFIELD SQ, FAIRVIEW, DUBLIN 3",Dublin 3,Dublin,330000.0,No,No,Second-Hand Dwelling house /Apartment,,2017-02-10,"4 Bushfield Square, Fionnradharc, Dublin 3, D03 A2V1, Ireland",ROOFTOP,53.3645148,-6.2407448,D03 A2V1,street_address,Dublin City,Drumcondra South A,02047,Dublin,268058006
206220,2017.0,"4 Bower Court, Old Fancourt, Balbriggan,Dublin,Ireland",09/05/2017,"4 Bower Court, Old Fancourt, Balbriggan",,Dublin,273128.0,No,Yes,New Dwelling house /Apartment,greater than or equal to 38 sq metres and less than 125 sq metres,2017-05-09,,,,,,,,,,,
206228,2017.0,"4 CARRIG LEATHAN, KILBUSH, RUSH,Dublin,Ireland",12/05/2017,"4 CARRIG LEATHAN, KILBUSH, RUSH",,Dublin,310000.0,No,No,Second-Hand Dwelling house /Apartment,,2017-05-12,"Carraig Leathan, Kilbush Ln, Rush, Co. Dublin, Ireland",ROOFTOP,53.5233999,-6.0876576,,premise,Fingal,Rush,04033,Dublin,267118016
206242,2017.0,"4 CHAMBER STREET, THE COOMBE, DUBLIN 8,Dublin,Ireland",02/06/2017,"4 CHAMBER STREET, THE COOMBE, DUBLIN 8",,Dublin,295000.0,No,No,Second-Hand Dwelling house /Apartment,,2017-06-02,"4A Chamber St, Merchants Quay, Dublin 8, D08 EC84, Ireland",ROOFTOP,53.3379339,-6.2794369,D08 EC84,street_address,Dublin City,Merchants Quay C,02121,Dublin,268100008
206248,2017.0,"4 CHURCHLANDS, SANDYFORD VILLAGE, DUBLIN 18,Dublin,Ireland",05/05/2017,"4 CHURCHLANDS, SANDYFORD VILLAGE, DUBLIN 18",Dublin 18,Dublin,297000.0,Yes,No,Second-Hand Dwelling house /Apartment,,2017-05-05,"4 Churchlands, Sandyford, Dublin 18, D18 AC62, Ireland",ROOFTOP,53.2707265,-6.2273478,D18 AC62,street_address,Dn Laoghaire-Rathdown,Dundrum-Balally,05037,Dublin,267078001
206255,2017.0,"4 CLINCHES COURT, DUBLIN 3, DUBLIN,Dublin,Ireland",01/03/2017,"4 CLINCHES COURT, DUBLIN 3, DUBLIN",Dublin 3,Dublin,142500.0,No,No,Second-Hand Dwelling house /Apartment,,2017-03-01,,,,,,,,,,,
206264,2017.0,"4 COMERAGH RD, DRIMNAGH, DUBLIN 12,Dublin,Ireland",09/05/2017,"4 COMERAGH RD, DRIMNAGH, DUBLIN 12",Dublin 12,Dublin,256000.0,No,No,Second-Hand Dwelling house /Apartment,,2017-05-09,"4 Comeragh Rd, Drimnagh, Dublin 12, D12 WK16, Ireland",ROOFTOP,53.3259984,-6.3246983,D12 WK16,street_address,Dublin City,Crumlin F,02103,Dublin,268056004
206295,2017.0,"4 DOOROGE WOODS, BALLYBOGHILL, SWORDS,Dublin,Ireland",03/03/2017,"4 DOOROGE WOODS, BALLYBOGHILL, SWORDS",,Dublin,595000.0,No,No,Second-Hand Dwelling house /Apartment,,2017-03-03,"Dooroge House, Woodpark, Ballyboughal, Co. Dublin, Ireland",ROOFTOP,53.5113795,-6.2672326,,"establishment,point_of_interest",Fingal,Ballyboghil,04006,Dublin,267014003
206301,2017.0,"4 EARLSFORT GLADE, LUCAN, DUBLIN,Dublin,Ireland",02/05/2017,"4 EARLSFORT GLADE, LUCAN, DUBLIN",,Dublin,260000.0,No,No,Second-Hand Dwelling house /Apartment,,2017-05-02,"4 Earlsfort Glade, Balgaddy, Lucan, Co. Dublin, K78 EP02, Ireland",ROOFTOP,53.3456286,-6.4155022,K78 EP02,street_address,South Dublin,Lucan-Esker,03015,Dublin,267100078
206302,2017.0,"4 EDEN TERRACE, DUN LAOIRE, GLASTHULE,Dublin,Ireland",10/03/2017,"4 EDEN TERRACE, DUN LAOIRE, GLASTHULE",,Dublin,315000.0,No,No,Second-Hand Dwelling house /Apartment,,2017-03-10,"4 Eden Terrace, Glenageary, Dublin, A96 W449, Ireland",ROOFTOP,53.2855319,-6.1256935,A96 W449,street_address,Dn Laoghaire-Rathdown,Dn Laoghaire-Glasthule,05043,Dublin,267068007
206314,2017.0,"4 FLORENCE ST, DUBLIN 8, DUBLIN,Dublin,Ireland",05/05/2017,"4 FLORENCE ST, DUBLIN 8, DUBLIN",Dublin 8,Dublin,600000.0,No,No,Second-Hand Dwelling house /Apartment,,2017-05-05,"4 Florence St, Wood Quay, Dublin 8, D08 CFY9, Ireland",ROOFTOP,53.3312863,-6.2695567,D08 CFY9,street_address,Dublin City,Wood Quay B,02162,Dublin,268162014
206315,2017.0,"4 FORBES LANE, DUBLIN 8, DUBLIN,Dublin,Ireland",03/03/2017,"4 FORBES LANE, DUBLIN 8, DUBLIN",Dublin 8,Dublin,150000.0,No,No,Second-Hand Dwelling house /Apartment,,2017-03-03,"4 Forbes Ln, Ushers, Dublin 8, D08 Y8W5, Ireland",ROOFTOP,53.3394734,-6.2879018,D08 Y8W5,street_address,Dublin City,Ushers C,02154,Dublin,268150005
206325,2017.0,"4 GLEN TERRACE, GLASTHULE RD, GLASTHULE,Dublin,Ireland",08/05/2017,"4 GLEN TERRACE, GLASTHULE RD, GLASTHULE",,Dublin,762500.0,No,No,Second-Hand Dwelling house /Apartment,,2017-05-08,"Glenn Terrace, Glasthule Rd, Glenageary, Glasthule, Co. Dublin, Ireland",ROOFTOP,53.287492,-6.124226,,premise,Dn Laoghaire-Rathdown,Dn Laoghaire-Glasthule,05043,Dublin,267068002
206334,2017.0,"4 GRANTHAM MEWS, RATHMINES, DUBLIN,Dublin,Ireland",01/02/2017,"4 GRANTHAM MEWS, RATHMINES, DUBLIN",Dublin 6,Dublin,20000.0,Yes,No,Second-Hand Dwelling house /Apartment,,2017-02-01,"4 Grantham St, Saint Kevin's, Dublin 8, D08 Y2W7, Ireland",ROOFTOP,53.334198,-6.2659991,D08 Y2W7,street_address,Dublin City,St. Kevin's,02146,Dublin,268142006
206335,2017.0,"4 GREAT WESTERN SQ, PHIBSBOROUGH, DUBLIN 7,Dublin,Ireland",04/04/2017,"4 GREAT WESTERN SQ, PHIBSBOROUGH, DUBLIN 7",Dublin 7,Dublin,364000.0,No,No,Second-Hand Dwelling house /Apartment,,2017-04-04,"4 Great Western Square, Phibsborough, Dublin 7, D07 W351, Ireland",ROOFTOP,53.3594154,-6.2764237,D07 W351,street_address,Dublin City,Arran Quay A,02001,Dublin,268001001
206339,2017.0,"4 HAND PARK, RUSH, DUBLIN,Dublin,Ireland",03/05/2017,"4 HAND PARK, RUSH, DUBLIN",,Dublin,150000.0,Yes,No,Second-Hand Dwelling house /Apartment,,2017-05-03,"4 Hands Ln, Rush, Co. Dublin, Ireland",RANGE_INTERPOLATED,53.5213583,-6.0943577,,street_address,Fingal,Rush,04033,Dublin,267118013
206344,2017.0,"4 HERBERTON DRIVE, CRUMLIN, DUBLIN 12,Dublin,Ireland",12/05/2017,"4 HERBERTON DRIVE, CRUMLIN, DUBLIN 12",Dublin 12,Dublin,330000.0,No,No,Second-Hand Dwelling house /Apartment,,2017-05-12,"4 Herberton Rd, Drimnagh, Dublin 12, D12 FY99, Ireland",ROOFTOP,53.3306947,-6.2978817,D12 FY99,street_address,Dublin City,Crumlin C,02100,Dublin,268053001
206352,2017.0,"4 Hamilton way, Royal Canal Park, Ratoath Road,Dublin,Ireland",09/06/2017,"4 Hamilton way, Royal Canal Park, Ratoath Road",,Dublin,285450.0,No,Yes,New Dwelling house /Apartment,greater than or equal to 38 sq metres and less than 125 sq metres,2017-06-09,"Royal Canal Park, Dublin, Co. Dublin, Ireland",GEOMETRIC_CENTER,53.3770924,-6.3179312,,"establishment,point_of_interest",Dublin City,Ashtown A,02006,Dublin,268006025
206363,2017.0,"4 KINCORA PARK, CLONTARF, DUBLIN 3,Dublin,Ireland",08/02/2017,"4 KINCORA PARK, CLONTARF, DUBLIN 3",Dublin 3,Dublin,800000.0,No,No,Second-Hand Dwelling house /Apartment,,2017-02-08,"4 Kincora Park, Clontarf East, Dublin 3, D03 VY51, Ireland",ROOFTOP,53.36181,-6.2011085,D03 VY51,street_address,Dublin City,Clontarf East C,02039,Dublin,268043006
206364,2017.0,"4 KINGSTON HALL, HAROLDS RD, SANDYFORD DUBLIN 18,Dublin,Ireland",09/01/2017,"4 KINGSTON HALL, HAROLDS RD, SANDYFORD DUBLIN 18",Dublin 18,Dublin,290000.0,No,No,Second-Hand Dwelling house /Apartment,,2017-01-09,"Apartment 48, Kingston Hall, Harold's Grange Rd, Sandyford, Dublin 18, Ireland",ROOFTOP,53.2676542,-6.2537557,,premise,Dn Laoghaire-Rathdown,Glencullen,05057,Dublin,267092003
206377,2017.0,"4 LORCAN DR, SANTRY, DUBLIN 9,Dublin,Ireland",04/01/2017,"4 LORCAN DR, SANTRY, DUBLIN 9",Dublin 9,Dublin,337500.0,No,No,Second-Hand Dwelling house /Apartment,,2017-01-04,"4 Lorcan Dr, Whitehall, Dublin 9, D09 R504, Ireland",ROOFTOP,53.3930703,-6.2421585,D09 R504,street_address,Dublin City,Whitehall C,02092,Dublin,268159003
206388,2017.0,"4 MARINE COURT, CROFTON RD, DUN LAOGHAIRE,Dublin,Ireland",10/05/2017,"4 MARINE COURT, CROFTON RD, DUN LAOGHAIRE",,Dublin,475000.0,No,No,Second-Hand Dwelling house /Apartment,,2017-05-10,"2, Marine Court, Crofton Rd, D̼n Laoghaire, Dublin, Ireland",ROOFTOP,53.295471,-6.1378987,,premise,Dn Laoghaire-Rathdown,Dn Laoghaire-West Central,05052,Dublin,267077009
206402,2017.0,"4 MONKSFIELD GROVE, CLONDALKIN, DUBLIN 22,Dublin,Ireland",11/05/2017,"4 MONKSFIELD GROVE, CLONDALKIN, DUBLIN 22",Dublin 22,Dublin,262000.0,No,No,Second-Hand Dwelling house /Apartment,,2017-05-11,"4 Monksfield Grove, Knockmitten, Dublin 22, D22 E120, Ireland",ROOFTOP,53.3222336,-6.3753037,D22 E120,street_address,South Dublin,Clondalkin-Monastery,03007,Dublin,267050024
206406,2017.0,"4 MOUNT ARGUS CLOSE, HAROLDS CROSS, DUBLIN 6W,Dublin,Ireland",09/06/2017,"4 MOUNT ARGUS CLOSE, HAROLDS CROSS, DUBLIN 6W",,Dublin,510000.0,No,No,Second-Hand Dwelling house /Apartment,,2017-06-09,"4 Mount Argus Cl, Harold's Cross, Dublin 6W, Co. Dublin, D6W WK22, Ireland",ROOFTOP,53.3202653,-6.290343,D6W WK22,street_address,Dublin City,Kimmage C,02113,Dublin,268092005
206415,2017.0,"4 NEW PARK, WHITES CROSS, FOXROCK,Dublin,Ireland",08/05/2017,"4 NEW PARK, WHITES CROSS, FOXROCK",Dublin 18,Dublin,395000.0,No,No,Second-Hand Dwelling house /Apartment,,2017-05-08,"Whitecross, Leopardstown Rd, Newpark, Dublin 18, Ireland",ROOFTOP,53.2771595,-6.1872785,,premise,Dn Laoghaire-Rathdown,Stillorgan-Leopardstown,05065,Dublin,267126009
206422,2017.0,"4 OAKPARK DR, SANTRY DUBLIN 9, DUBLIN,Dublin,Ireland",07/03/2017,"4 OAKPARK DR, SANTRY DUBLIN 9, DUBLIN",Dublin 9,Dublin,278000.0,No,No,Second-Hand Dwelling house /Apartment,,2017-03-07,"4 Oak Park Dr, Whitehall, Dublin 9, D09 TD29, Ireland",ROOFTOP,53.3950578,-6.2416056,D09 TD29,street_address,Dublin City,Whitehall C,02092,Dublin,268159005
206424,2017.0,"4 OCASEY HALL, COLLEGEWOOD, CASTLEKNOCK,Dublin,Ireland",03/04/2017,"4 OCASEY HALL, COLLEGEWOOD, CASTLEKNOCK",Dublin 15,Dublin,235000.0,No,No,Second-Hand Dwelling house /Apartment,,2017-04-03,"Apartment 15, O'Casey Hall, Collegewood, Castleknock, Dublin 15, Ireland",ROOFTOP,53.3712655,-6.3677375,,premise,Fingal,Castleknock-Knockmaroon,04016,Dublin,267040052
206428,2017.0,"4 OLD RECTORY PARK, TANEY RD, DUNDRUM DUBLIN 14,Dublin,Ireland",10/01/2017,"4 OLD RECTORY PARK, TANEY RD, DUNDRUM DUBLIN 14",Dublin 14,Dublin,544500.0,No,No,Second-Hand Dwelling house /Apartment,,2017-01-10,"4 Old Rectory Park, Taney Rd, Churchtown Lower, Dublin 14, D14 K224, Ireland",ROOFTOP,53.2928048,-6.2440746,D14 K224,street_address,Dn Laoghaire-Rathdown,Dundrum-Taney,05041,Dublin,267082001
206432,2017.0,"4 OTTERBROOK, WILLBROOK RD, RATHFARNHAM DUBLIN 14,Dublin,Ireland",04/01/2017,"4 OTTERBROOK, WILLBROOK RD, RATHFARNHAM DUBLIN 14",Dublin 14,Dublin,357500.0,No,No,Second-Hand Dwelling house /Apartment,,2017-01-04,"4 Willbrook Rd, Otterbrook, Rathfarnham, Dublin 14, D14 Y096, Ireland",ROOFTOP,53.2938326,-6.2879933,D14 Y096,street_address,South Dublin,Rathfarnham-Butterfield,03023,Dublin,267114002
206439,2017.0,"4 Odin's Way, Taylor's Lane, Rathfarnham,Dublin,Ireland",06/06/2017,"4 Odin's Way, Taylor's Lane, Rathfarnham",Dublin 16,Dublin,480176.21,No,Yes,New Dwelling house /Apartment,greater than or equal to 38 sq metres and less than 125 sq metres,2017-06-06,"658 Whitechurch Rd, Rathfarnham, Dublin 16, D16 C954 Whitechurch Rd, Rathfarnham, Dublin 16, D16 C954, Ireland",ROOFTOP,53.2815731,-6.2851548,D16 C954,"establishment,point_of_interest",South Dublin,Edmondstown,03011,Dublin,267083017
206442,2017.0,"4 PINEBROOK HEIGHTS, CLONSILLA, DUBLIN 15,Dublin,Ireland",03/03/2017,"4 PINEBROOK HEIGHTS, CLONSILLA, DUBLIN 15",Dublin 15,Dublin,152000.0,No,No,Second-Hand Dwelling house /Apartment,,2017-03-03,"4 Pinebrook Heights, Huntstown, Dublin 15, D15 PW9V, Ireland",ROOFTOP,53.3982303,-6.4132291,D15 PW9V,street_address,Fingal,Blanchardstown-Blakestown,04009,Dublin,267028015
206448,2017.0,"4 Park lane, Belltree, Clongriffen,Dublin,Ireland",03/01/2017,"4 Park lane, Belltree, Clongriffen",,Dublin,255507.0,No,Yes,New Dwelling house /Apartment,greater than or equal to 38 sq metres and less than 125 sq metres,2017-01-03,"Belltree Avenue, Donaghmede, Dublin, Ireland",GEOMETRIC_CENTER,53.4065193,-6.1564006,,route,Dublin City,Grange B,02060,Dublin,268072013/01
206449,2017.0,"4 Parkside Square, Malahide Road, Balgriffin,Dublin,Ireland",12/04/2017,"4 Parkside Square, Malahide Road, Balgriffin",Dublin 13,Dublin,330396.0,No,Yes,New Dwelling house /Apartment,greater than or equal to 38 sq metres and less than 125 sq metres,2017-04-12,,,,,,,,,,,
206452,2017.0,"4 Priorswood Lodge, Clonshaugh, Dublin 17,Dublin,Ireland",01/06/2017,"4 Priorswood Lodge, Clonshaugh, Dublin 17",,Dublin,285000.0,No,Yes,New Dwelling house /Apartment,greater than or equal to 38 sq metres and less than 125 sq metres,2017-06-01,"Priorswood Lodge, Clonshaugh Rd, Clonshagh, Dublin 17, Ireland",ROOFTOP,53.4032235,-6.214759,,premise,Dublin City,Priorswood A,02080,Dublin,268121003
206469,2017.0,"4 ROSSAUN, PILOT VIEW, HARBOUR RD,Dublin,Ireland",02/02/2017,"4 ROSSAUN, PILOT VIEW, HARBOUR RD",,Dublin,700000.0,No,No,Second-Hand Dwelling house /Apartment,,2017-02-02,,,,,,,,,,,
206470,2017.0,"4 ROSSECORT AVE, BALGADDY RD, LUCAN,Dublin,Ireland",05/04/2017,"4 ROSSECORT AVE, BALGADDY RD, LUCAN",,Dublin,207000.0,No,No,Second-Hand Dwelling house /Apartment,,2017-04-05,,,,,,,,,,,
206476,2017.0,"4 SEAFIELD CRESCENT, BOOTERSTOWN, DUBLIN,Dublin,Ireland",06/06/2017,"4 SEAFIELD CRESCENT, BOOTERSTOWN, DUBLIN",,Dublin,975000.0,No,No,Second-Hand Dwelling house /Apartment,,2017-06-06,"4 Seafield Cres, Booterstown, Blackrock, Co. Dublin, A94 X048, Ireland",ROOFTOP,53.3065192,-6.2090778,A94 X048,street_address,Dn Laoghaire-Rathdown,Blackrock-Glenomena,05011,Dublin,267022007
206477,2017.0,"4 SEAFIELD DOWNS, CLONTARF, DUBLIN 3,Dublin,Ireland",05/04/2017,"4 SEAFIELD DOWNS, CLONTARF, DUBLIN 3",Dublin 3,Dublin,445000.0,No,No,Second-Hand Dwelling house /Apartment,,2017-04-05,"4 Seafield Downs, Clontarf East, Dublin 3, D03 R3W9, Ireland",ROOFTOP,53.3617748,-6.1830614,D03 R3W9,street_address,Dublin City,Clontarf East B,02038,Dublin,268042007
206481,2017.0,"4 SEFTON GREEN, DUN LAOGHAIRE, DUBLIN,Dublin,Ireland",12/01/2017,"4 SEFTON GREEN, DUN LAOGHAIRE, DUBLIN",,Dublin,460000.0,No,No,Second-Hand Dwelling house /Apartment,,2017-01-12,"4 Sefton Green, D̼n Laoghaire, Dublin, A96 VX44, Ireland",ROOFTOP,53.2776736,-6.150548,A96 VX44,street_address,Dn Laoghaire-Rathdown,Cabinteely-Pottery,05021,Dublin,267039011
206483,2017.0,"4 SHANDON GREEN, PHIBSBOROUGH, DUBLIN 7,Dublin,Ireland",12/01/2017,"4 SHANDON GREEN, PHIBSBOROUGH, DUBLIN 7",Dublin 7,Dublin,333000.0,No,No,Second-Hand Dwelling house /Apartment,,2017-01-12,"4 Shandon Green, Phibsborough, Dublin 7, D07 N9X3, Ireland",ROOFTOP,53.3641823,-6.2801329,D07 N9X3,street_address,Dublin City,Cabra East A,02030,Dublin,268030004
206488,2017.0,"4 SION RD, GLENAGEARY, DUBLIN,Dublin,Ireland",02/06/2017,"4 SION RD, GLENAGEARY, DUBLIN",,Dublin,680000.0,No,No,Second-Hand Dwelling house /Apartment,,2017-06-02,"4 Sion Rd, Glenageary, Dublin, A96 T6D9, Ireland",ROOFTOP,53.2742482,-6.1261424,A96 T6D9,street_address,Dn Laoghaire-Rathdown,Dalkey-Avondale,05032,Dublin,267062003
206511,2017.0,"4 Stratton Lawn, Adamstown Square, Adamstown,Dublin,Ireland",11/05/2017,"4 Stratton Lawn, Adamstown Square, Adamstown",,Dublin,303964.75,No,Yes,New Dwelling house /Apartment,greater than or equal to 38 sq metres and less than 125 sq metres,2017-05-11,,,,,,,,,,,
206534,2017.0,"4 THE OLD SCHOOL YARD, OLDTOWN, OLD SCHOOL YARD,Dublin,Ireland",09/03/2017,"4 THE OLD SCHOOL YARD, OLDTOWN, OLD SCHOOL YARD",,Dublin,198000.0,No,No,Second-Hand Dwelling house /Apartment,,2017-03-09,,,,,,,,,,,
206535,2017.0,"4 THE ORCHARD, CARPENTERSTOWN ROAD, CASTLEKNOCK,Dublin,Ireland",07/03/2017,"4 THE ORCHARD, CARPENTERSTOWN ROAD, CASTLEKNOCK",,Dublin,150000.0,No,No,Second-Hand Dwelling house /Apartment,,2017-03-07,"The Orchard, Carpenterstown Road, Carpenterstown, Dublin 15, Ireland",ROOFTOP,53.3748932,-6.3884117,,premise,Fingal,Castleknock-Knockmaroon,04016,Dublin,267040027
206549,2017.0,"4 TORCA VIEW, DALKEY, DUBLIN,Dublin,Ireland",09/02/2017,"4 TORCA VIEW, DALKEY, DUBLIN",,Dublin,735000.0,No,No,Second-Hand Dwelling house /Apartment,,2017-02-09,"The Four Winds, Torca Rd, Dalkey, Co. Dublin, Ireland",ROOFTOP,53.2719462,-6.102731,,premise,Dn Laoghaire-Rathdown,Dalkey Hill,05035,Dublin,267060001
206563,2017.0,"4 UPPER CARYSFORT AVE, BLACKROCK, DUBLIN,Dublin,Ireland",05/05/2017,"4 UPPER CARYSFORT AVE, BLACKROCK, DUBLIN",,Dublin,726000.0,No,No,Second-Hand Dwelling house /Apartment,,2017-05-05,"4 Upper Carysfort Ave, Stillorgan Park, Blackrock, Co. Dublin, A94 K1C5, Ireland",ROOFTOP,53.2910522,-6.1799868,A94 K1C5,street_address,Dn Laoghaire-Rathdown,Blackrock-Carysfort,05009,Dublin,267020001
206569,2017.0,"4 WALKINSTOWN MEWS, WALKINSTOWN CLOSE, DUBLIN 12,Dublin,Ireland",12/04/2017,"4 WALKINSTOWN MEWS, WALKINSTOWN CLOSE, DUBLIN 12",Dublin 12,Dublin,290000.0,No,No,Second-Hand Dwelling house /Apartment,,2017-04-12,"4 Walkinstown Cl, Walkinstown, Dublin 12, D12 WK26, Ireland",ROOFTOP,53.3212689,-6.3366889,D12 WK26,street_address,Dublin City,Walkinstown A,02158,Dublin,268154004
206575,2017.0,"4 WILLOW LODGE, FARMLEIGH WOODS, CASTLEKNOCK,Dublin,Ireland",05/04/2017,"4 WILLOW LODGE, FARMLEIGH WOODS, CASTLEKNOCK",,Dublin,450000.0,No,No,Second-Hand Dwelling house /Apartment,,2017-04-05,"18, Willow Lodge, Farmleigh Ave, Farmleigh Woods, Dublin 15, Ireland",ROOFTOP,53.3677988,-6.3586083,,premise,Fingal,Castleknock-Knockmaroon,04016,Dublin,267040064
206581,2017.0,"4 WOODLAWN PARK DR, FIRHOUSE, DUBLIN 24,Dublin,Ireland",12/05/2017,"4 WOODLAWN PARK DR, FIRHOUSE, DUBLIN 24",Dublin 24,Dublin,392000.0,No,No,Second-Hand Dwelling house /Apartment,,2017-05-12,"4 Woodlawn Park Dr, Tymon South, Dublin 24, D24 R2NY, Ireland",ROOFTOP,53.2841793,-6.3359694,D24 R2NY,street_address,South Dublin,Firhouse Village,03014,Dublin,267084036
206589,2017.0,"4 aughrim place, stoneybatter, dublin 7,Dublin,Ireland",11/04/2017,"4 aughrim place, stoneybatter, dublin 7",Dublin 7,Dublin,460000.0,No,Yes,New Dwelling house /Apartment,greater than or equal to 125 sq metres,2017-04-11,"4 Aughrim St, Arran Quay, Dublin 7, D07 WK66, Ireland",ROOFTOP,53.3534305,-6.2860856,D07 WK66,street_address,Dublin City,Arran Quay E,02005,Dublin,268005013
206595,2017.0,"40 ABBOT'S GROVE AVENUE, ABBOT'S GROVE, KNOCKLYON,Dublin,Ireland",02/06/2017,"40 ABBOT'S GROVE AVENUE, ABBOT'S GROVE, KNOCKLYON",,Dublin,392070.48,No,Yes,New Dwelling house /Apartment,greater than or equal to 38 sq metres and less than 125 sq metres,2017-06-02,"24 Abbots grove, Ballycullen, Knocklyon, Co. Dublin, Ireland",ROOFTOP,53.2710579,-6.3252412,,"establishment,general_contractor,point_of_interest",South Dublin,Firhouse-Ballycullen,03012,Dublin,267085005/267085009
206602,2017.0,"40 BELLGREE DR, TYRRELSTOWN, DUBLIN 15,Dublin,Ireland",01/06/2017,"40 BELLGREE DR, TYRRELSTOWN, DUBLIN 15",Dublin 15,Dublin,252000.0,No,No,Second-Hand Dwelling house /Apartment,,2017-06-01,"40 Bellgree Dr, Tyrrelstown, Dublin 15, D15 P896, Ireland",ROOFTOP,53.4228606,-6.3893693,D15 P896,street_address,Fingal,The Ward,04041,Dublin,267158023
206604,2017.0,"40 BOROIMHE BLACKTHORN, BLACKTHORN, SWORDS,Dublin,Ireland",12/04/2017,"40 BOROIMHE BLACKTHORN, BLACKTHORN, SWORDS",,Dublin,265000.0,No,No,Second-Hand Dwelling house /Apartment,,2017-04-12,,,,,,,,,,,
206610,2017.0,"40 CASTLE GROVE, KILGOBBIN WOODS, SANDYFORD DUBLIN 18,Dublin,Ireland",10/04/2017,"40 CASTLE GROVE, KILGOBBIN WOODS, SANDYFORD DUBLIN 18",Dublin 18,Dublin,420000.0,No,No,Second-Hand Dwelling house /Apartment,,2017-04-10,"40 Castle Grove, Kilgobbin Woods, Dublin 18, D18 V103, Ireland",ROOFTOP,53.261027,-6.2095869,D18 V103,street_address,Dn Laoghaire-Rathdown,Glencullen,05057,Dublin,267092047
206612,2017.0,"40 CEDAR COURT, MOUNT TALLANT AVE, DUBLIN 6W,Dublin,Ireland",03/03/2017,"40 CEDAR COURT, MOUNT TALLANT AVE, DUBLIN 6W",,Dublin,420000.0,No,No,Second-Hand Dwelling house /Apartment,,2017-03-03,,,,,,,,,,,
206613,2017.0,"40 CEDARBROOK WALK, CHERRYORCHARD, DUBLIN 10,Dublin,Ireland",05/04/2017,"40 CEDARBROOK WALK, CHERRYORCHARD, DUBLIN 10",Dublin 10,Dublin,63228.17,Yes,No,Second-Hand Dwelling house /Apartment,,2017-04-05,"40 Cedar Brook Walk, Cherry Orchard, Dublin, Ireland",RANGE_INTERPOLATED,53.3369562,-6.381546,,street_address,Dublin City,Cherry Orchard A,02095,Dublin,268038003
206625,2017.0,"40 Drury Mills, Saggart,Dublin,Ireland",07/02/2017,"40 Drury Mills, Saggart",,Dublin,295110.0,No,Yes,New Dwelling house /Apartment,greater than or equal to 38 sq metres and less than 125 sq metres,2017-02-07,,,,,,,,,,,
206626,2017.0,"40 Eaton Close, Main Street, Rathcoole,Dublin,Ireland",06/02/2017,"40 Eaton Close, Main Street, Rathcoole",,Dublin,239000.0,No,Yes,New Dwelling house /Apartment,greater than or equal to 38 sq metres and less than 125 sq metres,2017-02-06,"Apartment 8, Eaton Close, Main St, Rathcoole, Co. Dublin, Ireland",ROOFTOP,53.2815209,-6.4707408,,premise,South Dublin,Rathcoole,03021,Dublin,267112013
206630,2017.0,"40 GROVE COURT, BLANCHARDSTOWN, DUBLIN 15,Dublin,Ireland",05/05/2017,"40 GROVE COURT, BLANCHARDSTOWN, DUBLIN 15",Dublin 15,Dublin,175000.0,No,No,Second-Hand Dwelling house /Apartment,,2017-05-05,"Grove Court, Grove Rd, Blanchardstown, Dublin 15, Ireland",ROOFTOP,53.3913788,-6.3943475,,premise,Fingal,Blanchardstown-Coolmine,04010,Dublin,267029013
206640,2017.0,"40 KENILWORTH PARK, DUBLIN 6W, DUBLIN,Dublin,Ireland",03/03/2017,"40 KENILWORTH PARK, DUBLIN 6W, DUBLIN",,Dublin,581250.0,No,No,Second-Hand Dwelling house /Apartment,,2017-03-03,"40 Kenilworth Park, Terenure, Dublin, Ireland",RANGE_INTERPOLATED,53.3194712,-6.2816123,,street_address,Dublin City,Terenure A,02148,Dublin,268144010
206644,2017.0,"40 LES BUISSONNETS, FRASCATI ROAD, BLACKROCK,Dublin,Ireland",10/01/2017,"40 LES BUISSONNETS, FRASCATI ROAD, BLACKROCK",,Dublin,325000.0,No,No,Second-Hand Dwelling house /Apartment,,2017-01-10,"Sweetman's Ave, Blackrock, Co. Dublin, Ireland",GEOMETRIC_CENTER,53.2992623,-6.1776469,,"establishment,point_of_interest",Dn Laoghaire-Rathdown,Blackrock-Templehill,05016,Dublin,267025010
206647,2017.0,"40 LUTTRELLSTOWN DR, CASTLEKNOCK, DUBLIN 15,Dublin,Ireland",08/02/2017,"40 LUTTRELLSTOWN DR, CASTLEKNOCK, DUBLIN 15",Dublin 15,Dublin,290000.0,No,No,Second-Hand Dwelling house /Apartment,,2017-02-08,"40 Luttrellstown Dr, Carpenterstown, Dublin 15, D15 P0A2, Ireland",ROOFTOP,53.3705237,-6.3968233,D15 P0A2,street_address,Fingal,Castleknock-Knockmaroon,04016,Dublin,267040040
206651,2017.0,"40 MONASTERY GATE CLOSE, CLONDALKIN, DUBLIN 22,Dublin,Ireland",06/06/2017,"40 MONASTERY GATE CLOSE, CLONDALKIN, DUBLIN 22",Dublin 22,Dublin,390000.0,No,No,Second-Hand Dwelling house /Apartment,,2017-06-06,"40 Monastery Gate Cl, Redcow, Dublin 22, D22 EC84, Ireland",ROOFTOP,53.3196237,-6.3726421,D22 EC84,street_address,South Dublin,Clondalkin-Monastery,03007,Dublin,267050037
206671,2017.0,"40 ST ANN SQUARE, PORTMARNOCK, CO DUBLIN,Dublin,Ireland",12/06/2017,"40 ST ANN SQUARE, PORTMARNOCK, CO DUBLIN",Dublin 13,Dublin,132500.0,No,No,Second-Hand Dwelling house /Apartment,,2017-06-12,"40 St Anne's Square, Portmarnock, Co. Dublin, Ireland",RANGE_INTERPOLATED,53.4204875,-6.1406321,,street_address,Fingal,Portmarnock South,04032,Dublin,267111007
206672,2017.0,"40 ST MARGARETS RD, MALAHIDE, DUBLIN,Dublin,Ireland",11/05/2017,"40 ST MARGARETS RD, MALAHIDE, DUBLIN",,Dublin,970000.0,No,No,Second-Hand Dwelling house /Apartment,,2017-05-11,"40 St Margaret's Rd, Malahide, Co. Dublin, K36 HC94, Ireland",ROOFTOP,53.447348,-6.1557795,K36 HC94,street_address,Fingal,Malahide East,04029,Dublin,267105001
206674,2017.0,"40 THE BEECHES, MONKSTOWN VALLEY, MONKSTOWN,Dublin,Ireland",01/03/2017,"40 THE BEECHES, MONKSTOWN VALLEY, MONKSTOWN",,Dublin,370000.0,Yes,No,Second-Hand Dwelling house /Apartment,,2017-03-01,"40 The Beeches, Monkstown Valley, Mountashton, Monkstown, Co. Dublin, A94 EY40, Ireland",ROOFTOP,53.2916946,-6.1621491,A94 EY40,street_address,Dn Laoghaire-Rathdown,Blackrock-Monkstown,05012,Dublin,267017013
206678,2017.0,"40 THE HARDWICK VILLAGE, NORTH BRUNSWICK ST, DUBLIN,Dublin,Ireland",12/05/2017,"40 THE HARDWICK VILLAGE, NORTH BRUNSWICK ST, DUBLIN",,Dublin,180000.0,No,No,Second-Hand Dwelling house /Apartment,,2017-05-12,,,,,,,,,,,
206679,2017.0,"40 THE MEADOWS, CLONSILLA, DUBLIN 15,Dublin,Ireland",05/04/2017,"40 THE MEADOWS, CLONSILLA, DUBLIN 15",Dublin 15,Dublin,201000.0,No,No,Second-Hand Dwelling house /Apartment,,2017-04-05,"40 B�_thar Chluain Saileach, Baile Bhlains̩ir, Baile ́tha Cliath 15, D15 FT5P, Ireland",ROOFTOP,53.3870903,-6.3835277,D15 FT5P,street_address,Fingal,Blanchardstown-Roselawn,04014,Dublin,267033006
206682,2017.0,"40 THE RISE, GLASNEVIN, DUBLIN 9,Dublin,Ireland",11/05/2017,"40 THE RISE, GLASNEVIN, DUBLIN 9",Dublin 9,Dublin,540000.0,No,No,Second-Hand Dwelling house /Apartment,,2017-05-11,"40 The Rise, Whitehall, Dublin 9, D09 H2C4, Ireland",ROOFTOP,53.3803176,-6.2640955,D09 H2C4,street_address,Dublin City,Whitehall A,02090,Dublin,268157003
206686,2017.0,"40 WEAVER COURT, NEILSTOWN RD, DUBLIN 22,Dublin,Ireland",09/05/2017,"40 WEAVER COURT, NEILSTOWN RD, DUBLIN 22",Dublin 22,Dublin,119000.0,No,No,Second-Hand Dwelling house /Apartment,,2017-05-09,"Weaver Court, Neilstown Rd, Neillstown, Dublin 22, Ireland",ROOFTOP,53.3458031,-6.3991984,,premise,South Dublin,Clondalkin-Rowlagh,03009,Dublin,267052013
206691,2017.0,"40 WYNNEFIELD PARK APTS, WYNNEFIELD RD, RATHMINES DUBLIN 6,Dublin,Ireland",11/05/2017,"40 WYNNEFIELD PARK APTS, WYNNEFIELD RD, RATHMINES DUBLIN 6",Dublin 6,Dublin,251100.0,No,No,Second-Hand Dwelling house /Apartment,,2017-05-11,,,,,,,,,,,
206694,2017.0,"400 SOUTH CIRCULAR ROAD, DUBLIN 8,Dublin,Ireland",03/02/2017,"400 SOUTH CIRCULAR ROAD, DUBLIN 8",Dublin 8,Dublin,144000.0,No,No,Second-Hand Dwelling house /Apartment,,2017-02-03,"400 S Circular Rd, Ushers, Dublin 8, D08 HX4V, Ireland",ROOFTOP,53.3339886,-6.2917312,D08 HX4V,street_address,Dublin City,Ushers D,02155,Dublin,268151003
206697,2017.0,"402 SOUTH CIRCULAR RD, DUBLIN 8, DUBLIN,Dublin,Ireland",03/02/2017,"402 SOUTH CIRCULAR RD, DUBLIN 8, DUBLIN",Dublin 8,Dublin,144000.0,No,No,Second-Hand Dwelling house /Apartment,,2017-02-03,"402 S Circular Rd, Ushers, Dublin 8, D08 YDT6, Ireland",ROOFTOP,53.3339997,-6.2918021,D08 YDT6,street_address,Dublin City,Ushers D,02155,Dublin,268151003
206698,2017.0,"403 HAMPTON LODGE BLOCK A, GRACEPARK ROAD, DRUMCONDRA,Dublin,Ireland",07/04/2017,"403 HAMPTON LODGE BLOCK A, GRACEPARK ROAD, DRUMCONDRA",,Dublin,343612.0,No,No,Second-Hand Dwelling house /Apartment,,2017-04-07,"Grace Park Rd, Whitehall, Dublin 9, Ireland",GEOMETRIC_CENTER,53.3760331,-6.2448122,,"establishment,point_of_interest",Dublin City,Whitehall D,02093,Dublin,268160003
206701,2017.0,"404 SOUTH CIRCULAR RD, DUBLIN 8, DUBLIN,Dublin,Ireland",03/02/2017,"404 SOUTH CIRCULAR RD, DUBLIN 8, DUBLIN",Dublin 8,Dublin,144000.0,No,No,Second-Hand Dwelling house /Apartment,,2017-02-03,"404 S Circular Rd, Ushers, Dublin 8, D08 AH2H, Ireland",ROOFTOP,53.334038,-6.2918325,D08 AH2H,street_address,Dublin City,Ushers D,02155,Dublin,268151003
206704,2017.0,"406 SOUTH CIRCULAR RD, DUBLIN 8, DUBLIN,Dublin,Ireland",03/02/2017,"406 SOUTH CIRCULAR RD, DUBLIN 8, DUBLIN",Dublin 8,Dublin,192000.0,No,No,Second-Hand Dwelling house /Apartment,,2017-02-03,"406 S Circular Rd, Ushers, Dublin 8, D08 H9R9, Ireland",ROOFTOP,53.3340691,-6.2919307,D08 H9R9,street_address,Dublin City,Ushers D,02155,Dublin,268151003
206705,2017.0,"408 MALAHIDE MARINA VILLAGE, MALAHIDE, DUBLIN,Dublin,Ireland",03/02/2017,"408 MALAHIDE MARINA VILLAGE, MALAHIDE, DUBLIN",,Dublin,612500.0,No,No,Second-Hand Dwelling house /Apartment,,2017-02-03,"408 Marina Village, Malahide, Co. Dublin, Ireland",RANGE_INTERPOLATED,53.454036,-6.1550609,,street_address,Fingal,Malahide East,04029,Dublin,267105026
206721,2017.0,"41 BALRUDDERY WOOD, BALROTHERY, DUBLIN,Dublin,Ireland",12/04/2017,"41 BALRUDDERY WOOD, BALROTHERY, DUBLIN",,Dublin,250000.0,No,No,Second-Hand Dwelling house /Apartment,,2017-04-12,"41 Balruddery Wood, Rosepark, Balrothery, Co. Dublin, K32 R230, Ireland",ROOFTOP,53.5827601,-6.1861292,K32 R230,street_address,Fingal,Balbriggan Rural,04002,Dublin,267002040
206723,2017.0,"41 BEECH LAWN, BALLINTEER, DUBLIN 16,Dublin,Ireland",09/02/2017,"41 BEECH LAWN, BALLINTEER, DUBLIN 16",Dublin 16,Dublin,483000.0,No,No,Second-Hand Dwelling house /Apartment,,2017-02-09,"41 Beech Lawn, Dundrum, Dublin 16, D16 N6Y5, Ireland",ROOFTOP,53.2856961,-6.2557177,D16 N6Y5,street_address,Dn Laoghaire-Rathdown,Ballinteer-Meadowmount,05005,Dublin,267012003
206729,2017.0,"41 BOROIMHE BEECH, SWORDS, DUBLIN,Dublin,Ireland",02/06/2017,"41 BOROIMHE BEECH, SWORDS, DUBLIN",,Dublin,230000.0,No,No,Second-Hand Dwelling house /Apartment,,2017-06-02,"41 Boroimhe Beech, Swords, Co. Dublin, Ireland",RANGE_INTERPOLATED,53.4438509,-6.2330592,,street_address,Fingal,Swords-Forrest,04036,Dublin,267132008
206731,2017.0,"41 BREMORE PASTURES CRESCENT, BALBRIGGAN, DUBLIN,Dublin,Ireland",10/02/2017,"41 BREMORE PASTURES CRESCENT, BALBRIGGAN, DUBLIN",,Dublin,180000.0,No,No,Second-Hand Dwelling house /Apartment,,2017-02-10,"41 Bremore Pastures Cres, Flemingtown, Balbriggan, Co. Dublin, K32 KV08, Ireland",ROOFTOP,53.6120668,-6.2118162,K32 KV08,street_address,Fingal,Balbriggan Rural,04002,Dublin,267002027
206735,2017.0,"41 CANDER LOCK, RINGSEND, DUBLIN 4,Dublin,Ireland",07/04/2017,"41 CANDER LOCK, RINGSEND, DUBLIN 4",Dublin 4,Dublin,307000.0,No,No,Second-Hand Dwelling house /Apartment,,2017-04-07,"Camden Lock, S Dock Rd, Grand Canal Dock, Dublin 4, Ireland",ROOFTOP,53.341769,-6.2305803,,premise,Dublin City,South Dock,02147,Dublin,268143024
206744,2017.0,"41 CLOONLARA SQ, THE PHOENIX PARK RACECOURSE, DUBLIN 15,Dublin,Ireland",12/04/2017,"41 CLOONLARA SQ, THE PHOENIX PARK RACECOURSE, DUBLIN 15",Dublin 15,Dublin,330000.0,No,No,Second-Hand Dwelling house /Apartment,,2017-04-12,"Cloonlara Square, Phoenix Park Ave, Phoenix Park Racecourse, Dublin 15, Ireland",ROOFTOP,53.3733658,-6.3375763,,premise,Fingal,Castleknock-Park,04017,Dublin,267041011
206756,2017.0,"41 FINGAL STREET, DUBLIN 8,Dublin,Ireland",05/04/2017,"41 FINGAL STREET, DUBLIN 8",Dublin 8,Dublin,215000.0,No,No,Second-Hand Dwelling house /Apartment,,2017-04-05,"41 Fingal St, Merchants Quay, Dublin 8, D08 T2P1, Ireland",ROOFTOP,53.3357005,-6.2879713,D08 T2P1,street_address,Dublin City,Merchants Quay F,02124,Dublin,268103004
206757,2017.0,"41 FORTESCUE LANE, MOUNTPLEASANT AVE LOWER, DUBLIN 6,Dublin,Ireland",12/04/2017,"41 FORTESCUE LANE, MOUNTPLEASANT AVE LOWER, DUBLIN 6",Dublin 6,Dublin,692000.0,No,No,Second-Hand Dwelling house /Apartment,,2017-04-12,"41 Mountpleasant Ave Lower, Fortescue Ln, Dublin 6, D06 EP63, Ireland",ROOFTOP,53.3283815,-6.2631185,D06 EP63,street_address,Dublin City,Rathmines West B,02139,Dublin,268133010
206761,2017.0,"41 GLENVARA PARK, KNOCKLYON, DUBLIN 16,Dublin,Ireland",09/05/2017,"41 GLENVARA PARK, KNOCKLYON, DUBLIN 16",Dublin 16,Dublin,490000.0,No,No,Second-Hand Dwelling house /Apartment,,2017-05-09,"41 Glenvara Park, Knocklyon, Dublin 16, D16 NX90, Ireland",ROOFTOP,53.2811291,-6.3287725,D16 NX90,street_address,South Dublin,Firhouse-Ballycullen,03012,Dublin,267085020
206764,2017.0,"41 HARBOUR COURT, GEORGES PLACE, DUN LAOGHAIRE,Dublin,Ireland",08/02/2017,"41 HARBOUR COURT, GEORGES PLACE, DUN LAOGHAIRE",,Dublin,230000.0,No,No,Second-Hand Dwelling house /Apartment,,2017-02-08,"22, Harbour Court, George's Pl, D̼n Laoghaire, Dublin, Ireland",ROOFTOP,53.2951756,-6.141188,,premise,Dn Laoghaire-Rathdown,Dn Laoghaire-West Central,05052,Dublin,267077008
206766,2017.0,"41 HEATHERVIEW LAWN, AYLESBURY, TALLAGHT DUBLIN 24,Dublin,Ireland",08/03/2017,"41 HEATHERVIEW LAWN, AYLESBURY, TALLAGHT DUBLIN 24",Dublin 24,Dublin,268000.0,No,No,Second-Hand Dwelling house /Apartment,,2017-03-08,,,,,,,,,,,
206770,2017.0,"41 Hampton Wood Green, Finglas, Dublin 11,Dublin,Ireland",02/05/2017,"41 Hampton Wood Green, Finglas, Dublin 11",,Dublin,233480.0,No,Yes,New Dwelling house /Apartment,greater than or equal to 38 sq metres and less than 125 sq metres,2017-05-02,"41 Hampton Wood Green, Hampton Wood, Dublin 11, D11 XP98, Ireland",ROOFTOP,53.4044022,-6.289119,D11 XP98,street_address,Dublin City,Ballymun A,02015,Dublin,268015011
206772,2017.0,"41 KENILWORTH SQ, RATHGAR, DUBLIN 6,Dublin,Ireland",02/03/2017,"41 KENILWORTH SQ, RATHGAR, DUBLIN 6",Dublin 6,Dublin,1380000.0,No,No,Second-Hand Dwelling house /Apartment,,2017-03-02,"41 Kenilworth Square W, Dublin 6, D06 CX36, Ireland",ROOFTOP,53.3172852,-6.2766313,D06 CX36,street_address,Dublin City,Rathmines West F,02143,Dublin,268137006
206778,2017.0,"41 MAYESTON COURT, FINGLAS, DUBLIN 11,Dublin,Ireland",09/02/2017,"41 MAYESTON COURT, FINGLAS, DUBLIN 11",,Dublin,150000.0,No,No,Second-Hand Dwelling house /Apartment,,2017-02-09,"Mayeston Court, Mayeston Hall, Dublin 11, Ireland",ROOFTOP,53.4065342,-6.286958,,premise,Fingal,Dubber,04020,Dublin,267066018
206779,2017.0,"41 MEADOW DR, CLONSILLA, DUBLIN 15,Dublin,Ireland",10/04/2017,"41 MEADOW DR, CLONSILLA, DUBLIN 15",Dublin 15,Dublin,197000.0,No,No,Second-Hand Dwelling house /Apartment,,2017-04-10,"41 Meadow Dr, Hartstown, Dublin 15, D15 K85N, Ireland",ROOFTOP,53.3969905,-6.4215594,D15 K85N,street_address,Fingal,Blanchardstown-Blakestown,04009,Dublin,267028057
206807,2017.0,"41 The Lawn, Hansfield Wood,Dublin,Ireland",02/05/2017,"41 The Lawn, Hansfield Wood",Dublin 15,Dublin,290748.0,No,Yes,New Dwelling house /Apartment,greater than or equal to 38 sq metres and less than 125 sq metres,2017-05-02,,,,,,,,,,,
206810,2017.0,"41 hollywoodrath crescent, hollystown,Dublin,Ireland",04/04/2017,"41 hollywoodrath crescent, hollystown",,Dublin,264273.12,No,Yes,New Dwelling house /Apartment,greater than or equal to 125 sq metres,2017-04-04,"41 Hollystown Park, Hollystown, Dublin 15, D15 N9V4, Ireland",ROOFTOP,53.4340247,-6.3861295,D15 N9V4,street_address,Fingal,The Ward,04041,Dublin,267158022
206811,2017.0,"410 412 SOUTH CIRCULAR RD, DUBLIN 8, DUBLIN,Dublin,Ireland",03/02/2017,"410 412 SOUTH CIRCULAR RD, DUBLIN 8, DUBLIN",Dublin 8,Dublin,144000.0,No,No,Second-Hand Dwelling house /Apartment,,2017-02-03,"410 S Circular Rd, Ushers, Dublin 8, D08 CDY7, Ireland",ROOFTOP,53.3341496,-6.2920323,D08 CDY7,street_address,Dublin City,Ushers D,02155,Dublin,268151003
206815,2017.0,"416 GRACEPARK MANOR, SWORDS RD, DRUMCONDRA DUBLIN 9,Dublin,Ireland",12/04/2017,"416 GRACEPARK MANOR, SWORDS RD, DRUMCONDRA DUBLIN 9",Dublin 9,Dublin,315000.0,No,No,Second-Hand Dwelling house /Apartment,,2017-04-12,"Dublin Northside, Whitehall, Dublin, Ireland",GEOMETRIC_CENTER,53.377103,-6.2431593,,"establishment,point_of_interest",Dublin City,Whitehall D,02093,Dublin,268160004
206858,2017.0,"42 HAZELBROOK, UPPER KILMACUD ROAD, CO DUBLIN,Dublin,Ireland",10/03/2017,"42 HAZELBROOK, UPPER KILMACUD ROAD, CO DUBLIN",,Dublin,800000.0,No,No,Second-Hand Dwelling house /Apartment,,2017-03-10,"Apartment 51, Hazelbrook, Kilmacud Rd Upper, Dundrum, Dublin 14, Ireland",ROOFTOP,53.2854363,-6.2251096,,premise,Dn Laoghaire-Rathdown,Stillorgan-Kilmacud,05064,Dublin,267125003
206864,2017.0,"42 LATCHFORD SQ, CLONSILLA, DUBLIN 15,Dublin,Ireland",01/02/2017,"42 LATCHFORD SQ, CLONSILLA, DUBLIN 15",Dublin 15,Dublin,191000.0,No,No,Second-Hand Dwelling house /Apartment,,2017-02-01,"42 Latchford Square, Castaheany, Dublin, Ireland",RANGE_INTERPOLATED,53.3961724,-6.4311688,,street_address,Fingal,Blanchardstown-Blakestown,04009,Dublin,267028075
206870,2017.0,"42 MOUNT CARMEL RD, GOATSTOWN, DUBLIN 14,Dublin,Ireland",03/05/2017,"42 MOUNT CARMEL RD, GOATSTOWN, DUBLIN 14",Dublin 14,Dublin,725000.0,No,No,Second-Hand Dwelling house /Apartment,,2017-05-03,"42 Mount Carmel Rd, Friarland, Dublin 14, D14 N677, Ireland",ROOFTOP,53.29584,-6.2384414,D14 N677,street_address,Dn Laoghaire-Rathdown,Dundrum-Taney,05041,Dublin,267082008
206872,2017.0,"42 OLD BAWN RD, MILLBROOKS LAWNS, TALLAGHT,Dublin,Ireland",11/05/2017,"42 OLD BAWN RD, MILLBROOKS LAWNS, TALLAGHT",,Dublin,250000.0,No,No,Second-Hand Dwelling house /Apartment,,2017-05-11,"42 Old Bawn Rd, Oldbawn, Dublin 24, D24 WK5D, Ireland",ROOFTOP,53.2831113,-6.3591309,D24 WK5D,street_address,South Dublin,Tallaght-Millbrook,03037,Dublin,267145011
206879,2017.0,"42 STOCKING WOOD HEATH, STOCKING AVENUE, DUBLIN 16,Dublin,Ireland",06/03/2017,"42 STOCKING WOOD HEATH, STOCKING AVENUE, DUBLIN 16",,Dublin,235000.0,No,No,Second-Hand Dwelling house /Apartment,,2017-03-06,"Stocking Wood Dr, Dublin, Ireland",GEOMETRIC_CENTER,53.2718795,-6.317735,,route,South Dublin,Firhouse-Ballycullen,03012,Dublin,267085011
206888,2017.0,"42 THORNFIELD SQUARE, CLONDALKIN, DUBLIN 22,Dublin,Ireland",09/06/2017,"42 THORNFIELD SQUARE, CLONDALKIN, DUBLIN 22",Dublin 22,Dublin,120000.0,No,No,Second-Hand Dwelling house /Apartment,,2017-06-09,"Thornfield Square, Watery Ln, Clondalkin, Dublin 22, Ireland",ROOFTOP,53.3243492,-6.393099,,premise,South Dublin,Clondalkin-Monastery,03007,Dublin,267050006
206889,2017.0,"42 TICKNOCK PARK, TICKNOCK HILL, SANDYFORD DUBLIN 18,Dublin,Ireland",11/01/2017,"42 TICKNOCK PARK, TICKNOCK HILL, SANDYFORD DUBLIN 18",Dublin 18,Dublin,270000.0,No,No,Second-Hand Dwelling house /Apartment,,2017-01-11,"42 Ticknock Way, Sandyford, Baile ́tha Cliath 18, D18 AY99, Ireland",ROOFTOP,53.2683924,-6.2436373,D18 AY99,street_address,Dn Laoghaire-Rathdown,Dundrum-Sandyford,05039,Dublin,267080001
206892,2017.0,"42 WILLOW VALE, BALLYBRACK, DUBLIN,Dublin,Ireland",02/06/2017,"42 WILLOW VALE, BALLYBRACK, DUBLIN",,Dublin,300000.0,No,No,Second-Hand Dwelling house /Apartment,,2017-06-02,"42 Willow Vale, Glenageary, Ballybrack, Co. Dublin, A96 P9V9, Ireland",ROOFTOP,53.2553651,-6.1360447,A96 P9V9,street_address,Dn Laoghaire-Rathdown,Cabinteely-Kilbogget,05019,Dublin,267037008
206899,2017.0,"423 GALLOPING GREEN, STILLORGAN, DUBLIN,Dublin,Ireland",03/04/2017,"423 GALLOPING GREEN, STILLORGAN, DUBLIN",,Dublin,399000.0,No,No,Second-Hand Dwelling house /Apartment,,2017-04-03,"Galloping Green, Stillorgan Rd, Galloping Green North, Blackrock, Co. Dublin, Ireland",ROOFTOP,53.2799235,-6.1860365,,premise,Dn Laoghaire-Rathdown,Blackrock-Carysfort,05009,Dublin,267020013
206902,2017.0,"42A DRUMMARTIN PARK, GOATSTOWN, DUBLIN 14,Dublin,Ireland",12/06/2017,"42A DRUMMARTIN PARK, GOATSTOWN, DUBLIN 14",,Dublin,810000.0,No,No,Second-Hand Dwelling house /Apartment,,2017-06-12,"42 Drummartin Park, Kilmacud West, Dublin 14, D14 T383, Ireland",ROOFTOP,53.2883675,-6.2232239,D14 T383,street_address,Dn Laoghaire-Rathdown,Stillorgan-Kilmacud,05064,Dublin,267125001
206903,2017.0,"42A DRUMMARTIN PARK, GOATSTOWN, DUBLIN 14,Dublin,Ireland",12/06/2017,"42A DRUMMARTIN PARK, GOATSTOWN, DUBLIN 14",,Dublin,810000.0,No,No,Second-Hand Dwelling house /Apartment,,2017-06-12,"42 Drummartin Park, Kilmacud West, Dublin 14, D14 T383, Ireland",ROOFTOP,53.2883675,-6.2232239,D14 T383,street_address,Dn Laoghaire-Rathdown,Stillorgan-Kilmacud,05064,Dublin,267125001
206909,2017.0,"43 BAYSIDE BOULEVARD SOUTH, SUTTON, DUBLIN 13,Dublin,Ireland",12/04/2017,"43 BAYSIDE BOULEVARD SOUTH, SUTTON, DUBLIN 13",Dublin 13,Dublin,330000.0,No,No,Second-Hand Dwelling house /Apartment,,2017-04-12,"43 Bayside Blvd S, Kilbarrack Lower, Dublin 13, D13 WY11, Ireland",ROOFTOP,53.3876161,-6.1393109,D13 WY11,street_address,Fingal,Sutton,04035,Dublin,267130011
206916,2017.0,"43 COLLEGEFORT, CASTLEKNOCK, DUBLIN,Dublin,Ireland",07/04/2017,"43 COLLEGEFORT, CASTLEKNOCK, DUBLIN",Dublin 15,Dublin,221000.0,No,No,Second-Hand Dwelling house /Apartment,,2017-04-07,"Collegefort, Castleknock, Baile ́tha Cliath, Ireland",GEOMETRIC_CENTER,53.3692431,-6.3738417,,route,Fingal,Castleknock-Knockmaroon,04016,Dublin,267040062
206918,2017.0,"43 COURT APTS, WILTON PLACE, DUBLIN 2,Dublin,Ireland",01/03/2017,"43 COURT APTS, WILTON PLACE, DUBLIN 2",Dublin 2,Dublin,345000.0,No,No,Second-Hand Dwelling house /Apartment,,2017-03-01,"Apartment 14, Court Apartments, Wilton Pl, Grand Canal Dock, Dublin 2, Ireland",ROOFTOP,53.3344176,-6.2482363,,premise,Dublin City,South Dock,02147,Dublin,268143002
206926,2017.0,"43 Drury Mills, Saggart,Dublin,Ireland",10/02/2017,"43 Drury Mills, Saggart",,Dublin,303964.75,No,Yes,New Dwelling house /Apartment,greater than or equal to 38 sq metres and less than 125 sq metres,2017-02-10,,,,,,,,,,,
206941,2017.0,"43 KIMMAGE GROVE, KIMMAGE, DUBLIN 6W,Dublin,Ireland",02/06/2017,"43 KIMMAGE GROVE, KIMMAGE, DUBLIN 6W",,Dublin,406000.0,No,No,Second-Hand Dwelling house /Apartment,,2017-06-02,"43 Kimmage Grove, Kimmage, Dublin 6W, Co. Dublin, D6W TN92, Ireland",ROOFTOP,53.3161508,-6.2922746,D6W TN92,street_address,Dublin City,Terenure A,02148,Dublin,268144006
206960,2017.0,"43 Roseland Avenue, Cualanor  Upper Glenageary Road, Dun Laoghaire,Dublin,Ireland",12/04/2017,"43 Roseland Avenue, Cualanor  Upper Glenageary Road, Dun Laoghaire",,Dublin,683998.18,No,Yes,New Dwelling house /Apartment,less than 38 sq metres,2017-04-12,"Glenageary Rd Upper, Monkstown, D̼n Laoghaire, Co. Dublin, Ireland",GEOMETRIC_CENTER,53.2867617,-6.1419167,,"establishment,point_of_interest",Dn Laoghaire-Rathdown,Dn Laoghaire-Glenageary,05044,Dublin,267069001
206974,2017.0,"43 THE WEAVERS, SOUTH EARL ST, DUBLIN 8,Dublin,Ireland",01/02/2017,"43 THE WEAVERS, SOUTH EARL ST, DUBLIN 8",Dublin 8,Dublin,252000.0,No,No,Second-Hand Dwelling house /Apartment,,2017-02-01,"The Weavers, Earl St S, Merchants Quay, Dublin 8, Ireland",ROOFTOP,53.3413163,-6.2804194,,premise,Dublin City,Merchants Quay B,02120,Dublin,268099003
206985,2017.0,"44  Drury Mills, Saggart, County Dublin,Dublin,Ireland",02/02/2017,"44  Drury Mills, Saggart, County Dublin",,Dublin,295154.18,No,Yes,New Dwelling house /Apartment,greater than or equal to 38 sq metres and less than 125 sq metres,2017-02-02,,,,,,,,,,,
206992,2017.0,"44 BALLSBRIDGE WOODS, SHELBOURNE ROAD, BALLSBRIDGE,Dublin,Ireland",05/05/2017,"44 BALLSBRIDGE WOODS, SHELBOURNE ROAD, BALLSBRIDGE",Dublin 4,Dublin,345000.0,No,No,Second-Hand Dwelling house /Apartment,,2017-05-05,"45, Ballsbridge Wood, Shelbourne Rd, Dublin 4, Ireland",ROOFTOP,53.3326987,-6.2295592,,subpremise,Dublin City,Pembroke West B,02131,Dublin,268116013
207003,2017.0,"44 CEDERBROOK WALK, BALLYFERMOT, DUBLIN 10,Dublin,Ireland",06/04/2017,"44 CEDERBROOK WALK, BALLYFERMOT, DUBLIN 10",Dublin 10,Dublin,50540.82,Yes,No,Second-Hand Dwelling house /Apartment,,2017-04-06,"44 Cedar Brook Pl, Cherry Orchard, Dublin 10, D10 HY30, Ireland",ROOFTOP,53.3368541,-6.379538,D10 HY30,street_address,Dublin City,Cherry Orchard A,02095,Dublin,268038004
207012,2017.0,"44 Diswellstown Manor, Castleknock, Dublin 15,Dublin,Ireland",06/03/2017,"44 Diswellstown Manor, Castleknock, Dublin 15",,Dublin,440528.63,No,Yes,New Dwelling house /Apartment,greater than or equal to 38 sq metres and less than 125 sq metres,2017-03-06,"Porterstown, Castleknock Golf Club, Co. Dublin, Ireland",GEOMETRIC_CENTER,53.3670659,-6.3855459,,"establishment,point_of_interest",Fingal,Castleknock-Knockmaroon,04016,Dublin,267040042
207013,2017.0,"44 Diswellstown Way, Castleknock, Dublin 15,Dublin,Ireland",06/03/2017,"44 Diswellstown Way, Castleknock, Dublin 15",Dublin 15,Dublin,530000.0,No,Yes,New Dwelling house /Apartment,greater than or equal to 125 sq metres,2017-03-06,"44 Castleknock Way, Carpenterstown, Dublin 15, D15 RC65, Ireland",ROOFTOP,53.3754585,-6.3766223,D15 RC65,street_address,Fingal,Castleknock-Knockmaroon,04016,Dublin,267040010
207028,2017.0,"44 Hollywoodrath Crescent, Hollywoodrath, Hollystown,Dublin,Ireland",10/05/2017,"44 Hollywoodrath Crescent, Hollywoodrath, Hollystown",,Dublin,321585.9,No,Yes,New Dwelling house /Apartment,greater than or equal to 38 sq metres and less than 125 sq metres,2017-05-10,"Hollywoodrath Road, Hollywoodrath, Co. Dublin, Ireland",GEOMETRIC_CENTER,53.4251366,-6.3745817,,route,Fingal,The Ward,04041,Dublin,267158012
207043,2017.0,"44 PODDLE PARK, KIMMAGE, DUBLIN 12,Dublin,Ireland",05/05/2017,"44 PODDLE PARK, KIMMAGE, DUBLIN 12",Dublin 12,Dublin,533000.0,No,No,Second-Hand Dwelling house /Apartment,,2017-05-05,"44 Poddle Park, Kimmage, Dublin 12, D12 Y5T7, Ireland",ROOFTOP,53.314567,-6.2979904,D12 Y5T7,street_address,Dublin City,Kimmage D,02114,Dublin,268093002
207054,2017.0,"44 ST CANICES RD, GLASNEVIN, DUBLIN 11,Dublin,Ireland",03/02/2017,"44 ST CANICES RD, GLASNEVIN, DUBLIN 11",Dublin 11,Dublin,600000.0,No,No,Second-Hand Dwelling house /Apartment,,2017-02-03,"44 St Canices Rd, Ballygall, Dublin 11, D11 PF22, Ireland",ROOFTOP,53.3833089,-6.2698773,D11 PF22,street_address,Dublin City,Ballygall C,02013,Dublin,268011010
207068,2017.0,"44/ 45 Highfield Road, And Orwell Road, Rathgar,Dublin,Ireland",03/04/2017,"44/ 45 Highfield Road, And Orwell Road, Rathgar",Dublin 6,Dublin,3200820.0,No,No,New Dwelling house /Apartment,greater than or equal to 38 sq metres and less than 125 sq metres,2017-04-03,,,,,,,,,,,
207071,2017.0,"45 ABBEYFIELD, MILLTOWN, DUBLIN 6,Dublin,Ireland",06/04/2017,"45 ABBEYFIELD, MILLTOWN, DUBLIN 6",Dublin 6,Dublin,397000.0,No,No,Second-Hand Dwelling house /Apartment,,2017-04-06,"45 Abbeyfield, Pembroke - Rathmines, Dublin, Ireland",RANGE_INTERPOLATED,53.3156196,-6.2468965,,street_address,Dublin City,Rathmines East B,02135,Dublin,268129006
207074,2017.0,"45 ANNALY RD, CABRA, DUBLIN 7,Dublin,Ireland",06/03/2017,"45 ANNALY RD, CABRA, DUBLIN 7",Dublin 7,Dublin,335000.0,No,No,Second-Hand Dwelling house /Apartment,,2017-03-06,"45 Annaly Rd, Cabra East, Dublin 7, D07 YVX4, Ireland",ROOFTOP,53.3642767,-6.287492,D07 YVX4,street_address,Dublin City,Cabra East B,02031,Dublin,268031011
207076,2017.0,"45 BARRON HALL PARK, BALBRIGGAN, CO. DUBLIN,Dublin,Ireland",08/05/2017,"45 BARRON HALL PARK, BALBRIGGAN, CO. DUBLIN",,Dublin,170000.0,No,No,Second-Hand Dwelling house /Apartment,,2017-05-08,,,,,,,,,,,
207077,2017.0,"45 BEECH GROVE, LUCAN, DUBLIN,Dublin,Ireland",01/06/2017,"45 BEECH GROVE, LUCAN, DUBLIN",,Dublin,445500.0,No,No,Second-Hand Dwelling house /Apartment,,2017-06-01,"45 Beech Grove, Esker North, Lucan, Co. Dublin, K78 VW61, Ireland",ROOFTOP,53.3541579,-6.4337841,K78 VW61,street_address,South Dublin,Lucan Heights,03016,Dublin,267101006
207092,2017.0,"45 COLERAINE ST, KING ST NORTH, DUBLIN 7,Dublin,Ireland",03/05/2017,"45 COLERAINE ST, KING ST NORTH, DUBLIN 7",Dublin 7,Dublin,325000.0,No,No,Second-Hand Dwelling house /Apartment,,2017-05-03,,,,,,,,,,,
207102,2017.0,"45 DUNMORE PARK, BALLYMOUNT, DUBLIN 24,Dublin,Ireland",11/01/2017,"45 DUNMORE PARK, BALLYMOUNT, DUBLIN 24",Dublin 24,Dublin,230000.0,No,No,Second-Hand Dwelling house /Apartment,,2017-01-11,"45 Dunmore Park, Kingswood, Dublin 24, D24 HKH3, Ireland",ROOFTOP,53.3106581,-6.3665484,D24 HKH3,street_address,South Dublin,Clondalkin-Ballymount,03004,Dublin,267047003
207107,2017.0,"45 FOREST WALK, RIVERVALLEY, SWORDS,Dublin,Ireland",12/04/2017,"45 FOREST WALK, RIVERVALLEY, SWORDS",,Dublin,245000.0,No,No,Second-Hand Dwelling house /Apartment,,2017-04-12,"45 Forest Walk, Forestfields, Swords, Co. Dublin, K67 AV61, Ireland",ROOFTOP,53.4511755,-6.2382925,K67 AV61,street_address,Fingal,Swords-Forrest,04036,Dublin,267132025
207109,2017.0,"45 GALTRIM GRANGE, MALAHIDE, DUBLIN,Dublin,Ireland",01/03/2017,"45 GALTRIM GRANGE, MALAHIDE, DUBLIN",,Dublin,415000.0,No,No,Second-Hand Dwelling house /Apartment,,2017-03-01,"45 Galtrim Grange, Broomfield, Malahide, Co. Dublin, Ireland",RANGE_INTERPOLATED,53.4379304,-6.155257,,street_address,Fingal,Malahide East,04029,Dublin,267105018
207110,2017.0,"45 GALTYMORE DR, DUBLIN 12, DUBLIN,Dublin,Ireland",09/02/2017,"45 GALTYMORE DR, DUBLIN 12, DUBLIN",Dublin 12,Dublin,240000.0,No,No,Second-Hand Dwelling house /Apartment,,2017-02-09,"45 Galtymore Dr, Drimnagh, Dublin 12, D12 NW84, Ireland",ROOFTOP,53.3343372,-6.3106617,D12 NW84,street_address,Dublin City,Crumlin B,02099,Dublin,268052009
207113,2017.0,"45 GRANVILLE RD, CABINTEELY, DUBLIN,Dublin,Ireland",10/02/2017,"45 GRANVILLE RD, CABINTEELY, DUBLIN",,Dublin,545000.0,No,No,Second-Hand Dwelling house /Apartment,,2017-02-10,"45 Granville Rd, Glenageary, Dublin, A96 A0P6, Ireland",ROOFTOP,53.2630205,-6.1422821,A96 A0P6,street_address,Dn Laoghaire-Rathdown,Cabinteely-Granitefield,05018,Dublin,267036007
207116,2017.0,"45 HARBOUR COURT, GEORGES PLACE, DUN LAOGHAIRE,Dublin,Ireland",08/02/2017,"45 HARBOUR COURT, GEORGES PLACE, DUN LAOGHAIRE",,Dublin,420000.0,No,No,Second-Hand Dwelling house /Apartment,,2017-02-08,"22, Harbour Court, George's Pl, D̼n Laoghaire, Dublin, Ireland",ROOFTOP,53.2951756,-6.141188,,premise,Dn Laoghaire-Rathdown,Dn Laoghaire-West Central,05052,Dublin,267077008
207121,2017.0,"45 HOLYWELL DRIVE, GORSE HILL, FELTRIM,Dublin,Ireland",07/03/2017,"45 HOLYWELL DRIVE, GORSE HILL, FELTRIM",,Dublin,205000.0,No,No,Second-Hand Dwelling house /Apartment,,2017-03-07,,,,,,,,,,,
207125,2017.0,"45 KILMORE RD, ARTANE, DUBLIN 5,Dublin,Ireland",06/02/2017,"45 KILMORE RD, ARTANE, DUBLIN 5",Dublin 5,Dublin,157500.0,Yes,No,Second-Hand Dwelling house /Apartment,,2017-02-06,"45 Kilmore Rd, Beaumont, Dublin 5, D05 N8X0, Ireland",ROOFTOP,53.3876019,-6.2152364,D05 N8X0,street_address,Dublin City,Beaumont B,02022,Dublin,268022007
207126,2017.0,"45 KINGSTON HALL, HAROLD'S GRANGE ROAD, SANDYFORD,Dublin,Ireland",08/02/2017,"45 KINGSTON HALL, HAROLD'S GRANGE ROAD, SANDYFORD",Dublin 18,Dublin,272000.0,No,No,Second-Hand Dwelling house /Apartment,,2017-02-08,"Apartment 48, Kingston Hall, Harold's Grange Rd, Sandyford, Dublin 18, Ireland",ROOFTOP,53.2676542,-6.2537557,,premise,Dn Laoghaire-Rathdown,Glencullen,05057,Dublin,267092003
207128,2017.0,"45 LIMEWOOD AVE, RAHENY, DUBLIN 5,Dublin,Ireland",10/03/2017,"45 LIMEWOOD AVE, RAHENY, DUBLIN 5",Dublin 5,Dublin,140000.0,Yes,No,Second-Hand Dwelling house /Apartment,,2017-03-10,"45 Limewood Ave, Ayrfield, Dublin 5, D05 E062, Ireland",ROOFTOP,53.3926609,-6.1808301,D05 E062,street_address,Dublin City,Ayrfield,02008,Dublin,268008015
207139,2017.0,"45 Roseland Avenue, Cualanor, Upper Glenageary Road,Dublin,Ireland",09/05/2017,"45 Roseland Avenue, Cualanor, Upper Glenageary Road",,Dublin,683998.18,No,Yes,New Dwelling house /Apartment,greater than or equal to 125 sq metres,2017-05-09,"Glenageary Rd Upper, Monkstown, D̼n Laoghaire, Co. Dublin, Ireland",GEOMETRIC_CENTER,53.2867617,-6.1419167,,"establishment,point_of_interest",Dn Laoghaire-Rathdown,Dn Laoghaire-Glenageary,05044,Dublin,267069001
207151,2017.0,"45 TREES RD, MOUNT MERRION, DUBLIN,Dublin,Ireland",07/02/2017,"45 TREES RD, MOUNT MERRION, DUBLIN",,Dublin,112500.0,Yes,No,Second-Hand Dwelling house /Apartment,,2017-02-07,"45 Trees Rd Lower, Stillorgan, Blackrock, Co. Dublin, A94 F6D7, Ireland",ROOFTOP,53.2926336,-6.2096196,A94 F6D7,street_address,Dn Laoghaire-Rathdown,Stillorgan-Mount Merrion,05067,Dublin,267128001
207152,2017.0,"45 TREES RD, MOUNT MERRION, DUBLIN,Dublin,Ireland",07/02/2017,"45 TREES RD, MOUNT MERRION, DUBLIN",,Dublin,112500.0,Yes,No,Second-Hand Dwelling house /Apartment,,2017-02-07,"45 Trees Rd Lower, Stillorgan, Blackrock, Co. Dublin, A94 F6D7, Ireland",ROOFTOP,53.2926336,-6.2096196,A94 F6D7,street_address,Dn Laoghaire-Rathdown,Stillorgan-Mount Merrion,05067,Dublin,267128001
207153,2017.0,"45 TREES RD, MOUNT MERRION, DUBLIN,Dublin,Ireland",07/02/2017,"45 TREES RD, MOUNT MERRION, DUBLIN",,Dublin,112500.0,Yes,No,Second-Hand Dwelling house /Apartment,,2017-02-07,"45 Trees Rd Lower, Stillorgan, Blackrock, Co. Dublin, A94 F6D7, Ireland",ROOFTOP,53.2926336,-6.2096196,A94 F6D7,street_address,Dn Laoghaire-Rathdown,Stillorgan-Mount Merrion,05067,Dublin,267128001
207154,2017.0,"45 TREES RD, MOUNT MERRION, DUBLIN,Dublin,Ireland",07/02/2017,"45 TREES RD, MOUNT MERRION, DUBLIN",,Dublin,112500.0,Yes,No,Second-Hand Dwelling house /Apartment,,2017-02-07,"45 Trees Rd Lower, Stillorgan, Blackrock, Co. Dublin, A94 F6D7, Ireland",ROOFTOP,53.2926336,-6.2096196,A94 F6D7,street_address,Dn Laoghaire-Rathdown,Stillorgan-Mount Merrion,05067,Dublin,267128001
207162,2017.0,"453 COLLINS AVE, WHITEHALL, DUBLIN,Dublin,Ireland",01/03/2017,"453 COLLINS AVE, WHITEHALL, DUBLIN",Dublin 9,Dublin,400000.0,No,No,Second-Hand Dwelling house /Apartment,,2017-03-01,"453 Collins Ave W, Whitehall, Dublin 9, D09 WR96, Ireland",ROOFTOP,53.3822602,-6.2452436,D09 WR96,street_address,Dublin City,Whitehall A,02090,Dublin,268157005
207163,2017.0,"45A ESTUARY COURT, SWORDS, DUBLIN,Dublin,Ireland",02/06/2017,"45A ESTUARY COURT, SWORDS, DUBLIN",,Dublin,160000.0,No,No,Second-Hand Dwelling house /Apartment,,2017-06-02,"45 Estuary Ct, Mantua, Swords, Co. Dublin, K67 N880, Ireland",ROOFTOP,53.4634036,-6.2130271,K67 N880,street_address,Fingal,Swords-Seatown,04039,Dublin,267134012
207168,2017.0,"46 BERESFORD ST, THE OLD DISTILLERY, CUCKOO LANE DUBLIN 7,Dublin,Ireland",01/06/2017,"46 BERESFORD ST, THE OLD DISTILLERY, CUCKOO LANE DUBLIN 7",Dublin 7,Dublin,190000.0,No,No,Second-Hand Dwelling house /Apartment,,2017-06-01,"The Old Distillery, Beresford St, Anne St N, Inns Quay, Dublin 7, Ireland",ROOFTOP,53.3489582,-6.2733145,,premise,Dublin City,Inns Quay C,02068,Dublin,268082004
207181,2017.0,"46 CURRAGH HALL CRESCENT, TYRELLSTOWN, DUBLIN 15,Dublin,Ireland",01/02/2017,"46 CURRAGH HALL CRESCENT, TYRELLSTOWN, DUBLIN 15",Dublin 15,Dublin,218000.0,No,No,Second-Hand Dwelling house /Apartment,,2017-02-01,"46 Curragh Hall Cres, Tyrrelstown, Dublin 15, D15 V6R7, Ireland",ROOFTOP,53.4153458,-6.3893734,D15 V6R7,street_address,Fingal,The Ward,04041,Dublin,267158002
207187,2017.0,"46 FRASCATI PARK, BLACKROCK, DUBLIN,Dublin,Ireland",06/06/2017,"46 FRASCATI PARK, BLACKROCK, DUBLIN",,Dublin,825000.0,No,No,Second-Hand Dwelling house /Apartment,,2017-06-06,"46 Frascati Park, Blackrock, Co. Dublin, A94 D8K1, Ireland",ROOFTOP,53.2997306,-6.1831063,A94 D8K1,street_address,Dn Laoghaire-Rathdown,Blackrock-Central,05010,Dublin,267021007
207189,2017.0,"46 GLASNEVIN HILL, GLASNEVIN, DUBLIN 9,Dublin,Ireland",01/02/2017,"46 GLASNEVIN HILL, GLASNEVIN, DUBLIN 9",Dublin 9,Dublin,98000.0,Yes,No,Second-Hand Dwelling house /Apartment,,2017-02-01,"46 Glasnevin Hill, Botanic, Dublin 9, D09 T2H2, Ireland",ROOFTOP,53.3749976,-6.2691824,D09 T2H2,street_address,Dublin City,Botanic A,02027,Dublin,268027007
207190,2017.0,"46 GLEDSWOOD PARK, CLONSKEAGH, DUBLIN 14,Dublin,Ireland",04/01/2017,"46 GLEDSWOOD PARK, CLONSKEAGH, DUBLIN 14",Dublin 14,Dublin,612000.0,No,No,Second-Hand Dwelling house /Apartment,,2017-01-04,"46 Gledswood Park, Friarland, Dublin 14, D14 YV22, Ireland",ROOFTOP,53.303229,-6.2389755,D14 YV22,street_address,Dn Laoghaire-Rathdown,Clonskeagh-Windy Arbour,05031,Dublin,267059001
207201,2017.0,"46 KILL ABBEY, BLACKROCK, DUBLIN,Dublin,Ireland",01/06/2017,"46 KILL ABBEY, BLACKROCK, DUBLIN",,Dublin,632000.0,No,No,Second-Hand Dwelling house /Apartment,,2017-06-01,"46 Kill Abbey, Deansgrange, Dublin, A94 N294, Ireland",ROOFTOP,53.2807854,-6.1629045,A94 N294,street_address,Dn Laoghaire-Rathdown,Blackrock-Stradbrook,05015,Dublin,267024006
207208,2017.0,"46 ORANMORE RD BALLYFERMOT, DUBLIN 10, DUBLIN,Dublin,Ireland",02/03/2017,"46 ORANMORE RD BALLYFERMOT, DUBLIN 10, DUBLIN",Dublin 10,Dublin,193000.0,No,No,Second-Hand Dwelling house /Apartment,,2017-03-02,"46 Oranmore Rd, Cherry Orchard, Dublin 10, D10 YD25, Ireland",ROOFTOP,53.3391527,-6.3639684,D10 YD25,street_address,Dublin City,Carna,02096,Dublin,268039007
207218,2017.0,"46 THE CRESCENT, CARRICKMINES MANOR, GLENAMUCK RD,Dublin,Ireland",06/04/2017,"46 THE CRESCENT, CARRICKMINES MANOR, GLENAMUCK RD",Dublin 18,Dublin,139955.95,No,No,Second-Hand Dwelling house /Apartment,,2017-04-06,"Apartment 17, Cairnbrook Manor, Cairnbrook Ave., Dublin 18, Ireland",ROOFTOP,53.2479193,-6.1797148,,"establishment,lodging,point_of_interest",Dn Laoghaire-Rathdown,Cabinteely-Loughlinstown,05020,Dublin,267038003
207220,2017.0,"46 THE GREEN, LARCH HILL, DUBLIN 17,Dublin,Ireland",11/01/2017,"46 THE GREEN, LARCH HILL, DUBLIN 17",Dublin 17,Dublin,155000.0,No,No,Second-Hand Dwelling house /Apartment,,2017-01-11,"46 The Green, Beaumont Woods, Dublin 9, D09 ET29, Ireland",ROOFTOP,53.3905963,-6.2340526,D09 ET29,street_address,Dublin City,Beaumont B,02022,Dublin,268022013
207223,2017.0,"46 The Lawn, Hansfield Wood,Dublin,Ireland",02/05/2017,"46 The Lawn, Hansfield Wood",Dublin 15,Dublin,264273.0,No,Yes,New Dwelling house /Apartment,greater than or equal to 38 sq metres and less than 125 sq metres,2017-05-02,"Clonsilla, Dublin, Ireland",GEOMETRIC_CENTER,53.3905516,-6.4322246,,"establishment,point_of_interest",Fingal,Blanchardstown-Blakestown,04009,Dublin,267028004/02
207226,2017.0,"46A GROVE PARK, RATHMINES, DUBLIN,Dublin,Ireland",02/03/2017,"46A GROVE PARK, RATHMINES, DUBLIN",Dublin 6,Dublin,539000.0,No,No,Second-Hand Dwelling house /Apartment,,2017-03-02,"46A Grove Park, Dublin 6, D06 AN28, Ireland",ROOFTOP,53.3293153,-6.2676294,D06 AN28,street_address,Dublin City,Rathmines West A,02138,Dublin,268132014
207235,2017.0,"47 BEAUVALE PARK, BEAUMONT, DUBLIN 9,Dublin,Ireland",04/04/2017,"47 BEAUVALE PARK, BEAUMONT, DUBLIN 9",Dublin 5,Dublin,280000.0,No,No,Second-Hand Dwelling house /Apartment,,2017-04-04,"47 Beauvale Park, Beaumont, Dublin 5, D05 W5T7, Ireland",ROOFTOP,53.3850642,-6.2201667,D05 W5T7,street_address,Dublin City,Beaumont B,02022,Dublin,268022002
207236,2017.0,"47 BRIOMHE CHERRY, SWORDS, DUBLIN,Dublin,Ireland",08/03/2017,"47 BRIOMHE CHERRY, SWORDS, DUBLIN",,Dublin,172000.0,No,No,Second-Hand Dwelling house /Apartment,,2017-03-08,"47 Boroimhe Cherry, Fosterstown North, Swords, Co. Dublin, Ireland",RANGE_INTERPOLATED,53.4451021,-6.235359,,street_address,Fingal,Swords-Forrest,04036,Dublin,267132006
207237,2017.0,"47 CALEDON RD, EAST WALL, DUBLIN 3,Dublin,Ireland",06/01/2017,"47 CALEDON RD, EAST WALL, DUBLIN 3",Dublin 3,Dublin,240000.0,No,No,Second-Hand Dwelling house /Apartment,,2017-01-06,"47 Caledon Rd, East Wall, Dublin 3, D03 V220, Ireland",ROOFTOP,53.3533929,-6.2333604,D03 V220,street_address,Dublin City,North Dock B,02077,Dublin,268108023
207240,2017.0,"47 CLAREMONT CRESCENT, GLASNEVIN, DUBLIN 9,Dublin,Ireland",10/01/2017,"47 CLAREMONT CRESCENT, GLASNEVIN, DUBLIN 9",Dublin 11,Dublin,372500.0,No,No,Second-Hand Dwelling house /Apartment,,2017-01-10,"47 Claremont Cres, Cabra East, Dublin 11, D11 X6P2, Ireland",ROOFTOP,53.3695749,-6.2845233,D11 X6P2,street_address,Dublin City,Cabra East A,02030,Dublin,268030014
207249,2017.0,"47 DOCK MILL, BARROW STREET, DUBLIN 4,Dublin,Ireland",12/01/2017,"47 DOCK MILL, BARROW STREET, DUBLIN 4",Dublin 4,Dublin,366000.0,No,No,Second-Hand Dwelling house /Apartment,,2017-01-12,"Barrow St, Grand Canal Dock, Dublin, Ireland",GEOMETRIC_CENTER,53.3403906,-6.2365718,,"establishment,point_of_interest",Dublin City,South Dock,02147,Dublin,268143014
207251,2017.0,"47 Diswellstown Way, Castleknock, Dublin 15,Dublin,Ireland",02/02/2017,"47 Diswellstown Way, Castleknock, Dublin 15",Dublin 15,Dublin,439700.0,No,Yes,New Dwelling house /Apartment,greater than or equal to 38 sq metres and less than 125 sq metres,2017-02-02,"47 Castleknock Way, Carpenterstown, Dublin 15, D15 ND29, Ireland",ROOFTOP,53.3758158,-6.3756138,D15 ND29,street_address,Fingal,Castleknock-Knockmaroon,04016,Dublin,267040010
207253,2017.0,"47 GANDON CLOSE, HAROLDS CROSS, DUBLIN 6,Dublin,Ireland",03/05/2017,"47 GANDON CLOSE, HAROLDS CROSS, DUBLIN 6",,Dublin,181000.0,No,No,Second-Hand Dwelling house /Apartment,,2017-05-03,"Gandon Close, Harold's Cross Rd, Harold's Cross, Dublin 6W, Co. Dublin, Ireland",ROOFTOP,53.3246624,-6.2804511,,premise,Dublin City,Kimmage C,02113,Dublin,268092011
207259,2017.0,"47 HOLLYWOODRATH CRESCENT, HYOLLYSTOWN, DUBLIN 15,Dublin,Ireland",07/04/2017,"47 HOLLYWOODRATH CRESCENT, HYOLLYSTOWN, DUBLIN 15",Dublin 15,Dublin,358500.0,No,Yes,New Dwelling house /Apartment,greater than or equal to 38 sq metres and less than 125 sq metres,2017-04-07,"15 Hollystown Park, Hollystown, Dublin 15, D15 P6C2, Ireland",ROOFTOP,53.4349936,-6.3838121,D15 P6C2,street_address,Fingal,The Ward,04041,Dublin,267158022
207263,2017.0,"47 Hampton Wood Park, Finglas, Dublin 11,Dublin,Ireland",10/02/2017,"47 Hampton Wood Park, Finglas, Dublin 11",Dublin 11,Dublin,224669.6,No,Yes,New Dwelling house /Apartment,greater than or equal to 38 sq metres and less than 125 sq metres,2017-02-10,"47 Hampton Wood Park, Hampton Wood, Dublin 11, D11 P9C4, Ireland",ROOFTOP,53.4040892,-6.2870195,D11 P9C4,street_address,Dublin City,Ballymun A,02015,Dublin,268015011
207271,2017.0,"47 MARLAY VIEW, BALLINTEER AVE, DUBLIN 16,Dublin,Ireland",09/06/2017,"47 MARLAY VIEW, BALLINTEER AVE, DUBLIN 16",Dublin 16,Dublin,320000.0,No,No,Second-Hand Dwelling house /Apartment,,2017-06-09,"Marlay View, Ballinteer Ave, Ballinteer, Dublin 16, Ireland",ROOFTOP,53.2739248,-6.2587806,,premise,Dn Laoghaire-Rathdown,Ballinteer-Woodpark,05006,Dublin,267007004
207281,2017.0,"47 NORTH GREAT GEORGES ST, DUBLIN 1, DUBLIN,Dublin,Ireland",05/04/2017,"47 NORTH GREAT GEORGES ST, DUBLIN 1, DUBLIN",Dublin 1,Dublin,550000.0,No,No,Second-Hand Dwelling house /Apartment,,2017-04-05,"47 N Great George's St, Rotunda, Dublin 1, D01 W528, Ireland",ROOFTOP,53.3550782,-6.2612421,D01 W528,street_address,Dublin City,Rotunda A,02088,Dublin,268138012
207289,2017.0,"47 SOUTH AVE, MOUNT MERRION, BLACKROCK,Dublin,Ireland",08/05/2017,"47 SOUTH AVE, MOUNT MERRION, BLACKROCK",,Dublin,780000.0,No,No,Second-Hand Dwelling house /Apartment,,2017-05-08,"47 South Ave, Kilmacud, Blackrock, Co. Dublin, A94 H3E0, Ireland",ROOFTOP,53.2911719,-6.2095953,A94 H3E0,street_address,Dn Laoghaire-Rathdown,Stillorgan-Mount Merrion,05067,Dublin,267128001
207291,2017.0,"47 ST ALBANS PARK, BALLSBRIDGE, DUBLIN 4,Dublin,Ireland",03/02/2017,"47 ST ALBANS PARK, BALLSBRIDGE, DUBLIN 4",Dublin 4,Dublin,1310000.0,No,No,Second-Hand Dwelling house /Apartment,,2017-02-03,"47 St Alban's Park, Dublin, Ireland",RANGE_INTERPOLATED,53.319619,-6.2086173,,street_address,Dublin City,Pembroke East C,02127,Dublin,268112012
207292,2017.0,"47 ST ANNES SQ, PORTMARNOCK, DUBLIN,Dublin,Ireland",07/04/2017,"47 ST ANNES SQ, PORTMARNOCK, DUBLIN",Dublin 13,Dublin,397000.0,No,No,Second-Hand Dwelling house /Apartment,,2017-04-07,"47 St Anne's Square, Portmarnock, Co. Dublin, Ireland",RANGE_INTERPOLATED,53.4204519,-6.1405716,,street_address,Fingal,Portmarnock South,04032,Dublin,267111007
207295,2017.0,"47 THE LIGHTHOUSE APTS, CHURCH RD, EAST WALL DUBLIN 3,Dublin,Ireland",06/04/2017,"47 THE LIGHTHOUSE APTS, CHURCH RD, EAST WALL DUBLIN 3",Dublin 3,Dublin,309000.0,No,No,Second-Hand Dwelling house /Apartment,,2017-04-06,,,,,,,,,,,
207304,2017.0,"47 WELLMOUNT CRESCENT, FINGLAS, DUBLIN,Dublin,Ireland",02/05/2017,"47 WELLMOUNT CRESCENT, FINGLAS, DUBLIN",Dublin 11,Dublin,117500.0,Yes,No,Second-Hand Dwelling house /Apartment,,2017-05-02,"47 Wellmount Cres, Finglas West, Dublin 11, D11 YY3V, Ireland",ROOFTOP,53.3842251,-6.3100785,D11 YY3V,street_address,Dublin City,Finglas South A,02054,Dublin,268066001
207313,2017.0,"48  MAPLEWOOD RD, SPRINGFIELD, TALLAGHT DUBLIN 24,Dublin,Ireland",04/04/2017,"48  MAPLEWOOD RD, SPRINGFIELD, TALLAGHT DUBLIN 24",Dublin 24,Dublin,212000.0,No,No,Second-Hand Dwelling house /Apartment,,2017-04-04,"48 Maplewood Rd, Springfield, Dublin 24, D24 X9T0, Ireland",ROOFTOP,53.2872966,-6.3836729,D24 X9T0,street_address,South Dublin,Tallaght-Springfield,03039,Dublin,267147016
207327,2017.0,"48 Belarmine Grove, Belarmine Woods, Stepaside,Dublin,Ireland",04/04/2017,"48 Belarmine Grove, Belarmine Woods, Stepaside",Dublin 18,Dublin,455000.0,No,Yes,New Dwelling house /Apartment,greater than or equal to 38 sq metres and less than 125 sq metres,2017-04-04,"Belarmine Ave, Kilgobbin Woods, Dublin, Ireland",GEOMETRIC_CENTER,53.2582737,-6.2162705,,"establishment,point_of_interest",Dn Laoghaire-Rathdown,Glencullen,05057,Dublin,267092044
207328,2017.0,"48 Belarmine Grove, Belarmine Woods, Stepaside,Dublin,Ireland",04/04/2017,"48 Belarmine Grove, Belarmine Woods, Stepaside",Dublin 18,Dublin,455000.0,No,Yes,New Dwelling house /Apartment,greater than or equal to 38 sq metres and less than 125 sq metres,2017-04-04,"Belarmine Ave, Kilgobbin Woods, Dublin, Ireland",GEOMETRIC_CENTER,53.2582737,-6.2162705,,"establishment,point_of_interest",Dn Laoghaire-Rathdown,Glencullen,05057,Dublin,267092044
207334,2017.0,"48 CEDAR BROOK WALK, DUBLIN 10, DUBLIN,Dublin,Ireland",11/04/2017,"48 CEDAR BROOK WALK, DUBLIN 10, DUBLIN",Dublin 10,Dublin,120000.0,No,No,Second-Hand Dwelling house /Apartment,,2017-04-11,"48 Cedar Brook Walk, Cherry Orchard, Dublin, Ireland",RANGE_INTERPOLATED,53.3369562,-6.381546,,street_address,Dublin City,Cherry Orchard A,02095,Dublin,268038003
207338,2017.0,"48 CORBALLY HEATH, SAGGART, DUBLIN,Dublin,Ireland",02/03/2017,"48 CORBALLY HEATH, SAGGART, DUBLIN",Dublin 24,Dublin,280000.0,No,No,Second-Hand Dwelling house /Apartment,,2017-03-02,"48 Corbally Heath, Gibbons, Dublin 24, D24 WEW7, Ireland",ROOFTOP,53.2776818,-6.4242418,D24 WEW7,street_address,South Dublin,Tallaght-Jobstown,03032,Dublin,267140003
207340,2017.0,"48 Diswellstown Way, Castleknock, Dublin 15,Dublin,Ireland",12/01/2017,"48 Diswellstown Way, Castleknock, Dublin 15",Dublin 15,Dublin,405286.34,No,Yes,New Dwelling house /Apartment,greater than or equal to 38 sq metres and less than 125 sq metres,2017-01-12,"48 Castleknock Way, Carpenterstown, Dublin 15, D15 C588, Ireland",ROOFTOP,53.3754587,-6.3763475,D15 C588,street_address,Fingal,Castleknock-Knockmaroon,04016,Dublin,267040010
207359,2017.0,"48 MARSHAM COURT, STILLORGAN, DUBLIN,Dublin,Ireland",07/02/2017,"48 MARSHAM COURT, STILLORGAN, DUBLIN",,Dublin,200000.0,Yes,No,Second-Hand Dwelling house /Apartment,,2017-02-07,"48 Marsham Ct, Kilmacud, Blackrock, Co. Dublin, A94 F6Y4, Ireland",ROOFTOP,53.2873573,-6.2104292,A94 F6Y4,street_address,Dn Laoghaire-Rathdown,Stillorgan-Kilmacud,05064,Dublin,267125013
207373,2017.0,"48 ST HELENS RD, BOOTERSTOWN, DUBLIN,Dublin,Ireland",10/03/2017,"48 ST HELENS RD, BOOTERSTOWN, DUBLIN",,Dublin,885000.0,No,No,Second-Hand Dwelling house /Apartment,,2017-03-10,"48 St Helen's Rd, Merrion, Blackrock, Co. Dublin, A94 PK60, Ireland",ROOFTOP,53.3082516,-6.2018222,A94 PK60,street_address,Dn Laoghaire-Rathdown,Blackrock-Booterstown,05008,Dublin,267019013
207380,2017.0,"48 THE PAVILLION, MARINE RD, DUN LAOGHAIRE,Dublin,Ireland",10/05/2017,"48 THE PAVILLION, MARINE RD, DUN LAOGHAIRE",,Dublin,417000.0,No,No,Second-Hand Dwelling house /Apartment,,2017-05-10,"Marine Rd, D̼n Laoghaire, Dun Laoghaire, Co. Dublin, Ireland",GEOMETRIC_CENTER,53.293897,-6.13367,,"establishment,movie_theater,point_of_interest",Dn Laoghaire-Rathdown,Dn Laoghaire-East Central,05042,Dublin,267067001/267067012
207385,2017.0,"48 TURVEY WOODS, DONABATE, DUBLIN,Dublin,Ireland",09/06/2017,"48 TURVEY WOODS, DONABATE, DUBLIN",,Dublin,145000.0,No,No,Second-Hand Dwelling house /Apartment,,2017-06-09,"48 Turvey Woods, Ballalease West, Donabate, Co. Dublin, Ireland",RANGE_INTERPOLATED,53.4891357,-6.1578296,,street_address,Fingal,Donabate,04019,Dublin,267065017
207386,2017.0,"48 VIRGINIA PARK, FINGLAS, DUBLIN 11,Dublin,Ireland",10/03/2017,"48 VIRGINIA PARK, FINGLAS, DUBLIN 11",Dublin 11,Dublin,105000.0,No,No,Second-Hand Dwelling house /Apartment,,2017-03-10,"48 Virginia Park, Finglas South, Dublin 11, D11 YWN2, Ireland",ROOFTOP,53.3828033,-6.3141935,D11 YWN2,street_address,Dublin City,Finglas South D,02057,Dublin,268069009
207409,2017.0,"49 CALEDON RD, EAST WALL, DUBLIN 3,Dublin,Ireland",12/04/2017,"49 CALEDON RD, EAST WALL, DUBLIN 3",Dublin 3,Dublin,222000.0,No,No,Second-Hand Dwelling house /Apartment,,2017-04-12,"49 Caledon Rd, East Wall, Dublin 3, D03 FD28, Ireland",ROOFTOP,53.3534187,-6.2334043,D03 FD28,street_address,Dublin City,North Dock B,02077,Dublin,268108023
207412,2017.0,"49 CASTLE COURT, KILLINEY HILL RD, KILLINEY,Dublin,Ireland",02/06/2017,"49 CASTLE COURT, KILLINEY HILL RD, KILLINEY",,Dublin,387000.0,No,No,Second-Hand Dwelling house /Apartment,,2017-06-02,"Castlewood, Killiney Hill Rd, Scalpwilliam, Killiney, Co. Dublin, Ireland",ROOFTOP,53.2645212,-6.1148963,,premise,Dn Laoghaire-Rathdown,Killiney North,05058,Dublin,267096006
207416,2017.0,"49 CASTLEWAY, GOLDEN LANE, DUBLIN 8,Dublin,Ireland",12/01/2017,"49 CASTLEWAY, GOLDEN LANE, DUBLIN 8",,Dublin,418000.0,No,No,Second-Hand Dwelling house /Apartment,,2017-01-12,"1-9 Golden Ln, Dublin, Co. Dublin City, DUBLIN 8, Ireland",ROOFTOP,53.3407133,-6.2688589,DUBLIN 8,"establishment,point_of_interest",Dublin City,Royal Exchange A,02144,Dublin,268140002
207422,2017.0,"49 COWPER VILLAGE, RATHMINES, DUBLIN 6,Dublin,Ireland",03/02/2017,"49 COWPER VILLAGE, RATHMINES, DUBLIN 6",Dublin 6,Dublin,320000.0,No,No,Second-Hand Dwelling house /Apartment,,2017-02-03,"49 Cowper Village, Dublin 6, D06 Y8K1, Ireland",ROOFTOP,53.3170725,-6.26346,D06 Y8K1,street_address,Dublin City,Rathmines West C,02140,Dublin,268134003
207425,2017.0,"49 DRYNAM CRESCENT, DRYNAM HALL, KINSEALY,Dublin,Ireland",09/05/2017,"49 DRYNAM CRESCENT, DRYNAM HALL, KINSEALY",,Dublin,227000.0,No,No,Second-Hand Dwelling house /Apartment,,2017-05-09,"49 Drynam Cres, Drynam Hall, Swords, Co. Dublin, K67 Y802, Ireland",ROOFTOP,53.4428471,-6.1989447,K67 Y802,street_address,Fingal,Kinsaley,04026,Dublin,267099024
207434,2017.0,"49 HAZELBROOK RD, TERENURE, DUBLIN 6W,Dublin,Ireland",07/03/2017,"49 HAZELBROOK RD, TERENURE, DUBLIN 6W",,Dublin,605000.0,No,No,Second-Hand Dwelling house /Apartment,,2017-03-07,"49 Hazelbrook Rd, Terenure, Dublin 6W, Co. Dublin, D6W T652, Ireland",ROOFTOP,53.3121964,-6.2935818,D6W T652,street_address,Dublin City,Terenure B,02149,Dublin,268145004
207437,2017.0,"49 LIMEWOOD AVE, COOLOCK, DUBLIN 5,Dublin,Ireland",02/06/2017,"49 LIMEWOOD AVE, COOLOCK, DUBLIN 5",Dublin 5,Dublin,310000.0,No,No,Second-Hand Dwelling house /Apartment,,2017-06-02,"49 Limewood Ave, Ayrfield, Dublin 5, D05 YC58, Ireland",ROOFTOP,53.3926774,-6.1805785,D05 YC58,street_address,Dublin City,Ayrfield,02008,Dublin,268008015
207445,2017.0,"49 PARK AVENUE, MILLERS GLEN, SWORDS,Dublin,Ireland",12/06/2017,"49 PARK AVENUE, MILLERS GLEN, SWORDS",,Dublin,257708.0,No,Yes,New Dwelling house /Apartment,greater than or equal to 125 sq metres,2017-06-12,"Longview Ave, Oldtown, Co. Dublin, Ireland",GEOMETRIC_CENTER,53.4739449,-6.2397822,,"establishment,point_of_interest",Fingal,Swords-Lissenhall,04038,Dublin,267133026
207448,2017.0,"49 PROSPECT AVE, RATHFARNHAM, DUBLIN 16,Dublin,Ireland",09/01/2017,"49 PROSPECT AVE, RATHFARNHAM, DUBLIN 16",Dublin 16,Dublin,460000.0,No,No,Second-Hand Dwelling house /Apartment,,2017-01-09,"49 Prospect Ave, Prospect Manor, Dublin 16, D16 P4A3, Ireland",ROOFTOP,53.2764649,-6.2988222,D16 P4A3,street_address,South Dublin,Edmondstown,03011,Dublin,267083005
207463,2017.0,"49 THE PARKLANDS, CASTLESIDE DR, DUBLIN 14,Dublin,Ireland",05/01/2017,"49 THE PARKLANDS, CASTLESIDE DR, DUBLIN 14",Dublin 14,Dublin,350000.0,No,No,Second-Hand Dwelling house /Apartment,,2017-01-05,,,,,,,,,,,
207469,2017.0,"49 VIKING RD, ARBOUR HILL, DUBLIN 7,Dublin,Ireland",11/04/2017,"49 VIKING RD, ARBOUR HILL, DUBLIN 7",Dublin 7,Dublin,292000.0,No,No,Second-Hand Dwelling house /Apartment,,2017-04-11,"49 Viking Rd, Arbour Hill, Dublin 7, D07 K2N8, Ireland",ROOFTOP,53.3508683,-6.2851133,D07 K2N8,street_address,Dublin City,Arran Quay E,02005,Dublin,268005002
207471,2017.0,"49 WINDMILL LANE APTS, WINDMILL LANE, DUBLIN 2,Dublin,Ireland",07/04/2017,"49 WINDMILL LANE APTS, WINDMILL LANE, DUBLIN 2",Dublin 2,Dublin,295000.0,No,No,Second-Hand Dwelling house /Apartment,,2017-04-07,"Windmill Lane Apartments, Windmill Ln, Dublin 2, Ireland",ROOFTOP,53.3452843,-6.2446721,,premise,Dublin City,Mansion House A,02117,Dublin,268096018
207476,2017.0,"499 COLLINS AVE WEST, WHITEHALL, DUBLIN 9,Dublin,Ireland",04/04/2017,"499 COLLINS AVE WEST, WHITEHALL, DUBLIN 9",Dublin 9,Dublin,345000.0,No,No,Second-Hand Dwelling house /Apartment,,2017-04-04,"499 Collins Ave W, Whitehall, Dublin 9, D09 TK46, Ireland",ROOFTOP,53.3834865,-6.2477708,D09 TK46,street_address,Dublin City,Whitehall A,02090,Dublin,268157005
207477,2017.0,"49A John McCormack Avenue, Walkinstown, Dublin 12,Dublin,Ireland",03/03/2017,"49A John McCormack Avenue, Walkinstown, Dublin 12",Dublin 12,Dublin,240000.0,No,Yes,New Dwelling house /Apartment,greater than or equal to 38 sq metres and less than 125 sq metres,2017-03-03,"49A John McCormack Ave, Walkinstown, Dublin 12, Ireland",ROOFTOP,53.3187061,-6.3272936,,street_address,Dublin City,Walkinstown C,02160,Dublin,268156006
207486,2017.0,"4G BEAUMONT HOUSE, 60 TERENURE ROAD, DUBLIN 6,Dublin,Ireland",02/02/2017,"4G BEAUMONT HOUSE, 60 TERENURE ROAD, DUBLIN 6",,Dublin,329800.0,No,No,Second-Hand Dwelling house /Apartment,,2017-02-02,"Beaumont House, Terenure Rd E, Terenure, Dublin 6, Ireland",ROOFTOP,53.3113569,-6.2792118,,premise,Dublin City,Rathmines West E,02142,Dublin,268136011
207492,2017.0,"5 ADAMSTOWN PARK, ADAMSTOWN SQUARE, ADAMSTOWN,Dublin,Ireland",09/05/2017,"5 ADAMSTOWN PARK, ADAMSTOWN SQUARE, ADAMSTOWN",,Dublin,220264.32,No,Yes,New Dwelling house /Apartment,greater than or equal to 38 sq metres and less than 125 sq metres,2017-05-09,"Adamstown Ave, Adamstown Castle, Lucan, Co. Dublin, Ireland",GEOMETRIC_CENTER,53.3374647,-6.458759,,"establishment,point_of_interest",South Dublin,Lucan-St. Helen's,03017,Dublin,267103012
207493,2017.0,"5 ALDERWOOD LAWN, SPRINGFIELD, TALLAGHT DUBLIN 24,Dublin,Ireland",04/05/2017,"5 ALDERWOOD LAWN, SPRINGFIELD, TALLAGHT DUBLIN 24",Dublin 24,Dublin,205000.0,No,No,Second-Hand Dwelling house /Apartment,,2017-05-04,"5 Alderwood Lawn, Springfield, Dublin 24, D24 X2K4, Ireland",ROOFTOP,53.2885835,-6.3824883,D24 X2K4,street_address,South Dublin,Tallaght-Springfield,03039,Dublin,267147018
207512,2017.0,"5 AVONDALE MEWS 19 PARK AVE, SANDYMOUNT, DUBLIN 4,Dublin,Ireland",04/05/2017,"5 AVONDALE MEWS 19 PARK AVE, SANDYMOUNT, DUBLIN 4",Dublin 4,Dublin,299000.0,No,No,Second-Hand Dwelling house /Apartment,,2017-05-04,"Avondale Mews, Park Ave, Dublin 4, Ireland",ROOFTOP,53.3271556,-6.2150648,,premise,Dublin City,Pembroke East C,02127,Dublin,268112005
207513,2017.0,"5 AVONDALE PARK, RAHENY, DUBLIN 5,Dublin,Ireland",03/03/2017,"5 AVONDALE PARK, RAHENY, DUBLIN 5",Dublin 5,Dublin,385000.0,No,No,Second-Hand Dwelling house /Apartment,,2017-03-03,"5 Avondale Park, Donaghmede, Dublin 5, D05 HH93, Ireland",ROOFTOP,53.3791631,-6.1697111,D05 HH93,street_address,Dublin City,Raheny-St. Assam,02087,Dublin,268126009
207516,2017.0,"5 Abbots Grove Avenue, Knocklyon, Dublin 16,Dublin,Ireland",10/03/2017,"5 Abbots Grove Avenue, Knocklyon, Dublin 16",Dublin 16,Dublin,268177.74,No,Yes,New Dwelling house /Apartment,greater than or equal to 38 sq metres and less than 125 sq metres,2017-03-10,"24 Abbots grove, Ballycullen, Knocklyon, Co. Dublin, Ireland",ROOFTOP,53.2710579,-6.3252412,,"establishment,general_contractor,point_of_interest",South Dublin,Firhouse-Ballycullen,03012,Dublin,267085005/267085009
207535,2017.0,"5 BENEAVIN COURT, GLASNEVIN, DUBLIN 11,Dublin,Ireland",02/06/2017,"5 BENEAVIN COURT, GLASNEVIN, DUBLIN 11",Dublin 11,Dublin,452000.0,No,No,Second-Hand Dwelling house /Apartment,,2017-06-02,"5 Beneavin Rd, Ballygall, Dublin 11, D11 Y6E5, Ireland",ROOFTOP,53.3898534,-6.2863972,D11 Y6E5,street_address,Dublin City,Ballygall B,02012,Dublin,268013004
207540,2017.0,"5 BLOCK 1, CLEARWATER COVE, OLD DUN LAOGHAIRE RD,Dublin,Ireland",11/01/2017,"5 BLOCK 1, CLEARWATER COVE, OLD DUN LAOGHAIRE RD",Dublin 15,Dublin,208000.0,No,No,Second-Hand Dwelling house /Apartment,,2017-01-11,,,,,,,,,,,
207546,2017.0,"5 Balgriffin Grove, Malahide Road, Balgriffin,Dublin,Ireland",10/03/2017,"5 Balgriffin Grove, Malahide Road, Balgriffin",Dublin 13,Dublin,375000.0,Yes,Yes,New Dwelling house /Apartment,greater than or equal to 38 sq metres and less than 125 sq metres,2017-03-10,"Malahide Rd, Co. Dublin, Ireland",GEOMETRIC_CENTER,53.4154633,-6.1788876,,"establishment,local_government_office,point_of_interest",Fingal,Balgriffin,04005,Dublin,267005001
207548,2017.0,"5 Bolton View, Bolton Park, Rathfarnham,Dublin,Ireland",12/05/2017,"5 Bolton View, Bolton Park, Rathfarnham",,Dublin,660793.0,No,Yes,New Dwelling house /Apartment,less than 38 sq metres,2017-05-12,"Ballyboden Rd, Rathfarnham, Dublin, Ireland",GEOMETRIC_CENTER,53.2847898,-6.2931468,,"establishment,point_of_interest",South Dublin,Rathfarnham-St. Enda's,03025,Dublin,267116005
207562,2017.0,"5 CASTLELANDS, CASTLESIDE DR, RATHFARNHAM DUBLIN 14,Dublin,Ireland",07/03/2017,"5 CASTLELANDS, CASTLESIDE DR, RATHFARNHAM DUBLIN 14",Dublin 14,Dublin,390000.0,No,No,Second-Hand Dwelling house /Apartment,,2017-03-07,,,,,,,,,,,
207564,2017.0,"5 CASTLEMOYNE, BALGRIFFIN, DUBLIN 13,Dublin,Ireland",07/04/2017,"5 CASTLEMOYNE, BALGRIFFIN, DUBLIN 13",Dublin 13,Dublin,475000.0,No,No,Second-Hand Dwelling house /Apartment,,2017-04-07,"5 Castlemoyne, Balgriffin, Dublin 13, D13 VX59, Ireland",ROOFTOP,53.4097799,-6.1688442,D13 VX59,street_address,Fingal,Balgriffin,04005,Dublin,267005002
207585,2017.0,"5 CLONMORE COURT, BALLYMUN RD, GLASNEVIN DUBLIN 9,Dublin,Ireland",06/04/2017,"5 CLONMORE COURT, BALLYMUN RD, GLASNEVIN DUBLIN 9",Dublin 9,Dublin,255000.0,No,No,Second-Hand Dwelling house /Apartment,,2017-04-06,"Clonmore Court, Ballymun Rd, Botanic, Dublin 9, Ireland",ROOFTOP,53.3780503,-6.2670665,,premise,Dublin City,Botanic A,02027,Dublin,268027008
207596,2017.0,"5 COLLEGE VIEW, BALLYMUN, DUBLIN 11,Dublin,Ireland",04/05/2017,"5 COLLEGE VIEW, BALLYMUN, DUBLIN 11",Dublin 11,Dublin,155500.0,No,No,Second-Hand Dwelling house /Apartment,,2017-05-04,"College View, Silloge Rd, Ballymun, Dublin 11, Ireland",ROOFTOP,53.3947977,-6.2654252,,premise,Dublin City,Ballymun D,02018,Dublin,268018012/268018015
207603,2017.0,"5 CRAIGLANDS, ARDEEVIN RD, DALKEY,Dublin,Ireland",12/05/2017,"5 CRAIGLANDS, ARDEEVIN RD, DALKEY",,Dublin,580000.0,No,No,Second-Hand Dwelling house /Apartment,,2017-05-12,,,,,,,,,,,
207605,2017.0,"5 CROSTHWAITE HALL, GLENAGEARY RD LOWER, GLENAGEARY,Dublin,Ireland",09/02/2017,"5 CROSTHWAITE HALL, GLENAGEARY RD LOWER, GLENAGEARY",,Dublin,812500.0,No,No,Second-Hand Dwelling house /Apartment,,2017-02-09,"Crosthwaite Hall, Glenageary Rd Lower, Glenageary, Dublin, Ireland",ROOFTOP,53.2845316,-6.1331485,,premise,Dn Laoghaire-Rathdown,Dn Laoghaire-Glenageary,05044,Dublin,267069006
207618,2017.0,"5 Coill Dubh Court, Malahide,Dublin,Ireland",10/02/2017,"5 Coill Dubh Court, Malahide",,Dublin,484581.5,No,Yes,New Dwelling house /Apartment,greater than or equal to 125 sq metres,2017-02-10,,,,,,,,,,,
207624,2017.0,"5 DISWELLSTOWN cHASE, CASTLEKNOCK, DUBLIN 15,Dublin,Ireland",08/02/2017,"5 DISWELLSTOWN cHASE, CASTLEKNOCK, DUBLIN 15",Dublin 15,Dublin,356828.0,No,Yes,New Dwelling house /Apartment,greater than or equal to 38 sq metres and less than 125 sq metres,2017-02-08,"5 Diswellstown Cottages, Castleknock, Dublin 15, D15 KX20, Ireland",ROOFTOP,53.3676051,-6.3785812,D15 KX20,street_address,Fingal,Castleknock-Knockmaroon,04016,Dublin,267040060
207637,2017.0,"5 Dodderpark Gardens, Ballycullen,Dublin,Ireland",01/06/2017,"5 Dodderpark Gardens, Ballycullen",Dublin 24,Dublin,370044.0,No,Yes,New Dwelling house /Apartment,greater than or equal to 38 sq metres and less than 125 sq metres,2017-06-01,,,,,,,,,,,
207645,2017.0,"5 FLEMINGSTOWN PARK, CHURCHTOWN, DUBLIN 14,Dublin,Ireland",10/05/2017,"5 FLEMINGSTOWN PARK, CHURCHTOWN, DUBLIN 14",Dublin 14,Dublin,612652.0,No,No,Second-Hand Dwelling house /Apartment,,2017-05-10,"5 Flemingstown Park, Churchtown Lower, Dublin 14, D14 AW89, Ireland",ROOFTOP,53.2965413,-6.2527848,D14 AW89,street_address,Dn Laoghaire-Rathdown,Churchtown-Woodlawn,05026,Dublin,267046003
207667,2017.0,"5 HAYWORTH COURT, ONGAR PARK, CLONSILLA,Dublin,Ireland",02/02/2017,"5 HAYWORTH COURT, ONGAR PARK, CLONSILLA",Dublin 15,Dublin,189000.0,No,No,Second-Hand Dwelling house /Apartment,,2017-02-02,"5 Hayworth Dr, Ongar Park, Dublin 15, D15 X27E, Ireland",ROOFTOP,53.3941518,-6.4369674,D15 X27E,street_address,Fingal,Blanchardstown-Blakestown,04009,Dublin,267028112
207672,2017.0,"5 HOGAN SQ, HOGAN PLACE, DUBLIN 2,Dublin,Ireland",10/04/2017,"5 HOGAN SQ, HOGAN PLACE, DUBLIN 2",Dublin 2,Dublin,313000.0,No,No,Second-Hand Dwelling house /Apartment,,2017-04-10,"3, Hogan Square, Hogan Pl, Grand Canal Dock, Dublin 2, Ireland",ROOFTOP,53.3403128,-6.2435893,,premise,Dublin City,South Dock,02147,Dublin,268143006
207673,2017.0,"5 HOLLYBANK AVE LOWER, RANELAGH, DUBLIN 6,Dublin,Ireland",06/02/2017,"5 HOLLYBANK AVE LOWER, RANELAGH, DUBLIN 6",Dublin 6,Dublin,780000.0,No,No,Second-Hand Dwelling house /Apartment,,2017-02-06,"5 Hollybank Ave Lower, Dublin 6, D06 K5X0, Ireland",ROOFTOP,53.3204748,-6.2465123,D06 K5X0,street_address,Dublin City,Rathmines East B,02135,Dublin,268129014
207675,2017.0,"5 HOLLYBROOK, BLUEBELL AVE, BLUEBELL DUBLIN 12,Dublin,Ireland",07/06/2017,"5 HOLLYBROOK, BLUEBELL AVE, BLUEBELL DUBLIN 12",Dublin 12,Dublin,230500.0,No,No,Second-Hand Dwelling house /Apartment,,2017-06-07,"Hollybrook, Bluebell Ave, Inchicore, Dublin 12, Ireland",ROOFTOP,53.3315651,-6.3397218,,premise,Dublin City,Inchicore B,02107,Dublin,268079002
207678,2017.0,"5 HOLYWELL PLACE, HOLYWELL, SWORDS,Dublin,Ireland",05/05/2017,"5 HOLYWELL PLACE, HOLYWELL, SWORDS",,Dublin,236000.0,No,No,Second-Hand Dwelling house /Apartment,,2017-05-05,"5 Holywell Pl, Feltrim Hall, Swords, Co. Dublin, K67 FX62, Ireland",ROOFTOP,53.445089,-6.211173,K67 FX62,street_address,Fingal,Kinsaley,04026,Dublin,267099003
207691,2017.0,"5 KILLINEY GATE, CHURCH RD, KILLINEY,Dublin,Ireland",07/03/2017,"5 KILLINEY GATE, CHURCH RD, KILLINEY",,Dublin,650000.0,No,No,Second-Hand Dwelling house /Apartment,,2017-03-07,"5 Church Rd, Killiney, Co. Dublin, A96 FV32, Ireland",ROOFTOP,53.2556644,-6.127691,A96 FV32,street_address,Dn Laoghaire-Rathdown,Killiney North,05058,Dublin,267096005
207703,2017.0,"5 LA VERE TERRACE, HAROLDS CROSS, DUBLIN 6,Dublin,Ireland",10/04/2017,"5 LA VERE TERRACE, HAROLDS CROSS, DUBLIN 6",,Dublin,287000.0,No,No,Second-Hand Dwelling house /Apartment,,2017-04-10,"5 Le Vere Terrace, Harold's Cross, Dublin 6W, Co. Dublin, D6W AX82, Ireland",ROOFTOP,53.3283778,-6.2753627,D6W AX82,street_address,Dublin City,Rathmines West A,02138,Dublin,268132023
207711,2017.0,"5 LIMELAWN HILL, CLONSILLA, DUBLIN 15,Dublin,Ireland",09/03/2017,"5 LIMELAWN HILL, CLONSILLA, DUBLIN 15",Dublin 15,Dublin,310000.0,No,No,Second-Hand Dwelling house /Apartment,,2017-03-09,"5 Limelawn Hill, Clonsilla, Dublin 15, D15 T0H6, Ireland",ROOFTOP,53.3837574,-6.4055518,D15 T0H6,street_address,Fingal,Blanchardstown-Coolmine,04010,Dublin,267029015
207735,2017.0,"5 MILLMOUNT GROVE, DUNDRUM RD, DUBLIN 14,Dublin,Ireland",09/03/2017,"5 MILLMOUNT GROVE, DUNDRUM RD, DUBLIN 14",Dublin 14,Dublin,375000.0,No,No,Second-Hand Dwelling house /Apartment,,2017-03-09,"5, Millmount Court, Dundrum Rd, Windy Arbour, Dublin 14, Ireland",ROOFTOP,53.3058048,-6.24609,,premise,Dn Laoghaire-Rathdown,Clonskeagh-Farranboley,05028,Dublin,267057002
207743,2017.0,"5 MOUNT EUSTACE AVE, TYRRELSTOWN DUBLIN 15, DUBLIN,Dublin,Ireland",05/04/2017,"5 MOUNT EUSTACE AVE, TYRRELSTOWN DUBLIN 15, DUBLIN",Dublin 15,Dublin,205000.0,No,No,Second-Hand Dwelling house /Apartment,,2017-04-05,"5 Mount Eustace Ave, Tyrrelstown, Dublin 15, D15 R2R7, Ireland",ROOFTOP,53.4209587,-6.3884805,D15 R2R7,street_address,Fingal,The Ward,04041,Dublin,267158018
207753,2017.0,"5 OAKDENE, BALLINCLEA RD, KILLINEY,Dublin,Ireland",11/05/2017,"5 OAKDENE, BALLINCLEA RD, KILLINEY",,Dublin,465000.0,Yes,No,Second-Hand Dwelling house /Apartment,,2017-05-11,"5 Ballinclea Rd, Oakdene, Ballinclea, Killiney, Co. Dublin, A96 H5V2, Ireland",ROOFTOP,53.2689342,-6.1248911,A96 H5V2,street_address,Dn Laoghaire-Rathdown,Killiney North,05058,Dublin,267096009
207756,2017.0,"5 OAKVIEW LAWN, HARTSTOWN, CLONSILLA DUBLIN 15,Dublin,Ireland",09/02/2017,"5 OAKVIEW LAWN, HARTSTOWN, CLONSILLA DUBLIN 15",Dublin 15,Dublin,256000.0,No,No,Second-Hand Dwelling house /Apartment,,2017-02-09,"5 Oakview Lawn, Huntstown, Dublin 15, D15 E27C, Ireland",ROOFTOP,53.3922699,-6.417676,D15 E27C,street_address,Fingal,Blanchardstown-Blakestown,04009,Dublin,267028021
207775,2017.0,"5 Parkside Square, Parkside, Malahide Road  Co. Dublin,Dublin,Ireland",12/04/2017,"5 Parkside Square, Parkside, Malahide Road  Co. Dublin",,Dublin,334801.75,No,Yes,New Dwelling house /Apartment,greater than or equal to 38 sq metres and less than 125 sq metres,2017-04-12,,,,,,,,,,,
207777,2017.0,"5 RATH GEAL, WESTBOURNE RISE, CLONDALKIN DUBLIN 22,Dublin,Ireland",06/03/2017,"5 RATH GEAL, WESTBOURNE RISE, CLONDALKIN DUBLIN 22",Dublin 22,Dublin,89000.0,No,No,Second-Hand Dwelling house /Apartment,,2017-03-06,,,,,,,,,,,
207799,2017.0,"5 SEAFIELD GROVE, CLONTARF, DUBLIN 3,Dublin,Ireland",01/01/2017,"5 SEAFIELD GROVE, CLONTARF, DUBLIN 3",Dublin 3,Dublin,830000.0,No,No,Second-Hand Dwelling house /Apartment,,2017-01-01,"5 Seafield Grove, Clontarf East, Dublin 3, D03 K544, Ireland",ROOFTOP,53.3651392,-6.1818919,D03 K544,street_address,Dublin City,Clontarf East B,02038,Dublin,268042013
207809,2017.0,"5 SPENCER PLACE, DUBLIN 3, DUBLIN,Dublin,Ireland",04/04/2017,"5 SPENCER PLACE, DUBLIN 3, DUBLIN",Dublin 3,Dublin,136000.0,No,No,Second-Hand Dwelling house /Apartment,,2017-04-04,"5 Spencer Pl, North Strand, Dublin 3, D03 EY13, Ireland",ROOFTOP,53.3578556,-6.2393701,D03 EY13,street_address,Dublin City,North Dock A,02076,Dublin,268107002
207815,2017.0,"5 ST FINIAN'S CLOSE, LUCAN, CO DUBLIN,Dublin,Ireland",07/03/2017,"5 ST FINIAN'S CLOSE, LUCAN, CO DUBLIN",,Dublin,242000.0,No,No,Second-Hand Dwelling house /Apartment,,2017-03-07,"5 St Finian's Cl, Glebe, Lucan, Co. Dublin, K78 E260, Ireland",ROOFTOP,53.3488671,-6.4417388,K78 E260,street_address,South Dublin,Lucan Heights,03016,Dublin,267101004
207818,2017.0,"5 ST MALACHYS RD, GLASNEVIN, DUBLIN 9,Dublin,Ireland",11/04/2017,"5 ST MALACHYS RD, GLASNEVIN, DUBLIN 9",Dublin 9,Dublin,310000.0,No,No,Second-Hand Dwelling house /Apartment,,2017-04-11,"5 St Malachy's Rd, Botanic Ave, Drumcondra, Dublin 9, D09 P5P8, Ireland",ROOFTOP,53.3713184,-6.2647821,D09 P5P8,street_address,Dublin City,Botanic B,02028,Dublin,268028008
207832,2017.0,"5 SWANWARD COURT, PARNELL RD, DUBLIN 12,Dublin,Ireland",12/05/2017,"5 SWANWARD COURT, PARNELL RD, DUBLIN 12",Dublin 12,Dublin,386000.0,No,No,Second-Hand Dwelling house /Apartment,,2017-05-12,"Crumlin, Dublin, Ireland",GEOMETRIC_CENTER,53.329927,-6.2859286,,"establishment,point_of_interest",Dublin City,Crumlin C,02100,Dublin,268053007
207854,2017.0,"5 THE COURT, ROBSWALL, MALAHIDE,Dublin,Ireland",06/03/2017,"5 THE COURT, ROBSWALL, MALAHIDE",,Dublin,320000.0,No,No,Second-Hand Dwelling house /Apartment,,2017-03-06,"Meadow Court, Millview Rd, Yellow Walls, Malahide, Co. Dublin, Ireland",ROOFTOP,53.4508087,-6.1738741,,premise,Fingal,Malahide West,04030,Dublin,267106014
207860,2017.0,"5 THE FORUM, BALLYMOSS RD, SANDYFORD,Dublin,Ireland",02/02/2017,"5 THE FORUM, BALLYMOSS RD, SANDYFORD",Dublin 18,Dublin,210000.0,No,No,Second-Hand Dwelling house /Apartment,,2017-02-02,"The Forum, Ballymoss Rd, Sandyford Industrial Estate, Dublin 18, Ireland",ROOFTOP,53.277778,-6.210629,,premise,Dn Laoghaire-Rathdown,Dundrum-Balally,05037,Dublin,267078012
207862,2017.0,"5 THE HAVEN, THOMAS HAND ST, SKERRIES,Dublin,Ireland",10/03/2017,"5 THE HAVEN, THOMAS HAND ST, SKERRIES",,Dublin,290000.0,No,No,Second-Hand Dwelling house /Apartment,,2017-03-10,"5 Thomas Hand St, Townparks, Skerries, Co. Dublin, K34 WV62, Ireland",ROOFTOP,53.5786421,-6.1113703,K34 WV62,street_address,Fingal,Skerries,04034,Dublin,267123029
207865,2017.0,"5 THE MULLINS WING, LINDEN, GROVE AVE,Dublin,Ireland",03/02/2017,"5 THE MULLINS WING, LINDEN, GROVE AVE",,Dublin,472500.0,No,No,Second-Hand Dwelling house /Apartment,,2017-02-03,,,,,,,,,,,
207872,2017.0,"5 THE VILLAGE, BETTYGLEN, RAHENY,Dublin,Ireland",03/03/2017,"5 THE VILLAGE, BETTYGLEN, RAHENY",,Dublin,395000.0,No,No,Second-Hand Dwelling house /Apartment,,2017-03-03,"5 Bettyglen, The Village, Raheny - St. Assam, Dublin 5, D05 DF84, Ireland",ROOFTOP,53.3765609,-6.1629677,D05 DF84,street_address,Dublin City,Raheny-St. Assam,02087,Dublin,268126005
207875,2017.0,"5 TOLKA ROAD, BALLYBOUGH, DUBLIN 3,Dublin,Ireland",10/03/2017,"5 TOLKA ROAD, BALLYBOUGH, DUBLIN 3",Dublin 3,Dublin,220000.0,No,No,Second-Hand Dwelling house /Apartment,,2017-03-10,"5 Tolka Rd, Ballybough, Dublin 3, D03 XY52, Ireland",ROOFTOP,53.3625062,-6.2447205,D03 XY52,street_address,Dublin City,Drumcondra South B,02048,Dublin,268059003
207876,2017.0,"5 TOWERVILLE, ST JOHNS RD, SANDYMOUNT DUBLIN 4,Dublin,Ireland",10/02/2017,"5 TOWERVILLE, ST JOHNS RD, SANDYMOUNT DUBLIN 4",Dublin 4,Dublin,300000.0,No,No,Second-Hand Dwelling house /Apartment,,2017-02-10,"Apartment 1, Towerville, St John's Rd, Dublin 4, Ireland",ROOFTOP,53.3248215,-6.2072546,,premise,Dublin City,Pembroke East C,02127,Dublin,268112010
207877,2017.0,"5 TREES RD, MOUNT MERRION, DUBLIN,Dublin,Ireland",06/01/2017,"5 TREES RD, MOUNT MERRION, DUBLIN",,Dublin,930000.0,No,No,Second-Hand Dwelling house /Apartment,,2017-01-06,"5 Trees Ave, Stillorgan, Blackrock, Co. Dublin, A94 F7P6, Ireland",ROOFTOP,53.2937735,-6.2091449,A94 F7P6,street_address,Dn Laoghaire-Rathdown,Stillorgan-Mount Merrion,05067,Dublin,267128001
207878,2017.0,"5 Taney Green, Taney Road, Dundrum,Dublin,Ireland",02/05/2017,"5 Taney Green, Taney Road, Dundrum",Dublin 14,Dublin,748898.68,No,Yes,New Dwelling house /Apartment,greater than or equal to 38 sq metres and less than 125 sq metres,2017-05-02,"Taney Mews, Taney Rd, Dundrum, Dublin 14, Ireland",ROOFTOP,53.2929383,-6.2432655,,"establishment,point_of_interest",Dn Laoghaire-Rathdown,Dundrum-Taney,05041,Dublin,267082001
207887,2017.0,"5 Thornberry Road, Belmont, Stepaside,Dublin,Ireland",10/04/2017,"5 Thornberry Road, Belmont, Stepaside",,Dublin,444934.0,No,Yes,New Dwelling house /Apartment,greater than or equal to 38 sq metres and less than 125 sq metres,2017-04-10,,,,,,,,,,,
207890,2017.0,"5 VALENTIA HOUSE, NORTH CIRCULAR ROAD, PHIBSBORO,Dublin,Ireland",07/02/2017,"5 VALENTIA HOUSE, NORTH CIRCULAR ROAD, PHIBSBORO",,Dublin,160000.0,No,No,Second-Hand Dwelling house /Apartment,,2017-02-07,"Valencia House, N Circular Rd, Phibsborough, Dublin 7, Ireland",ROOFTOP,53.3601961,-6.2633132,,premise,Dublin City,Inns Quay A,02066,Dublin,268080009
207891,2017.0,"5 VERNON WOOD, CLONTARF, DUBLIN 3,Dublin,Ireland",02/06/2017,"5 VERNON WOOD, CLONTARF, DUBLIN 3",Dublin 3,Dublin,365000.0,No,No,Second-Hand Dwelling house /Apartment,,2017-06-02,"5 Vernon Wood, Clontarf East, Dublin 3, D03 R7V0, Ireland",ROOFTOP,53.3603539,-6.1967746,D03 R7V0,street_address,Dublin City,Clontarf East C,02039,Dublin,268043011
207894,2017.0,"5 WATERFALL RD, ST ANNES ESTATE, RAHENY DUBLIN 5,Dublin,Ireland",04/05/2017,"5 WATERFALL RD, ST ANNES ESTATE, RAHENY DUBLIN 5",Dublin 5,Dublin,380000.0,No,No,Second-Hand Dwelling house /Apartment,,2017-05-04,"St. Anne's Park, All Saints Rd, Raheny, Dublin 5, Ireland",GEOMETRIC_CENTER,53.3712996,-6.1798386,,"establishment,park,point_of_interest",Dublin City,Clontarf East A,02037,Dublin,268041007
207900,2017.0,"5 WHITWORTH HALL, MORNING STAR AVE, BRUNSWICK ST NORTH DUBLIN 7,Dublin,Ireland",07/02/2017,"5 WHITWORTH HALL, MORNING STAR AVE, BRUNSWICK ST NORTH DUBLIN 7",Dublin 7,Dublin,160000.0,No,No,Second-Hand Dwelling house /Apartment,,2017-02-07,,,,,,,,,,,
207901,2017.0,"5 WILFIELD, SANDYMOUNT AVENUE, DUBLIN 4,Dublin,Ireland",04/05/2017,"5 WILFIELD, SANDYMOUNT AVENUE, DUBLIN 4",,Dublin,490000.0,No,No,Second-Hand Dwelling house /Apartment,,2017-05-04,"Wilfield House, Sandymount Ave, Dublin 4, Ireland",ROOFTOP,53.3288157,-6.2185662,,premise,Dublin City,Pembroke East C,02127,Dublin,268112017
207909,2017.0,"5 Willow Place, Druids Valley, Cabinteely,Dublin,Ireland",02/02/2017,"5 Willow Place, Druids Valley, Cabinteely",,Dublin,595000.0,No,Yes,New Dwelling house /Apartment,greater than or equal to 38 sq metres and less than 125 sq metres,2017-02-02,"5 Willow Cres, Druid Valley, Dublin 18, D18 FW97, Ireland",ROOFTOP,53.2497154,-6.1429165,D18 FW97,street_address,Dn Laoghaire-Rathdown,Cabinteely-Loughlinstown,05020,Dublin,267038007
207920,2017.0,"50 BELARMINE PLACE, STEPASIDE, DUBLIN,Dublin,Ireland",09/06/2017,"50 BELARMINE PLACE, STEPASIDE, DUBLIN",Dublin 18,Dublin,403000.0,No,No,Second-Hand Dwelling house /Apartment,,2017-06-09,"50 Belarmine Pl, Sandyford, Dublin, Ireland",RANGE_INTERPOLATED,53.2581976,-6.2187854,,street_address,Dn Laoghaire-Rathdown,Glencullen,05057,Dublin,267092012
207927,2017.0,"50 CASTLEGATE, CASTLE ST, DUBLIN 2,Dublin,Ireland",10/03/2017,"50 CASTLEGATE, CASTLE ST, DUBLIN 2",Dublin 2,Dublin,240000.0,No,No,Second-Hand Dwelling house /Apartment,,2017-03-10,"Castle Gate Apartments, Castle St, Dublin 2, Ireland",ROOFTOP,53.3435916,-6.268463,,premise,Dublin City,Royal Exchange A,02144,Dublin,268140010
207940,2017.0,"50 DOLLYMOUNT AVENUE, CLONTARF, DUBLIN 3,Dublin,Ireland",05/01/2017,"50 DOLLYMOUNT AVENUE, CLONTARF, DUBLIN 3",Dublin 3,Dublin,450000.0,No,No,Second-Hand Dwelling house /Apartment,,2017-01-05,"50 Dollymount Ave, Clontarf East, Dublin 3, D03 CK27, Ireland",ROOFTOP,53.3657122,-6.1790223,D03 CK27,street_address,Dublin City,Clontarf East B,02038,Dublin,268042015
207941,2017.0,"50 DOLLYMOUNT AVENUE, CLONTARF, DUBLIN 3,Dublin,Ireland",05/01/2017,"50 DOLLYMOUNT AVENUE, CLONTARF, DUBLIN 3",Dublin 3,Dublin,450000.0,No,No,Second-Hand Dwelling house /Apartment,,2017-01-05,"50 Dollymount Ave, Clontarf East, Dublin 3, D03 CK27, Ireland",ROOFTOP,53.3657122,-6.1790223,D03 CK27,street_address,Dublin City,Clontarf East B,02038,Dublin,268042015
207971,2017.0,"50 MARGUERITE RD, GLASNEVIN, DUBLIN 9,Dublin,Ireland",06/02/2017,"50 MARGUERITE RD, GLASNEVIN, DUBLIN 9",Dublin 9,Dublin,550000.0,No,No,Second-Hand Dwelling house /Apartment,,2017-02-06,"50 Marguerite Rd, Drumcondra, Dublin, Ireland",RANGE_INTERPOLATED,53.3684055,-6.2668182,,street_address,Dublin City,Botanic B,02028,Dublin,268028007
207977,2017.0,"50 MOUNTJOY SQ, DUBLIN 1, DUBLIN,Dublin,Ireland",03/04/2017,"50 MOUNTJOY SQ, DUBLIN 1, DUBLIN",Dublin 1,Dublin,258000.0,No,No,Second-Hand Dwelling house /Apartment,,2017-04-03,"50 Mountjoy Square S, Mountjoy, Dublin 1, D01 E6D0, Ireland",ROOFTOP,53.3555926,-6.2574514,D01 E6D0,street_address,Dublin City,Mountjoy B,02074,Dublin,268105011
207981,2017.0,"50 RAVENSWELL, PALMER RD, RUSH,Dublin,Ireland",11/01/2017,"50 RAVENSWELL, PALMER RD, RUSH",,Dublin,25000.0,Yes,No,Second-Hand Dwelling house /Apartment,,2017-01-11,,,,,,,,,,,
207988,2017.0,"50 SPRINGVALE, EDMONDSTOWN RD, RATHFARNHAM DUBLIN 14,Dublin,Ireland",10/05/2017,"50 SPRINGVALE, EDMONDSTOWN RD, RATHFARNHAM DUBLIN 14",Dublin 16,Dublin,400000.0,No,No,Second-Hand Dwelling house /Apartment,,2017-05-10,"14 Edmondstown Rd, Springvale, Rathfarnham, Dublin 16, D16 P3C9, Ireland",ROOFTOP,53.2773601,-6.2978037,D16 P3C9,street_address,South Dublin,Edmondstown,03011,Dublin,267083007
207990,2017.0,"50 ST JOHNS PARK WEST, CLONDALKIN, DUBLIN 22,Dublin,Ireland",03/03/2017,"50 ST JOHNS PARK WEST, CLONDALKIN, DUBLIN 22",Dublin 22,Dublin,283500.0,No,No,Second-Hand Dwelling house /Apartment,,2017-03-03,"50 St John's Park W, Commons, Dublin 22, D22 Y4A6, Ireland",ROOFTOP,53.3163112,-6.4019567,D22 Y4A6,street_address,South Dublin,Clondalkin Village,03010,Dublin,267053013
207999,2017.0,"50 WOODFORD DR, CLONDALKIN, DUBLIN 22,Dublin,Ireland",10/02/2017,"50 WOODFORD DR, CLONDALKIN, DUBLIN 22",Dublin 22,Dublin,250000.0,No,No,Second-Hand Dwelling house /Apartment,,2017-02-10,"50 Woodford Dr, Knockmitten, Dublin 22, D22 K1C9, Ireland",ROOFTOP,53.3219425,-6.3794138,D22 K1C9,street_address,South Dublin,Clondalkin-Monastery,03007,Dublin,267050021
208001,2017.0,"50 diswellstown way, castleknock, dublin 15,Dublin,Ireland",06/01/2017,"50 diswellstown way, castleknock, dublin 15",Dublin 15,Dublin,405286.0,No,Yes,New Dwelling house /Apartment,greater than or equal to 125 sq metres,2017-01-06,"50 Castleknock Way, Carpenterstown, Dublin 15, D15 KD74, Ireland",ROOFTOP,53.3754615,-6.3762689,D15 KD74,street_address,Fingal,Castleknock-Knockmaroon,04016,Dublin,267040010
208005,2017.0,"506, CARNLOUGH ROAD, CABRA DUBLIN 7,Dublin,Ireland",06/02/2017,"506, CARNLOUGH ROAD, CABRA DUBLIN 7",Dublin 7,Dublin,98700.0,Yes,No,Second-Hand Dwelling house /Apartment,,2017-02-06,"506 Carnlough Rd, Cabra West, Dublin 7, D07 XW80, Ireland",ROOFTOP,53.3714518,-6.3035196,D07 XW80,street_address,Dublin City,Cabra West A,02033,Dublin,268033004
208010,2017.0,"51 ARAN COURT, WATERVILLE, BLANCHARDSTOWN DUBLIN 15,Dublin,Ireland",12/05/2017,"51 ARAN COURT, WATERVILLE, BLANCHARDSTOWN DUBLIN 15",Dublin 15,Dublin,255000.0,No,No,Second-Hand Dwelling house /Apartment,,2017-05-12,"51 Aran Ct, Waterville, Dublin 15, D15 F6T1, Ireland",ROOFTOP,53.3933679,-6.3726474,D15 F6T1,street_address,Fingal,Blanchardstown-Abbotstown,04008,Dublin,267027011
208011,2017.0,"51 ARDLEA RD, ARTANE, DUBLIN 5,Dublin,Ireland",05/06/2017,"51 ARDLEA RD, ARTANE, DUBLIN 5",Dublin 5,Dublin,295000.0,No,No,Second-Hand Dwelling house /Apartment,,2017-06-05,"51 Ardlea Rd, Beaumont, Dublin, Ireland",RANGE_INTERPOLATED,53.3850383,-6.2080666,,street_address,Dublin City,Beaumont C,02023,Dublin,268023008
208016,2017.0,"51 BARNWALL COURT, HAMLET LANE, DUBLIN,Dublin,Ireland",10/04/2017,"51 BARNWALL COURT, HAMLET LANE, DUBLIN",,Dublin,176000.0,No,No,Second-Hand Dwelling house /Apartment,,2017-04-10,"Hamlet Ln, Balbriggan, Co. Dublin, Ireland",GEOMETRIC_CENTER,53.6150311,-6.2006292,,route,Fingal,Balbriggan Rural,04002,Dublin,267002012
208017,2017.0,"51 BEECHPARK COURT, COOLOCK, DUBLIN,Dublin,Ireland",03/05/2017,"51 BEECHPARK COURT, COOLOCK, DUBLIN",Dublin 5,Dublin,265000.0,No,No,Second-Hand Dwelling house /Apartment,,2017-05-03,"51 Beechpark Ct, Kilmore, Dublin 5, D05 WP96, Ireland",ROOFTOP,53.3897915,-6.199373,D05 WP96,street_address,Dublin City,Kilmore D,02072,Dublin,268087005
208019,2017.0,"51 BROOKLAWN AVE, NEWTOWN PARK AVE, BLACKROCK,Dublin,Ireland",06/03/2017,"51 BROOKLAWN AVE, NEWTOWN PARK AVE, BLACKROCK",,Dublin,511000.0,No,No,Second-Hand Dwelling house /Apartment,,2017-03-06,"Brooklawn Lodge, Newtownpark Ave, Stradbrook, Blackrock, Co. Dublin, Ireland",ROOFTOP,53.2916664,-6.1707415,,premise,Dn Laoghaire-Rathdown,Blackrock-Monkstown,05012,Dublin,267017001
208034,2017.0,"51 Diswellstown Way, Castleknock, Dublin 15,Dublin,Ireland",07/02/2017,"51 Diswellstown Way, Castleknock, Dublin 15",Dublin 15,Dublin,439647.58,No,Yes,New Dwelling house /Apartment,greater than or equal to 38 sq metres and less than 125 sq metres,2017-02-07,"51 Castleknock Way, Carpenterstown, Dublin 15, D15 K2XF, Ireland",ROOFTOP,53.3758087,-6.3754213,D15 K2XF,street_address,Fingal,Castleknock-Knockmaroon,04016,Dublin,267040010
208051,2017.0,"51 LATCHFORD CLOSE, BLANCHARDSTOWN, DUBLIN 15,Dublin,Ireland",12/01/2017,"51 LATCHFORD CLOSE, BLANCHARDSTOWN, DUBLIN 15",,Dublin,200000.0,No,No,Second-Hand Dwelling house /Apartment,,2017-01-12,"51 Latchford Cl, Castaheany, Clonee, Co. Dublin, D15 W659, Ireland",ROOFTOP,53.3972821,-6.4346308,D15 W659,street_address,Fingal,Blanchardstown-Blakestown,04009,Dublin,267028076
208053,2017.0,"51 LUTTRELLSTOWN AVE, CASTLEKNOCK, DUBLIN 15,Dublin,Ireland",02/05/2017,"51 LUTTRELLSTOWN AVE, CASTLEKNOCK, DUBLIN 15",Dublin 15,Dublin,440000.0,No,No,Second-Hand Dwelling house /Apartment,,2017-05-02,"51 Luttrellstown Ave, Carpenterstown, Dublin 15, D15 KHK1, Ireland",ROOFTOP,53.3686728,-6.3921003,D15 KHK1,street_address,Fingal,Castleknock-Knockmaroon,04016,Dublin,267040042
208059,2017.0,"51 MILLBROOK RD, Donaghmede,Dublin,Ireland",03/02/2017,"51 MILLBROOK RD, Donaghmede",Dublin 13,Dublin,212000.0,No,No,Second-Hand Dwelling house /Apartment,,2017-02-03,"51 Millbrook Rd, Ayrfield, Dublin 13, D13 H6P6, Ireland",ROOFTOP,53.3935148,-6.1789075,D13 H6P6,street_address,Dublin City,Ayrfield,02008,Dublin,268008009
208060,2017.0,"51 MILLBROOK RD, RAHENY DUBLIN 5, DUBLIN,Dublin,Ireland",02/02/2017,"51 MILLBROOK RD, RAHENY DUBLIN 5, DUBLIN",Dublin 13,Dublin,153320.0,Yes,No,Second-Hand Dwelling house /Apartment,,2017-02-02,"51 Millbrook Rd, Ayrfield, Dublin 13, D13 H6P6, Ireland",ROOFTOP,53.3935148,-6.1789075,D13 H6P6,street_address,Dublin City,Ayrfield,02008,Dublin,268008009
208061,2017.0,"51 MONALEA WOOD, FIRHOUSE, DUBLIN 24,Dublin,Ireland",12/01/2017,"51 MONALEA WOOD, FIRHOUSE, DUBLIN 24",Dublin 24,Dublin,478000.0,No,No,Second-Hand Dwelling house /Apartment,,2017-01-12,"51 Monalea Wood, Knocklyon, Dublin 24, D24 R9YN, Ireland",ROOFTOP,53.2831263,-6.3346493,D24 R9YN,street_address,South Dublin,Firhouse Village,03014,Dublin,267084036
208069,2017.0,"51 PIER 19, BRIDGEFOOT STREET, DUBLIN 8,Dublin,Ireland",10/05/2017,"51 PIER 19, BRIDGEFOOT STREET, DUBLIN 8",,Dublin,160000.0,No,No,Second-Hand Dwelling house /Apartment,,2017-05-10,"Pier 19, Bridgefoot St, Dublin 8, Ireland",ROOFTOP,53.3458886,-6.2809393,,premise,Dublin City,Ushers B,02153,Dublin,268149002
208070,2017.0,"51 PLUNKETT CRESCENT, FINGLAS WEST, DUBLIN 11,Dublin,Ireland",03/02/2017,"51 PLUNKETT CRESCENT, FINGLAS WEST, DUBLIN 11",Dublin 11,Dublin,175000.0,No,No,Second-Hand Dwelling house /Apartment,,2017-02-03,"51 Plunkett Cres, Finglas West, Dublin 11, D11 W2H5, Ireland",ROOFTOP,53.3985052,-6.3112095,D11 W2H5,street_address,Dublin City,Finglas North A,02051,Dublin,268063002
208077,2017.0,"51 THE FORUM, BALLYMOSS RD, SANDYFORD DUBLIN 18,Dublin,Ireland",10/02/2017,"51 THE FORUM, BALLYMOSS RD, SANDYFORD DUBLIN 18",Dublin 18,Dublin,285000.0,No,No,Second-Hand Dwelling house /Apartment,,2017-02-10,"The Forum, Ballymoss Rd, Sandyford Industrial Estate, Dublin 18, Ireland",ROOFTOP,53.277778,-6.210629,,premise,Dn Laoghaire-Rathdown,Dundrum-Balally,05037,Dublin,267078012
208081,2017.0,"51 The Paddocks View, Adamstown, Lucan,Dublin,Ireland",06/02/2017,"51 The Paddocks View, Adamstown, Lucan",,Dublin,287500.0,No,Yes,New Dwelling house /Apartment,less than 38 sq metres,2017-02-06,"51 The Paddocks View, Adamstown, Lucan, Co. Dublin, K78 NX43, Ireland",ROOFTOP,53.3487965,-6.463479,K78 NX43,street_address,South Dublin,Lucan-St. Helen's,03017,Dublin,267103016/02
208093,2017.0,"52 ARDMORE PARK, KILL AVE, DUN LAOGHAIRE,Dublin,Ireland",01/02/2017,"52 ARDMORE PARK, KILL AVE, DUN LAOGHAIRE",,Dublin,816000.0,No,No,Second-Hand Dwelling house /Apartment,,2017-02-01,,,,,,,,,,,
208108,2017.0,"52 Diswellstown Manor, Castleknock Golf Club, DUBLIN 15,Dublin,Ireland",03/03/2017,"52 Diswellstown Manor, Castleknock Golf Club, DUBLIN 15",Dublin 15,Dublin,356828.0,No,Yes,New Dwelling house /Apartment,greater than or equal to 38 sq metres and less than 125 sq metres,2017-03-03,"Porterstown, Castleknock Golf Club, Co. Dublin, Ireland",GEOMETRIC_CENTER,53.3670659,-6.3855459,,"establishment,point_of_interest",Fingal,Castleknock-Knockmaroon,04016,Dublin,267040042
208110,2017.0,"52 EARLS COURT, REUBEN ST, DUBLIN 8,Dublin,Ireland",01/02/2017,"52 EARLS COURT, REUBEN ST, DUBLIN 8",Dublin 8,Dublin,119000.0,No,No,Second-Hand Dwelling house /Apartment,,2017-02-01,,,,,,,,,,,
208114,2017.0,"52 HARBOUR COURT, GEORGES PLACE, DUN LAOGHAIRE,Dublin,Ireland",08/02/2017,"52 HARBOUR COURT, GEORGES PLACE, DUN LAOGHAIRE",,Dublin,370000.0,No,No,Second-Hand Dwelling house /Apartment,,2017-02-08,"22, Harbour Court, George's Pl, D̼n Laoghaire, Dublin, Ireland",ROOFTOP,53.2951756,-6.141188,,premise,Dn Laoghaire-Rathdown,Dn Laoghaire-West Central,05052,Dublin,267077008
208115,2017.0,"52 HAZELBURY PARK, CLONEE, DUBLIN 15,Dublin,Ireland",03/03/2017,"52 HAZELBURY PARK, CLONEE, DUBLIN 15",Dublin 15,Dublin,242000.0,No,No,Second-Hand Dwelling house /Apartment,,2017-03-03,"52 Hazelbury Park, Castaheany, Clonee, Co. Dublin, D15 N5Y6, Ireland",ROOFTOP,53.4000425,-6.4322845,D15 N5Y6,street_address,Fingal,Blanchardstown-Blakestown,04009,Dublin,267028052
208135,2017.0,"52 RIALTO COURT, SOUTH CIRCULAR RD, DUBLIN 8,Dublin,Ireland",10/03/2017,"52 RIALTO COURT, SOUTH CIRCULAR RD, DUBLIN 8",Dublin 8,Dublin,90000.0,No,No,Second-Hand Dwelling house /Apartment,,2017-03-10,"52 S Circular Rd, Wood Quay, Dublin, Ireland",RANGE_INTERPOLATED,53.3321874,-6.2733148,,street_address,Dublin City,Wood Quay B,02162,Dublin,268162011
208138,2017.0,"52 SEATOWN VILLAS, SWORDS, DUBLIN,Dublin,Ireland",09/02/2017,"52 SEATOWN VILLAS, SWORDS, DUBLIN",,Dublin,340000.0,No,No,Second-Hand Dwelling house /Apartment,,2017-02-09,"52 Seatown Villas, Townparks, Swords, Co. Dublin, K67 N298, Ireland",ROOFTOP,53.4623952,-6.2159327,K67 N298,street_address,Fingal,Swords Village,04040,Dublin,267135004
208158,2017.0,"53  Drury Mills, Saggart, Dublin,Dublin,Ireland",01/06/2017,"53  Drury Mills, Saggart, Dublin",,Dublin,317180.62,No,Yes,New Dwelling house /Apartment,greater than or equal to 38 sq metres and less than 125 sq metres,2017-06-01,,,,,,,,,,,
208164,2017.0,"53 BELLISK, DONABATE, NORTH,Dublin,Ireland",10/04/2017,"53 BELLISK, DONABATE, NORTH",,Dublin,141000.0,No,No,Second-Hand Dwelling house /Apartment,,2017-04-10,"53 Ballisk Ct, Ballalease West, Donabate, Co. Dublin, Ireland",RANGE_INTERPOLATED,53.487506,-6.1501111,,street_address,Fingal,Donabate,04019,Dublin,267065003
208166,2017.0,"53 BERTRAM COURT, LAMB ALLEY, DUBLIN 8,Dublin,Ireland",10/03/2017,"53 BERTRAM COURT, LAMB ALLEY, DUBLIN 8",Dublin 8,Dublin,180000.0,No,No,Second-Hand Dwelling house /Apartment,,2017-03-10,"Apartment 87, Bertram Court, Lamb Alley, Merchants Quay, Dublin 8, Ireland",ROOFTOP,53.3426795,-6.2755718,,premise,Dublin City,Merchants Quay B,02120,Dublin,268099014
208176,2017.0,"53 Dodsboro Road, Adamstown, Lucan,Dublin,Ireland",02/05/2017,"53 Dodsboro Road, Adamstown, Lucan",,Dublin,237885.0,No,Yes,New Dwelling house /Apartment,greater than or equal to 38 sq metres and less than 125 sq metres,2017-05-02,"53 Dodsborough Cottages, Doddsborough, Lucan, Co. Dublin, K78 HP68, Ireland",ROOFTOP,53.3487235,-6.4679624,K78 HP68,street_address,South Dublin,Lucan-St. Helen's,03017,Dublin,267103008
208178,2017.0,"53 ELM RD, DONNYCARNEY, DUBLIN 9,Dublin,Ireland",07/02/2017,"53 ELM RD, DONNYCARNEY, DUBLIN 9",Dublin 9,Dublin,305000.0,No,No,Second-Hand Dwelling house /Apartment,,2017-02-07,"53 Elm Rd, Grace Park, Dublin 9, D09 V2A2, Ireland",ROOFTOP,53.3753962,-6.222757,D09 V2A2,street_address,Dublin City,Grace Park,02058,Dublin,268070012
208180,2017.0,"53 GANDON HALL, LOWER GARDINER STREET, DUBLIN 1,Dublin,Ireland",11/03/2017,"53 GANDON HALL, LOWER GARDINER STREET, DUBLIN 1",Dublin 1,Dublin,148000.0,No,No,Second-Hand Dwelling house /Apartment,,2017-03-11,"Gardiner Street Lower, Mountjoy, Dublin, Ireland",ROOFTOP,53.3523183,-6.2551283,,"establishment,point_of_interest,premise",Dublin City,Mountjoy A,02073,Dublin,268104017
208182,2017.0,"53 GREENWOOD DR, MALAHIDE RD, DUBLIN 13,Dublin,Ireland",01/02/2017,"53 GREENWOOD DR, MALAHIDE RD, DUBLIN 13",Dublin 15,Dublin,322500.0,No,No,Second-Hand Dwelling house /Apartment,,2017-02-01,"53 Greenwood Dr, Ayrfield, Dublin 13, D13 C9W0, Ireland",ROOFTOP,53.3981342,-6.1822346,D13 C9W0,street_address,Dublin City,Ayrfield,02008,Dublin,268008017/01
208198,2017.0,"53 LONGMEADOWS, CONYNGHAM RD, ISLANDBRIDGE DUBLIN 8,Dublin,Ireland",06/05/2017,"53 LONGMEADOWS, CONYNGHAM RD, ISLANDBRIDGE DUBLIN 8",Dublin 8,Dublin,330000.0,No,No,Second-Hand Dwelling house /Apartment,,2017-05-06,"Longmeadows Apartments, Conyngham Rd, Phoenix Park, Dublin 8, Ireland",ROOFTOP,53.347999,-6.3001412,,premise,Dublin City,Phoenix Park,02079,Dublin,268118004
208199,2017.0,"53 MARGUERITE ROAD, GLASNEVIN, DUBLIN 9,Dublin,Ireland",10/01/2017,"53 MARGUERITE ROAD, GLASNEVIN, DUBLIN 9",Dublin 9,Dublin,600000.0,No,No,Second-Hand Dwelling house /Apartment,,2017-01-10,"53 Marguerite Rd, Drumcondra, Dublin, Ireland",RANGE_INTERPOLATED,53.3683792,-6.2665839,,street_address,Dublin City,Botanic B,02028,Dublin,268028007
208210,2017.0,"53 ROCKFIELD AVE, TERENURE, DUBLIN 12,Dublin,Ireland",07/02/2017,"53 ROCKFIELD AVE, TERENURE, DUBLIN 12",Dublin 12,Dublin,454000.0,No,No,Second-Hand Dwelling house /Apartment,,2017-02-07,"53 Rockfield Ave, Perrystown, Dublin 12, D12 W2W7, Ireland",ROOFTOP,53.309677,-6.3158695,D12 W2W7,street_address,South Dublin,Terenure-Greentrees,03048,Dublin,267156004
208216,2017.0,"53 THE CLAYTON, GASWORKS, BARROW STREET,Dublin,Ireland",09/01/2017,"53 THE CLAYTON, GASWORKS, BARROW STREET",,Dublin,305000.0,No,No,Second-Hand Dwelling house /Apartment,,2017-01-09,,,,,,,,,,,
208220,2017.0,"53 THE PARK, HOLLYSTOWN, DUBLIN 15,Dublin,Ireland",09/01/2017,"53 THE PARK, HOLLYSTOWN, DUBLIN 15",Dublin 15,Dublin,390000.0,No,No,Second-Hand Dwelling house /Apartment,,2017-01-09,"53 Hollystown Park, Hollystown, Dublin 15, D15 X7H6, Ireland",ROOFTOP,53.4345366,-6.3879774,D15 X7H6,street_address,Fingal,The Ward,04041,Dublin,267158022
208226,2017.0,"53 WHATLEY HALL, ARCHERSWOOD, CLONEE DUBLIN 15,Dublin,Ireland",01/03/2017,"53 WHATLEY HALL, ARCHERSWOOD, CLONEE DUBLIN 15",Dublin 15,Dublin,194000.0,No,No,Second-Hand Dwelling house /Apartment,,2017-03-01,"Apartment 100, Whatley Hall, Archers Wood, Parslickstown, Clonee, Co. Dublin, Ireland",ROOFTOP,53.4043808,-6.4075204,,premise,Fingal,Blanchardstown-Blakestown,04009,Dublin,267028093
208231,2017.0,"54  Sion Hill Park, Drumdondra,Dublin,Ireland",03/03/2017,"54  Sion Hill Park, Drumdondra",Dublin 9,Dublin,621145.0,No,Yes,New Dwelling house /Apartment,greater than or equal to 125 sq metres,2017-03-03,"9 Sion Hill Rd, Grace Park, Dublin 9, D09 A6K8, Ireland",ROOFTOP,53.3759107,-6.2376947,D09 A6K8,"establishment,point_of_interest",Dublin City,Grace Park,02058,Dublin,268070002
208250,2017.0,"54 DALE RD, STILLORGAN, DUBLIN,Dublin,Ireland",05/04/2017,"54 DALE RD, STILLORGAN, DUBLIN",,Dublin,550000.0,No,No,Second-Hand Dwelling house /Apartment,,2017-04-05,"54 Dale Rd, Stillorgan, Dublin, A94 RF76, Ireland",ROOFTOP,53.2857763,-6.2135288,A94 RF76,street_address,Dn Laoghaire-Rathdown,Stillorgan-Kilmacud,05064,Dublin,267125015
208264,2017.0,"54 KNOCKNASHEE, GOATSTOWN, DUBLIN 14,Dublin,Ireland",10/03/2017,"54 KNOCKNASHEE, GOATSTOWN, DUBLIN 14",Dublin 14,Dublin,760000.0,No,No,Second-Hand Dwelling house /Apartment,,2017-03-10,"54 Knocknashee, Mountanville, Dublin 14, D14 HX73, Ireland",ROOFTOP,53.2902197,-6.2303429,D14 HX73,street_address,Dn Laoghaire-Rathdown,Dundrum-Kilmacud,05038,Dublin,267079013
208271,2017.0,"54 OAKWOOD AVE, DUBLIN 11, DUBLIN,Dublin,Ireland",10/02/2017,"54 OAKWOOD AVE, DUBLIN 11, DUBLIN",Dublin 11,Dublin,305000.0,No,No,Second-Hand Dwelling house /Apartment,,2017-02-10,"54 Oakwood Ave, Finglas East, Dublin 11, D11 NH21, Ireland",ROOFTOP,53.3942838,-6.2868951,D11 NH21,street_address,Dublin City,Ballymun F,02020,Dublin,268020006
208287,2017.0,"54 SWEETMOUNT AVE, DUNDRUM, DUBLIN 14,Dublin,Ireland",09/06/2017,"54 SWEETMOUNT AVE, DUNDRUM, DUBLIN 14",Dublin 14,Dublin,705000.0,No,No,Second-Hand Dwelling house /Apartment,,2017-06-09,"54 Sweetmount Ave, Dundrum, Dublin 14, D14 H735, Ireland",ROOFTOP,53.2905888,-6.250341,D14 H735,street_address,Dn Laoghaire-Rathdown,Dundrum-Sweetmount,05040,Dublin,267081003
208311,2017.0,"55 CASHEL RD, CRUMLIN, DUBLIN 12,Dublin,Ireland",12/04/2017,"55 CASHEL RD, CRUMLIN, DUBLIN 12",Dublin 12,Dublin,192000.0,No,No,Second-Hand Dwelling house /Apartment,,2017-04-12,"55 Cashel Rd, Kimmage, Dublin 12, D12 Y3E0, Ireland",ROOFTOP,53.3235677,-6.3069184,D12 Y3E0,street_address,Dublin City,Kimmage B,02112,Dublin,268091008
208319,2017.0,"55 DORSET SQUARE, DUBLIN 1,Dublin,Ireland",10/01/2017,"55 DORSET SQUARE, DUBLIN 1",,Dublin,125000.0,Yes,No,Second-Hand Dwelling house /Apartment,,2017-01-10,"55 Dorset Street Lower, Ballybough, Dublin 1, D01 NY92, Ireland",ROOFTOP,53.360963,-6.2597897,D01 NY92,street_address,Dublin City,Ballybough B,02010,Dublin,268010001
208320,2017.0,"55 Diswellstown Manor, Castleknock, Dublin 15,Dublin,Ireland",08/02/2017,"55 Diswellstown Manor, Castleknock, Dublin 15",Dublin 15,Dublin,406504.7,No,Yes,New Dwelling house /Apartment,less than 38 sq metres,2017-02-08,"Porterstown, Castleknock Golf Club, Co. Dublin, Ireland",GEOMETRIC_CENTER,53.3670659,-6.3855459,,"establishment,point_of_interest",Fingal,Castleknock-Knockmaroon,04016,Dublin,267040042
208321,2017.0,"55 Diswelltown Way, Castleknock,Dublin,Ireland",06/04/2017,"55 Diswelltown Way, Castleknock",,Dublin,453744.0,No,Yes,New Dwelling house /Apartment,greater than or equal to 125 sq metres,2017-04-06,"55 Castleknock Way, Carpenterstown, Dublin 15, D15 KH36, Ireland",ROOFTOP,53.3758145,-6.3751913,D15 KH36,street_address,Fingal,Castleknock-Knockmaroon,04016,Dublin,267040010
208326,2017.0,"55 HUNTERS LANE, FIRHOUSE, TALLAGHT,Dublin,Ireland",09/06/2017,"55 HUNTERS LANE, FIRHOUSE, TALLAGHT",Dublin 24,Dublin,226000.0,No,No,Second-Hand Dwelling house /Apartment,,2017-06-09,"55 Hunters Ln, Hunters Wood, Baile ́tha Cliath 24, D24 T660, Ireland",ROOFTOP,53.2694687,-6.3318189,D24 T660,street_address,South Dublin,Firhouse Village,03014,Dublin,267084021
208332,2017.0,"55 LISSADEL AVE, DRIMNAGH, DUBLIN 12,Dublin,Ireland",03/03/2017,"55 LISSADEL AVE, DRIMNAGH, DUBLIN 12",Dublin 12,Dublin,224000.0,No,No,Second-Hand Dwelling house /Apartment,,2017-03-03,"55 Lissadel Ave, Drimnagh, Dublin 12, D12 K402, Ireland",ROOFTOP,53.3306512,-6.3123163,D12 K402,street_address,Dublin City,Crumlin E,02102,Dublin,268055007
208333,2017.0,"55 LISSENFIELD, RATHMINES, DUBLIN 6,Dublin,Ireland",08/03/2017,"55 LISSENFIELD, RATHMINES, DUBLIN 6",Dublin 6,Dublin,381000.0,No,No,Second-Hand Dwelling house /Apartment,,2017-03-08,"Lissenfield Gate Lodge, Lissenfield, Dublin 6, Ireland",ROOFTOP,53.3275794,-6.2650213,,premise,Dublin City,Rathmines West A,02138,Dublin,268132012
208338,2017.0,"55 MOUNT ANDREW RISE, LUCAN, DUBLIN,Dublin,Ireland",02/05/2017,"55 MOUNT ANDREW RISE, LUCAN, DUBLIN",,Dublin,185000.0,No,No,Second-Hand Dwelling house /Apartment,,2017-05-02,"55 Mount Andrew Rise, Yellow Walls, Lucan, Co. Dublin, K78 NR44, Ireland",ROOFTOP,53.3577778,-6.4095877,K78 NR44,street_address,South Dublin,Lucan-Esker,03015,Dublin,267100084
208341,2017.0,"55 NORTH CIRCULAR ROAD, DUBLIN 7,Dublin,Ireland",10/02/2017,"55 NORTH CIRCULAR ROAD, DUBLIN 7",,Dublin,690000.0,No,No,Second-Hand Dwelling house /Apartment,,2017-02-10,"55 An Cuarbh�_thar Thuaidh, Cabra East, Dublin 7, D07 TW28, Ireland",ROOFTOP,53.3541846,-6.2953906,D07 TW28,street_address,Dublin City,Cabra East C,02032,Dublin,268032017
208351,2017.0,"55 ST MARYS PARK, CRUMLIN, DUBLIN 12,Dublin,Ireland",07/04/2017,"55 ST MARYS PARK, CRUMLIN, DUBLIN 12",Dublin 12,Dublin,275000.0,No,No,Second-Hand Dwelling house /Apartment,,2017-04-07,"55 St Mary's Park, Walkinstown, Dublin 12, D12 N4C9, Ireland",ROOFTOP,53.3228544,-6.3222715,D12 N4C9,street_address,Dublin City,Walkinstown B,02159,Dublin,268155003
208364,2017.0,"55 Woodbank, Shankill,Dublin,Ireland",08/03/2017,"55 Woodbank, Shankill",,Dublin,293456.49,No,Yes,New Dwelling house /Apartment,less than 38 sq metres,2017-03-08,"Woodbank, Dublin Rd, Shankill, Dublin 18, Ireland",ROOFTOP,53.2368594,-6.1277419,,premise,Dn Laoghaire-Rathdown,Shankill-Rathmichael,05060,Dublin,267120017
208365,2017.0,"55A GRANGE PK, BALDOYLE, DUBLIN 13,Dublin,Ireland",12/06/2017,"55A GRANGE PK, BALDOYLE, DUBLIN 13",Dublin 13,Dublin,342000.0,No,No,Second-Hand Dwelling house /Apartment,,2017-06-12,"55A Grange Park, Baldoyle, Dublin 13, D13 N9V9, Ireland",ROOFTOP,53.3987254,-6.1407155,D13 N9V9,street_address,Fingal,Baldoyle,04004,Dublin,267004016
208373,2017.0,"56 BURLEIGH COURT, BURLINGTON RD, BALLSBRIDGE DUBLIN 4,Dublin,Ireland",03/04/2017,"56 BURLEIGH COURT, BURLINGTON RD, BALLSBRIDGE DUBLIN 4",Dublin 4,Dublin,348000.0,No,No,Second-Hand Dwelling house /Apartment,,2017-04-03,"Burleigh Mews, Burlington Rd, Dublin 4, Ireland",ROOFTOP,53.3320438,-6.2473143,,premise,Dublin City,Pembroke West C,02132,Dublin,268117023
208377,2017.0,"56 CRUMLIN RD, CRUMLIN, DUBLIN 12,Dublin,Ireland",06/01/2017,"56 CRUMLIN RD, CRUMLIN, DUBLIN 12",Dublin 12,Dublin,357692.5,No,No,Second-Hand Dwelling house /Apartment,,2017-01-06,"56 Crumlin Rd, Drimnagh, Dublin 12, D12 Y192, Ireland",ROOFTOP,53.3311757,-6.2960309,D12 Y192,street_address,Dublin City,Crumlin C,02100,Dublin,268053001
208382,2017.0,"56 GALTYMORE RD, DRIMNAGH, DUBLIN 12,Dublin,Ireland",10/03/2017,"56 GALTYMORE RD, DRIMNAGH, DUBLIN 12",Dublin 12,Dublin,237000.0,No,No,Second-Hand Dwelling house /Apartment,,2017-03-10,"56 Galtymore Rd, Drimnagh, Dublin 12, D12 A314, Ireland",ROOFTOP,53.3316714,-6.3218157,D12 A314,street_address,Dublin City,Crumlin A,02098,Dublin,268051003
208384,2017.0,"56 GRANGE ABBEY GROVE, BALDOYLE, DUBLIN 13,Dublin,Ireland",07/04/2017,"56 GRANGE ABBEY GROVE, BALDOYLE, DUBLIN 13",Dublin 13,Dublin,287000.0,No,No,Second-Hand Dwelling house /Apartment,,2017-04-07,"56 Grange Abbey Grove, Grange Abbey, Dublin 13, D13 K5N8, Ireland",ROOFTOP,53.3972321,-6.1517989,D13 K5N8,street_address,Dublin City,Grange B,02060,Dublin,268072014
208387,2017.0,"56 HYDE SQ, SOUTH CIRCULAR RD, DUBLIN 8,Dublin,Ireland",03/02/2017,"56 HYDE SQ, SOUTH CIRCULAR RD, DUBLIN 8",Dublin 8,Dublin,307000.0,No,No,Second-Hand Dwelling house /Apartment,,2017-02-03,"Apartment 63, Hyde Square, S Circular Rd, Kilmainham, Dublin 8, Ireland",ROOFTOP,53.3398494,-6.3044754,,premise,Dublin City,Ushers F,02157,Dublin,268153003
208390,2017.0,"56 LANSDOWNE PARK, BALLSBRIDGE, DUBLIN 4,Dublin,Ireland",03/02/2017,"56 LANSDOWNE PARK, BALLSBRIDGE, DUBLIN 4",Dublin 4,Dublin,658000.0,No,No,Second-Hand Dwelling house /Apartment,,2017-02-03,"56 Lansdowne Park, Dublin 4, D04 W3C6, Ireland",ROOFTOP,53.3343734,-6.235165,D04 W3C6,street_address,Dublin City,Pembroke West A,02130,Dublin,268115018
208391,2017.0,"56 LANSDOWNE VILLAGE, SANDYMOUNT, DUBLIN 4,Dublin,Ireland",01/02/2017,"56 LANSDOWNE VILLAGE, SANDYMOUNT, DUBLIN 4",Dublin 4,Dublin,380000.0,No,No,Second-Hand Dwelling house /Apartment,,2017-02-01,"56 Lansdowne Village, Dublin 4, D04 DY03, Ireland",ROOFTOP,53.3365481,-6.2247864,D04 DY03,street_address,Dublin City,Pembroke East B,02126,Dublin,268111004
208411,2017.0,"56 The Avenue, Scholarstown Wood, Rathfarnham,Dublin,Ireland",10/02/2017,"56 The Avenue, Scholarstown Wood, Rathfarnham",Dublin 16,Dublin,418502.0,No,Yes,New Dwelling house /Apartment,greater than or equal to 38 sq metres and less than 125 sq metres,2017-02-10,"Scholarstown Rd, Ballyroan, Dublin, Ireland",GEOMETRIC_CENTER,53.2793586,-6.3073067,,"establishment,point_of_interest",South Dublin,Firhouse-Ballycullen,03012,Dublin,267085025
208417,2017.0,"57  Ballygossan Park, Golf Links Road, Skerries,Dublin,Ireland",09/06/2017,"57  Ballygossan Park, Golf Links Road, Skerries",,Dublin,281939.0,No,Yes,New Dwelling house /Apartment,greater than or equal to 38 sq metres and less than 125 sq metres,2017-06-09,,,,,,,,,,,
208422,2017.0,"57 ASHLAWN PARK, BALLYBRACK, DUN LAOGHAIRE,Dublin,Ireland",02/05/2017,"57 ASHLAWN PARK, BALLYBRACK, DUN LAOGHAIRE",,Dublin,305000.0,No,No,Second-Hand Dwelling house /Apartment,,2017-05-02,"57 Ashlawn Park, Glenageary, Ballybrack, Co. Dublin, A96 T3F6, Ireland",ROOFTOP,53.2534116,-6.1326526,A96 T3F6,street_address,Dn Laoghaire-Rathdown,Cabinteely-Kilbogget,05019,Dublin,267037006
208441,2017.0,"57 FOXROCK AVE, FOXROCK, DUBLIN 18,Dublin,Ireland",12/01/2017,"57 FOXROCK AVE, FOXROCK, DUBLIN 18",Dublin 18,Dublin,841651.0,No,No,Second-Hand Dwelling house /Apartment,,2017-01-12,"57 Foxrock Ave, Deansgrange, Dublin 18, D18 A0W8, Ireland",ROOFTOP,53.2778479,-6.1737761,D18 A0W8,street_address,Dn Laoghaire-Rathdown,Foxrock-Deans Grange,05055,Dublin,267089005
208444,2017.0,"57 HARDIMAN RD, DRUMCONDRA, DUBLIN 9,Dublin,Ireland",07/03/2017,"57 HARDIMAN RD, DRUMCONDRA, DUBLIN 9",Dublin 9,Dublin,169750.0,Yes,No,Second-Hand Dwelling house /Apartment,,2017-03-07,"57 Hardiman Rd, Drumcondra, Dublin 9, D09 R8F8, Ireland",ROOFTOP,53.3738082,-6.2598886,D09 R8F8,street_address,Dublin City,Drumcondra South C,02049,Dublin,268060007
208458,2017.0,"57 SMYTHS VILLAS, YORK RD, DUN LAOGHAIRE,Dublin,Ireland",11/01/2017,"57 SMYTHS VILLAS, YORK RD, DUN LAOGHAIRE",,Dublin,142500.0,No,No,Second-Hand Dwelling house /Apartment,,2017-01-11,,,,,,,,,,,
208459,2017.0,"57 ST ANNES PARK, SHANKILL, DUBLIN,Dublin,Ireland",10/02/2017,"57 ST ANNES PARK, SHANKILL, DUBLIN",Dublin 18,Dublin,310000.0,No,No,Second-Hand Dwelling house /Apartment,,2017-02-10,"57 St Anne's Park, Shankill, Dublin 18, D18 Y500, Ireland",ROOFTOP,53.2283931,-6.1179189,D18 Y500,street_address,Dn Laoghaire-Rathdown,Shankill-Shanganagh,05062,Dublin,267122007
208461,2017.0,"57 ST DONAGHS RD, DONAGHMEDE, DUBLIN 13,Dublin,Ireland",09/06/2017,"57 ST DONAGHS RD, DONAGHMEDE, DUBLIN 13",Dublin 13,Dublin,250000.0,No,No,Second-Hand Dwelling house /Apartment,,2017-06-09,"57 St Donagh's Rd, Donaghmede, Dublin 13, D13 TC53, Ireland",ROOFTOP,53.3921365,-6.1627954,D13 TC53,street_address,Dublin City,Grange C,02061,Dublin,268073010
208463,2017.0,"57 TAMARISK WAY, KILNAMANAGH, DUBLIN 24,Dublin,Ireland",05/04/2017,"57 TAMARISK WAY, KILNAMANAGH, DUBLIN 24",Dublin 24,Dublin,209000.0,No,No,Second-Hand Dwelling house /Apartment,,2017-04-05,"57 Tamarisk Way, Kilnamanagh, Dublin 24, D24 H3VX, Ireland",ROOFTOP,53.3053735,-6.3593405,D24 H3VX,street_address,South Dublin,Tallaght-Kilnamanagh,03034,Dublin,267142011
208464,2017.0,"57 THE OAKS, RIDGEWOOD, SWORDS,Dublin,Ireland",07/06/2017,"57 THE OAKS, RIDGEWOOD, SWORDS",,Dublin,195000.0,No,No,Second-Hand Dwelling house /Apartment,,2017-06-07,"57 The Oaks, Ridgewood, Swords, Co. Dublin, K67 RK00, Ireland",ROOFTOP,53.4458529,-6.2455688,K67 RK00,street_address,Fingal,Swords-Forrest,04036,Dublin,267132014
208468,2017.0,"57 The Avenue, Scholarstown Wood, Rathfarnham,Dublin,Ireland",10/03/2017,"57 The Avenue, Scholarstown Wood, Rathfarnham",,Dublin,475000.0,No,Yes,New Dwelling house /Apartment,greater than or equal to 38 sq metres and less than 125 sq metres,2017-03-10,"Scholarstown Rd, Ballyroan, Dublin, Ireland",GEOMETRIC_CENTER,53.2793586,-6.3073067,,"establishment,point_of_interest",South Dublin,Firhouse-Ballycullen,03012,Dublin,267085025
208484,2017.0,"58 BOROIMHE BEECH, SWORDS, DUBLIN,Dublin,Ireland",03/02/2017,"58 BOROIMHE BEECH, SWORDS, DUBLIN",,Dublin,167500.0,No,No,Second-Hand Dwelling house /Apartment,,2017-02-03,"58 Boroimhe Beech, Swords, Co. Dublin, Ireland",RANGE_INTERPOLATED,53.4438509,-6.2330592,,street_address,Fingal,Swords-Forrest,04036,Dublin,267132008
208486,2017.0,"58 BROOKLAWN, STRANDVILLE AVE, CLONTARF DUBLIN 3,Dublin,Ireland",03/02/2017,"58 BROOKLAWN, STRANDVILLE AVE, CLONTARF DUBLIN 3",Dublin 3,Dublin,300000.0,No,No,Second-Hand Dwelling house /Apartment,,2017-02-03,"Brooklawn, Strandville Ave E, Clontarf West, Dublin 3, Ireland",ROOFTOP,53.365013,-6.2195052,,premise,Dublin City,Clontarf West C,02044,Dublin,268048011
208512,2017.0,"58 GALTYMORE RD, DRIMINAGH, DUBLIN 12,Dublin,Ireland",11/04/2017,"58 GALTYMORE RD, DRIMINAGH, DUBLIN 12",Dublin 12,Dublin,252500.0,No,No,Second-Hand Dwelling house /Apartment,,2017-04-11,"58 Galtymore Rd, Drimnagh, Dublin 12, D12 XR70, Ireland",ROOFTOP,53.3317101,-6.3217649,D12 XR70,street_address,Dublin City,Crumlin A,02098,Dublin,268051003
208515,2017.0,"58 HARCOURT GREEN, CHARLEMONT ST, DUBLIN 2,Dublin,Ireland",12/01/2017,"58 HARCOURT GREEN, CHARLEMONT ST, DUBLIN 2",Dublin 2,Dublin,150000.0,Yes,No,Second-Hand Dwelling house /Apartment,,2017-01-12,"3 Charlemont St, Saint Kevin's, Dublin 2, Ireland",ROOFTOP,53.3325058,-6.263356,,"establishment,food,point_of_interest,restaurant",Dublin City,St. Kevin's,02146,Dublin,268142017
208526,2017.0,"58 NORTHBROOK AVE, RANELAGH, DUBLIN 6,Dublin,Ireland",01/06/2017,"58 NORTHBROOK AVE, RANELAGH, DUBLIN 6",Dublin 6,Dublin,396000.0,No,No,Second-Hand Dwelling house /Apartment,,2017-06-01,"58 Northbrook Ave, Dublin 6, D06 CR40, Ireland",ROOFTOP,53.3269732,-6.2531469,D06 CR40,street_address,Dublin City,Rathmines East A,02134,Dublin,268128017
208528,2017.0,"58 NORTHUMBERLANDS, LOWER MOUNT ST, DUBLIN 2,Dublin,Ireland",12/04/2017,"58 NORTHUMBERLANDS, LOWER MOUNT ST, DUBLIN 2",,Dublin,355000.0,No,No,Second-Hand Dwelling house /Apartment,,2017-04-12,,,,,,,,,,,
208529,2017.0,"58 PACKENHAM HOUSE, SPENCER DOCK, DUBLIN 1,Dublin,Ireland",06/03/2017,"58 PACKENHAM HOUSE, SPENCER DOCK, DUBLIN 1",Dublin 1,Dublin,435000.0,No,No,Second-Hand Dwelling house /Apartment,,2017-03-06,,,,,,,,,,,
208542,2017.0,"58 ST LAWRENCE RD, CLONTARF, DUBLIN 3,Dublin,Ireland",10/04/2017,"58 ST LAWRENCE RD, CLONTARF, DUBLIN 3",Dublin 3,Dublin,1010000.0,No,No,Second-Hand Dwelling house /Apartment,,2017-04-10,"58 St Lawrence Rd, Clontarf, Dublin 3, D03 FH02, Ireland",ROOFTOP,53.3665939,-6.2141048,D03 FH02,street_address,Dublin City,Clontarf West C,02044,Dublin,268048012
208548,2017.0,"58 The Avenue, Scholarstown Wood, Rathfarnham,Dublin,Ireland",05/04/2017,"58 The Avenue, Scholarstown Wood, Rathfarnham",Dublin 16,Dublin,418600.0,No,Yes,New Dwelling house /Apartment,greater than or equal to 125 sq metres,2017-04-05,"Scholarstown Rd, Ballyroan, Dublin, Ireland",GEOMETRIC_CENTER,53.2793586,-6.3073067,,"establishment,point_of_interest",South Dublin,Firhouse-Ballycullen,03012,Dublin,267085025
208557,2017.0,"59 ABBEYFIELD, KILLESTER, DUBLIN 5,Dublin,Ireland",08/02/2017,"59 ABBEYFIELD, KILLESTER, DUBLIN 5",Dublin 5,Dublin,485000.0,No,No,Second-Hand Dwelling house /Apartment,,2017-02-08,"59 Abbeyfield, Clontarf West, Dublin 5, D05 F1W8, Ireland",ROOFTOP,53.377244,-6.2020186,D05 F1W8,street_address,Dublin City,Clontarf West A,02042,Dublin,268046014
208560,2017.0,"59 BAWNLEA AVE, JOBSTOWN, TALLAGHT DUBLIN 24,Dublin,Ireland",02/06/2017,"59 BAWNLEA AVE, JOBSTOWN, TALLAGHT DUBLIN 24",Dublin 24,Dublin,160000.0,No,No,Second-Hand Dwelling house /Apartment,,2017-06-02,"59 Bawnlea Ave, Whitestown, Dublin 24, D24 DN3K, Ireland",ROOFTOP,53.2809828,-6.3968239,D24 DN3K,street_address,South Dublin,Tallaght-Jobstown,03032,Dublin,267140030
208588,2017.0,"59 KINCORA RD CLONTARF, DUBLIN 3, DUBLIN,Dublin,Ireland",10/04/2017,"59 KINCORA RD CLONTARF, DUBLIN 3, DUBLIN",Dublin 3,Dublin,699500.0,No,No,Second-Hand Dwelling house /Apartment,,2017-04-10,"59 Kincora Rd, Clontarf East, Dublin 3, D03 K702, Ireland",ROOFTOP,53.3625087,-6.1935824,D03 K702,street_address,Dublin City,Clontarf East B,02038,Dublin,268042018
208595,2017.0,"59 MOATFIELD RD, COOLOCK, DUBLIN 5,Dublin,Ireland",12/05/2017,"59 MOATFIELD RD, COOLOCK, DUBLIN 5",Dublin 5,Dublin,287000.0,No,No,Second-Hand Dwelling house /Apartment,,2017-05-12,"59 Moatfield Rd, Donaghmede, Dublin 5, D05 Y2T5, Ireland",ROOFTOP,53.3867993,-6.192248,D05 Y2T5,street_address,Dublin City,Harmonstown A,02064,Dublin,268076007
208596,2017.0,"59 PINEBROOK VALE, CLONSILLA, DUBLIN 15,Dublin,Ireland",07/03/2017,"59 PINEBROOK VALE, CLONSILLA, DUBLIN 15",Dublin 15,Dublin,165211.0,No,No,Second-Hand Dwelling house /Apartment,,2017-03-07,"59 Pinebrook Vale, Huntstown, Dublin 15, D15 VXT8, Ireland",ROOFTOP,53.3983554,-6.4125178,D15 VXT8,street_address,Fingal,Blanchardstown-Blakestown,04009,Dublin,267028015
208597,2017.0,"59 Park Avenue, Clongriffin, Dublin 13,Dublin,Ireland",05/05/2017,"59 Park Avenue, Clongriffin, Dublin 13",,Dublin,299559.47,No,Yes,New Dwelling house /Apartment,greater than or equal to 38 sq metres and less than 125 sq metres,2017-05-05,"59 Park Ave, Grange, Dublin, Ireland",RANGE_INTERPOLATED,53.4038727,-6.1581345,,street_address,Dublin City,Grange B,02060,Dublin,268072012
208603,2017.0,"59 ST MOBHI RD, GLASNEVIN, DUBLIN 9,Dublin,Ireland",07/03/2017,"59 ST MOBHI RD, GLASNEVIN, DUBLIN 9",Dublin 9,Dublin,640000.0,No,No,Second-Hand Dwelling house /Apartment,,2017-03-07,"59 St Mobhi Rd, Botanic, Dublin 9, D09 AT28, Ireland",ROOFTOP,53.3765441,-6.2651005,D09 AT28,street_address,Dublin City,Botanic A,02027,Dublin,268027012
208604,2017.0,"59 SUTTON PARK, SUTTON, DUBLIN 13,Dublin,Ireland",06/01/2017,"59 SUTTON PARK, SUTTON, DUBLIN 13",Dublin 13,Dublin,565000.0,No,No,Second-Hand Dwelling house /Apartment,,2017-01-06,"59 Sutton Park, Baldoyle, Dublin 13, D13 C5P0, Ireland",ROOFTOP,53.3905615,-6.1296241,D13 C5P0,street_address,Fingal,Sutton,04035,Dublin,267130018
208610,2017.0,"59 The Sanderling, Barnageeragh Cove, Skerries,Dublin,Ireland",06/04/2017,"59 The Sanderling, Barnageeragh Cove, Skerries",,Dublin,330000.0,No,Yes,New Dwelling house /Apartment,greater than or equal to 38 sq metres and less than 125 sq metres,2017-04-06,"Sanderling, Quay St, Townparks, Skerries, Co. Dublin, Ireland",ROOFTOP,53.5810704,-6.1105576,,premise,Fingal,Skerries,04034,Dublin,267123026
208628,2017.0,"6  Barnwell Square East, Barnwell, Dublin 15,Dublin,Ireland",11/05/2017,"6  Barnwell Square East, Barnwell, Dublin 15",,Dublin,243954.0,No,Yes,New Dwelling house /Apartment,greater than or equal to 38 sq metres and less than 125 sq metres,2017-05-11,,,,,,,,,,,
208629,2017.0,"6  Emsworth Park, Kinsealy Lane, Kinsealy,Dublin,Ireland",02/05/2017,"6  Emsworth Park, Kinsealy Lane, Kinsealy",,Dublin,656388.0,No,Yes,New Dwelling house /Apartment,greater than or equal to 125 sq metres,2017-05-02,,,,,,,,,,,
208641,2017.0,"6 ANGLESEA LODGE, ANGLESEA RD, DONNYBROOK,Dublin,Ireland",02/03/2017,"6 ANGLESEA LODGE, ANGLESEA RD, DONNYBROOK",Dublin 4,Dublin,650000.0,No,No,Second-Hand Dwelling house /Apartment,,2017-03-02,"Anglesea Lodge, Anglesea Rd, Dublin 4, Ireland",ROOFTOP,53.3226062,-6.2309117,,premise,Dublin City,Pembroke East E,02129,Dublin,268114002
208647,2017.0,"6 ARDPATRICK ROAD, NAVAN ROAD, DUBLIN 7,Dublin,Ireland",10/05/2017,"6 ARDPATRICK ROAD, NAVAN ROAD, DUBLIN 7",Dublin 7,Dublin,410000.0,No,No,Second-Hand Dwelling house /Apartment,,2017-05-10,"6 Navan Rd, Ardpatrick Rd, Ashtown, Dublin 7, D07 P3C2, Ireland",ROOFTOP,53.3627799,-6.308046,D07 P3C2,street_address,Dublin City,Ashtown B,02007,Dublin,268007005
208656,2017.0,"6 Ashfield Avenue, Ridgewood, Swords,Dublin,Ireland",07/02/2017,"6 Ashfield Avenue, Ridgewood, Swords",,Dublin,339065.0,No,Yes,New Dwelling house /Apartment,greater than or equal to 38 sq metres and less than 125 sq metres,2017-02-07,"Ashfield Avenue, Rathingle, Co. Dublin, Ireland",GEOMETRIC_CENTER,53.4489414,-6.2510781,,route,Fingal,Swords-Forrest,04036,Dublin,267132001
208657,2017.0,"6 Ashfield Park, Ridgewood, Forrest Road,Dublin,Ireland",03/04/2017,"6 Ashfield Park, Ridgewood, Forrest Road",,Dublin,273128.75,No,Yes,New Dwelling house /Apartment,greater than or equal to 38 sq metres and less than 125 sq metres,2017-04-03,,,,,,,,,,,
208674,2017.0,"6 BLOCK 12 CLARION QUAY, NORTH WALL QUAY, I F S C DUBLIN 1,Dublin,Ireland",10/04/2017,"6 BLOCK 12 CLARION QUAY, NORTH WALL QUAY, I F S C DUBLIN 1",Dublin 1,Dublin,375000.0,No,No,Second-Hand Dwelling house /Apartment,,2017-04-10,"Clarion Quay, N Wall Quay, North Wall, Dublin 1, Ireland",ROOFTOP,53.3490556,-6.2447174,,premise,Dublin City,North Dock C,02078,Dublin,268109012
208684,2017.0,"6 Balgriffin Grove, Malahide Road, Balgriffin,Dublin,Ireland",10/03/2017,"6 Balgriffin Grove, Malahide Road, Balgriffin",Dublin 13,Dublin,300000.0,Yes,Yes,New Dwelling house /Apartment,greater than or equal to 38 sq metres and less than 125 sq metres,2017-03-10,"Malahide Rd, Co. Dublin, Ireland",GEOMETRIC_CENTER,53.4154633,-6.1788876,,"establishment,local_government_office,point_of_interest",Fingal,Balgriffin,04005,Dublin,267005001
208686,2017.0,"6 Barnwell Chase, Hansfield, Barnwell,Dublin,Ireland",05/04/2017,"6 Barnwell Chase, Hansfield, Barnwell",Dublin 15,Dublin,263876.65,No,Yes,New Dwelling house /Apartment,greater than or equal to 38 sq metres and less than 125 sq metres,2017-04-05,,,,,,,,,,,
208687,2017.0,"6 Barnwell Road, Hansfield,Dublin,Ireland",07/04/2017,"6 Barnwell Road, Hansfield",Dublin 15,Dublin,246696.0,No,Yes,New Dwelling house /Apartment,greater than or equal to 38 sq metres and less than 125 sq metres,2017-04-07,"6 Barnwell Rd, Hansfield, Dublin, Ireland",RANGE_INTERPOLATED,53.3905644,-6.4420687,,street_address,Fingal,Blanchardstown-Blakestown,04009,Dublin,267028004/02
208690,2017.0,"6 Bridge Avenue, Ratoath Road, Royal Canal Park,Dublin,Ireland",02/06/2017,"6 Bridge Avenue, Ratoath Road, Royal Canal Park",Dublin 15,Dublin,343612.0,No,Yes,New Dwelling house /Apartment,greater than or equal to 125 sq metres,2017-06-02,,,,,,,,,,,
208703,2017.0,"6 CASTLELYON GREEN, NEWCASTLE, DUBLIN,Dublin,Ireland",12/04/2017,"6 CASTLELYON GREEN, NEWCASTLE, DUBLIN",Dublin 22,Dublin,255000.0,No,No,Second-Hand Dwelling house /Apartment,,2017-04-12,"6 Castlelyon Green, Cornerpark, Newcastle, Co. Dublin, D22 PY58, Ireland",ROOFTOP,53.3005858,-6.4943414,D22 PY58,street_address,South Dublin,Newcastle,03018,Dublin,267107006/267107007
208707,2017.0,"6 CHAPEL FARM CLOSE, LUSK, DUBLIN,Dublin,Ireland",10/02/2017,"6 CHAPEL FARM CLOSE, LUSK, DUBLIN",,Dublin,200000.0,No,No,Second-Hand Dwelling house /Apartment,,2017-02-10,"6 Chapel Farm Cl, Racecourse Common, Lusk, Co. Dublin, K45 AY99, Ireland",ROOFTOP,53.522436,-6.168801,K45 AY99,street_address,Fingal,Lusk,04028,Dublin,267104011
208736,2017.0,"6 CORBALLY PARK, WESTBROOK GLEN, SAGGART,Dublin,Ireland",02/06/2017,"6 CORBALLY PARK, WESTBROOK GLEN, SAGGART",Dublin 24,Dublin,297000.0,No,No,Second-Hand Dwelling house /Apartment,,2017-06-02,,,,,,,,,,,
208738,2017.0,"6 CRANFORD HALL, STILLORGAN RD, DONNYBROOK DUBLIN 4,Dublin,Ireland",08/03/2017,"6 CRANFORD HALL, STILLORGAN RD, DONNYBROOK DUBLIN 4",Dublin 4,Dublin,272000.0,No,No,Second-Hand Dwelling house /Apartment,,2017-03-08,"6 Belmont Ave, Dublin 4, Ireland",ROOFTOP,53.3215461,-6.2389946,,"establishment,lodging,point_of_interest",Dublin City,Rathmines East B,02135,Dublin,268129027
208749,2017.0,"6 Cuil Duin Avenue, Cuil Duin, Citywest,Dublin,Ireland",07/04/2017,"6 Cuil Duin Avenue, Cuil Duin, Citywest",Dublin 24,Dublin,273127.0,No,Yes,New Dwelling house /Apartment,greater than or equal to 38 sq metres and less than 125 sq metres,2017-04-07,"Garters Lane, Fortunestown Ln, Dublin, Ireland",GEOMETRIC_CENTER,53.284505,-6.433161,,"establishment,point_of_interest",South Dublin,Saggart,03027,Dublin,267119013
208757,2017.0,"6 DUNDRUM COURT, DUNDRUM, DUBLIN 14,Dublin,Ireland",12/01/2017,"6 DUNDRUM COURT, DUNDRUM, DUBLIN 14",Dublin 16,Dublin,260000.0,No,No,Second-Hand Dwelling house /Apartment,,2017-01-12,"1 Ballinteer Rd, Dundrum, Dublin 16, Ireland",ROOFTOP,53.287904,-6.246028,,"establishment,point_of_interest",Dn Laoghaire-Rathdown,Dundrum-Sandyford,05039,Dublin,267080015
208759,2017.0,"6 Diswellstown Avenue, Castleknock, Dublin 15,Dublin,Ireland",09/05/2017,"6 Diswellstown Avenue, Castleknock, Dublin 15",Dublin 15,Dublin,418502.0,No,Yes,New Dwelling house /Apartment,greater than or equal to 125 sq metres,2017-05-09,"6 Castleknock Ave, Blanchardstown, Dublin 15, D15 NA43, Ireland",ROOFTOP,53.3786237,-6.3718012,D15 NA43,street_address,Fingal,Castleknock-Knockmaroon,04016,Dublin,267040008
208760,2017.0,"6 Diswellstown Heath, Castleknock,Dublin,Ireland",10/04/2017,"6 Diswellstown Heath, Castleknock",,Dublin,462555.0,No,Yes,New Dwelling house /Apartment,greater than or equal to 125 sq metres,2017-04-10,"Diswellstown Rd, Carpenterstown, Dublin, Ireland",GEOMETRIC_CENTER,53.3702678,-6.3842596,,"establishment,point_of_interest",Fingal,Castleknock-Knockmaroon,04016,Dublin,267040042
208761,2017.0,"6 Dooroge Woods, Ballyboughal,Dublin,Ireland",07/04/2017,"6 Dooroge Woods, Ballyboughal",,Dublin,563876.0,No,Yes,New Dwelling house /Apartment,greater than or equal to 125 sq metres,2017-04-07,"Dooroge House, Woodpark, Ballyboughal, Co. Dublin, Ireland",ROOFTOP,53.5113795,-6.2672326,,"establishment,point_of_interest",Fingal,Ballyboghil,04006,Dublin,267014003
208766,2017.0,"6 Elder Heath Meadow, Kiltipper, Tallaght,Dublin,Ireland",06/01/2017,"6 Elder Heath Meadow, Kiltipper, Tallaght",Dublin 24,Dublin,251102.0,No,Yes,New Dwelling house /Apartment,greater than or equal to 38 sq metres and less than 125 sq metres,2017-01-06,,,,,,,,,,,
208772,2017.0,"6 FLORAVILLE DR, CLONDALKIN, DUBLIN 22,Dublin,Ireland",07/04/2017,"6 FLORAVILLE DR, CLONDALKIN, DUBLIN 22",,Dublin,290000.0,No,No,Second-Hand Dwelling house /Apartment,,2017-04-07,"6 Floraville Dr, Bushelloaf, Dublin 22, D22 X456, Ireland",ROOFTOP,53.3178858,-6.3866156,D22 X456,street_address,South Dublin,Clondalkin-Monastery,03007,Dublin,267050011
208775,2017.0,"6 GEORGES PLACE, DUN LAOGHAIRE, DUBLIN,Dublin,Ireland",09/01/2017,"6 GEORGES PLACE, DUN LAOGHAIRE, DUBLIN",,Dublin,470000.0,No,No,Second-Hand Dwelling house /Apartment,,2017-01-09,"6 George's Pl, D̼n Laoghaire, Dublin, A96 E795, Ireland",ROOFTOP,53.294947,-6.139511,A96 E795,street_address,Dn Laoghaire-Rathdown,Dn Laoghaire-West Central,05052,Dublin,267077009
208803,2017.0,"6 IONA AVENUE, DRUMCONDRA DUBLIN 9,Dublin,Ireland",07/03/2017,"6 IONA AVENUE, DRUMCONDRA DUBLIN 9",,Dublin,460000.0,No,No,Second-Hand Dwelling house /Apartment,,2017-03-07,"6 Iona Cres, Drumcondra, Dublin 9, D09 C6K1, Ireland",ROOFTOP,53.3676537,-6.2664529,D09 C6K1,street_address,Dublin City,Botanic B,02028,Dublin,268028005
208805,2017.0,"6 IRVINE COTTAGES, DUBLIN 3, DUBLIN,Dublin,Ireland",02/02/2017,"6 IRVINE COTTAGES, DUBLIN 3, DUBLIN",Dublin 3,Dublin,115000.0,No,No,Second-Hand Dwelling house /Apartment,,2017-02-02,"6, Irvine Cottages, Irvine Terrace, East Wall, Dublin 3, Ireland",ROOFTOP,53.3514892,-6.2346859,,subpremise,Dublin City,North Dock B,02077,Dublin,268108028
208807,2017.0,"6 KILLANE RD, EAST WALL, DUBLIN 3,Dublin,Ireland",10/01/2017,"6 KILLANE RD, EAST WALL, DUBLIN 3",Dublin 3,Dublin,265000.0,No,No,Second-Hand Dwelling house /Apartment,,2017-01-10,"6 Killane Rd, East Wall, Dublin 3, D03 N963, Ireland",ROOFTOP,53.3521905,-6.2343601,D03 N963,street_address,Dublin City,North Dock B,02077,Dublin,268108022
208810,2017.0,"6 KILMAINHAM LANE ADJOINED SIDES, KILMAINHAM, DUBLIN 8,Dublin,Ireland",04/04/2017,"6 KILMAINHAM LANE ADJOINED SIDES, KILMAINHAM, DUBLIN 8",Dublin 8,Dublin,200000.0,No,No,Second-Hand Dwelling house /Apartment,,2017-04-04,,,,,,,,,,,
208818,2017.0,"6 LAMBAY VIEW, RUSH, DUBLIN,Dublin,Ireland",11/05/2017,"6 LAMBAY VIEW, RUSH, DUBLIN",,Dublin,270000.0,No,No,Second-Hand Dwelling house /Apartment,,2017-05-11,"6 Lambay View, Ballustree, Rush, Co. Dublin, K56 D459, Ireland",ROOFTOP,53.5349343,-6.092336,K56 D459,street_address,Fingal,Rush,04033,Dublin,267118029
208821,2017.0,"6 LARAGH GROVE, DONAGHMEADE, DUBLIN 13,Dublin,Ireland",05/05/2017,"6 LARAGH GROVE, DONAGHMEADE, DUBLIN 13",Dublin 13,Dublin,245000.0,No,No,Second-Hand Dwelling house /Apartment,,2017-05-05,"6 Laragh Grove, Donaghmede, Dublin 13, D13 X063, Ireland",ROOFTOP,53.3939045,-6.1704624,D13 X063,street_address,Dublin City,Grange A,02059,Dublin,268071004
208830,2017.0,"6 LOWER MOUNTTOWN, DUN LAOGHAIRE, MOUNTTOWN,Dublin,Ireland",03/04/2017,"6 LOWER MOUNTTOWN, DUN LAOGHAIRE, MOUNTTOWN",,Dublin,557500.0,No,No,Second-Hand Dwelling house /Apartment,,2017-04-03,"6 Mounttown Lower, Glenageary, Monkstown, Co. Dublin, A96 C5T6, Ireland",ROOFTOP,53.2880206,-6.1448683,A96 C5T6,street_address,Dn Laoghaire-Rathdown,Dn Laoghaire-Glenageary,05044,Dublin,267069001
208831,2017.0,"6 LUTTRELLSTOWN CHASE, CASTLEKNOCK, DUBLIN 15,Dublin,Ireland",11/05/2017,"6 LUTTRELLSTOWN CHASE, CASTLEKNOCK, DUBLIN 15",Dublin 15,Dublin,710000.0,No,No,Second-Hand Dwelling house /Apartment,,2017-05-11,"6 Luttrellstown Chase, Carpenterstown, Dublin 15, D15 H6R6, Ireland",ROOFTOP,53.3710068,-6.4005914,D15 H6R6,street_address,Fingal,Castleknock-Knockmaroon,04016,Dublin,267040039
208834,2017.0,"6 MAIN ST, ONGAR VILLAGE, ONGAR DUBLIN 15,Dublin,Ireland",09/06/2017,"6 MAIN ST, ONGAR VILLAGE, ONGAR DUBLIN 15",Dublin 15,Dublin,235000.0,No,No,Second-Hand Dwelling house /Apartment,,2017-06-09,"6 Main St, Ongar Village, Dublin 15, D15 HH61, Ireland",ROOFTOP,53.3955181,-6.439706,D15 HH61,street_address,Fingal,Blanchardstown-Blakestown,04009,Dublin,267028118
208840,2017.0,"6 MELVILLE DR, MEAKSTOWN DUBLIN 11, DUBLIN,Dublin,Ireland",12/01/2017,"6 MELVILLE DR, MEAKSTOWN DUBLIN 11, DUBLIN",Dublin 11,Dublin,166000.0,No,No,Second-Hand Dwelling house /Apartment,,2017-01-12,"6 Melville Rise, Meakstown, Dublin 11, D11 DF77, Ireland",ROOFTOP,53.4027841,-6.2990768,D11 DF77,street_address,Fingal,Dubber,04020,Dublin,267066012
208848,2017.0,"6 MILLVIEW COURT, MALAHIDE, DUBLIN,Dublin,Ireland",05/04/2017,"6 MILLVIEW COURT, MALAHIDE, DUBLIN",,Dublin,550000.0,No,No,Second-Hand Dwelling house /Apartment,,2017-04-05,"6 Millview Ct, Yellow Walls, Malahide, Co. Dublin, K36 DY92, Ireland",ROOFTOP,53.4517613,-6.174598,K36 DY92,street_address,Fingal,Malahide West,04030,Dublin,267106014
208862,2017.0,"6 OLDBRIDGE WAY, LUCAN, DUBLIN,Dublin,Ireland",10/02/2017,"6 OLDBRIDGE WAY, LUCAN, DUBLIN",,Dublin,311000.0,No,No,Second-Hand Dwelling house /Apartment,,2017-02-10,"6 Oldbridge Way, Esker South, Lucan, Co. Dublin, K78 RK71, Ireland",ROOFTOP,53.3385982,-6.4369711,K78 RK71,street_address,South Dublin,Lucan-Esker,03015,Dublin,267100020
208865,2017.0,"6 ORCHARD ROAD, OFF CLONLIFFE ROAD, DUBLIN 3,Dublin,Ireland",12/04/2017,"6 ORCHARD ROAD, OFF CLONLIFFE ROAD, DUBLIN 3",,Dublin,240000.0,No,No,Second-Hand Dwelling house /Apartment,,2017-04-12,,,,,,,,,,,
208866,2017.0,"6 ORCHARDSTOWN PARK, TEMPLEOGUE, DUBLIN 14,Dublin,Ireland",06/04/2017,"6 ORCHARDSTOWN PARK, TEMPLEOGUE, DUBLIN 14",Dublin 14,Dublin,565000.0,No,No,Second-Hand Dwelling house /Apartment,,2017-04-06,"6 Orchardstown Park, Rathfarnham, Dublin 14, D14 C6V0, Ireland",ROOFTOP,53.292672,-6.3038316,D14 C6V0,street_address,South Dublin,Rathfarnham-Ballyroan,03022,Dublin,267113002
208872,2017.0,"6 PARKGATE ST, DUBLIN 8, DUBLIN,Dublin,Ireland",12/05/2017,"6 PARKGATE ST, DUBLIN 8, DUBLIN",Dublin 8,Dublin,325000.0,No,No,Second-Hand Dwelling house /Apartment,,2017-05-12,"6 Parkgate St, Arran Quay, Dublin 8, D08 KX3H, Ireland",ROOFTOP,53.348033,-6.2902438,D08 KX3H,street_address,Dublin City,Arran Quay D,02004,Dublin,268004009
208882,2017.0,"6 Parkside Close, Parkside, Malahide Road,Dublin,Ireland",12/01/2017,"6 Parkside Close, Parkside, Malahide Road",Dublin 13,Dublin,276652.0,No,Yes,New Dwelling house /Apartment,greater than or equal to 38 sq metres and less than 125 sq metres,2017-01-12,"13 Malahide Rd, Balgriffin, Dublin, Ireland",ROOFTOP,53.4046281,-6.1665709,,"establishment,point_of_interest",Dublin City,Grange A,02059,Dublin,268071002
208897,2017.0,"6 ROSEMOUNT, GLANDORE RD, DRUMCONDRA DUBLIN 9,Dublin,Ireland",11/01/2017,"6 ROSEMOUNT, GLANDORE RD, DRUMCONDRA DUBLIN 9",Dublin 9,Dublin,325000.0,No,No,Second-Hand Dwelling house /Apartment,,2017-01-11,"Apartment 12, Rosemount, Glandore Rd, Drumcondra, Dublin 9, Ireland",ROOFTOP,53.3727057,-6.237323,,premise,Dublin City,Grace Park,02058,Dublin,268070017
208900,2017.0,"6 ROYSTON, KIMMAGE RD WEST, DUBLIN 6W,Dublin,Ireland",06/06/2017,"6 ROYSTON, KIMMAGE RD WEST, DUBLIN 6W",Dublin 12,Dublin,440000.0,No,No,Second-Hand Dwelling house /Apartment,,2017-06-06,"6 Kimmage Rd W, Royston, Kimmage, Dublin 12, D12 TP22, Ireland",ROOFTOP,53.3148663,-6.3118653,D12 TP22,street_address,Dublin City,Kimmage E,02115,Dublin,268094001
208914,2017.0,"6 ST JOHNS CRESCENT, CLONDALKIN, DUBLIN 22,Dublin,Ireland",08/05/2017,"6 ST JOHNS CRESCENT, CLONDALKIN, DUBLIN 22",Dublin 22,Dublin,230000.0,No,No,Second-Hand Dwelling house /Apartment,,2017-05-08,"6 St John's Cres, Gibraltar, Dublin 22, D22 N9E4, Ireland",ROOFTOP,53.3152284,-6.4050599,D22 N9E4,street_address,South Dublin,Clondalkin Village,03010,Dublin,267053027
208919,2017.0,"6 STANNAWAY AVE, CRUMLIN, DUBLIN 12,Dublin,Ireland",08/06/2017,"6 STANNAWAY AVE, CRUMLIN, DUBLIN 12",Dublin 12,Dublin,178906.0,No,No,Second-Hand Dwelling house /Apartment,,2017-06-08,"6 Stannaway Ave, Kimmage, Dublin 12, D12 TF3C, Ireland",ROOFTOP,53.3184722,-6.3127862,D12 TF3C,street_address,Dublin City,Kimmage E,02115,Dublin,268094001
208932,2017.0,"6 THE BOULEVARD, BISHOPS ORCHARD, TYRELLSTOWN,Dublin,Ireland",09/02/2017,"6 THE BOULEVARD, BISHOPS ORCHARD, TYRELLSTOWN",,Dublin,220000.0,No,No,Second-Hand Dwelling house /Apartment,,2017-02-09,"6 Boulevard, Bishops Orchard, Dublin 15, D15 DY07, Ireland",ROOFTOP,53.4191201,-6.3830761,D15 DY07,street_address,Fingal,The Ward,04041,Dublin,267158006
208933,2017.0,"6 THE CLOSE, HAZELBROOK SQUARE, WHITEHALL ROAD,Dublin,Ireland",11/04/2017,"6 THE CLOSE, HAZELBROOK SQUARE, WHITEHALL ROAD",,Dublin,440529.0,No,Yes,New Dwelling house /Apartment,greater than or equal to 125 sq metres,2017-04-11,"Hazelbrook Square, Whitehall Rd, Whitehall, Dublin 14, D14 YN99, Ireland",GEOMETRIC_CENTER,53.2932792,-6.2670409,D14 YN99,route,Dn Laoghaire-Rathdown,Churchtown-Castle,05022,Dublin,267042002
208945,2017.0,"6 THE HEIGHTS, MELROSE PARK, KINSEALY,Dublin,Ireland",10/03/2017,"6 THE HEIGHTS, MELROSE PARK, KINSEALY",,Dublin,281000.0,No,No,Second-Hand Dwelling house /Apartment,,2017-03-10,"6 The Heights, Melrose Park, Swords, Co. Dublin, K67 DX52, Ireland",ROOFTOP,53.4438258,-6.2030061,K67 DX52,street_address,Fingal,Kinsaley,04026,Dublin,267099010
208946,2017.0,"6 THE LAWN, HANSFIELD WOOD, HANSFIELD,Dublin,Ireland",12/01/2017,"6 THE LAWN, HANSFIELD WOOD, HANSFIELD",,Dublin,255506.0,No,Yes,New Dwelling house /Apartment,greater than or equal to 38 sq metres and less than 125 sq metres,2017-01-12,"Clonsilla, Dublin, Ireland",GEOMETRIC_CENTER,53.3905516,-6.4322246,,"establishment,point_of_interest",Fingal,Blanchardstown-Blakestown,04009,Dublin,267028004/02
208952,2017.0,"6 THE QUARRY, CARRICKHILL RD UPPER, PORTMARNOCK,Dublin,Ireland",05/04/2017,"6 THE QUARRY, CARRICKHILL RD UPPER, PORTMARNOCK",Dublin 13,Dublin,236000.0,No,No,Second-Hand Dwelling house /Apartment,,2017-04-05,"The Quarry, Carrickhill Rd Upper, Carrickhill, Portmarnock, Co. Dublin, Ireland",ROOFTOP,53.4320551,-6.1337584,,premise,Fingal,Portmarnock North,04031,Dublin,267110005
208964,2017.0,"6 TUBBERMORE RD, DALKEY, DUBLIN,Dublin,Ireland",01/02/2017,"6 TUBBERMORE RD, DALKEY, DUBLIN",,Dublin,960000.0,No,No,Second-Hand Dwelling house /Apartment,,2017-02-01,"6 Tubbermore Rd, Dalkey, Co. Dublin, A96 Y2F7, Ireland",ROOFTOP,53.2768191,-6.1024368,A96 Y2F7,street_address,Dn Laoghaire-Rathdown,Dalkey-Coliemore,05034,Dublin,267064002
208966,2017.0,"6 The Avenue, Carrickmines Green, Glenamuck Road,Dublin,Ireland",04/04/2017,"6 The Avenue, Carrickmines Green, Glenamuck Road",Dublin 18,Dublin,458150.0,No,Yes,New Dwelling house /Apartment,greater than or equal to 38 sq metres and less than 125 sq metres,2017-04-04,"Glenamuck Rd, Kilternan, Co. Dun Laoghaire-Rathdown, DUBLIN 18, Ireland",GEOMETRIC_CENTER,53.24995,-6.179252,DUBLIN 18,"establishment,point_of_interest",Dn Laoghaire-Rathdown,Cabinteely-Loughlinstown,05020,Dublin,267038001
208974,2017.0,"6 The Heron, Barnageeragh Cove, Skerries,Dublin,Ireland",04/04/2017,"6 The Heron, Barnageeragh Cove, Skerries",,Dublin,286346.61,No,Yes,New Dwelling house /Apartment,greater than or equal to 38 sq metres and less than 125 sq metres,2017-04-04,,,,,,,,,,,
208977,2017.0,"6 The Tanger, Barnageeragh, Skerries,Dublin,Ireland",10/02/2017,"6 The Tanger, Barnageeragh, Skerries",,Dublin,389250.0,No,Yes,New Dwelling house /Apartment,greater than or equal to 125 sq metres,2017-02-10,,,,,,,,,,,
208981,2017.0,"6 WALSH ROAD, DRUMCONDRA, DUBLIN 9,Dublin,Ireland",08/05/2017,"6 WALSH ROAD, DRUMCONDRA, DUBLIN 9",,Dublin,470000.0,No,No,Second-Hand Dwelling house /Apartment,,2017-05-08,"6 Walsh Rd, Drumcondra, Dublin 9, D09 KR80, Ireland",ROOFTOP,53.3750018,-6.2614432,D09 KR80,street_address,Dublin City,Drumcondra South C,02049,Dublin,268060012
208988,2017.0,"6 WOODVILLE GROVE, LUCAN, DUBLIN,Dublin,Ireland",05/05/2017,"6 WOODVILLE GROVE, LUCAN, DUBLIN",,Dublin,339000.0,No,No,Second-Hand Dwelling house /Apartment,,2017-05-05,"6 Woodville Grove, Ballydowd, Lucan, Co. Dublin, K78 XK24, Ireland",ROOFTOP,53.35806,-6.4262176,K78 XK24,street_address,South Dublin,Lucan-Esker,03015,Dublin,267100059
208989,2017.0,"6 WOODVILLE RD, DRUMCONDRA, DUBLIN 9,Dublin,Ireland",09/06/2017,"6 WOODVILLE RD, DRUMCONDRA, DUBLIN 9",Dublin 9,Dublin,616000.0,No,No,Second-Hand Dwelling house /Apartment,,2017-06-09,"6 Woodville Rd, Drumcondra, Dublin 9, D09 W7R9, Ireland",ROOFTOP,53.3687346,-6.2590982,D09 W7R9,street_address,Dublin City,Botanic B,02028,Dublin,268028004
208991,2017.0,"6 Windmill Close, Rathcoole,Dublin,Ireland",07/04/2017,"6 Windmill Close, Rathcoole",,Dublin,336101.0,No,Yes,New Dwelling house /Apartment,greater than or equal to 38 sq metres and less than 125 sq metres,2017-04-07,,,,,,,,,,,
208992,2017.0,"6 elder heath meadow, elder heath, kiltipper road,Dublin,Ireland",02/02/2017,"6 elder heath meadow, elder heath, kiltipper road",,Dublin,251101.0,No,Yes,New Dwelling house /Apartment,greater than or equal to 38 sq metres and less than 125 sq metres,2017-02-02,,,,,,,,,,,
208998,2017.0,"60 CASTLEFIELD WOOD, DUBLIN 15, DUBLIN,Dublin,Ireland",07/02/2017,"60 CASTLEFIELD WOOD, DUBLIN 15, DUBLIN",Dublin 15,Dublin,340000.0,No,No,Second-Hand Dwelling house /Apartment,,2017-02-07,"60 Castlefield Woods, Clonsilla, Dublin 15, D15 W0H2, Ireland",ROOFTOP,53.3847231,-6.4103971,D15 W0H2,street_address,Fingal,Blanchardstown-Blakestown,04009,Dublin,267028083
208999,2017.0,"60 CASTLEGATE GROVE, ADAMSTOWN, DUBLIN,Dublin,Ireland",06/04/2017,"60 CASTLEGATE GROVE, ADAMSTOWN, DUBLIN",,Dublin,326000.0,No,No,Second-Hand Dwelling house /Apartment,,2017-04-06,"60 Castlegate Grove, Adamstown Castle, Lucan, Co. Dublin, K78 Y681, Ireland",ROOFTOP,53.3385412,-6.4601157,K78 Y681,street_address,South Dublin,Lucan-St. Helen's,03017,Dublin,267103017
209000,2017.0,"60 CILL EANNA, RAHENY, DUBLIN 5,Dublin,Ireland",07/02/2017,"60 CILL EANNA, RAHENY, DUBLIN 5",Dublin 5,Dublin,535000.0,No,No,Second-Hand Dwelling house /Apartment,,2017-02-07,"60 Cill Eanna, Clontarf East, Dublin 5, D05 CC97, Ireland",ROOFTOP,53.3799569,-6.1839644,D05 CC97,street_address,Dublin City,Clontarf East A,02037,Dublin,268041001
209008,2017.0,"60 Diswellstown Way, Hamilton Park, Castleknock,Dublin,Ireland",12/04/2017,"60 Diswellstown Way, Hamilton Park, Castleknock",Dublin 15,Dublin,453745.0,No,Yes,New Dwelling house /Apartment,greater than or equal to 38 sq metres and less than 125 sq metres,2017-04-12,"Diswellstown Rd, Carpenterstown, Dublin, Ireland",GEOMETRIC_CENTER,53.3702678,-6.3842596,,"establishment,point_of_interest",Fingal,Castleknock-Knockmaroon,04016,Dublin,267040042
209009,2017.0,"60 GARNISH SQ, WATERVILLE, BLANCHARDSTOWN DUBLIN 15,Dublin,Ireland",10/03/2017,"60 GARNISH SQ, WATERVILLE, BLANCHARDSTOWN DUBLIN 15",Dublin 15,Dublin,265000.0,No,No,Second-Hand Dwelling house /Apartment,,2017-03-10,"60 Garnish Square, Waterville, Dublin 15, D15 R6T0, Ireland",ROOFTOP,53.3943451,-6.3716522,D15 R6T0,street_address,Fingal,Blanchardstown-Abbotstown,04008,Dublin,267027011
209011,2017.0,"60 HAZELGROVE, OLD BLESSINGTON RD, TALLAGHT DUBLIN 24,Dublin,Ireland",09/02/2017,"60 HAZELGROVE, OLD BLESSINGTON RD, TALLAGHT DUBLIN 24",Dublin 24,Dublin,200000.0,No,No,Second-Hand Dwelling house /Apartment,,2017-02-09,,,,,,,,,,,
209013,2017.0,"60 KENILWORTH SQ, DUBLIN 6, DUBLIN,Dublin,Ireland",03/04/2017,"60 KENILWORTH SQ, DUBLIN 6, DUBLIN",Dublin 6,Dublin,1250000.0,No,No,Second-Hand Dwelling house /Apartment,,2017-04-03,"60 Kenilworth Square S, Dublin 6, D06 KV06, Ireland",ROOFTOP,53.3173089,-6.2739029,D06 KV06,street_address,Dublin City,Rathmines West E,02142,Dublin,268136004
209014,2017.0,"60 KENNELSFORT RD, PALMERSTOWN, DUBLIN 20,Dublin,Ireland",12/04/2017,"60 KENNELSFORT RD, PALMERSTOWN, DUBLIN 20",Dublin 20,Dublin,275000.0,No,No,Second-Hand Dwelling house /Apartment,,2017-04-12,"60 Kennelsfort Rd Upper, Redcowfarm, Dublin 20, D20 XP28, Ireland",ROOFTOP,53.3533555,-6.3752896,D20 XP28,street_address,South Dublin,Palmerston Village,03019,Dublin,267108003
209025,2017.0,"60 PARK BLVD, FRENCH PARK, TYRRELSTOWN DUBLIN 15,Dublin,Ireland",04/04/2017,"60 PARK BLVD, FRENCH PARK, TYRRELSTOWN DUBLIN 15",Dublin 15,Dublin,237000.0,No,No,Second-Hand Dwelling house /Apartment,,2017-04-04,"60 Park Blvd, Tyrrelstown, Dublin 15, D15 F6C2, Ireland",ROOFTOP,53.4205566,-6.3871146,D15 F6C2,street_address,Fingal,The Ward,04041,Dublin,267158016
209027,2017.0,"60 Park Avenue, Belltree, Clongriffin,Dublin,Ireland",10/05/2017,"60 Park Avenue, Belltree, Clongriffin",Dublin 13,Dublin,303965.0,No,Yes,New Dwelling house /Apartment,greater than or equal to 38 sq metres and less than 125 sq metres,2017-05-10,"Belltree Avenue, Donaghmede, Dublin, Ireland",GEOMETRIC_CENTER,53.4065193,-6.1564006,,route,Dublin City,Grange B,02060,Dublin,268072013/01
209038,2017.0,"60 THE MILL, WEAVERS SQUARE, DUBLIN 8,Dublin,Ireland",03/05/2017,"60 THE MILL, WEAVERS SQUARE, DUBLIN 8",,Dublin,179000.0,No,No,Second-Hand Dwelling house /Apartment,,2017-05-03,"The Weaver's Ireland, 8 Weaver's Square, Milltown Park, Dublin, Ireland",ROOFTOP,53.3371476,-6.2811198,,"establishment,health,point_of_interest",Dublin City,Merchants Quay C,02121,Dublin,268100008
209041,2017.0,"60 THE WAY HUNTERS RUN, CLONEE, DUBLIN 15,Dublin,Ireland",10/03/2017,"60 THE WAY HUNTERS RUN, CLONEE, DUBLIN 15",Dublin 15,Dublin,270000.0,No,No,Second-Hand Dwelling house /Apartment,,2017-03-10,"60 The Way, Hunter's Run, Clonee, Co. Dublin, D15 TV2W, Ireland",ROOFTOP,53.4005803,-6.4197284,D15 TV2W,street_address,Fingal,Blanchardstown-Blakestown,04009,Dublin,267028048
209051,2017.0,"61 62 THE PAVILLION, MARINE RD, DUN LAOGHAIRE,Dublin,Ireland",10/01/2017,"61 62 THE PAVILLION, MARINE RD, DUN LAOGHAIRE",,Dublin,815000.0,No,No,Second-Hand Dwelling house /Apartment,,2017-01-10,"Pavillion Complex, Marine Rd, D̼n Laoghaire, Dublin, Ireland",ROOFTOP,53.2940064,-6.1340858,,"establishment,gym,health,point_of_interest",Dn Laoghaire-Rathdown,Dn Laoghaire-East Central,05042,Dublin,267067001/267067012
209057,2017.0,"61 CHERRYWOOD, LOUGHLINSTOWN, DUBLIN,Dublin,Ireland",08/05/2017,"61 CHERRYWOOD, LOUGHLINSTOWN, DUBLIN",,Dublin,465000.0,No,No,Second-Hand Dwelling house /Apartment,,2017-05-08,"61 Cherrywood, Glenageary, Loughlinstown, Co. Dublin, A96 X8X7, Ireland",ROOFTOP,53.2472441,-6.1340642,A96 X8X7,street_address,Dn Laoghaire-Rathdown,Killiney South,05059,Dublin,267097006
209060,2017.0,"61 Diswellstown Manor, Castleknock, Dublin 15,Dublin,Ireland",10/03/2017,"61 Diswellstown Manor, Castleknock, Dublin 15",Dublin 15,Dublin,356828.0,No,Yes,New Dwelling house /Apartment,greater than or equal to 38 sq metres and less than 125 sq metres,2017-03-10,"Porterstown, Castleknock Golf Club, Co. Dublin, Ireland",GEOMETRIC_CENTER,53.3670659,-6.3855459,,"establishment,point_of_interest",Fingal,Castleknock-Knockmaroon,04016,Dublin,267040042
209061,2017.0,"61 Diswellstown Way, Castleknock, Dublin 15,Dublin,Ireland",01/02/2017,"61 Diswellstown Way, Castleknock, Dublin 15",Dublin 15,Dublin,439647.58,No,Yes,New Dwelling house /Apartment,greater than or equal to 38 sq metres and less than 125 sq metres,2017-02-01,"61 Castleknock Way, Blanchardstown, Dublin 15, D15 FC83, Ireland",ROOFTOP,53.375819,-6.3748725,D15 FC83,street_address,Fingal,Castleknock-Knockmaroon,04016,Dublin,267040010
209062,2017.0,"61 EARLS COURT, REUBEN ST, DUBLIN 8,Dublin,Ireland",01/02/2017,"61 EARLS COURT, REUBEN ST, DUBLIN 8",Dublin 8,Dublin,119000.0,No,No,Second-Hand Dwelling house /Apartment,,2017-02-01,"Apartment 61 Block A, Earls Court, Reuben St, Ushers, Dublin 8, Ireland",ROOFTOP,53.3343686,-6.2905417,,subpremise,Dublin City,Ushers C,02154,Dublin,268150001
209063,2017.0,"61 EDENVALE RD, RANELAGH, DUBLIN 6,Dublin,Ireland",07/03/2017,"61 EDENVALE RD, RANELAGH, DUBLIN 6",Dublin 6,Dublin,985000.0,No,No,Second-Hand Dwelling house /Apartment,,2017-03-07,"61 Edenvale Rd, Dublin 6, D06 A271, Ireland",ROOFTOP,53.3190492,-6.2526516,D06 A271,street_address,Dublin City,Rathmines East C,02136,Dublin,268130001
209068,2017.0,"61 MAPLEWOOD PARK, SPRINGFIELD, TALLAGHT DUBLIN 24,Dublin,Ireland",09/01/2017,"61 MAPLEWOOD PARK, SPRINGFIELD, TALLAGHT DUBLIN 24",Dublin 24,Dublin,188500.0,No,No,Second-Hand Dwelling house /Apartment,,2017-01-09,"61 Maplewood Park, Springfield, Dublin 24, D24 K2H2, Ireland",ROOFTOP,53.2855298,-6.3821702,D24 K2H2,street_address,South Dublin,Tallaght-Springfield,03039,Dublin,267147011
209071,2017.0,"61 OCONNELL GARDENS, SANDYMOUNT, DUBLIN 4,Dublin,Ireland",05/05/2017,"61 OCONNELL GARDENS, SANDYMOUNT, DUBLIN 4",Dublin 4,Dublin,300000.0,Yes,No,Second-Hand Dwelling house /Apartment,,2017-05-05,"61 O'Connell Gardens, Dublin 4, D04 TX66, Ireland",ROOFTOP,53.3366193,-6.2272418,D04 TX66,street_address,Dublin City,Pembroke West A,02130,Dublin,268115021
209080,2017.0,"61 The Avenue, Scholarstown Wood, Scholarstown Road,Dublin,Ireland",09/03/2017,"61 The Avenue, Scholarstown Wood, Scholarstown Road",Dublin 16,Dublin,512907.0,No,Yes,New Dwelling house /Apartment,greater than or equal to 125 sq metres,2017-03-09,"Scholarstown Rd, Ballyroan, Dublin, Ireland",GEOMETRIC_CENTER,53.2793586,-6.3073067,,"establishment,point_of_interest",South Dublin,Firhouse-Ballycullen,03012,Dublin,267085025
209087,2017.0,"61C SMITHFIELD MARKET, SMITHFIELD, DUBLIN 7,Dublin,Ireland",02/03/2017,"61C SMITHFIELD MARKET, SMITHFIELD, DUBLIN 7",Dublin 7,Dublin,260000.0,No,No,Second-Hand Dwelling house /Apartment,,2017-03-02,"7 Smithfield, Arran Quay, Dublin, Ireland",ROOFTOP,53.3480568,-6.2788016,,"establishment,lodging,point_of_interest",Dublin City,Arran Quay C,02003,Dublin,268003014
209088,2017.0,"61FOREST HILLS, RATHCOOLE, DUBLIN,Dublin,Ireland",02/06/2017,"61FOREST HILLS, RATHCOOLE, DUBLIN",Dublin 24,Dublin,233000.0,No,No,Second-Hand Dwelling house /Apartment,,2017-06-02,"61 Forest Hills, Rathcoole, Co. Dublin, Ireland",RANGE_INTERPOLATED,53.2796498,-6.4721215,,street_address,South Dublin,Rathcoole,03021,Dublin,267112010
209102,2017.0,"62 FOSTERBROOK, STILLORGAN RD, MOUNT MERRION,Dublin,Ireland",06/02/2017,"62 FOSTERBROOK, STILLORGAN RD, MOUNT MERRION",,Dublin,640000.0,No,No,Second-Hand Dwelling house /Apartment,,2017-02-06,,,,,,,,,,,
209108,2017.0,"62 JOHNSTOWN GROVE, CABINTEELEY, CO DUBLIN,Dublin,Ireland",11/01/2017,"62 JOHNSTOWN GROVE, CABINTEELEY, CO DUBLIN",,Dublin,501000.0,No,No,Second-Hand Dwelling house /Apartment,,2017-01-11,"62 Johnstown Grove, Glenageary, Dublin, A96 Y7F2, Ireland",ROOFTOP,53.2670852,-6.1439107,A96 Y7F2,street_address,Dn Laoghaire-Rathdown,Cabinteely-Granitefield,05018,Dublin,267036004
209111,2017.0,"62 LISMORE RD, CRUMLIN, DUBLIN 12,Dublin,Ireland",10/05/2017,"62 LISMORE RD, CRUMLIN, DUBLIN 12",Dublin 12,Dublin,283000.0,No,No,Second-Hand Dwelling house /Apartment,,2017-05-10,"62 Lismore Rd, Kimmage, Dublin 12, D12 V9P2, Ireland",ROOFTOP,53.3220139,-6.2978105,D12 V9P2,street_address,Dublin City,Kimmage B,02112,Dublin,268091010
209112,2017.0,"62 LISMORE RD, CRUMLIN, DUBLIN 12,Dublin,Ireland",10/05/2017,"62 LISMORE RD, CRUMLIN, DUBLIN 12",Dublin 12,Dublin,283000.0,No,No,Second-Hand Dwelling house /Apartment,,2017-05-10,"62 Lismore Rd, Kimmage, Dublin 12, D12 V9P2, Ireland",ROOFTOP,53.3220139,-6.2978105,D12 V9P2,street_address,Dublin City,Kimmage B,02112,Dublin,268091010
209113,2017.0,"62 LISMORE RD, CRUMLIN, DUBLIN 12,Dublin,Ireland",10/05/2017,"62 LISMORE RD, CRUMLIN, DUBLIN 12",Dublin 12,Dublin,283000.0,No,No,Second-Hand Dwelling house /Apartment,,2017-05-10,"62 Lismore Rd, Kimmage, Dublin 12, D12 V9P2, Ireland",ROOFTOP,53.3220139,-6.2978105,D12 V9P2,street_address,Dublin City,Kimmage B,02112,Dublin,268091010
209114,2017.0,"62 LISMORE RD, CRUMLIN, DUBLIN 12,Dublin,Ireland",10/05/2017,"62 LISMORE RD, CRUMLIN, DUBLIN 12",Dublin 12,Dublin,283000.0,No,No,Second-Hand Dwelling house /Apartment,,2017-05-10,"62 Lismore Rd, Kimmage, Dublin 12, D12 V9P2, Ireland",ROOFTOP,53.3220139,-6.2978105,D12 V9P2,street_address,Dublin City,Kimmage B,02112,Dublin,268091010
209115,2017.0,"62 LISMORE RD, CRUMLIN, DUBLIN 12,Dublin,Ireland",10/05/2017,"62 LISMORE RD, CRUMLIN, DUBLIN 12",Dublin 12,Dublin,283000.0,No,No,Second-Hand Dwelling house /Apartment,,2017-05-10,"62 Lismore Rd, Kimmage, Dublin 12, D12 V9P2, Ireland",ROOFTOP,53.3220139,-6.2978105,D12 V9P2,street_address,Dublin City,Kimmage B,02112,Dublin,268091010
209116,2017.0,"62 LISMORE RD, CRUMLIN, DUBLIN 12,Dublin,Ireland",10/05/2017,"62 LISMORE RD, CRUMLIN, DUBLIN 12",Dublin 12,Dublin,283000.0,No,No,Second-Hand Dwelling house /Apartment,,2017-05-10,"62 Lismore Rd, Kimmage, Dublin 12, D12 V9P2, Ireland",ROOFTOP,53.3220139,-6.2978105,D12 V9P2,street_address,Dublin City,Kimmage B,02112,Dublin,268091010
209117,2017.0,"62 LISMORE RD, CRUMLIN, DUBLIN 12,Dublin,Ireland",10/05/2017,"62 LISMORE RD, CRUMLIN, DUBLIN 12",Dublin 12,Dublin,283000.0,No,No,Second-Hand Dwelling house /Apartment,,2017-05-10,"62 Lismore Rd, Kimmage, Dublin 12, D12 V9P2, Ireland",ROOFTOP,53.3220139,-6.2978105,D12 V9P2,street_address,Dublin City,Kimmage B,02112,Dublin,268091010
209118,2017.0,"62 LISMORE RD, CRUMLIN, DUBLIN 12,Dublin,Ireland",10/05/2017,"62 LISMORE RD, CRUMLIN, DUBLIN 12",Dublin 12,Dublin,283000.0,No,No,Second-Hand Dwelling house /Apartment,,2017-05-10,"62 Lismore Rd, Kimmage, Dublin 12, D12 V9P2, Ireland",ROOFTOP,53.3220139,-6.2978105,D12 V9P2,street_address,Dublin City,Kimmage B,02112,Dublin,268091010
209119,2017.0,"62 LISMORE RD, CRUMLIN, DUBLIN 12,Dublin,Ireland",10/05/2017,"62 LISMORE RD, CRUMLIN, DUBLIN 12",Dublin 12,Dublin,283000.0,No,No,Second-Hand Dwelling house /Apartment,,2017-05-10,"62 Lismore Rd, Kimmage, Dublin 12, D12 V9P2, Ireland",ROOFTOP,53.3220139,-6.2978105,D12 V9P2,street_address,Dublin City,Kimmage B,02112,Dublin,268091010
209127,2017.0,"62 QUINNS RD, SHANKILL, DUBLIN,Dublin,Ireland",03/02/2017,"62 QUINNS RD, SHANKILL, DUBLIN",Dublin 18,Dublin,400000.0,No,No,Second-Hand Dwelling house /Apartment,,2017-02-03,"62 Quinn's Rd, Shankill, Dublin 18, D18 AV62, Ireland",ROOFTOP,53.2305463,-6.1181995,D18 AV62,street_address,Dn Laoghaire-Rathdown,Shankill-Shanganagh,05062,Dublin,267122006
209131,2017.0,"62 Rokeby Park, Lucan,Dublin,Ireland",11/04/2017,"62 Rokeby Park, Lucan",,Dublin,782500.0,No,Yes,New Dwelling house /Apartment,greater than or equal to 125 sq metres,2017-04-11,"Laraghcon, Co. Dublin, Ireland",GEOMETRIC_CENTER,53.3640443,-6.455319,,"establishment,point_of_interest",Fingal,Lucan North,04027,Dublin,267102003
209142,2017.0,"62 WOODLEY PARK, KILMACUD, DUBLIN 14,Dublin,Ireland",10/04/2017,"62 WOODLEY PARK, KILMACUD, DUBLIN 14",Dublin 14,Dublin,557000.0,No,No,Second-Hand Dwelling house /Apartment,,2017-04-10,"62 Woodley Park, Kilmacud, Dublin 14, D14 RH10, Ireland",ROOFTOP,53.2876309,-6.2220103,D14 RH10,street_address,Dn Laoghaire-Rathdown,Stillorgan-Kilmacud,05064,Dublin,267125002
209146,2017.0,"622 CLONARD RD, KIMMAGE, DUBLIN 12,Dublin,Ireland",09/03/2017,"622 CLONARD RD, KIMMAGE, DUBLIN 12",Dublin 12,Dublin,500000.0,No,No,Second-Hand Dwelling house /Apartment,,2017-03-09,"622 Clonard Road, Kimmage, Dublin 12, D12 CT9V, Ireland",ROOFTOP,53.3169943,-6.2984028,D12 CT9V,street_address,Dublin City,Kimmage D,02114,Dublin,268093003
209147,2017.0,"62A GRANITEFIELD, ROCHESTOWN AVE, DUN LAOGHAIRE,Dublin,Ireland",02/06/2017,"62A GRANITEFIELD, ROCHESTOWN AVE, DUN LAOGHAIRE",,Dublin,455000.0,No,No,Second-Hand Dwelling house /Apartment,,2017-06-02,"Granitefield Mews, Rochestown Ave, D̼n Laoghaire, Dublin, Ireland",ROOFTOP,53.2697457,-6.1431749,,premise,Dn Laoghaire-Rathdown,Cabinteely-Granitefield,05018,Dublin,267036003
209148,2017.0,"63 ALDERWOOD AVE, SPRINGFIELD, TALLAGHT DUBLIN 24,Dublin,Ireland",05/05/2017,"63 ALDERWOOD AVE, SPRINGFIELD, TALLAGHT DUBLIN 24",Dublin 24,Dublin,185000.0,No,No,Second-Hand Dwelling house /Apartment,,2017-05-05,"63 Alderwood Ave, Springfield, Dublin 24, D24 E5WN, Ireland",ROOFTOP,53.2859931,-6.3820805,D24 E5WN,street_address,South Dublin,Tallaght-Springfield,03039,Dublin,267147011
209159,2017.0,"63 DONORE AVENE, SOUTH CIRCULAR ROAD, DUBLIN 8,Dublin,Ireland",01/02/2017,"63 DONORE AVENE, SOUTH CIRCULAR ROAD, DUBLIN 8",Dublin 8,Dublin,420000.0,No,No,Second-Hand Dwelling house /Apartment,,2017-02-01,,,,,,,,,,,
209160,2017.0,"63 Diswellstown Way, Castleknock, Dublin 15,Dublin,Ireland",06/02/2017,"63 Diswellstown Way, Castleknock, Dublin 15",Dublin 15,Dublin,405691.06,No,Yes,New Dwelling house /Apartment,less than 38 sq metres,2017-02-06,"63 Castleknock Way, Blanchardstown, Dublin 15, D15 FY02, Ireland",ROOFTOP,53.3758134,-6.3747911,D15 FY02,street_address,Fingal,Castleknock-Knockmaroon,04016,Dublin,267040010
209171,2017.0,"63 LEVMOSS AVENUE, LEVMOSS PARK, THE GALLOPS,Dublin,Ireland",06/01/2017,"63 LEVMOSS AVENUE, LEVMOSS PARK, THE GALLOPS",Dublin 18,Dublin,405286.0,No,Yes,New Dwelling house /Apartment,greater than or equal to 38 sq metres and less than 125 sq metres,2017-01-06,"10 Levmoss Ave, Sandyford, Dublin, Ireland",ROOFTOP,53.2632994,-6.1985798,,"establishment,point_of_interest",Dn Laoghaire-Rathdown,Glencullen,05057,Dublin,267092054
209176,2017.0,"63 MERVILLE RD, STILLORGAN, DUBLIN,Dublin,Ireland",05/05/2017,"63 MERVILLE RD, STILLORGAN, DUBLIN",,Dublin,735000.0,No,No,Second-Hand Dwelling house /Apartment,,2017-05-05,"63 Merville Rd, Stillorgan, Dublin, A94 VY90, Ireland",ROOFTOP,53.2841609,-6.2019131,A94 VY90,street_address,Dn Laoghaire-Rathdown,Stillorgan-Merville,05066,Dublin,267127005
209183,2017.0,"63 PHIBSBOROUGH RD YARD AT 59, PHIBSBORO RD DUBLIN 7, DUBLIN 7,Dublin,Ireland",03/03/2017,"63 PHIBSBOROUGH RD YARD AT 59, PHIBSBORO RD DUBLIN 7, DUBLIN 7",Dublin 7,Dublin,96000.0,No,No,Second-Hand Dwelling house /Apartment,,2017-03-03,"63 Phibsborough Rd, Phibsborough, Dublin 7, D07 XKA6, Ireland",ROOFTOP,53.3605805,-6.2728883,D07 XKA6,street_address,Dublin City,Arran Quay A,02001,Dublin,268001006
209188,2017.0,"63 STEEVENS GATE, JAMES ST, DUBLIN 8,Dublin,Ireland",03/03/2017,"63 STEEVENS GATE, JAMES ST, DUBLIN 8",Dublin 8,Dublin,352000.0,No,No,Second-Hand Dwelling house /Apartment,,2017-03-03,"Steeven's James's, Steeven's Gate Apartments, James's St, Dublin 8, Ireland",ROOFTOP,53.3436094,-6.2905848,,"establishment,lodging,point_of_interest",Dublin City,Ushers B,02153,Dublin,268149001
209190,2017.0,"63 TERENURE RD, NORTH TERENURE, DUBLIN 6W,Dublin,Ireland",06/02/2017,"63 TERENURE RD, NORTH TERENURE, DUBLIN 6W",,Dublin,620000.0,No,No,Second-Hand Dwelling house /Apartment,,2017-02-06,"63 Terenure Rd N, Terenure, Dublin 6W, Co. Dublin, D6W P934, Ireland",ROOFTOP,53.3118822,-6.2823796,D6W P934,street_address,Dublin City,Rathmines West E,02142,Dublin,268136012
209193,2017.0,"63 THE WINDMILL, SIR JOHN RODGERSONS QUAY, DUBLIN 2,Dublin,Ireland",07/03/2017,"63 THE WINDMILL, SIR JOHN RODGERSONS QUAY, DUBLIN 2",Dublin 2,Dublin,245000.0,No,No,Second-Hand Dwelling house /Apartment,,2017-03-07,,,,,,,,,,,
209196,2017.0,"63 The Sanderling, Barnageeragh Cove, Skerries,Dublin,Ireland",01/03/2017,"63 The Sanderling, Barnageeragh Cove, Skerries",,Dublin,334801.76,No,Yes,New Dwelling house /Apartment,greater than or equal to 38 sq metres and less than 125 sq metres,2017-03-01,"Sanderling, Quay St, Townparks, Skerries, Co. Dublin, Ireland",ROOFTOP,53.5810704,-6.1105576,,premise,Fingal,Skerries,04034,Dublin,267123026
209198,2017.0,"63 WALTHAM TERRACE, BLACKROCK, DUBLIN,Dublin,Ireland",08/06/2017,"63 WALTHAM TERRACE, BLACKROCK, DUBLIN",,Dublin,1495000.0,No,No,Second-Hand Dwelling house /Apartment,,2017-06-08,"63 Waltham Terrace, Blackrock, Co. Dublin, A94 W0V5, Ireland",ROOFTOP,53.2979988,-6.191426,A94 W0V5,street_address,Dn Laoghaire-Rathdown,Blackrock-Central,05010,Dublin,267021011
209200,2017.0,"63 WEST RD, EAST WALL, DUBLIN 3,Dublin,Ireland",05/04/2017,"63 WEST RD, EAST WALL, DUBLIN 3",Dublin 3,Dublin,353000.0,No,No,Second-Hand Dwelling house /Apartment,,2017-04-05,"63 West Rd, East Wall, Dublin 3, D03 W635, Ireland",ROOFTOP,53.3553211,-6.2386714,D03 W635,street_address,Dublin City,North Dock B,02077,Dublin,268108007
209201,2017.0,"63 WHITEOAK, CLONSKEAGH, DUBLIN 14,Dublin,Ireland",12/01/2017,"63 WHITEOAK, CLONSKEAGH, DUBLIN 14",Dublin 14,Dublin,280000.0,No,No,Second-Hand Dwelling house /Apartment,,2017-01-12,"63 White Oaks, Friarland, Dublin, Ireland",RANGE_INTERPOLATED,53.30312,-6.236655,,street_address,Dn Laoghaire-Rathdown,Clonskeagh-Windy Arbour,05031,Dublin,267059010
209231,2017.0,"64 HOWTH RD, CLONTARF, DUBLIN 3,Dublin,Ireland",06/04/2017,"64 HOWTH RD, CLONTARF, DUBLIN 3",Dublin 3,Dublin,655000.0,No,No,Second-Hand Dwelling house /Apartment,,2017-04-06,"64 Howth Rd, Ashbrook, Clontarf West, Dublin 3, D03 Y1X3, Ireland",ROOFTOP,53.3690578,-6.2128452,D03 Y1X3,street_address,Dublin City,Clontarf West C,02044,Dublin,268048006
209234,2017.0,"64 KNOCKNAREA AVE, DRIMNAGH, DUBLIN 12,Dublin,Ireland",11/05/2017,"64 KNOCKNAREA AVE, DRIMNAGH, DUBLIN 12",Dublin 12,Dublin,287000.0,No,No,Second-Hand Dwelling house /Apartment,,2017-05-11,"64 Knocknarea Ave, Drimnagh, Dublin 12, D12 NP74, Ireland",ROOFTOP,53.330605,-6.3113407,D12 NP74,street_address,Dublin City,Crumlin E,02102,Dublin,268055007
209238,2017.0,"64 MCKEE RD, FINGLAS, DUBLIN 11,Dublin,Ireland",03/02/2017,"64 MCKEE RD, FINGLAS, DUBLIN 11",Dublin 11,Dublin,236000.0,No,No,Second-Hand Dwelling house /Apartment,,2017-02-03,"64 McKee Rd, Finglas East, Dublin 11, D11 WR92, Ireland",ROOFTOP,53.3930985,-6.2920083,D11 WR92,street_address,Dublin City,Finglas North C,02053,Dublin,268065005
209240,2017.0,"64 NASH ST, INCHICORE, DUBLIN 8,Dublin,Ireland",06/04/2017,"64 NASH ST, INCHICORE, DUBLIN 8",Dublin 8,Dublin,181000.0,No,No,Second-Hand Dwelling house /Apartment,,2017-04-06,"64 Nash St, Inchicore, Dublin 8, D08 RYR1, Ireland",ROOFTOP,53.336319,-6.3313974,D08 RYR1,street_address,Dublin City,Inchicore A,02106,Dublin,268078010
209243,2017.0,"64 OAKTREE RD, STILLORGAN, DUBLIN,Dublin,Ireland",12/06/2017,"64 OAKTREE RD, STILLORGAN, DUBLIN",,Dublin,670000.0,No,No,Second-Hand Dwelling house /Apartment,,2017-06-12,"64 Oaktree Rd, Stillorgan, Dublin, A94 XP94, Ireland",ROOFTOP,53.2802152,-6.1989406,A94 XP94,street_address,Dn Laoghaire-Rathdown,Stillorgan-Merville,05066,Dublin,267127002
209249,2017.0,"64 Sion Hill Park, Sion Hill Road, Drumcondra,Dublin,Ireland",10/05/2017,"64 Sion Hill Park, Sion Hill Road, Drumcondra",,Dublin,596850.0,No,Yes,New Dwelling house /Apartment,less than 38 sq metres,2017-05-10,"9 Sion Hill Rd, Grace Park, Dublin 9, D09 A6K8, Ireland",ROOFTOP,53.3759107,-6.2376947,D09 A6K8,"establishment,point_of_interest",Dublin City,Grace Park,02058,Dublin,268070002
209258,2017.0,"64 WATSON DR, KILLINEY, DUBLIN,Dublin,Ireland",03/02/2017,"64 WATSON DR, KILLINEY, DUBLIN",,Dublin,500000.0,No,No,Second-Hand Dwelling house /Apartment,,2017-02-03,"64 Watson Dr, Kilbogget, Killiney, Co. Dublin, A96 HT22, Ireland",ROOFTOP,53.2603569,-6.1340863,A96 HT22,street_address,Dn Laoghaire-Rathdown,Ballybrack,05007,Dublin,267015005
209263,2017.0,"64A SOUTH HILL, DARTRY, DUBLIN 6,Dublin,Ireland",05/01/2017,"64A SOUTH HILL, DARTRY, DUBLIN 6",Dublin 6,Dublin,1050000.0,No,No,Second-Hand Dwelling house /Apartment,,2017-01-05,"64A South Hill, Dartry, Dublin 6, D06 P3K8, Ireland",ROOFTOP,53.3090407,-6.2566426,D06 P3K8,street_address,Dublin City,Rathmines East C,02136,Dublin,268130013
209268,2017.0,"65 BALTRASNA HOUSE, SPENCER DOCK, DUBLIN 1,Dublin,Ireland",07/02/2017,"65 BALTRASNA HOUSE, SPENCER DOCK, DUBLIN 1",,Dublin,900000.0,No,No,Second-Hand Dwelling house /Apartment,,2017-02-07,"Baltrasna House, IFSC, 1, Spencer Dock, Dublin, Ireland",GEOMETRIC_CENTER,53.3494306,-6.2386257,,"establishment,lodging,point_of_interest",Dublin City,North Dock B,02077,Dublin,268108015
209270,2017.0,"65 CASTLEGRANGE SQ, CLONDALKIN, DUBLIN 22,Dublin,Ireland",12/05/2017,"65 CASTLEGRANGE SQ, CLONDALKIN, DUBLIN 22",Dublin 22,Dublin,185000.0,No,No,Second-Hand Dwelling house /Apartment,,2017-05-12,"65 Castlegrange Square, Deansrath, Dublin 22, D22 DX77, Ireland",ROOFTOP,53.3212073,-6.4242948,D22 DX77,street_address,South Dublin,Clondalkin-Dunawley,03006,Dublin,267049022
209272,2017.0,"65 CLONSILLA ROAD, BLANCHARDSTOWN, DUBLIN 15,Dublin,Ireland",08/02/2017,"65 CLONSILLA ROAD, BLANCHARDSTOWN, DUBLIN 15",,Dublin,339000.0,No,No,Second-Hand Dwelling house /Apartment,,2017-02-08,"65 Clonsilla Rd, Blanchardstown, Dublin 15, D15 TND0, Ireland",ROOFTOP,53.3874076,-6.3839306,D15 TND0,street_address,Fingal,Blanchardstown-Coolmine,04010,Dublin,267029011
209276,2017.0,"65 Diswellstown Manor, Castleknock, Dublin 15,Dublin,Ireland",06/04/2017,"65 Diswellstown Manor, Castleknock, Dublin 15",,Dublin,365638.0,No,Yes,New Dwelling house /Apartment,greater than or equal to 125 sq metres,2017-04-06,"Porterstown, Castleknock Golf Club, Co. Dublin, Ireland",GEOMETRIC_CENTER,53.3670659,-6.3855459,,"establishment,point_of_interest",Fingal,Castleknock-Knockmaroon,04016,Dublin,267040042
209278,2017.0,"65 FERGUSON ROAD, DRUMCONDRA, DUBLIN 9,Dublin,Ireland",04/04/2017,"65 FERGUSON ROAD, DRUMCONDRA, DUBLIN 9",Dublin 9,Dublin,367000.0,No,No,Second-Hand Dwelling house /Apartment,,2017-04-04,"65 Ferguson Rd, Drumcondra, Dublin 9, D09 RX95, Ireland",ROOFTOP,53.3721956,-6.25822,D09 RX95,street_address,Dublin City,Drumcondra South C,02049,Dublin,268060008
209281,2017.0,"65 GLASLYN, HOWTH RD, DUBLIN,Dublin,Ireland",02/02/2017,"65 GLASLYN, HOWTH RD, DUBLIN",Dublin 5,Dublin,300000.0,No,No,Second-Hand Dwelling house /Apartment,,2017-02-02,"Glaslyn, Howth Rd, Clontarf West, Dublin 3, Ireland",ROOFTOP,53.3661718,-6.2192637,,premise,Dublin City,Clontarf West C,02044,Dublin,268048016
209287,2017.0,"65 LEVMOSS AVE, LEVMOSS PARK, THE GALLOPS DUBLIN 18,Dublin,Ireland",09/06/2017,"65 LEVMOSS AVE, LEVMOSS PARK, THE GALLOPS DUBLIN 18",Dublin 18,Dublin,475770.0,No,Yes,New Dwelling house /Apartment,greater than or equal to 125 sq metres,2017-06-09,"10 Levmoss Ave, Sandyford, Dublin, Ireland",ROOFTOP,53.2632994,-6.1985798,,"establishment,point_of_interest",Dn Laoghaire-Rathdown,Glencullen,05057,Dublin,267092054
209289,2017.0,"65 LUTTERALSTOWN DR, CASTLEKNOCK, DUBLIN 15,Dublin,Ireland",08/03/2017,"65 LUTTERALSTOWN DR, CASTLEKNOCK, DUBLIN 15",Dublin 15,Dublin,232500.0,No,No,Second-Hand Dwelling house /Apartment,,2017-03-08,"65 Luttrellstown Dr, Carpenterstown, Dublin 15, D15 N2C1, Ireland",ROOFTOP,53.3710963,-6.397076,D15 N2C1,street_address,Fingal,Castleknock-Knockmaroon,04016,Dublin,267040040
209293,2017.0,"65 PHOENIX, RIVERPARK APTS, CONYNGHAM RD DUBLIN 8,Dublin,Ireland",10/02/2017,"65 PHOENIX, RIVERPARK APTS, CONYNGHAM RD DUBLIN 8",Dublin 8,Dublin,310000.0,No,No,Second-Hand Dwelling house /Apartment,,2017-02-10,"25-, 27 Conyngham Rd, Dublin, Ireland",ROOFTOP,53.3480922,-6.302529,,"establishment,lodging,point_of_interest",Dublin City,Phoenix Park,02079,Dublin,268118003
209298,2017.0,"65 SYDNEY PARADE AVE, SANDYMOUNT, DUBLIN 4,Dublin,Ireland",09/02/2017,"65 SYDNEY PARADE AVE, SANDYMOUNT, DUBLIN 4",Dublin 4,Dublin,2100000.0,No,No,Second-Hand Dwelling house /Apartment,,2017-02-09,"65 Sydney Parade Ave, Dublin 4, D04 N8N4, Ireland",ROOFTOP,53.3229754,-6.2080441,D04 N8N4,street_address,Dublin City,Pembroke East C,02127,Dublin,268112002
209304,2017.0,"65 WILFORD COURT, CORKE ABBEY AVE, BRAY,Dublin,Ireland",05/01/2017,"65 WILFORD COURT, CORKE ABBEY AVE, BRAY",,Dublin,320000.0,No,No,Second-Hand Dwelling house /Apartment,,2017-01-05,"Wilford Court, Corke Abbey Ave, Cork Great, Bray, Co. Dublin, Ireland",ROOFTOP,53.2119514,-6.1164222,,premise,Dn Laoghaire-Rathdown,Shankill-Shanganagh,05062,Dublin,267122001
209313,2017.0,"66 BULFIN RD, INCHICORE, DUBLIN 8,Dublin,Ireland",12/01/2017,"66 BULFIN RD, INCHICORE, DUBLIN 8",Dublin 8,Dublin,428000.0,No,No,Second-Hand Dwelling house /Apartment,,2017-01-12,"66 Bulfin Rd, Inchicore, Dublin 8, D08 E8E8, Ireland",ROOFTOP,53.3394211,-6.3123989,D08 E8E8,street_address,Dublin City,Kilmainham C,02110,Dublin,268085015
209314,2017.0,"66 CARLTON COURT, SWORDS, DUBLIN,Dublin,Ireland",12/04/2017,"66 CARLTON COURT, SWORDS, DUBLIN",,Dublin,430000.0,No,No,Second-Hand Dwelling house /Apartment,,2017-04-12,"66 Carlton Ct, Miltonsfields, Swords, Co. Dublin, K67 PF79, Ireland",ROOFTOP,53.45202,-6.2213668,K67 PF79,street_address,Fingal,Swords Village,04040,Dublin,267135002
209316,2017.0,"66 CLANREE RD DONNYCARNEY, DUBLIN 5, DUBLIN,Dublin,Ireland",09/03/2017,"66 CLANREE RD DONNYCARNEY, DUBLIN 5, DUBLIN",Dublin 5,Dublin,285000.0,No,No,Second-Hand Dwelling house /Apartment,,2017-03-09,"66 Clanree Rd, Clontarf, Dublin 5, D05 HP77, Ireland",ROOFTOP,53.3767039,-6.2142389,D05 HP77,street_address,Dublin City,Clontarf West B,02043,Dublin,268047001
209323,2017.0,"66 GLASLYN, HOWTH RD, DUBLIN,Dublin,Ireland",01/03/2017,"66 GLASLYN, HOWTH RD, DUBLIN",Dublin 5,Dublin,300000.0,No,No,Second-Hand Dwelling house /Apartment,,2017-03-01,"Glaslyn, Howth Rd, Clontarf West, Dublin 3, Ireland",ROOFTOP,53.3661718,-6.2192637,,premise,Dublin City,Clontarf West C,02044,Dublin,268048016
209324,2017.0,"66 GLEDSWOOD PARK, CLONSKEAGH, DUBLIN 14,Dublin,Ireland",02/06/2017,"66 GLEDSWOOD PARK, CLONSKEAGH, DUBLIN 14",Dublin 14,Dublin,610000.0,No,No,Second-Hand Dwelling house /Apartment,,2017-06-02,"66 Gledswood Park, Friarland, Dublin 14, D14 FP48, Ireland",ROOFTOP,53.3031815,-6.2401612,D14 FP48,street_address,Dn Laoghaire-Rathdown,Clonskeagh-Windy Arbour,05031,Dublin,267059001
209325,2017.0,"66 GLENEALY DOWNS, HUNTSTOWN, DUBLIN 15,Dublin,Ireland",04/04/2017,"66 GLENEALY DOWNS, HUNTSTOWN, DUBLIN 15",Dublin 15,Dublin,180000.0,Yes,No,Second-Hand Dwelling house /Apartment,,2017-04-04,"66 Glenealy Downs, Huntstown, Dublin 15, D15 VH6Y, Ireland",ROOFTOP,53.3998909,-6.4170165,D15 VH6Y,street_address,Fingal,Blanchardstown-Blakestown,04009,Dublin,267028102
209334,2017.0,"66 MOUNTFIELD PARK, MALAHIDE, DUBLIN,Dublin,Ireland",09/02/2017,"66 MOUNTFIELD PARK, MALAHIDE, DUBLIN",,Dublin,340000.0,No,No,New Dwelling house /Apartment,greater than or equal to 38 sq metres and less than 125 sq metres,2017-02-09,"66 Mountfield Lawns, Broomfield, Malahide, Co. Dublin, Ireland",RANGE_INTERPOLATED,53.4412213,-6.1509911,,street_address,Fingal,Malahide East,04029,Dublin,267105016
209339,2017.0,"66 PATRICIAN VILLAS, STILLORGAN, DUBLIN,Dublin,Ireland",10/02/2017,"66 PATRICIAN VILLAS, STILLORGAN, DUBLIN",,Dublin,372000.0,No,No,Second-Hand Dwelling house /Apartment,,2017-02-10,"66 Patrician Villas, Stillorgan, Dublin, A94 HR74, Ireland",ROOFTOP,53.2906624,-6.1962716,A94 HR74,street_address,Dn Laoghaire-Rathdown,Stillorgan-Priory,05068,Dublin,267129003
209348,2017.0,"66 ST GABRIELS, JOHNSTOWN RD, CABINTEELY,Dublin,Ireland",03/03/2017,"66 ST GABRIELS, JOHNSTOWN RD, CABINTEELY",Dublin 18,Dublin,345000.0,No,No,Second-Hand Dwelling house /Apartment,,2017-03-03,"44 Johnstown Rd, St Gabriels, Johnstown, Cabinteely, Co. Dublin, D18 A259, Ireland",ROOFTOP,53.2644797,-6.1502758,D18 A259,"establishment,hospital,point_of_interest",Dn Laoghaire-Rathdown,Cabinteely-Pottery,05021,Dublin,267039004
209359,2017.0,"67 BROADFORD CLOSE, BALLINTEER, DUBLIN 16,Dublin,Ireland",08/03/2017,"67 BROADFORD CLOSE, BALLINTEER, DUBLIN 16",Dublin 16,Dublin,455000.0,No,No,Second-Hand Dwelling house /Apartment,,2017-03-08,"67 Broadford Cl, Ballinteer, Dublin 16, D16 V832, Ireland",ROOFTOP,53.2768084,-6.2594785,D16 V832,street_address,Dn Laoghaire-Rathdown,Ballinteer-Broadford,05001,Dublin,267008003
209360,2017.0,"67 BURNELL SQ, NORTHERN CROSS, MALAHIDE RD DUBLIN 17,Dublin,Ireland",11/05/2017,"67 BURNELL SQ, NORTHERN CROSS, MALAHIDE RD DUBLIN 17",Dublin 17,Dublin,198000.0,No,No,Second-Hand Dwelling house /Apartment,,2017-05-11,"Burnell Square, Malahide Rd, Northern Cross, Dublin 17, Ireland",ROOFTOP,53.404221,-6.1801432,,premise,Dublin City,Priorswood C,02082,Dublin,268119017
209377,2017.0,"67 MARLBOROUGH COURT, MARLBOROUGH ST, DUBLIN 1,Dublin,Ireland",04/01/2017,"67 MARLBOROUGH COURT, MARLBOROUGH ST, DUBLIN 1",Dublin 1,Dublin,206000.0,No,No,Second-Hand Dwelling house /Apartment,,2017-01-04,"Marlborough Court, Marlborough St, North City, Dublin 1, Ireland",ROOFTOP,53.3515035,-6.2581547,,premise,Dublin City,North City,02075,Dublin,268106017
209379,2017.0,"67 MOERAN RD, WALKINSTOWN, DUBLIN 12,Dublin,Ireland",10/03/2017,"67 MOERAN RD, WALKINSTOWN, DUBLIN 12",Dublin 12,Dublin,340000.0,No,No,Second-Hand Dwelling house /Apartment,,2017-03-10,"67 Moeran Rd, Walkinstown, Dublin 12, D12 V2F2, Ireland",ROOFTOP,53.3198375,-6.3201304,D12 V2F2,street_address,Dublin City,Walkinstown C,02160,Dublin,268156009
209388,2017.0,"67 SANDYFORD DOWNS, SANDYFORD, DUBLIN 18,Dublin,Ireland",07/03/2017,"67 SANDYFORD DOWNS, SANDYFORD, DUBLIN 18",Dublin 18,Dublin,500000.0,No,No,Second-Hand Dwelling house /Apartment,,2017-03-07,"67 Sandyford Downs, Sandyford, Dublin 18, D18 Y3E8, Ireland",ROOFTOP,53.2675568,-6.2250133,D18 Y3E8,street_address,Dn Laoghaire-Rathdown,Dundrum-Balally,05037,Dublin,267078002
209391,2017.0,"67 SPENCER HOUSE, CUSTOM HOUSE SQ, I F S C DUBLIN 1,Dublin,Ireland",12/01/2017,"67 SPENCER HOUSE, CUSTOM HOUSE SQ, I F S C DUBLIN 1",Dublin 1,Dublin,370500.0,No,No,Second-Hand Dwelling house /Apartment,,2017-01-12,"Custom House Square, Mayor Street Lower, International Financial Services Centre, Dublin 1, Ireland",ROOFTOP,53.3498134,-6.2446272,,"establishment,point_of_interest",Dublin City,North Dock C,02078,Dublin,268109007
209405,2017.0,"68 CLAREVILLE RD, HAROLDS CROSS, DUBLIN 6W,Dublin,Ireland",05/05/2017,"68 CLAREVILLE RD, HAROLDS CROSS, DUBLIN 6W",,Dublin,450000.0,No,No,Second-Hand Dwelling house /Apartment,,2017-05-05,"68 Clareville Rd, Harold's Cross, Dublin 6W, Co. Dublin, D6W EP03, Ireland",ROOFTOP,53.3177851,-6.2860705,D6W EP03,street_address,Dublin City,Terenure A,02148,Dublin,268144013
209408,2017.0,"68 Diswellstown Way, Castleknock,Dublin,Ireland",03/03/2017,"68 Diswellstown Way, Castleknock",,Dublin,453744.0,No,Yes,New Dwelling house /Apartment,greater than or equal to 38 sq metres and less than 125 sq metres,2017-03-03,"68 Castleknock Way, Carpenterstown, Dublin 15, D15 DE20, Ireland",ROOFTOP,53.3754614,-6.3753011,D15 DE20,street_address,Fingal,Castleknock-Knockmaroon,04016,Dublin,267040010
209410,2017.0,"68 EGLINTON RD, DONNYBROOK, DUBLIN 4,Dublin,Ireland",04/04/2017,"68 EGLINTON RD, DONNYBROOK, DUBLIN 4",Dublin 4,Dublin,4250000.0,No,No,Second-Hand Dwelling house /Apartment,,2017-04-04,"68 Eglinton Rd, Dublin 4, D04 H6H0, Ireland",ROOFTOP,53.3182013,-6.2393151,D04 H6H0,street_address,Dublin City,Rathmines East B,02135,Dublin,268129001
209412,2017.0,"68 ELMBROOK CRESCENT, LUCAN, DUBLIN,Dublin,Ireland",09/02/2017,"68 ELMBROOK CRESCENT, LUCAN, DUBLIN",,Dublin,246000.0,No,No,Second-Hand Dwelling house /Apartment,,2017-02-09,"68 Elmbrook Cres, Glebe, Lucan, Co. Dublin, K78 XC42, Ireland",ROOFTOP,53.3505139,-6.4324096,K78 XC42,street_address,South Dublin,Lucan-Esker,03015,Dublin,267100055
209416,2017.0,"68 LEIGHLIN ROAD, CRUMLIN, DUBLIN 12,Dublin,Ireland",10/03/2017,"68 LEIGHLIN ROAD, CRUMLIN, DUBLIN 12",,Dublin,269000.0,No,No,Second-Hand Dwelling house /Apartment,,2017-03-10,"68 Leighlin Rd, Kimmage, Dublin 12, D12 E6A0, Ireland",ROOFTOP,53.3243255,-6.3004461,D12 E6A0,street_address,Dublin City,Kimmage B,02112,Dublin,268091001
209423,2017.0,"68 ORANMORE RD, BALLYFERMOT, DUBLIN 10,Dublin,Ireland",06/04/2017,"68 ORANMORE RD, BALLYFERMOT, DUBLIN 10",Dublin 10,Dublin,60000.0,No,No,Second-Hand Dwelling house /Apartment,,2017-04-06,"68 Oranmore Rd, Cherry Orchard, Dublin 10, D10 RK63, Ireland",ROOFTOP,53.3392431,-6.3649215,D10 RK63,street_address,Dublin City,Carna,02096,Dublin,268039007
209428,2017.0,"68 REDESDALE RD, MOUNT MERRION, DUBLIN,Dublin,Ireland",10/03/2017,"68 REDESDALE RD, MOUNT MERRION, DUBLIN",Dublin 6,Dublin,675000.0,No,No,Second-Hand Dwelling house /Apartment,,2017-03-10,"68 Redesdale Rd, Dublin, Ireland",RANGE_INTERPOLATED,53.2937284,-6.2168086,,street_address,Dn Laoghaire-Rathdown,Stillorgan-Deerpark,05063,Dublin,267124009
209431,2017.0,"68 SILCHESTER PARK, GLENAGEARY, DUBLIN,Dublin,Ireland",10/02/2017,"68 SILCHESTER PARK, GLENAGEARY, DUBLIN",,Dublin,775000.0,No,No,Second-Hand Dwelling house /Apartment,,2017-02-10,"68 Silchester Park, Glenageary, Dublin, Ireland",RANGE_INTERPOLATED,53.2806376,-6.1292717,,street_address,Dn Laoghaire-Rathdown,Dn Laoghaire-Glasthule,05043,Dublin,267068010
209438,2017.0,"68, MOATVIEW DRIVE, PRIORSWOOD DUBLIN 17,Dublin,Ireland",09/06/2017,"68, MOATVIEW DRIVE, PRIORSWOOD DUBLIN 17",Dublin 17,Dublin,59000.0,Yes,No,Second-Hand Dwelling house /Apartment,,2017-06-09,"68 Moatview Dr, Priorswood, Dublin 17, D17 F298, Ireland",ROOFTOP,53.402506,-6.198607,D17 F298,street_address,Dublin City,Priorswood B,02081,Dublin,268122002
209442,2017.0,"69 BOROIMHE BEECH, SWORDS, DUBLIN,Dublin,Ireland",08/02/2017,"69 BOROIMHE BEECH, SWORDS, DUBLIN",,Dublin,153000.0,No,No,Second-Hand Dwelling house /Apartment,,2017-02-08,"69 Boroimhe Beech, Fosterstown North, Swords, Co. Dublin, Ireland",ROOFTOP,53.4438566,-6.2347856,,street_address,Fingal,Swords-Forrest,04036,Dublin,267132008
209447,2017.0,"69 Diswellstown Manor, Castleknock,Dublin,Ireland",10/04/2017,"69 Diswellstown Manor, Castleknock",,Dublin,365638.76,No,Yes,New Dwelling house /Apartment,greater than or equal to 125 sq metres,2017-04-10,"Porterstown, Castleknock Golf Club, Co. Dublin, Ireland",GEOMETRIC_CENTER,53.3670659,-6.3855459,,"establishment,point_of_interest",Fingal,Castleknock-Knockmaroon,04016,Dublin,267040042
209448,2017.0,"69 Diswellstown Way, Castleknock,Dublin,Ireland",07/03/2017,"69 Diswellstown Way, Castleknock",Dublin 15,Dublin,506607.0,No,Yes,New Dwelling house /Apartment,greater than or equal to 38 sq metres and less than 125 sq metres,2017-03-07,"69 Castleknock Way, Blanchardstown, Dublin 15, D15 FK35, Ireland",ROOFTOP,53.3758446,-6.3744786,D15 FK35,street_address,Fingal,Castleknock-Knockmaroon,04016,Dublin,267040010
209453,2017.0,"69 LORETO ROW, RATHFARNHAM, DUBLIN 14,Dublin,Ireland",12/04/2017,"69 LORETO ROW, RATHFARNHAM, DUBLIN 14",Dublin 14,Dublin,310000.0,No,No,Second-Hand Dwelling house /Apartment,,2017-04-12,"69 Loreto Row, Rathfarnham, Dublin 14, D14 K704, Ireland",ROOFTOP,53.2889611,-6.2719458,D14 K704,street_address,Dn Laoghaire-Rathdown,Churchtown-Nutgrove,05024,Dublin,267044004
209456,2017.0,"69 PECKS LANE, CASTLEKNOCK, DUBLIN 15,Dublin,Ireland",06/01/2017,"69 PECKS LANE, CASTLEKNOCK, DUBLIN 15",Dublin 15,Dublin,450000.0,No,No,Second-Hand Dwelling house /Apartment,,2017-01-06,"69 Peck's Ln, Dunsink, Dublin 15, D15 N2WY, Ireland",ROOFTOP,53.3788049,-6.3563736,D15 N2WY,street_address,Fingal,Castleknock-Park,04017,Dublin,267041009
209475,2017.0,"7  Ashfield Park, Ridgewood, Swords,Dublin,Ireland",11/04/2017,"7  Ashfield Park, Ridgewood, Swords",,Dublin,268150.0,No,Yes,New Dwelling house /Apartment,greater than or equal to 38 sq metres and less than 125 sq metres,2017-04-11,"Ashfield Park, Rathingle, Co. Dublin, Ireland",GEOMETRIC_CENTER,53.4492125,-6.2501929,,route,Fingal,Swords-Forrest,04036,Dublin,267132041
209503,2017.0,"7 BEECH PARK DR, FOXROCK, DUBLIN 18,Dublin,Ireland",08/02/2017,"7 BEECH PARK DR, FOXROCK, DUBLIN 18",Dublin 18,Dublin,741000.0,No,No,Second-Hand Dwelling house /Apartment,,2017-02-08,"7 Beech Park Dr, Deansgrange, Dublin 18, D18 VA07, Ireland",ROOFTOP,53.2726623,-6.1662549,D18 VA07,street_address,Dn Laoghaire-Rathdown,Foxrock-Beechpark,05053,Dublin,267087001
209506,2017.0,"7 BERESFORD AVE, GRIFFITH AVE, DRUMCONDRA DUBLIN 9,Dublin,Ireland",06/02/2017,"7 BERESFORD AVE, GRIFFITH AVE, DRUMCONDRA DUBLIN 9",Dublin 9,Dublin,690000.0,No,No,Second-Hand Dwelling house /Apartment,,2017-02-06,,,,,,,,,,,
209512,2017.0,"7 BRIDES GLEN PARK, SWORDS, CO DUBLIN,Dublin,Ireland",03/05/2017,"7 BRIDES GLEN PARK, SWORDS, CO DUBLIN",,Dublin,290000.0,No,No,Second-Hand Dwelling house /Apartment,,2017-05-03,"7 Brides Glen Park, Applewood, Swords, Co. Dublin, K67 YE67, Ireland",ROOFTOP,53.4698806,-6.2360958,K67 YE67,street_address,Fingal,Swords-Lissenhall,04038,Dublin,267133007
209514,2017.0,"7 BURROW HEATH, STATION ROAD, SUTTON,Dublin,Ireland",09/06/2017,"7 BURROW HEATH, STATION ROAD, SUTTON",Dublin 13,Dublin,880000.0,No,No,Second-Hand Dwelling house /Apartment,,2017-06-09,,,,,,,,,,,
209524,2017.0,"7 CASTLEKNOCK BROOK, CASTLEKNOCK, DUBLIN 15,Dublin,Ireland",09/01/2017,"7 CASTLEKNOCK BROOK, CASTLEKNOCK, DUBLIN 15",Dublin 15,Dublin,310000.0,No,No,Second-Hand Dwelling house /Apartment,,2017-01-09,"7 Castleknock Brook, Blanchardstown, Dublin 15, D15 R500, Ireland",ROOFTOP,53.3794792,-6.3684747,D15 R500,street_address,Fingal,Castleknock-Knockmaroon,04016,Dublin,267040006
209529,2017.0,"7 CEDAR LAWN, RIDGEWOOD, SWORDS,Dublin,Ireland",03/03/2017,"7 CEDAR LAWN, RIDGEWOOD, SWORDS",,Dublin,225000.0,No,No,Second-Hand Dwelling house /Apartment,,2017-03-03,"7 Cedar Lawn, Ridgewood, Swords, Co. Dublin, K67 Y729, Ireland",ROOFTOP,53.4478176,-6.2433913,K67 Y729,street_address,Fingal,Swords-Forrest,04036,Dublin,267132038
209535,2017.0,"7 CHURCH PARK COURT, HAROLDS CROSS, DUBLIN 6W,Dublin,Ireland",10/04/2017,"7 CHURCH PARK COURT, HAROLDS CROSS, DUBLIN 6W",,Dublin,315000.0,No,No,Second-Hand Dwelling house /Apartment,,2017-04-10,"7 Church Park Ct, Harold's Cross, Dublin 6W, Co. Dublin, D6W DW65, Ireland",ROOFTOP,53.3223645,-6.2860031,D6W DW65,street_address,Dublin City,Kimmage C,02113,Dublin,268092008
209562,2017.0,"7 CROMCASTLE PARK, KILMORE, DUBLIN 5,Dublin,Ireland",12/05/2017,"7 CROMCASTLE PARK, KILMORE, DUBLIN 5",Dublin 5,Dublin,220000.0,No,No,Second-Hand Dwelling house /Apartment,,2017-05-12,"7 Cromcastle Park, Kilmore, Dublin 5, D05 P400, Ireland",ROOFTOP,53.3927532,-6.2171714,D05 P400,street_address,Dublin City,Kilmore B,02070,Dublin,268089009
209563,2017.0,"7 CRUAGH COURT, CRUAGH MANOR, STEPASIDE DUBLIN 18,Dublin,Ireland",04/04/2017,"7 CRUAGH COURT, CRUAGH MANOR, STEPASIDE DUBLIN 18",Dublin 18,Dublin,410300.0,No,No,Second-Hand Dwelling house /Apartment,,2017-04-04,"7 Cruagh Ct, Cruagh Manor, Dublin 18, D18 Y668, Ireland",ROOFTOP,53.2516668,-6.2056893,D18 Y668,street_address,Dn Laoghaire-Rathdown,Glencullen,05057,Dublin,267092029
209572,2017.0,"7 Croftwell Square, Rathcoole, Co Dublin,Dublin,Ireland",05/04/2017,"7 Croftwell Square, Rathcoole, Co Dublin",,Dublin,339207.0,No,Yes,New Dwelling house /Apartment,greater than or equal to 38 sq metres and less than 125 sq metres,2017-04-05,"Croftwell Square, Co. Dublin, Ireland",GEOMETRIC_CENTER,53.2788447,-6.4789994,,route,South Dublin,Rathcoole,03021,Dublin,267112003
209580,2017.0,"7 DUNDRUM COURT, DUNDRUM, DUBLIN 14,Dublin,Ireland",10/05/2017,"7 DUNDRUM COURT, DUNDRUM, DUBLIN 14",Dublin 16,Dublin,235000.0,No,No,Second-Hand Dwelling house /Apartment,,2017-05-10,"1 Ballinteer Rd, Dundrum, Dublin 16, Ireland",ROOFTOP,53.287904,-6.246028,,"establishment,point_of_interest",Dn Laoghaire-Rathdown,Dundrum-Sandyford,05039,Dublin,267080015
209582,2017.0,"7 EDENBROOK PARK, OFF BUTTERFIELD PARK, RATHFARNHAM DUBLIN 14,Dublin,Ireland",12/04/2017,"7 EDENBROOK PARK, OFF BUTTERFIELD PARK, RATHFARNHAM DUBLIN 14",Dublin 14,Dublin,605000.0,No,No,Second-Hand Dwelling house /Apartment,,2017-04-12,,,,,,,,,,,
209583,2017.0,"7 EFFRA ROAD, RATHMINES, DUBLIN 6,Dublin,Ireland",03/02/2017,"7 EFFRA ROAD, RATHMINES, DUBLIN 6",,Dublin,650000.0,No,No,Second-Hand Dwelling house /Apartment,,2017-02-03,"7 Effra Rd, Dublin 6, D06 K2T6, Ireland",ROOFTOP,53.3212234,-6.2736641,D06 K2T6,street_address,Dublin City,Rathmines West F,02143,Dublin,268137009
209586,2017.0,"7 Elder Heath Meadow, Elder Heath, Kiltipper Road,Dublin,Ireland",06/03/2017,"7 Elder Heath Meadow, Elder Heath, Kiltipper Road",Dublin 24,Dublin,247787.61,No,Yes,New Dwelling house /Apartment,greater than or equal to 38 sq metres and less than 125 sq metres,2017-03-06,,,,,,,,,,,
209590,2017.0,"7 FINNSGREEN, FINNSTOWN CLOISTERS, LUCAN,Dublin,Ireland",01/06/2017,"7 FINNSGREEN, FINNSTOWN CLOISTERS, LUCAN",,Dublin,320000.0,No,No,Second-Hand Dwelling house /Apartment,,2017-06-01,"7 Finnsgreen, Finnstown Cloisters, Lucan, Co. Dublin, K78 WY89, Ireland",ROOFTOP,53.339028,-6.4515821,K78 WY89,street_address,South Dublin,Lucan-Esker,03015,Dublin,267100006
209595,2017.0,"7 Fairhaven Close, Castleknock Road, Castleknock,Dublin,Ireland",09/02/2017,"7 Fairhaven Close, Castleknock Road, Castleknock",Dublin 15,Dublin,559933.0,No,Yes,New Dwelling house /Apartment,greater than or equal to 38 sq metres and less than 125 sq metres,2017-02-09,"Castleknock Rd, Ashtown, Dublin, Ireland",GEOMETRIC_CENTER,53.3711529,-6.3407142,,"establishment,point_of_interest",Fingal,Castleknock-Park,04017,Dublin,267041014
209608,2017.0,"7 Garville Drive, Garville Avenue, Rathgar,Dublin,Ireland",07/04/2017,"7 Garville Drive, Garville Avenue, Rathgar",,Dublin,933920.0,No,Yes,New Dwelling house /Apartment,greater than or equal to 125 sq metres,2017-04-07,"4, Garville House, Garville Ave, Dublin 6, Ireland",ROOFTOP,53.3160723,-6.2721945,,premise,Dublin City,Rathmines West E,02142,Dublin,268136016
209610,2017.0,"7 HANSTED WAY, FINNSTOWN, LUCAN,Dublin,Ireland",09/01/2017,"7 HANSTED WAY, FINNSTOWN, LUCAN",,Dublin,255000.0,No,No,Second-Hand Dwelling house /Apartment,,2017-01-09,"7 Hansted Way, Adamstown, Lucan, Co. Dublin, K78 V103, Ireland",ROOFTOP,53.3363826,-6.4509522,K78 V103,street_address,South Dublin,Lucan-Esker,03015,Dublin,267100001
209612,2017.0,"7 HARBOUR COURT, GEORGES PLACE, DUN LAOGHAIRE,Dublin,Ireland",08/02/2017,"7 HARBOUR COURT, GEORGES PLACE, DUN LAOGHAIRE",,Dublin,345000.0,No,No,Second-Hand Dwelling house /Apartment,,2017-02-08,"22, Harbour Court, George's Pl, D̼n Laoghaire, Dublin, Ireland",ROOFTOP,53.2951756,-6.141188,,premise,Dn Laoghaire-Rathdown,Dn Laoghaire-West Central,05052,Dublin,267077008
209623,2017.0,"7 KELLYS BAY STRAND, SKERRIES, DUBLIN,Dublin,Ireland",07/04/2017,"7 KELLYS BAY STRAND, SKERRIES, DUBLIN",,Dublin,250000.0,No,No,Second-Hand Dwelling house /Apartment,,2017-04-07,"7 Tr�� Bh�� U�_ Cheallaigh, Townparks, Na Sceir�_, Co. Contae Bhaile ́tha Cliath, K34 TW44, Ireland",ROOFTOP,53.5829167,-6.1288909,K34 TW44,street_address,Fingal,Skerries,04034,Dublin,267123007
209632,2017.0,"7 LAURELTON SWORDS, DUBLIN,Dublin,Ireland",08/02/2017,"7 LAURELTON SWORDS, DUBLIN",,Dublin,342500.0,No,No,Second-Hand Dwelling house /Apartment,,2017-02-08,"7 Laurelton, Outlands, Swords, Co. Dublin, K67 DK29, Ireland",ROOFTOP,53.4684069,-6.2375674,K67 DK29,street_address,Fingal,Swords-Lissenhall,04038,Dublin,267133006
209635,2017.0,"7 LEINSTER AVE, NORTH STRAND, DUBLIN 3,Dublin,Ireland",01/06/2017,"7 LEINSTER AVE, NORTH STRAND, DUBLIN 3",Dublin 3,Dublin,363000.0,No,No,Second-Hand Dwelling house /Apartment,,2017-06-01,"7 Leinster Ave, North Strand, Dublin 3, D03 HA89, Ireland",ROOFTOP,53.3592004,-6.2393591,D03 HA89,street_address,Dublin City,North Dock A,02076,Dublin,268107004
209638,2017.0,"7 LIMELAWN GLADE, CLONSILLA, DUBLIN 15,Dublin,Ireland",06/02/2017,"7 LIMELAWN GLADE, CLONSILLA, DUBLIN 15",Dublin 15,Dublin,364500.0,No,No,Second-Hand Dwelling house /Apartment,,2017-02-06,"7 Limelawn Glade, Clonsilla, Dublin 15, D15 P2V6, Ireland",ROOFTOP,53.3842079,-6.4042513,D15 P2V6,street_address,Fingal,Blanchardstown-Coolmine,04010,Dublin,267029015
209647,2017.0,"7 MAPLE HALL, MOUNT SAINT ANNES, MILLTOWN,Dublin,Ireland",04/05/2017,"7 MAPLE HALL, MOUNT SAINT ANNES, MILLTOWN",,Dublin,445000.0,No,No,Second-Hand Dwelling house /Apartment,,2017-05-04,"Apartment 17, Maple Hall, Milltown Ave, Mount St Annes, Dublin 6, Ireland",ROOFTOP,53.3120818,-6.2481127,,premise,Dublin City,Rathmines East B,02135,Dublin,268129012/268129013
209648,2017.0,"7 MAPLEWOOD DR, SPRINGFIELD, TALLAGHT DUBLIN 24,Dublin,Ireland",06/04/2017,"7 MAPLEWOOD DR, SPRINGFIELD, TALLAGHT DUBLIN 24",Dublin 24,Dublin,200000.0,No,No,Second-Hand Dwelling house /Apartment,,2017-04-06,"7 Maplewood Dr, Springfield, Dublin 24, D24 H3E6, Ireland",ROOFTOP,53.2845,-6.3844958,D24 H3E6,street_address,South Dublin,Tallaght-Springfield,03039,Dublin,267147012
209655,2017.0,"7 MELLONES PARK, FINGLAS DUBLIN 11, DUBLIN,Dublin,Ireland",07/03/2017,"7 MELLONES PARK, FINGLAS DUBLIN 11, DUBLIN",Dublin 11,Dublin,182500.0,No,No,Second-Hand Dwelling house /Apartment,,2017-03-07,"7 Mellowes Park, Finglas West, Dublin 11, D11 Y9F5, Ireland",ROOFTOP,53.3915525,-6.3124171,D11 Y9F5,street_address,Dublin City,Finglas North A,02051,Dublin,268063011
209664,2017.0,"7 NEWLANDS MANOR FAIRWAYS, CLONDALKIN, DUBLIN 22,Dublin,Ireland",12/06/2017,"7 NEWLANDS MANOR FAIRWAYS, CLONDALKIN, DUBLIN 22",Dublin 22,Dublin,245000.0,No,No,Second-Hand Dwelling house /Apartment,,2017-06-12,,,,,,,,,,,
209677,2017.0,"7 PARK HOUSE, ARDILAUN COURT, PATRICK ST DUBLIN 8,Dublin,Ireland",11/04/2017,"7 PARK HOUSE, ARDILAUN COURT, PATRICK ST DUBLIN 8",Dublin 8,Dublin,242000.0,No,No,Second-Hand Dwelling house /Apartment,,2017-04-11,"Unit 3, Ardilaun Court, Unit 4, Patrick St, Merchants Quay, Dublin 8, Ireland",ROOFTOP,53.3408236,-6.2741872,,premise,Dublin City,Merchants Quay B,02120,Dublin,268099015
209678,2017.0,"7 PARK LANE, CLONGRIFFIN, DUBLIN 13,Dublin,Ireland",10/04/2017,"7 PARK LANE, CLONGRIFFIN, DUBLIN 13",Dublin 13,Dublin,257268.72,No,Yes,New Dwelling house /Apartment,greater than or equal to 38 sq metres and less than 125 sq metres,2017-04-10,"7 Park Ave, Clongriffin, Dublin 13, D13 A278, Ireland",ROOFTOP,53.4036328,-6.1579155,D13 A278,street_address,Dublin City,Grange B,02060,Dublin,268072012
209687,2017.0,"7 PINE WOOD, BALLYBRACK, CO DUBLIN,Dublin,Ireland",02/03/2017,"7 PINE WOOD, BALLYBRACK, CO DUBLIN",,Dublin,280000.0,No,No,Second-Hand Dwelling house /Apartment,,2017-03-02,"7 Pinewood, Glenageary, Ballybrack, Co. Dublin, A96 K2F6, Ireland",ROOFTOP,53.25563,-6.1323802,A96 K2F6,street_address,Dn Laoghaire-Rathdown,Ballybrack,05007,Dublin,267015006
209690,2017.0,"7 PROBY HALL, KILLINEY RD, KILLINEY,Dublin,Ireland",10/03/2017,"7 PROBY HALL, KILLINEY RD, KILLINEY",,Dublin,350000.0,No,No,Second-Hand Dwelling house /Apartment,,2017-03-10,"Apartment 9, Proby Hall, Killiney Rd, Dalkey, Co. Dublin, Ireland",ROOFTOP,53.2751987,-6.1207309,,premise,Dn Laoghaire-Rathdown,Dalkey Upper,05036,Dublin,267061001
209692,2017.0,"7 RATHBORNE CLOSE, ASHTOWN, DUBLIN 15,Dublin,Ireland",12/01/2017,"7 RATHBORNE CLOSE, ASHTOWN, DUBLIN 15",Dublin 15,Dublin,395000.0,No,No,Second-Hand Dwelling house /Apartment,,2017-01-12,"7 Rathborne Cl, Rathborne, Dublin 15, D15 V188, Ireland",ROOFTOP,53.3776686,-6.3274379,D15 V188,street_address,Dublin City,Ashtown A,02006,Dublin,268006028
209703,2017.0,"7 ROCHFORT HOUSE, BRENNANSTOWN, CABINTEELY DUBLIN 18,Dublin,Ireland",02/03/2017,"7 ROCHFORT HOUSE, BRENNANSTOWN, CABINTEELY DUBLIN 18",Dublin 18,Dublin,320000.0,No,No,Second-Hand Dwelling house /Apartment,,2017-03-02,"Apartment 4, Rochfort House, Brennanstown Square, Kilbogget, Cabinteely, Co. Dublin, Ireland",ROOFTOP,53.2566735,-6.1498759,,premise,Dn Laoghaire-Rathdown,Cabinteely-Loughlinstown,05020,Dublin,267038012
209705,2017.0,"7 ROEBUCK COURT, CLONSKEAGH RD, CLONSKEAGH DUBLIN 14,Dublin,Ireland",04/05/2017,"7 ROEBUCK COURT, CLONSKEAGH RD, CLONSKEAGH DUBLIN 14",Dublin 14,Dublin,295000.0,No,No,Second-Hand Dwelling house /Apartment,,2017-05-04,"Roebuck Court, Clonskeagh Rd, Farranboley, Dublin 14, Ireland",ROOFTOP,53.3067564,-6.2379241,,premise,Dn Laoghaire-Rathdown,Clonskeagh-Milltown,05029,Dublin,267055007
209712,2017.0,"7 Roseland Avenue, Cualanor, Upper Glenageary Road,Dublin,Ireland",07/02/2017,"7 Roseland Avenue, Cualanor, Upper Glenageary Road",,Dublin,622800.0,No,Yes,New Dwelling house /Apartment,greater than or equal to 125 sq metres,2017-02-07,"Glenageary Rd Upper, Monkstown, D̼n Laoghaire, Co. Dublin, Ireland",GEOMETRIC_CENTER,53.2867617,-6.1419167,,"establishment,point_of_interest",Dn Laoghaire-Rathdown,Dn Laoghaire-Glenageary,05044,Dublin,267069001
209715,2017.0,"7 SEAGRAVE WAY, CITYGATE, MEAKSTOWN DUBLIN 11,Dublin,Ireland",10/04/2017,"7 SEAGRAVE WAY, CITYGATE, MEAKSTOWN DUBLIN 11",Dublin 11,Dublin,155000.0,No,No,Second-Hand Dwelling house /Apartment,,2017-04-10,,,,,,,,,,,
209716,2017.0,"7 SHAMROCK COTTAGES, NORTH STRAND, DUBLIN 1,Dublin,Ireland",12/05/2017,"7 SHAMROCK COTTAGES, NORTH STRAND, DUBLIN 1",Dublin 1,Dublin,130000.0,No,No,Second-Hand Dwelling house /Apartment,,2017-05-12,"7 Shamrock Cottages, North Dock, Dublin 1, D01 N2P0, Ireland",ROOFTOP,53.3553253,-6.24429,D01 N2P0,street_address,Dublin City,North Dock C,02078,Dublin,268109015
209720,2017.0,"7 SITRIC PLACE, ARBOUR HILL, DUBLIN 7,Dublin,Ireland",07/02/2017,"7 SITRIC PLACE, ARBOUR HILL, DUBLIN 7",Dublin 7,Dublin,280000.0,No,No,Second-Hand Dwelling house /Apartment,,2017-02-07,"7 Sitric Pl, Arbour Hill, Dublin 7, D07 A9Y8, Ireland",ROOFTOP,53.350748,-6.2838572,D07 A9Y8,street_address,Dublin City,Arran Quay E,02005,Dublin,268005004
209730,2017.0,"7 ST TERESAS PLACE, GLASNEVIN, DUBLIN 9,Dublin,Ireland",12/05/2017,"7 ST TERESAS PLACE, GLASNEVIN, DUBLIN 9",Dublin 9,Dublin,120000.0,No,No,Second-Hand Dwelling house /Apartment,,2017-05-12,"7 St Teresa's Pl, Botanic, Dublin 9, D09 W8Y7, Ireland",ROOFTOP,53.3687972,-6.2709923,D09 W8Y7,street_address,Dublin City,Botanic A,02027,Dublin,268027010
209732,2017.0,"7 STANAWAY ROAD, CRUMLIN, DUBLIN 12,Dublin,Ireland",04/04/2017,"7 STANAWAY ROAD, CRUMLIN, DUBLIN 12",Dublin 12,Dublin,296000.0,No,No,Second-Hand Dwelling house /Apartment,,2017-04-04,"7 Stannaway Ave, Kimmage, Dublin 12, D12 H2C4, Ireland",ROOFTOP,53.3188015,-6.3124796,D12 H2C4,street_address,Dublin City,Kimmage E,02115,Dublin,268094013
209738,2017.0,"7 SWIFT HALL, CARRICKMINES AVE, CARRICKMINES WOOD DUBLIN 18,Dublin,Ireland",08/02/2017,"7 SWIFT HALL, CARRICKMINES AVE, CARRICKMINES WOOD DUBLIN 18",Dublin 18,Dublin,480000.0,No,No,Second-Hand Dwelling house /Apartment,,2017-02-08,"Apartment 2, Swift Hall, Carrickmines Ave, Carrickmines Wood, Dublin 18, Ireland",ROOFTOP,53.2582925,-6.1635806,,premise,Dn Laoghaire-Rathdown,Foxrock-Carrickmines,05054,Dublin,267088014
209739,2017.0,"7 SYCAMORE GREEN, THE PARK, CABINTEELY DUBLIN 18,Dublin,Ireland",02/03/2017,"7 SYCAMORE GREEN, THE PARK, CABINTEELY DUBLIN 18",Dublin 18,Dublin,550000.0,No,No,Second-Hand Dwelling house /Apartment,,2017-03-02,"7 Sycamore Green, The Park, Dublin 18, D18 W7R9, Ireland",ROOFTOP,53.2624548,-6.1682377,D18 W7R9,street_address,Dn Laoghaire-Rathdown,Foxrock-Carrickmines,05054,Dublin,267088004
209743,2017.0,"7 Stratton Lawn, Adamstown Square, Adamstown,Dublin,Ireland",05/05/2017,"7 Stratton Lawn, Adamstown Square, Adamstown",,Dublin,237886.0,No,Yes,New Dwelling house /Apartment,greater than or equal to 38 sq metres and less than 125 sq metres,2017-05-05,,,,,,,,,,,
209746,2017.0,"7 TANDYS HALL, TANDYS LANE, LUCAN,Dublin,Ireland",04/05/2017,"7 TANDYS HALL, TANDYS LANE, LUCAN",,Dublin,155000.0,No,No,Second-Hand Dwelling house /Apartment,,2017-05-04,"Tandy's Hall, Tandy's Ln, Lucan, Co. Dublin, Ireland",ROOFTOP,53.3546945,-6.4582686,,premise,South Dublin,Lucan-St. Helen's,03017,Dublin,267103003
209747,2017.0,"7 TEMPLE COTTAGES, BROADSTONE, DUBLIN 7,Dublin,Ireland",12/05/2017,"7 TEMPLE COTTAGES, BROADSTONE, DUBLIN 7",Dublin 7,Dublin,150000.0,Yes,No,Second-Hand Dwelling house /Apartment,,2017-05-12,"7 Temple Cottages, Phibsborough, Dublin 7, D07 E9R7, Ireland",ROOFTOP,53.3537394,-6.2711381,D07 E9R7,street_address,Dublin City,Inns Quay C,02068,Dublin,268082002
209753,2017.0,"7 THE CLOSE, HAZELBROOK SQUARE, CHURCHTOWN,Dublin,Ireland",05/04/2017,"7 THE CLOSE, HAZELBROOK SQUARE, CHURCHTOWN",,Dublin,440529.0,No,Yes,New Dwelling house /Apartment,greater than or equal to 38 sq metres and less than 125 sq metres,2017-04-05,"7 Hazelbrook Dr, Terenure, Dublin 6W, Co. Dublin, D6W FK79, Ireland",ROOFTOP,53.3131241,-6.2960356,D6W FK79,street_address,Dublin City,Terenure B,02149,Dublin,268145015
209767,2017.0,"7 THE RISE, OFF GRIFFITH AVE, DUBLIN 9,Dublin,Ireland",09/05/2017,"7 THE RISE, OFF GRIFFITH AVE, DUBLIN 9",Dublin 9,Dublin,570000.0,No,No,Second-Hand Dwelling house /Apartment,,2017-05-09,"3 The Rise, Whitehall, Dublin 9, D09 TC91, Ireland",ROOFTOP,53.3791052,-6.2621152,D09 TC91,"cafe,establishment,food,point_of_interest",Dublin City,Whitehall A,02090,Dublin,268157003
209769,2017.0,"7 THE STEELWORKS, FOLEY STREET, DUBLIN 1,Dublin,Ireland",02/06/2017,"7 THE STEELWORKS, FOLEY STREET, DUBLIN 1",,Dublin,200000.0,No,No,Second-Hand Dwelling house /Apartment,,2017-06-02,"The Steelworks, Foley St, Mountjoy, Dublin 1, Ireland",ROOFTOP,53.3523836,-6.2512772,,subpremise,Dublin City,Mountjoy A,02073,Dublin,268104013
209773,2017.0,"7 THE WALK, CARRICKMINES MANOR, GLENAMUCK RD,Dublin,Ireland",06/04/2017,"7 THE WALK, CARRICKMINES MANOR, GLENAMUCK RD",Dublin 18,Dublin,135550.66,No,No,Second-Hand Dwelling house /Apartment,,2017-04-06,"Apartment 17, Cairnbrook Manor, Cairnbrook Ave., Dublin 18, Ireland",ROOFTOP,53.2479193,-6.1797148,,"establishment,lodging,point_of_interest",Dn Laoghaire-Rathdown,Cabinteely-Loughlinstown,05020,Dublin,267038003
209797,2017.0,"7 WELLMOUNT GREEN, FINGLAS WEST, DUBLIN 11,Dublin,Ireland",12/01/2017,"7 WELLMOUNT GREEN, FINGLAS WEST, DUBLIN 11",Dublin 11,Dublin,170000.0,No,No,Second-Hand Dwelling house /Apartment,,2017-01-12,"7 Wellmount Green, Finglas West, Dublin 11, D11 H2NP, Ireland",ROOFTOP,53.3849245,-6.3103238,D11 H2NP,street_address,Dublin City,Finglas South A,02054,Dublin,268066001
209800,2017.0,"7 WINDMILL RISE, SWORDS, DUBLIN,Dublin,Ireland",12/01/2017,"7 WINDMILL RISE, SWORDS, DUBLIN",,Dublin,300000.0,No,No,Second-Hand Dwelling house /Apartment,,2017-01-12,"7 Windmill Rise, Commons West, Swords, Co. Dublin, K67 XT86, Ireland",ROOFTOP,53.4594446,-6.2299991,K67 XT86,street_address,Fingal,Swords-Glasmore,04037,Dublin,267131004
209801,2017.0,"7 WOODBANK, DUBLIN ROAD, SHANKILL,Dublin,Ireland",10/02/2017,"7 WOODBANK, DUBLIN ROAD, SHANKILL",,Dublin,524229.0,No,Yes,New Dwelling house /Apartment,greater than or equal to 125 sq metres,2017-02-10,"Woodbank, Dublin Rd, Shankill, Dublin 18, Ireland",ROOFTOP,53.2368594,-6.1277419,,premise,Dn Laoghaire-Rathdown,Shankill-Rathmichael,05060,Dublin,267120017
209813,2017.0,"70 BIRCHWOOD DR, SPRINGFIELD, TALLAGHT DUBLIN 24,Dublin,Ireland",11/04/2017,"70 BIRCHWOOD DR, SPRINGFIELD, TALLAGHT DUBLIN 24",Dublin 24,Dublin,170000.0,No,No,Second-Hand Dwelling house /Apartment,,2017-04-11,"70 Birchwood Dr, Springfield, Dublin 24, D24 V0A5, Ireland",ROOFTOP,53.2916135,-6.3828168,D24 V0A5,street_address,South Dublin,Tallaght-Springfield,03039,Dublin,267147024
209816,2017.0,"70 CASTLEWOOD, CLONSILLA, DUBLIN 15,Dublin,Ireland",06/02/2017,"70 CASTLEWOOD, CLONSILLA, DUBLIN 15",Dublin 15,Dublin,256000.0,No,No,Second-Hand Dwelling house /Apartment,,2017-02-06,"70 Castlewood, Hartstown, Dublin 15, D15 YXA6, Ireland",ROOFTOP,53.3991859,-6.4188188,D15 YXA6,street_address,Fingal,Blanchardstown-Blakestown,04009,Dublin,267028054
209817,2017.0,"70 CHANEL RD, COOLOCK, DUBLIN 5,Dublin,Ireland",04/04/2017,"70 CHANEL RD, COOLOCK, DUBLIN 5",Dublin 5,Dublin,290000.0,No,No,Second-Hand Dwelling house /Apartment,,2017-04-04,"5 Chanel Rd, Beaumont, Dublin 5, D05 A9W8, Ireland",ROOFTOP,53.3862971,-6.203218,D05 A9W8,street_address,Dublin City,Beaumont C,02023,Dublin,268023004
209820,2017.0,"70 DORNEY COURT, SHANKILL, DUBLIN,Dublin,Ireland",06/02/2017,"70 DORNEY COURT, SHANKILL, DUBLIN",Dublin 18,Dublin,360500.0,No,No,Second-Hand Dwelling house /Apartment,,2017-02-06,"70 Dorney Ct, Shankill, Dublin 18, D18 Y6Y6, Ireland",ROOFTOP,53.2319601,-6.12132,D18 Y6Y6,street_address,Dn Laoghaire-Rathdown,Shankill-Shanganagh,05062,Dublin,267122012
209823,2017.0,"70 Diswellstown Manor, Castleknock, DUBLIN 15,Dublin,Ireland",10/04/2017,"70 Diswellstown Manor, Castleknock, DUBLIN 15",,Dublin,370044.0,No,Yes,New Dwelling house /Apartment,greater than or equal to 38 sq metres and less than 125 sq metres,2017-04-10,"Porterstown, Castleknock Golf Club, Co. Dublin, Ireland",GEOMETRIC_CENTER,53.3670659,-6.3855459,,"establishment,point_of_interest",Fingal,Castleknock-Knockmaroon,04016,Dublin,267040042
209826,2017.0,"70 GLOUSTER SQ, DUBLIN 1, DUBLIN,Dublin,Ireland",07/04/2017,"70 GLOUSTER SQ, DUBLIN 1, DUBLIN",Dublin 1,Dublin,300000.0,No,No,Second-Hand Dwelling house /Apartment,,2017-04-07,"Gloucester Square, Sean Macdermott Street Lower, Mountjoy, Dublin 1, Ireland",ROOFTOP,53.3530176,-6.2545822,,premise,Dublin City,Mountjoy A,02073,Dublin,268104004/268104005
209828,2017.0,"70 KYLEMORE AVE, BALLYFERMOT, DUBLIN 10,Dublin,Ireland",06/04/2017,"70 KYLEMORE AVE, BALLYFERMOT, DUBLIN 10",Dublin 10,Dublin,231000.0,No,No,Second-Hand Dwelling house /Apartment,,2017-04-06,"70 Kylemore Ave, Kylemore, Dublin 10, D10 KP78, Ireland",ROOFTOP,53.3379141,-6.3534238,D10 KP78,street_address,Dublin City,Kylemore,02116,Dublin,268095004
209834,2017.0,"70 PREMIER SQ, FINGLAS, DUBLIN 11,Dublin,Ireland",04/01/2017,"70 PREMIER SQ, FINGLAS, DUBLIN 11",Dublin 11,Dublin,199000.0,No,No,Second-Hand Dwelling house /Apartment,,2017-01-04,"Premier Square, Finglas Rd, Ballygall, Dublin 11, Ireland",ROOFTOP,53.3817894,-6.2897619,,premise,Dublin City,Ballygall A,02011,Dublin,268012002
209849,2017.0,"703 COLLINS AVE, DUBLIN 9, DUBLIN,Dublin,Ireland",11/04/2017,"703 COLLINS AVE, DUBLIN 9, DUBLIN",Dublin 9,Dublin,277000.0,No,No,Second-Hand Dwelling house /Apartment,,2017-04-11,"703 Collins Ave Ext, Whitehall, Dublin 9, D09 E2V9, Ireland",ROOFTOP,53.3888433,-6.2642494,D09 E2V9,street_address,Dublin City,Whitehall A,02090,Dublin,268157008
209854,2017.0,"70A FERRYCARRIG RD, COOLOCK DUBLIN 5, DUBLIN,Dublin,Ireland",12/04/2017,"70A FERRYCARRIG RD, COOLOCK DUBLIN 5, DUBLIN",Dublin 17,Dublin,225000.0,No,No,Second-Hand Dwelling house /Apartment,,2017-04-12,"70A Ferrycarrig Rd, Priorswood, Dublin 17, D17 AE78, Ireland",ROOFTOP,53.3989193,-6.1996489,D17 AE78,street_address,Dublin City,Priorswood D,02083,Dublin,268120002
209861,2017.0,"71 BEAUMONT RD, BEAUMONT, DUBLIN 9,Dublin,Ireland",09/01/2017,"71 BEAUMONT RD, BEAUMONT, DUBLIN 9",Dublin 9,Dublin,405000.0,No,No,Second-Hand Dwelling house /Apartment,,2017-01-09,"71 Beaumont Rd, Beaumont, Dublin 9, D09 XK52, Ireland",ROOFTOP,53.3840051,-6.236531,D09 XK52,street_address,Dublin City,Beaumont F,02026,Dublin,268026012
209881,2017.0,"71 MILLRACE RD, PHOENIX PARK RACECOURSE, CASTLEKNOCK,Dublin,Ireland",01/06/2017,"71 MILLRACE RD, PHOENIX PARK RACECOURSE, CASTLEKNOCK",Dublin 15,Dublin,340000.0,No,No,Second-Hand Dwelling house /Apartment,,2017-06-01,"71 Millrace Rd, Pelletstown, Dublin, Ireland",RANGE_INTERPOLATED,53.3725312,-6.3354605,,street_address,Fingal,Castleknock-Park,04017,Dublin,267041017
209901,2017.0,"72 ARDPATRICK RD, NAVAN RD, DUBLIN 7,Dublin,Ireland",02/02/2017,"72 ARDPATRICK RD, NAVAN RD, DUBLIN 7",Dublin 7,Dublin,360500.0,No,No,Second-Hand Dwelling house /Apartment,,2017-02-02,"72 Navan Rd, Ardpatrick Rd, Ashtown, Dublin 7, D07 P9EP, Ireland",ROOFTOP,53.3623883,-6.3094677,D07 P9EP,street_address,Dublin City,Ashtown B,02007,Dublin,268007005
209905,2017.0,"72 BULFIN RD, KILMAINHAM, DUBLIN 8,Dublin,Ireland",03/04/2017,"72 BULFIN RD, KILMAINHAM, DUBLIN 8",Dublin 8,Dublin,335000.0,No,No,Second-Hand Dwelling house /Apartment,,2017-04-03,"72 Bulfin Rd, Inchicore, Dublin 8, D08 Y8K0, Ireland",ROOFTOP,53.3393818,-6.3117325,D08 Y8K0,street_address,Dublin City,Kilmainham C,02110,Dublin,268085015
209906,2017.0,"72 BUTTERCUP PARK, DARNDALE, DUBLIN 17,Dublin,Ireland",11/05/2017,"72 BUTTERCUP PARK, DARNDALE, DUBLIN 17",Dublin 17,Dublin,150000.0,No,No,Second-Hand Dwelling house /Apartment,,2017-05-11,"72 Buttercup Park, Priorswood, Dublin 17, D17 KW40, Ireland",ROOFTOP,53.3985556,-6.1889713,D17 KW40,street_address,Dublin City,Priorswood C,02082,Dublin,268119004
209908,2017.0,"72 CLONARD COURT, BALBRIGGAN, DUBLIN,Dublin,Ireland",02/06/2017,"72 CLONARD COURT, BALBRIGGAN, DUBLIN",,Dublin,185000.0,No,No,Second-Hand Dwelling house /Apartment,,2017-06-02,"72 Clonard Ct, Balbriggan, Co. Dublin, K32 V578, Ireland",ROOFTOP,53.6065536,-6.1868392,K32 V578,street_address,Fingal,Balbriggan Rural,04002,Dublin,267002025
209913,2017.0,"72 Diswelltown Manor, Porterstown Road, Castleknock,Dublin,Ireland",06/04/2017,"72 Diswelltown Manor, Porterstown Road, Castleknock",Dublin 15,Dublin,383259.91,No,Yes,New Dwelling house /Apartment,greater than or equal to 125 sq metres,2017-04-06,"Porterstown, Castleknock Golf Club, Co. Dublin, Ireland",GEOMETRIC_CENTER,53.3670659,-6.3855459,,"establishment,point_of_interest",Fingal,Castleknock-Knockmaroon,04016,Dublin,267040042
209916,2017.0,"72 GLASLYN, HOWTH RD, CLONTARF,Dublin,Ireland",12/04/2017,"72 GLASLYN, HOWTH RD, CLONTARF",Dublin 5,Dublin,408000.0,No,No,Second-Hand Dwelling house /Apartment,,2017-04-12,"Glaslyn, Howth Rd, Clontarf West, Dublin 3, Ireland",ROOFTOP,53.3661718,-6.2192637,,premise,Dublin City,Clontarf West C,02044,Dublin,268048016
209918,2017.0,"72 HANSTED CRESCENT, FINNSTOWN, LUCAN,Dublin,Ireland",08/03/2017,"72 HANSTED CRESCENT, FINNSTOWN, LUCAN",,Dublin,233000.0,No,No,Second-Hand Dwelling house /Apartment,,2017-03-08,"72 Hansted Cres, Adamstown, Lucan, Co. Dublin, Ireland",RANGE_INTERPOLATED,53.3378247,-6.4507336,,street_address,South Dublin,Lucan-Esker,03015,Dublin,267100006
209921,2017.0,"72 IVY EXCHANGE, PARNELL ST, DUBLIN 1,Dublin,Ireland",10/05/2017,"72 IVY EXCHANGE, PARNELL ST, DUBLIN 1",Dublin 1,Dublin,360000.0,No,No,Second-Hand Dwelling house /Apartment,,2017-05-10,"50 Parnell Square W, Rotunda, Dublin 1, D01 W5R9, Ireland",ROOFTOP,53.3522552,-6.2639843,D01 W5R9,"establishment,point_of_interest",Dublin City,Rotunda B,02089,Dublin,268139011
209933,2017.0,"72 THE RAMPARTS, BRAY RD, CABINTEELY,Dublin,Ireland",12/04/2017,"72 THE RAMPARTS, BRAY RD, CABINTEELY",Dublin 18,Dublin,285000.0,No,No,Second-Hand Dwelling house /Apartment,,2017-04-12,"Apartment 78, The Ramparts, Bray Rd, Cabinteely, Co. Dublin, Ireland",ROOFTOP,53.2504298,-6.1439227,,premise,Dn Laoghaire-Rathdown,Cabinteely-Loughlinstown,05020,Dublin,267038014
209934,2017.0,"72 WATERSIDE COURT, WATERSIDE, SWORDS RD,Dublin,Ireland",12/05/2017,"72 WATERSIDE COURT, WATERSIDE, SWORDS RD",Dublin 9,Dublin,250000.0,No,No,Second-Hand Dwelling house /Apartment,,2017-05-12,,,,,,,,,,,
209935,2017.0,"72 bracken park drive, carpenterstown road, castleknock,Dublin,Ireland",05/05/2017,"72 bracken park drive, carpenterstown road, castleknock",Dublin 15,Dublin,585903.0,No,Yes,New Dwelling house /Apartment,greater than or equal to 38 sq metres and less than 125 sq metres,2017-05-05,"53�22'21.8""""N 6�22'37., 1A Leeson Street Lower, Dublin 2, Ireland",ROOFTOP,53.372719,-6.3769733,,"establishment,point_of_interest",Fingal,Castleknock-Knockmaroon,04016,Dublin,267040025
209941,2017.0,"73 CABRA RD, PHIBSBOROUGH, DUBLIN 7,Dublin,Ireland",12/01/2017,"73 CABRA RD, PHIBSBOROUGH, DUBLIN 7",Dublin 7,Dublin,475000.0,No,No,Second-Hand Dwelling house /Apartment,,2017-01-12,"73 B�_thar Na Cabra�_, Cabra East, Dublin 7, D07 E1X5, Ireland",ROOFTOP,53.3611595,-6.282139,D07 E1X5,street_address,Dublin City,Cabra East B,02031,Dublin,268031012
209946,2017.0,"73 DONNYBROOK MANOR, DONNYBROOK, DUBLIN 4,Dublin,Ireland",06/03/2017,"73 DONNYBROOK MANOR, DONNYBROOK, DUBLIN 4",Dublin 4,Dublin,540000.0,No,No,Second-Hand Dwelling house /Apartment,,2017-03-06,"73 Donnybrook Manor, Dublin 4, D04 X9T2, Ireland",ROOFTOP,53.3194862,-6.2390411,D04 X9T2,street_address,Dublin City,Rathmines East B,02135,Dublin,268129002
209948,2017.0,"73 GAINSBOROUGH GREEN, MALAHIDE, DUBLIN,Dublin,Ireland",08/03/2017,"73 GAINSBOROUGH GREEN, MALAHIDE, DUBLIN",,Dublin,566000.0,No,No,Second-Hand Dwelling house /Apartment,,2017-03-08,"73 Gainsborough Green, Auburn, Malahide, Co. Dublin, K36 CD32, Ireland",ROOFTOP,53.4460954,-6.1863756,K36 CD32,street_address,Fingal,Swords-Seatown,04039,Dublin,267134013
209955,2017.0,"73 SAUL RD, CRUMLIN, DUBLIN 12,Dublin,Ireland",07/03/2017,"73 SAUL RD, CRUMLIN, DUBLIN 12",Dublin 12,Dublin,305000.0,No,No,Second-Hand Dwelling house /Apartment,,2017-03-07,"73 Saul Rd, Drimnagh, Dublin 12, D12 A9W4, Ireland",ROOFTOP,53.3253501,-6.3006502,D12 A9W4,street_address,Dublin City,Crumlin D,02101,Dublin,268054008
209957,2017.0,"73 SOUTH GATE, CORK ST, DUBLIN 8,Dublin,Ireland",10/03/2017,"73 SOUTH GATE, CORK ST, DUBLIN 8",Dublin 8,Dublin,200000.0,No,No,Second-Hand Dwelling house /Apartment,,2017-03-10,"73 Cork St, Ushers, Dublin 8, Ireland",ROOFTOP,53.3356945,-6.2895099,,street_address,Dublin City,Ushers C,02154,Dublin,268150002
209963,2017.0,"73 TAYLEURS POINT, RUSH, DUBLIN,Dublin,Ireland",04/01/2017,"73 TAYLEURS POINT, RUSH, DUBLIN",,Dublin,256000.0,No,No,Second-Hand Dwelling house /Apartment,,2017-01-04,"73 Tayleurs Point, Rush, Co. Dublin, K56 EF62, Ireland",ROOFTOP,53.5198213,-6.0812098,K56 EF62,street_address,Fingal,Rush,04033,Dublin,267118011
209967,2017.0,"74 ADELAIDE SQ, WHITEFRIAR ST, DUBLIN,Dublin,Ireland",09/03/2017,"74 ADELAIDE SQ, WHITEFRIAR ST, DUBLIN",Dublin 8,Dublin,410000.0,No,No,Second-Hand Dwelling house /Apartment,,2017-03-09,"Whitefriar St, Dublin 8, Ireland",GEOMETRIC_CENTER,53.3398785,-6.2679845,,"establishment,lodging,point_of_interest",Dublin City,Royal Exchange A,02144,Dublin,268140009
209974,2017.0,"74 DERRYNANE GARDENS, DUBLIN 4, DUBLIN,Dublin,Ireland",05/04/2017,"74 DERRYNANE GARDENS, DUBLIN 4, DUBLIN",Dublin 4,Dublin,480000.0,No,No,Second-Hand Dwelling house /Apartment,,2017-04-05,"74 Derrynane Gardens, Dublin 4, D04 TX34, Ireland",ROOFTOP,53.3376919,-6.227651,D04 TX34,street_address,Dublin City,Pembroke West A,02130,Dublin,268115004
209977,2017.0,"74 ELMCASTLE PARK, KILNAMANAGH, DUBLIN 24,Dublin,Ireland",06/01/2017,"74 ELMCASTLE PARK, KILNAMANAGH, DUBLIN 24",Dublin 24,Dublin,190000.0,Yes,No,Second-Hand Dwelling house /Apartment,,2017-01-06,"74 Elmcastle Park, Kilnamanagh, Dublin 24, D24 YEV1, Ireland",ROOFTOP,53.3038549,-6.3550007,D24 YEV1,street_address,South Dublin,Tallaght-Kilnamanagh,03034,Dublin,267142008
209981,2017.0,"74 KILLESTER AVE, KILLESTER, DUBLIN 3,Dublin,Ireland",02/02/2017,"74 KILLESTER AVE, KILLESTER, DUBLIN 3",Dublin 5,Dublin,300000.0,No,No,Second-Hand Dwelling house /Apartment,,2017-02-02,"74A Killester Ave, Clontarf West, Dublin 5, D05 T996, Ireland",ROOFTOP,53.3744072,-6.2059175,D05 T996,street_address,Dublin City,Clontarf West B,02043,Dublin,268047007
209983,2017.0,"74 MARLBOROUGH RD, DONNYBROOK, DUBLIN 4,Dublin,Ireland",01/06/2017,"74 MARLBOROUGH RD, DONNYBROOK, DUBLIN 4",Dublin 4,Dublin,1500000.0,No,No,Second-Hand Dwelling house /Apartment,,2017-06-01,"74 Marlborough Rd, Dublin 4, D04 V8K7, Ireland",ROOFTOP,53.3229453,-6.2443283,D04 V8K7,street_address,Dublin City,Rathmines East B,02135,Dublin,268129023
209985,2017.0,"74 NORTHBROOK AVE, RANELAGH, DUBLIN 6,Dublin,Ireland",02/03/2017,"74 NORTHBROOK AVE, RANELAGH, DUBLIN 6",Dublin 6,Dublin,915000.0,No,No,Second-Hand Dwelling house /Apartment,,2017-03-02,"74 Northbrook Ave, Dublin 6, D06 K2Y5, Ireland",ROOFTOP,53.3276194,-6.2562171,D06 K2Y5,street_address,Dublin City,Rathmines East A,02134,Dublin,268128017
209988,2017.0,"74 OLD KILMAINHAM VILLAGE, BOW LANE, DUBLIN 8,Dublin,Ireland",02/03/2017,"74 OLD KILMAINHAM VILLAGE, BOW LANE, DUBLIN 8",Dublin 8,Dublin,163000.0,No,No,Second-Hand Dwelling house /Apartment,,2017-03-02,"Old Kilmainham Village, Bow Ln W, Dublin 8, Ireland",ROOFTOP,53.3432351,-6.2954501,,premise,Dublin City,Ushers A,02152,Dublin,268148010
209993,2017.0,"74 ST MAGDALEN TERRACE, STELLA GARDENS, IRISHTOWN DUBLIN 4,Dublin,Ireland",03/01/2017,"74 ST MAGDALEN TERRACE, STELLA GARDENS, IRISHTOWN DUBLIN 4",Dublin 4,Dublin,452000.0,No,No,Second-Hand Dwelling house /Apartment,,2017-01-03,"74 St Magdalen Terrace, Stella Gardens, Dublin 4, D04 Y220, Ireland",ROOFTOP,53.3394217,-6.2251705,D04 Y220,street_address,Dublin City,Pembroke East A,02125,Dublin,268110007
209995,2017.0,"74 THE ELMS, MOUNT MERRION AVE, BLACKROCK,Dublin,Ireland",02/02/2017,"74 THE ELMS, MOUNT MERRION AVE, BLACKROCK",,Dublin,381000.0,No,No,Second-Hand Dwelling house /Apartment,,2017-02-02,"The Elms, Mount Merrion Ave, Merrion, Blackrock, Co. Dublin, Ireland",ROOFTOP,53.2983102,-6.1948971,,premise,Dn Laoghaire-Rathdown,Blackrock-Central,05010,Dublin,267021012
209999,2017.0,"74 WOODLAWN PARK AVE, FIRHOUSE, DUBLIN 24,Dublin,Ireland",12/06/2017,"74 WOODLAWN PARK AVE, FIRHOUSE, DUBLIN 24",Dublin 24,Dublin,430000.0,No,No,Second-Hand Dwelling house /Apartment,,2017-06-12,"74 Woodlawn Park Ave, Tymon South, Dublin 24, D24 X5KV, Ireland",ROOFTOP,53.2823656,-6.3392644,D24 X5KV,street_address,South Dublin,Firhouse Village,03014,Dublin,267084036
210016,2017.0,"75 FANCOURT HEIGHTS, BALBRIGGAN, CO DUBLIN,Dublin,Ireland",01/02/2017,"75 FANCOURT HEIGHTS, BALBRIGGAN, CO DUBLIN",,Dublin,260000.0,No,No,Second-Hand Dwelling house /Apartment,,2017-02-01,"75 Fancourt Heights, Kilsough North, Balbriggan, Co. Dublin, K32 AT02, Ireland",ROOFTOP,53.6061716,-6.1685546,K32 AT02,street_address,Fingal,Balbriggan Urban,04003,Dublin,267003015
210018,2017.0,"75 LORETO AVE, RATHFARNHAM, DUBLIN 14,Dublin,Ireland",03/02/2017,"75 LORETO AVE, RATHFARNHAM, DUBLIN 14",Dublin 14,Dublin,275000.0,No,No,Second-Hand Dwelling house /Apartment,,2017-02-03,"75 Loreto Ave, Rathfarnham, Dublin 14, D14 K2R1, Ireland",ROOFTOP,53.2895221,-6.2742246,D14 K2R1,street_address,Dn Laoghaire-Rathdown,Churchtown-Nutgrove,05024,Dublin,267044003
210022,2017.0,"75 SLADE CASTLE AVE, SAGGART, DUBLIN,Dublin,Ireland",09/05/2017,"75 SLADE CASTLE AVE, SAGGART, DUBLIN",Dublin 24,Dublin,162000.0,No,No,Second-Hand Dwelling house /Apartment,,2017-05-09,"75 Slade Castle Ave, Moneyatta Commons, Co. Dublin, Ireland",RANGE_INTERPOLATED,53.278847,-6.4460999,,street_address,South Dublin,Saggart,03027,Dublin,267119006
210023,2017.0,"75 TAYLEURS POINT, RUSH, DUBLIN,Dublin,Ireland",03/02/2017,"75 TAYLEURS POINT, RUSH, DUBLIN",,Dublin,240000.0,No,No,Second-Hand Dwelling house /Apartment,,2017-02-03,"75 Tayleurs Point, Rush, Co. Dublin, K56 DX09, Ireland",ROOFTOP,53.5197999,-6.0814506,K56 DX09,street_address,Fingal,Rush,04033,Dublin,267118011
210032,2017.0,"76 ARDCOLLUM AVE, ARTANE, DUBLIN 5,Dublin,Ireland",11/04/2017,"76 ARDCOLLUM AVE, ARTANE, DUBLIN 5",Dublin 5,Dublin,300000.0,No,No,Second-Hand Dwelling house /Apartment,,2017-04-11,"5 Ardcollum Ave, Beaumont, Dublin 5, D05 E2A2, Ireland",ROOFTOP,53.3833878,-6.2069826,D05 E2A2,street_address,Dublin City,Beaumont C,02023,Dublin,268023010
210036,2017.0,"76 BRACKEN PARK DRIVE, CARPENTERSTOWN ROAD, CASTLEKNOCK,Dublin,Ireland",04/05/2017,"76 BRACKEN PARK DRIVE, CARPENTERSTOWN ROAD, CASTLEKNOCK",,Dublin,585903.0,No,Yes,New Dwelling house /Apartment,greater than or equal to 125 sq metres,2017-05-04,"53�22'21.8""""N 6�22'37., 1A Leeson Street Lower, Dublin 2, Ireland",ROOFTOP,53.372719,-6.3769733,,"establishment,point_of_interest",Fingal,Castleknock-Knockmaroon,04016,Dublin,267040025
210038,2017.0,"76 Diswellstown Way, Castleknock, Dublin 15,Dublin,Ireland",04/05/2017,"76 Diswellstown Way, Castleknock, Dublin 15",,Dublin,453744.49,No,Yes,New Dwelling house /Apartment,greater than or equal to 38 sq metres and less than 125 sq metres,2017-05-04,"76 Castleknock Way, Carpenterstown, Dublin 15, D15 DT18, Ireland",ROOFTOP,53.3754677,-6.3747895,D15 DT18,street_address,Fingal,Castleknock-Knockmaroon,04016,Dublin,267040010
210041,2017.0,"76 FORTLAWN DR, BLANCHARDSTOWN, DUBLIN 15,Dublin,Ireland",05/04/2017,"76 FORTLAWN DR, BLANCHARDSTOWN, DUBLIN 15",Dublin 15,Dublin,162000.0,No,No,Second-Hand Dwelling house /Apartment,,2017-04-05,"76 Fortlawn Dr, Coolmine, Dublin 15, D15 E1HH, Ireland",ROOFTOP,53.3915194,-6.4014488,D15 E1HH,street_address,Fingal,Blanchardstown-Coolmine,04010,Dublin,267029017
210043,2017.0,"76 HAROLDS CROSS RD, HAROLDS CROSS, DUBLIN 6W,Dublin,Ireland",03/02/2017,"76 HAROLDS CROSS RD, HAROLDS CROSS, DUBLIN 6W",,Dublin,710000.0,No,No,Second-Hand Dwelling house /Apartment,,2017-02-03,"76 Harold's Cross Rd, Dublin, Ireland",RANGE_INTERPOLATED,53.3266433,-6.2778628,,street_address,Dublin City,Kimmage C,02113,Dublin,268092010
210047,2017.0,"76 MOUNT ANVILLE WOOD, LOWER KILMACUD RD, DUBLIN 14,Dublin,Ireland",06/03/2017,"76 MOUNT ANVILLE WOOD, LOWER KILMACUD RD, DUBLIN 14",Dublin 14,Dublin,600000.0,No,No,Second-Hand Dwelling house /Apartment,,2017-03-06,"2, Mount Anville Court, Lower Kilmacud Rd, Mountanville, Dublin 14, Ireland",ROOFTOP,53.2907238,-6.2253561,,premise,Dn Laoghaire-Rathdown,Stillorgan-Deerpark,05063,Dublin,267124002
210051,2017.0,"76 RICHMOND PK, MONKSTOWN, DUBLIN,Dublin,Ireland",06/04/2017,"76 RICHMOND PK, MONKSTOWN, DUBLIN",,Dublin,552500.0,No,No,Second-Hand Dwelling house /Apartment,,2017-04-06,"76 Richmond Park, Monkstown, Co. Dublin, A94 K5N0, Ireland",ROOFTOP,53.2909477,-6.1562964,A94 K5N0,street_address,Dn Laoghaire-Rathdown,Blackrock-Monkstown,05012,Dublin,267017008
210054,2017.0,"76 ST PAPPIN RD, GLASNEVIN, DUBLIN 11,Dublin,Ireland",03/02/2017,"76 ST PAPPIN RD, GLASNEVIN, DUBLIN 11",Dublin 11,Dublin,410000.0,No,No,Second-Hand Dwelling house /Apartment,,2017-02-03,"76 St Pappin Rd, Ballygall, Dublin 11, D11 WV12, Ireland",ROOFTOP,53.3861571,-6.2740138,D11 WV12,street_address,Dublin City,Ballygall C,02013,Dublin,268011006
210061,2017.0,"76 WILLOW PARK RD, GLASNEVIN, DUBLIN 11,Dublin,Ireland",02/06/2017,"76 WILLOW PARK RD, GLASNEVIN, DUBLIN 11",Dublin 11,Dublin,361000.0,No,No,Second-Hand Dwelling house /Apartment,,2017-06-02,"76 Willow Park Rd, Ballymun, Dublin 11, D11 R584, Ireland",ROOFTOP,53.3946329,-6.2783752,D11 R584,street_address,Dublin City,Ballymun E,02019,Dublin,268019005
210062,2017.0,"76 WOODBROOK CRESCENT, RIVERWOOD RD, CASTLEKNOCK DUBLIN 15,Dublin,Ireland",02/06/2017,"76 WOODBROOK CRESCENT, RIVERWOOD RD, CASTLEKNOCK DUBLIN 15",Dublin 15,Dublin,260000.0,No,No,Second-Hand Dwelling house /Apartment,,2017-06-02,"29, Woodbrook Crescent, Riverwood Rd, Porterstown, Dublin 15, Ireland",ROOFTOP,53.3770575,-6.4027559,,premise,Fingal,Castleknock-Knockmaroon,04016,Dublin,267040058
210064,2017.0,"76, BUTTERCUP PARK, DARNDALE DUBLIN 17,Dublin,Ireland",04/04/2017,"76, BUTTERCUP PARK, DARNDALE DUBLIN 17",Dublin 17,Dublin,68250.0,Yes,No,Second-Hand Dwelling house /Apartment,,2017-04-04,"76 Buttercup Park, Priorswood, Dublin 17, D17 C993, Ireland",ROOFTOP,53.3983561,-6.1886651,D17 C993,street_address,Dublin City,Priorswood C,02082,Dublin,268119004
210067,2017.0,"77 BEALING BLVD, TYRRELSTOWN, DUBLIN 15,Dublin,Ireland",10/01/2017,"77 BEALING BLVD, TYRRELSTOWN, DUBLIN 15",Dublin 15,Dublin,235000.0,No,No,Second-Hand Dwelling house /Apartment,,2017-01-10,"15 Bealing Cres, Bealing Village, Dublin 15, D15 R7F8, Ireland",ROOFTOP,53.4180177,-6.3900809,D15 R7F8,street_address,Fingal,The Ward,04041,Dublin,267158004
210074,2017.0,"77 ERRIS SQ, BLANCHARDSTOWN, DUBLIN,Dublin,Ireland",06/04/2017,"77 ERRIS SQ, BLANCHARDSTOWN, DUBLIN",Dublin 15,Dublin,230000.0,No,No,Second-Hand Dwelling house /Apartment,,2017-04-06,"77 Erris Square, Abbotstown, Dublin, Ireland",RANGE_INTERPOLATED,53.3915259,-6.3684753,,street_address,Fingal,Blanchardstown-Abbotstown,04008,Dublin,267027013
210082,2017.0,"77 MILLBANK, THE LINKS, PORTMARNOCK,Dublin,Ireland",10/03/2017,"77 MILLBANK, THE LINKS, PORTMARNOCK",Dublin 13,Dublin,300000.0,No,No,Second-Hand Dwelling house /Apartment,,2017-03-10,,,,,,,,,,,
210089,2017.0,"77 SEABROOK, RUSH, CO. DUBLIN,Dublin,Ireland",11/01/2017,"77 SEABROOK, RUSH, CO. DUBLIN",,Dublin,270000.0,No,No,Second-Hand Dwelling house /Apartment,,2017-01-11,,,,,,,,,,,
210092,2017.0,"77 THE PAVILION, DUNLAOGHAIRE, DUBLIN,Dublin,Ireland",11/04/2017,"77 THE PAVILION, DUNLAOGHAIRE, DUBLIN",,Dublin,465000.0,No,No,Second-Hand Dwelling house /Apartment,,2017-04-11,"77 Pavillion Gate, Brenanstown, Dublin, Ireland",RANGE_INTERPOLATED,53.2565039,-6.1731693,,street_address,Dn Laoghaire-Rathdown,Foxrock-Carrickmines,05054,Dublin,267088001
210101,2017.0,"78 ANNMORE DR, CABRA, DUBLIN 7,Dublin,Ireland",12/01/2017,"78 ANNMORE DR, CABRA, DUBLIN 7",Dublin 7,Dublin,267000.0,No,No,Second-Hand Dwelling house /Apartment,,2017-01-12,,,,,,,,,,,
210103,2017.0,"78 BOROIMHE BIRCHES, SWORDS, DUBLIN,Dublin,Ireland",10/04/2017,"78 BOROIMHE BIRCHES, SWORDS, DUBLIN",,Dublin,246000.0,No,No,Second-Hand Dwelling house /Apartment,,2017-04-10,"78 Boroimhe Birches, Cremona, Swords, Co. Dublin, K67 HF10, Ireland",ROOFTOP,53.4480298,-6.2326584,K67 HF10,street_address,Fingal,Swords-Forrest,04036,Dublin,267132031
210105,2017.0,"78 BURNELL PARK AVE, CARPENTERSTOWN, DUBLIN 15,Dublin,Ireland",04/04/2017,"78 BURNELL PARK AVE, CARPENTERSTOWN, DUBLIN 15",Dublin 15,Dublin,506000.0,No,No,Second-Hand Dwelling house /Apartment,,2017-04-04,"78 Burnell Park Ave, Carpenterstown, Dublin 15, D15 CPK6, Ireland",ROOFTOP,53.3701317,-6.3872385,D15 CPK6,street_address,Fingal,Castleknock-Knockmaroon,04016,Dublin,267040032
210111,2017.0,"78 CRANNAGH ROAD, RATHFARNHAM, DUBLIN 14,Dublin,Ireland",10/02/2017,"78 CRANNAGH ROAD, RATHFARNHAM, DUBLIN 14",,Dublin,925000.0,No,No,Second-Hand Dwelling house /Apartment,,2017-02-10,"14 Crannagh Road, Rathfarnham, Dublin 14, D14 RK52, Ireland",ROOFTOP,53.3009391,-6.2817592,D14 RK52,street_address,South Dublin,Rathfarnham Village,03026,Dublin,267117012
210122,2017.0,"78 MARLAY VIEW, BALLINTEER AVE, BALLINTEER DUBLIN 16,Dublin,Ireland",10/04/2017,"78 MARLAY VIEW, BALLINTEER AVE, BALLINTEER DUBLIN 16",Dublin 16,Dublin,355000.0,No,No,Second-Hand Dwelling house /Apartment,,2017-04-10,"Marlay View, Ballinteer Ave, Ballinteer, Dublin 16, Ireland",ROOFTOP,53.2739248,-6.2587806,,premise,Dn Laoghaire-Rathdown,Ballinteer-Woodpark,05006,Dublin,267007004
210123,2017.0,"78 MOUNT TALBOT, REDCOW, MONASTRY RD DUBLIN 22,Dublin,Ireland",11/05/2017,"78 MOUNT TALBOT, REDCOW, MONASTRY RD DUBLIN 22",Dublin 22,Dublin,190000.0,No,No,Second-Hand Dwelling house /Apartment,,2017-05-11,"Redcow, Dublin, Co. Dublin, Ireland",GEOMETRIC_CENTER,53.316746,-6.3697805,,"establishment,light_rail_station,point_of_interest,transit_station",South Dublin,Clondalkin-Ballymount,03004,Dublin,267047006
210125,2017.0,"78 NEWHAVEN BAY, BALBRIGGAN, DUBLIN,Dublin,Ireland",01/02/2017,"78 NEWHAVEN BAY, BALBRIGGAN, DUBLIN",,Dublin,250000.0,No,No,Second-Hand Dwelling house /Apartment,,2017-02-01,"78 Newhaven Bay, Bremore, Balbriggan, Co. Dublin, K32 KD93, Ireland",ROOFTOP,53.615404,-6.207285,K32 KD93,street_address,Fingal,Balbriggan Rural,04002,Dublin,267002018
210127,2017.0,"78 PARK RD, NAVAN RD, DUBLIN 7,Dublin,Ireland",07/02/2017,"78 PARK RD, NAVAN RD, DUBLIN 7",Dublin 7,Dublin,412000.0,No,No,Second-Hand Dwelling house /Apartment,,2017-02-07,"Apartment 10, Auburn Park, Navan Rd, Dunsink, Dublin 15, Ireland",ROOFTOP,53.3806528,-6.3588492,,premise,Fingal,Castleknock-Park,04017,Dublin,267041013
210142,2017.0,"79 BLOOMFIELD PARK, BLOOMFIELD AVE, DONNYBROOK DUBLIN 4,Dublin,Ireland",07/02/2017,"79 BLOOMFIELD PARK, BLOOMFIELD AVE, DONNYBROOK DUBLIN 4",Dublin 4,Dublin,527000.0,No,No,Second-Hand Dwelling house /Apartment,,2017-02-07,"4 Bloomfield Ave, Dublin 4, D04 H2C4, Ireland",ROOFTOP,53.3259594,-6.2442961,D04 H2C4,"establishment,point_of_interest",Dublin City,Rathmines East A,02134,Dublin,268128012/01
210143,2017.0,"79 CHERRYWOOD GR, DUBLIN 22, DUBLIN,Dublin,Ireland",03/03/2017,"79 CHERRYWOOD GR, DUBLIN 22, DUBLIN",Dublin 22,Dublin,265000.0,No,No,Second-Hand Dwelling house /Apartment,,2017-03-03,"79 Cherrywood Grove, Fairview, Dublin 22, D22 E798, Ireland",ROOFTOP,53.3204619,-6.407705,D22 E798,street_address,South Dublin,Clondalkin Village,03010,Dublin,267053029
210144,2017.0,"79 COLLINS AVE, DUBLIN 9, DUBLIN,Dublin,Ireland",09/01/2017,"79 COLLINS AVE, DUBLIN 9, DUBLIN",Dublin 9,Dublin,375000.0,No,No,Second-Hand Dwelling house /Apartment,,2017-01-09,"79 Collins Ave, Clontarf, Dublin 9, D09 K4N8, Ireland",ROOFTOP,53.3769361,-6.2241726,D09 K4N8,street_address,Dublin City,Grace Park,02058,Dublin,268070008
210153,2017.0,"79 KINGS COURT, PARNELL ST, DUBLIN 1,Dublin,Ireland",12/05/2017,"79 KINGS COURT, PARNELL ST, DUBLIN 1",Dublin 1,Dublin,220000.0,No,No,Second-Hand Dwelling house /Apartment,,2017-05-12,"Parnell St, Dublin 1, Ireland",GEOMETRIC_CENTER,53.3519268,-6.263131,,route,Dublin City,Rotunda B,02089,Dublin,268139011
210154,2017.0,"79 KIPPURE PARK, FINGLAS3, DUBLIN 11,Dublin,Ireland",11/05/2017,"79 KIPPURE PARK, FINGLAS3, DUBLIN 11",Dublin 11,Dublin,78507.63,Yes,No,Second-Hand Dwelling house /Apartment,,2017-05-11,"79 Kippure Park, Finglas South, Dublin 11, D11 P2C6, Ireland",ROOFTOP,53.3788269,-6.3061121,D11 P2C6,street_address,Dublin City,Finglas South C,02056,Dublin,268068004
210164,2017.0,"79 WESTLAND SQ, SANDWITH ST, DUBLIN 2,Dublin,Ireland",10/03/2017,"79 WESTLAND SQ, SANDWITH ST, DUBLIN 2",Dublin 2,Dublin,270000.0,No,No,Second-Hand Dwelling house /Apartment,,2017-03-10,,,,,,,,,,,
210166,2017.0,"79B, GRIFFITH RD, GLASNEVIN DUBLIN 11,Dublin,Ireland",02/03/2017,"79B, GRIFFITH RD, GLASNEVIN DUBLIN 11",Dublin 11,Dublin,295000.0,No,No,Second-Hand Dwelling house /Apartment,,2017-03-02,"79B Griffith Rd, Finglas East, Dublin 11, D11 A079, Ireland",ROOFTOP,53.382405,-6.2849699,D11 A079,street_address,Dublin City,Ballygall D,02014,Dublin,268014005
210171,2017.0,"7FERNDALE RD, GLASNEVIN, DUBLIN 11,Dublin,Ireland",10/02/2017,"7FERNDALE RD, GLASNEVIN, DUBLIN 11",Dublin 11,Dublin,358000.0,No,No,New Dwelling house /Apartment,greater than or equal to 38 sq metres and less than 125 sq metres,2017-02-10,"7 Ferndale Rd, Ballygall, Dublin 11, Ireland",ROOFTOP,53.3879865,-6.2820069,,street_address,Dublin City,Ballygall B,02012,Dublin,268013005
210172,2017.0,"8  Abbots Grove Avenue, Abbots Grove, Knocklyon,Dublin,Ireland",09/02/2017,"8  Abbots Grove Avenue, Abbots Grove, Knocklyon",,Dublin,325110.13,No,Yes,New Dwelling house /Apartment,greater than or equal to 38 sq metres and less than 125 sq metres,2017-02-09,,,,,,,,,,,
210173,2017.0,"8  Ardilea Crescent, Heidelberg, Clonskeagh,Dublin,Ireland",11/05/2017,"8  Ardilea Crescent, Heidelberg, Clonskeagh",Dublin 14,Dublin,954846.0,No,Yes,New Dwelling house /Apartment,greater than or equal to 125 sq metres,2017-05-11,"8 Heidelberg, Ardilea, Dublin 14, D14 FY58, Ireland",ROOFTOP,53.2988043,-6.228952,D14 FY58,street_address,Dn Laoghaire-Rathdown,Clonskeagh-Roebuck,05030,Dublin,267058005
210174,2017.0,"8  The Close, Hazelbrook Square, Churchtown,Dublin,Ireland",03/02/2017,"8  The Close, Hazelbrook Square, Churchtown",,Dublin,572687.22,No,Yes,New Dwelling house /Apartment,greater than or equal to 38 sq metres and less than 125 sq metres,2017-02-03,"8 Hazelbrook Ct, Terenure, Dublin 6W, Co. Dublin, D6W K684, Ireland",ROOFTOP,53.3120153,-6.292199,D6W K684,street_address,Dublin City,Terenure B,02149,Dublin,268145014
210181,2017.0,"8 ARBUTUS AVE, HAROLDS CROSS, DUBLIN 12,Dublin,Ireland",01/03/2017,"8 ARBUTUS AVE, HAROLDS CROSS, DUBLIN 12",Dublin 12,Dublin,610000.0,No,No,Second-Hand Dwelling house /Apartment,,2017-03-01,"8 Arbutus Ave, Harold's Cross, Dublin 12, D12 XW18, Ireland",ROOFTOP,53.3297036,-6.2819858,D12 XW18,street_address,Dublin City,Kimmage C,02113,Dublin,268092002
210187,2017.0,"8 ASHTOWN GROVE, NAVAN RD, DUBLIN 7,Dublin,Ireland",09/02/2017,"8 ASHTOWN GROVE, NAVAN RD, DUBLIN 7",Dublin 7,Dublin,425000.0,No,No,Second-Hand Dwelling house /Apartment,,2017-02-09,"8 Navan Rd, Ashtown Grove, Ashtown, Dublin 7, D07 FC64, Ireland",ROOFTOP,53.3697749,-6.3221994,D07 FC64,street_address,Dublin City,Ashtown A,02006,Dublin,268006037
210189,2017.0,"8 ASTON HOUSE, ASTON PLACE, DUBLIN,Dublin,Ireland",05/04/2017,"8 ASTON HOUSE, ASTON PLACE, DUBLIN",Dublin 2,Dublin,330000.0,No,No,Second-Hand Dwelling house /Apartment,,2017-04-05,"Aston House, Aston Pl, Temple Bar, Dublin 2, Ireland",ROOFTOP,53.3463048,-6.2607843,,premise,Dublin City,Royal Exchange A,02144,Dublin,268140015
210191,2017.0,"8 Ashfield Park, Ridgewood, Swords,Dublin,Ireland",05/04/2017,"8 Ashfield Park, Ridgewood, Swords",,Dublin,286343.0,No,Yes,New Dwelling house /Apartment,greater than or equal to 38 sq metres and less than 125 sq metres,2017-04-05,"Ashfield Park, Rathingle, Co. Dublin, Ireland",GEOMETRIC_CENTER,53.4492125,-6.2501929,,route,Fingal,Swords-Forrest,04036,Dublin,267132041
210196,2017.0,"8 BARTON DR, RATHFARNHAM, DUBLIN 14,Dublin,Ireland",11/04/2017,"8 BARTON DR, RATHFARNHAM, DUBLIN 14",Dublin 14,Dublin,550000.0,No,No,Second-Hand Dwelling house /Apartment,,2017-04-11,"8 Barton Dr, Rathfarnham, Dublin 14, D14 X0V9, Ireland",ROOFTOP,53.2894245,-6.2821169,D14 X0V9,street_address,South Dublin,Rathfarnham-Hermitage,03024,Dublin,267115007
210199,2017.0,"8 BEVERTON MEADOWS, DONABATE, DUBLIN,Dublin,Ireland",06/03/2017,"8 BEVERTON MEADOWS, DONABATE, DUBLIN",,Dublin,320000.0,No,No,Second-Hand Dwelling house /Apartment,,2017-03-06,"8 Beverton Meadows, Beaverstown, Donabate, Co. Dublin, K36 WY28, Ireland",ROOFTOP,53.490272,-6.1585268,K36 WY28,street_address,Fingal,Donabate,04019,Dublin,267065021
210214,2017.0,"8 Barnwell Chase, Hansfield,Dublin,Ireland",06/06/2017,"8 Barnwell Chase, Hansfield",Dublin 15,Dublin,255506.0,No,Yes,New Dwelling house /Apartment,greater than or equal to 38 sq metres and less than 125 sq metres,2017-06-06,"8 Barnwell Pl, Hansfield, Dublin 15, D15 PK1K, Ireland",ROOFTOP,53.3926295,-6.4438414,D15 PK1K,street_address,Fingal,Blanchardstown-Blakestown,04009,Dublin,267028004/01
210215,2017.0,"8 Barnwell Road, Hansfield, Barnwell,Dublin,Ireland",03/04/2017,"8 Barnwell Road, Hansfield, Barnwell",Dublin 15,Dublin,246696.03,No,Yes,New Dwelling house /Apartment,greater than or equal to 38 sq metres and less than 125 sq metres,2017-04-03,"Barberstown, Co. Dublin, Ireland",GEOMETRIC_CENTER,53.3868765,-6.441595,,"establishment,point_of_interest,train_station,transit_station",Fingal,Blanchardstown-Blakestown,04009,Dublin,267028004/02
210216,2017.0,"8 Barnwell Square South, Barnwell Square, Hansfield,Dublin,Ireland",09/05/2017,"8 Barnwell Square South, Barnwell Square, Hansfield",Dublin 15,Dublin,248359.03,No,Yes,New Dwelling house /Apartment,greater than or equal to 38 sq metres and less than 125 sq metres,2017-05-09,,,,,,,,,,,
210218,2017.0,"8 Belarmine Lawns, Belarmine Woods, Stepaside,Dublin,Ireland",07/06/2017,"8 Belarmine Lawns, Belarmine Woods, Stepaside",Dublin 18,Dublin,361234.0,No,Yes,New Dwelling house /Apartment,less than 38 sq metres,2017-06-07,"Belarmine Ave, Kilgobbin Woods, Dublin, Ireland",GEOMETRIC_CENTER,53.2582737,-6.2162705,,"establishment,point_of_interest",Dn Laoghaire-Rathdown,Glencullen,05057,Dublin,267092044
210233,2017.0,"8 CASTLEFIELD ORCHARD, CASTELFIELD MANOR, DUBLIN 16,Dublin,Ireland",06/01/2017,"8 CASTLEFIELD ORCHARD, CASTELFIELD MANOR, DUBLIN 16",Dublin 16,Dublin,310000.0,No,No,Second-Hand Dwelling house /Apartment,,2017-01-06,"8 Castlefield Orchard, Castlefield Manor, Dublin 16, D16 WR26, Ireland",ROOFTOP,53.2830514,-6.3283124,D16 WR26,street_address,South Dublin,Firhouse-Ballycullen,03012,Dublin,267085020
210257,2017.0,"8 CRANE YARD, CRANE LANE, TEMPLE BAR DUBLIN 2,Dublin,Ireland",11/05/2017,"8 CRANE YARD, CRANE LANE, TEMPLE BAR DUBLIN 2",Dublin 2,Dublin,390000.0,No,No,Second-Hand Dwelling house /Apartment,,2017-05-11,"Craneyard, Crane Ln, Temple Bar, Dublin 2, Ireland",ROOFTOP,53.3444868,-6.2668556,,premise,Dublin City,Royal Exchange A,02144,Dublin,268140013
210259,2017.0,"8 CREGAN, BAILEY VIEW, HARBOUR RD,Dublin,Ireland",06/02/2017,"8 CREGAN, BAILEY VIEW, HARBOUR RD",,Dublin,607000.0,No,No,Second-Hand Dwelling house /Apartment,,2017-02-06,,,,,,,,,,,
210269,2017.0,"8 DE SELBY DOWNS, OLD BLESSINGTON RD, TALLAGHT DUBLIN 24,Dublin,Ireland",02/03/2017,"8 DE SELBY DOWNS, OLD BLESSINGTON RD, TALLAGHT DUBLIN 24",Dublin 24,Dublin,230000.0,No,No,Second-Hand Dwelling house /Apartment,,2017-03-02,,,,,,,,,,,
210276,2017.0,"8 DUNEDIN TERRACE, MONKSTOWN, DUBLIN,Dublin,Ireland",12/04/2017,"8 DUNEDIN TERRACE, MONKSTOWN, DUBLIN",,Dublin,303500.0,No,No,Second-Hand Dwelling house /Apartment,,2017-04-12,"8 Dunedin Terrace, D̼n Laoghaire, Dublin, A96 TD58, Ireland",ROOFTOP,53.2864879,-6.1503622,A96 TD58,street_address,Dn Laoghaire-Rathdown,Dn Laoghaire-Mount Town,05046,Dublin,267071003
210278,2017.0,"8 Dodderbrook Park, Ballycullen,Dublin,Ireland",05/01/2017,"8 Dodderbrook Park, Ballycullen",Dublin 24,Dublin,285859.03,No,Yes,New Dwelling house /Apartment,greater than or equal to 125 sq metres,2017-01-05,"Oldcourt Rd, Oldcourt, Dublin, Ireland",GEOMETRIC_CENTER,53.2700459,-6.3415907,,"establishment,general_contractor,point_of_interest",South Dublin,Firhouse Village,03014,Dublin,267084004
210279,2017.0,"8 EASTMORELAND LANE, BALLSBRIDGE, DUBLIN 4,Dublin,Ireland",07/03/2017,"8 EASTMORELAND LANE, BALLSBRIDGE, DUBLIN 4",Dublin 4,Dublin,400000.0,No,No,Second-Hand Dwelling house /Apartment,,2017-03-07,"8 Eastmoreland Ln, Dublin 4, D04 W0H1, Ireland",ROOFTOP,53.3338813,-6.2429125,D04 W0H1,street_address,Dublin City,Pembroke West C,02132,Dublin,268117004
210284,2017.0,"8 ESKER PINES, ESKER LANE, LUCAN,Dublin,Ireland",06/03/2017,"8 ESKER PINES, ESKER LANE, LUCAN",,Dublin,220000.0,No,No,Second-Hand Dwelling house /Apartment,,2017-03-06,,,,,,,,,,,
210285,2017.0,"8 Elder Heath Meadow, Elder Heath, Kiltipper Road,Dublin,Ireland",11/01/2017,"8 Elder Heath Meadow, Elder Heath, Kiltipper Road",Dublin 24,Dublin,246697.0,No,Yes,New Dwelling house /Apartment,greater than or equal to 38 sq metres and less than 125 sq metres,2017-01-11,,,,,,,,,,,
210286,2017.0,"8 Elder Heath Park, Elder Heath, Kiltipper Road,Dublin,Ireland",12/01/2017,"8 Elder Heath Park, Elder Heath, Kiltipper Road",Dublin 24,Dublin,280000.0,No,Yes,New Dwelling house /Apartment,less than 38 sq metres,2017-01-12,,,,,,,,,,,
210289,2017.0,"8 FERNDALE, OLDBAWN, TALLAGHT DUBLIN 24,Dublin,Ireland",12/04/2017,"8 FERNDALE, OLDBAWN, TALLAGHT DUBLIN 24",Dublin 24,Dublin,335000.0,No,No,Second-Hand Dwelling house /Apartment,,2017-04-12,"8 Ferndale, Oldbawn, Dublin 24, D24 YN3C, Ireland",ROOFTOP,53.2817671,-6.3645593,D24 YN3C,street_address,South Dublin,Tallaght-Oldbawn,03038,Dublin,267146008
210294,2017.0,"8 FORTFIELD PARK, TERENURE, DUBLIN 6W,Dublin,Ireland",03/02/2017,"8 FORTFIELD PARK, TERENURE, DUBLIN 6W",Dublin 6w,Dublin,700000.0,No,No,Second-Hand Dwelling house /Apartment,,2017-02-03,"8 Fortfield Rd, Terenure, Dublin 6W, Co. Dublin, D6W V677, Ireland",ROOFTOP,53.3114286,-6.3001096,D6W V677,street_address,Dublin City,Terenure C,02150,Dublin,268146002
210318,2017.0,"8 HIGHLAND LAWN, THE PARK, CABINTEELY,Dublin,Ireland",03/03/2017,"8 HIGHLAND LAWN, THE PARK, CABINTEELY",Dublin 18,Dublin,480000.0,No,No,Second-Hand Dwelling house /Apartment,,2017-03-03,"8 Highland Lawn, Cabinteely, Co. Dublin, D18 E8W3, Ireland",ROOFTOP,53.2625739,-6.165766,D18 E8W3,street_address,Dn Laoghaire-Rathdown,Foxrock-Carrickmines,05054,Dublin,267088017
210345,2017.0,"8 LINDENVALE, PROBY SQ, BLACKROCK,Dublin,Ireland",12/05/2017,"8 LINDENVALE, PROBY SQ, BLACKROCK",,Dublin,897500.0,No,No,Second-Hand Dwelling house /Apartment,,2017-05-12,,,,,,,,,,,
210358,2017.0,"8 MAPLE HALL, MOUNT ST ANNES, MILLTOWN DUBLIN 6,Dublin,Ireland",03/04/2017,"8 MAPLE HALL, MOUNT ST ANNES, MILLTOWN DUBLIN 6",Dublin 6,Dublin,450000.0,No,No,Second-Hand Dwelling house /Apartment,,2017-04-03,"Apartment 17, Maple Hall, Milltown Ave, Mount St Annes, Dublin 6, Ireland",ROOFTOP,53.3120818,-6.2481127,,premise,Dublin City,Rathmines East B,02135,Dublin,268129012/268129013
210360,2017.0,"8 MARINE COVE, BALDOYLE RD, SUTTON DUBLIN 13,Dublin,Ireland",10/03/2017,"8 MARINE COVE, BALDOYLE RD, SUTTON DUBLIN 13",Dublin 13,Dublin,350000.0,No,No,Second-Hand Dwelling house /Apartment,,2017-03-10,,,,,,,,,,,
210371,2017.0,"8 MOUNTBROOK, STILLORGAN ROAD, CO. DUBLIN,Dublin,Ireland",12/04/2017,"8 MOUNTBROOK, STILLORGAN ROAD, CO. DUBLIN",,Dublin,308000.0,No,No,Second-Hand Dwelling house /Apartment,,2017-04-12,"Mountbrook, Stillorgan Rd, Booterstown, Blackrock, Co. Dublin, Ireland",ROOFTOP,53.3053158,-6.2087134,,premise,Dn Laoghaire-Rathdown,Blackrock-Glenomena,05011,Dublin,267022007
210382,2017.0,"8 OAKWOOD, TIVOLI RD, DUN LAOGHAIRE,Dublin,Ireland",05/05/2017,"8 OAKWOOD, TIVOLI RD, DUN LAOGHAIRE",,Dublin,775000.0,No,No,Second-Hand Dwelling house /Apartment,,2017-05-05,"Oakwood, Tivoli Rd, D̼n Laoghaire, Dublin, Ireland",ROOFTOP,53.2880847,-6.14382,,premise,Dn Laoghaire-Rathdown,Dn Laoghaire-Glenageary,05044,Dublin,267069001
210383,2017.0,"8 OLDBRIDGE PARK, LUCAN, DUBLIN,Dublin,Ireland",10/02/2017,"8 OLDBRIDGE PARK, LUCAN, DUBLIN",,Dublin,289000.0,No,No,Second-Hand Dwelling house /Apartment,,2017-02-10,"8 Oldbridge Park, Esker South, Lucan, Co. Dublin, K78 TK46, Ireland",ROOFTOP,53.3389363,-6.4366172,K78 TK46,street_address,South Dublin,Lucan-Esker,03015,Dublin,267100020
210389,2017.0,"8 PALMERSTOWN SQUARE, PALMERSTOWN, DUBLIN 20,Dublin,Ireland",10/03/2017,"8 PALMERSTOWN SQUARE, PALMERSTOWN, DUBLIN 20",,Dublin,177319.0,No,No,Second-Hand Dwelling house /Apartment,,2017-03-10,"8 Palmerstown Park, Woodfarm, Dublin 20, D20 K722, Ireland",ROOFTOP,53.351356,-6.3783865,D20 K722,street_address,South Dublin,Palmerston West,03020,Dublin,267109011
210395,2017.0,"8 PINTAIL HOUSE, REDCOURT OAKS, SEAFIELD RD EAST DUBLIN 3,Dublin,Ireland",01/01/2017,"8 PINTAIL HOUSE, REDCOURT OAKS, SEAFIELD RD EAST DUBLIN 3",Dublin 3,Dublin,271800.0,Yes,No,Second-Hand Dwelling house /Apartment,,2017-01-01,,,,,,,,,,,
210399,2017.0,"8 Parkside Square, Malahide Road,Dublin,Ireland",07/04/2017,"8 Parkside Square, Malahide Road",Dublin 13,Dublin,325991.19,No,Yes,New Dwelling house /Apartment,greater than or equal to 38 sq metres and less than 125 sq metres,2017-04-07,"8 Parkside Mews, Grange, Dublin, Ireland",ROOFTOP,53.4075738,-6.1669284,,street_address,Dublin City,Grange A,02059,Dublin,268071024
210424,2017.0,"8 SEABURY DOWNS, MALAHIDE, DUBLIN,Dublin,Ireland",05/05/2017,"8 SEABURY DOWNS, MALAHIDE, DUBLIN",,Dublin,502500.0,No,No,Second-Hand Dwelling house /Apartment,,2017-05-05,"8 Seabury Downs, Yellow Walls, Malahide, Co. Dublin, K36 Y959, Ireland",ROOFTOP,53.4512956,-6.1802194,K36 Y959,street_address,Fingal,Malahide West,04030,Dublin,267106002
210425,2017.0,"8 SEABURY PLACE, MALAHIDE, DUBLIN,Dublin,Ireland",06/04/2017,"8 SEABURY PLACE, MALAHIDE, DUBLIN",,Dublin,435000.0,No,No,Second-Hand Dwelling house /Apartment,,2017-04-06,"8 Seabury Pl, Yellow Walls, Malahide, Co. Dublin, K36 TF97, Ireland",ROOFTOP,53.4507064,-6.180652,K36 TF97,street_address,Fingal,Malahide West,04030,Dublin,267106001
210427,2017.0,"8 SEACLIFF AVE, BALDOYLE, DUBLIN 13,Dublin,Ireland",01/02/2017,"8 SEACLIFF AVE, BALDOYLE, DUBLIN 13",Dublin 13,Dublin,250000.0,No,No,Second-Hand Dwelling house /Apartment,,2017-02-01,"8 Seacliff Ave, Baldoyle, Dublin 13, D13 K352, Ireland",ROOFTOP,53.3928449,-6.1389825,D13 K352,street_address,Fingal,Baldoyle,04004,Dublin,267004004
210438,2017.0,"8 ST ALPHONSUS AVE, DRUMCONDRA, DUBLIN 9,Dublin,Ireland",03/03/2017,"8 ST ALPHONSUS AVE, DRUMCONDRA, DUBLIN 9",Dublin 9,Dublin,335000.0,No,No,Second-Hand Dwelling house /Apartment,,2017-03-03,"8 St Alphonsus' Ave, Drumcondra, Dublin 9, D09 PX02, Ireland",ROOFTOP,53.364007,-6.2586798,D09 PX02,street_address,Dublin City,Botanic C,02029,Dublin,268029003
210439,2017.0,"8 ST ANNES RD, CIRCULAR RD SOUTH, DUBLIN 8,Dublin,Ireland",07/03/2017,"8 ST ANNES RD, CIRCULAR RD SOUTH, DUBLIN 8",Dublin 8,Dublin,575000.0,No,No,Second-Hand Dwelling house /Apartment,,2017-03-07,"8 S Circular Rd, Wood Quay, Dublin 8, Ireland",ROOFTOP,53.3326135,-6.2689182,,street_address,Dublin City,Wood Quay B,02162,Dublin,268162016
210440,2017.0,"8 ST COLUMCILLES CRESCENT, SWORDS, DUBLIN,Dublin,Ireland",06/04/2017,"8 ST COLUMCILLES CRESCENT, SWORDS, DUBLIN",,Dublin,233000.0,No,No,Second-Hand Dwelling house /Apartment,,2017-04-06,"8 St Columcille's Cres, Swords Demesne, Swords, Co. Dublin, K67 HX21, Ireland",ROOFTOP,53.4582736,-6.2163423,K67 HX21,street_address,Fingal,Swords Village,04040,Dublin,267135005
210460,2017.0,"8 Stratton Lawn, Adamstown Square, Adamstown,Dublin,Ireland",09/06/2017,"8 Stratton Lawn, Adamstown Square, Adamstown",,Dublin,242290.74,No,Yes,New Dwelling house /Apartment,greater than or equal to 38 sq metres and less than 125 sq metres,2017-06-09,,,,,,,,,,,
210464,2017.0,"8 TEMPLEVIEW DOWNS, CLARE HALL, DUBLIN 13,Dublin,Ireland",09/02/2017,"8 TEMPLEVIEW DOWNS, CLARE HALL, DUBLIN 13",Dublin 13,Dublin,275000.0,No,No,Second-Hand Dwelling house /Apartment,,2017-02-09,"8 Temple View Downs, Clarehall, Dublin 13, D13 K7N1, Ireland",ROOFTOP,53.3999304,-6.1777333,D13 K7N1,street_address,Dublin City,Grange A,02059,Dublin,268071018
210465,2017.0,"8 THE ATRIUM, FOLEY ST, DUBLIN,Dublin,Ireland",10/05/2017,"8 THE ATRIUM, FOLEY ST, DUBLIN",Dublin 1,Dublin,185000.0,No,No,Second-Hand Dwelling house /Apartment,,2017-05-10,,,,,,,,,,,
210477,2017.0,"8 THE HEIGHTS, ROBSWALL, MALAHIDE,Dublin,Ireland",04/05/2017,"8 THE HEIGHTS, ROBSWALL, MALAHIDE",,Dublin,571500.0,No,No,Second-Hand Dwelling house /Apartment,,2017-05-04,"8 The Heights, Robswalls, Malahide, Co. Dublin, K36 NR40, Ireland",ROOFTOP,53.4433289,-6.1388156,K36 NR40,street_address,Fingal,Malahide East,04029,Dublin,267105011
210518,2017.0,"8 Warren Lodge, Sutton, Dublin 13,Dublin,Ireland",10/02/2017,"8 Warren Lodge, Sutton, Dublin 13",,Dublin,638767.0,No,Yes,New Dwelling house /Apartment,greater than or equal to 38 sq metres and less than 125 sq metres,2017-02-10,"Warren Lodge, Warrenhouse Rd, Burrow, Dublin 13, Ireland",ROOFTOP,53.3929688,-6.1239984,,premise,Fingal,Baldoyle,04004,Dublin,267004020
210519,2017.0,"8 Wendover, Beechpark Avenue, Castleknock,Dublin,Ireland",12/04/2017,"8 Wendover, Beechpark Avenue, Castleknock",Dublin 15,Dublin,488986.0,No,Yes,New Dwelling house /Apartment,greater than or equal to 38 sq metres and less than 125 sq metres,2017-04-12,,,,,,,,,,,
210520,2017.0,"8 Windmill Close, Rathcoole,Dublin,Ireland",10/02/2017,"8 Windmill Close, Rathcoole",,Dublin,296453.74,No,Yes,New Dwelling house /Apartment,greater than or equal to 38 sq metres and less than 125 sq metres,2017-02-10,,,,,,,,,,,
210526,2017.0,"80 FOREST FIELDS RD, RIVERVALLEY, SWORDS,Dublin,Ireland",12/05/2017,"80 FOREST FIELDS RD, RIVERVALLEY, SWORDS",,Dublin,286000.0,No,No,Second-Hand Dwelling house /Apartment,,2017-05-12,"80 River Valley Dr, Forestfields, Swords, Co. Dublin, Ireland",RANGE_INTERPOLATED,53.4535223,-6.2332869,,street_address,Fingal,Swords-Forrest,04036,Dublin,267132004
210531,2017.0,"80 ST ANNES PARK, SHANKILL, DUBLIN,Dublin,Ireland",09/02/2017,"80 ST ANNES PARK, SHANKILL, DUBLIN",Dublin 18,Dublin,295000.0,No,No,Second-Hand Dwelling house /Apartment,,2017-02-09,"80 St Anne's Park, Shankill, Dublin 18, D18 FK79, Ireland",ROOFTOP,53.2287475,-6.1160627,D18 FK79,street_address,Dn Laoghaire-Rathdown,Shankill-Shanganagh,05062,Dublin,267122007
210532,2017.0,"80 ST JAMESS RD, GREENHILLS, DUBLIN 12,Dublin,Ireland",06/06/2017,"80 ST JAMESS RD, GREENHILLS, DUBLIN 12",Dublin 12,Dublin,305150.0,No,No,Second-Hand Dwelling house /Apartment,,2017-06-06,"80 St James's Rd, Greenhills, Dublin 12, D12 K2V1, Ireland",ROOFTOP,53.3130059,-6.3334914,D12 K2V1,street_address,South Dublin,Terenure-St. James,03049,Dublin,267157010
210545,2017.0,"80A ST ANNES PARK, SHANKILL, DUBLIN,Dublin,Ireland",08/02/2017,"80A ST ANNES PARK, SHANKILL, DUBLIN",Dublin 18,Dublin,420000.0,No,No,Second-Hand Dwelling house /Apartment,,2017-02-08,"80A St Anne's Park, Shankill, Dublin 18, D18 FT96, Ireland",ROOFTOP,53.2287803,-6.1159392,D18 FT96,street_address,Dn Laoghaire-Rathdown,Shankill-Shanganagh,05062,Dublin,267122007
210549,2017.0,"81 ARDOYNE HOUSE, PEMBROKE PARK BALLSBRIDGE DUBLIN 4, DUBLIN,Dublin,Ireland",10/05/2017,"81 ARDOYNE HOUSE, PEMBROKE PARK BALLSBRIDGE DUBLIN 4, DUBLIN",Dublin 4,Dublin,880000.0,No,No,Second-Hand Dwelling house /Apartment,,2017-05-10,"Apartment 54, Ardoyne House, Pembroke Park, Dublin 4, Ireland",ROOFTOP,53.327532,-6.238503,,premise,Dublin City,Pembroke West B,02131,Dublin,268116003
210555,2017.0,"81 CASTLE HEATH, SWORDS RD, MALAHIDE,Dublin,Ireland",05/05/2017,"81 CASTLE HEATH, SWORDS RD, MALAHIDE",,Dublin,295000.0,No,No,Second-Hand Dwelling house /Apartment,,2017-05-05,"Castle Heath, Swords Rd, Yellow Walls, Malahide, Co. Dublin, Ireland",ROOFTOP,53.4469543,-6.1794395,,premise,Fingal,Malahide West,04030,Dublin,267106015
210561,2017.0,"81 FAUSSAGH AVE, DUBLIN 7, DUBLIN,Dublin,Ireland",02/03/2017,"81 FAUSSAGH AVE, DUBLIN 7, DUBLIN",Dublin 7,Dublin,244560.0,No,No,Second-Hand Dwelling house /Apartment,,2017-03-02,"81 Faussagh Ave, Cabra West, Dublin 7, D07 Y0C8, Ireland",ROOFTOP,53.3670467,-6.2967077,D07 Y0C8,street_address,Dublin City,Cabra West C,02035,Dublin,268035006
210563,2017.0,"81 MEADOW MOUNT, CHURCHTOWN, DUBLIN 16,Dublin,Ireland",02/03/2017,"81 MEADOW MOUNT, CHURCHTOWN, DUBLIN 16",Dublin 16,Dublin,530000.0,No,No,Second-Hand Dwelling house /Apartment,,2017-03-02,"81 Meadow Mount, Churchtown Upper, Dublin 16, D16 YA49, Ireland",ROOFTOP,53.2854088,-6.2642589,D16 YA49,street_address,Dn Laoghaire-Rathdown,Ballinteer-Meadowmount,05005,Dublin,267012007
210565,2017.0,"81 MOUNTAIN VIEW, RATHFARNHAM, DUBLIN 14,Dublin,Ireland",12/01/2017,"81 MOUNTAIN VIEW, RATHFARNHAM, DUBLIN 14",,Dublin,375000.0,No,No,Second-Hand Dwelling house /Apartment,,2017-01-12,"Mountain View, Grange Rd, Rathfarnham, Dublin 14, Ireland",ROOFTOP,53.2914611,-6.2820815,,premise,South Dublin,Rathfarnham-Hermitage,03024,Dublin,267115015
210568,2017.0,"81 ROEBUCK CASTLE, CLONSKEAGH, DUBLIN 14,Dublin,Ireland",05/01/2017,"81 ROEBUCK CASTLE, CLONSKEAGH, DUBLIN 14",Dublin 14,Dublin,466000.0,No,No,Second-Hand Dwelling house /Apartment,,2017-01-05,"81 Roebuck Castle, Roebuck, Dublin 14, D14 HH10, Ireland",ROOFTOP,53.3037674,-6.224623,D14 HH10,street_address,Dn Laoghaire-Rathdown,Clonskeagh-Belfield,05027,Dublin,267056004
210569,2017.0,"81 ROEBUCK HILL, ROEBUCK RD, DUBLIN 14,Dublin,Ireland",09/03/2017,"81 ROEBUCK HILL, ROEBUCK RD, DUBLIN 14",Dublin 14,Dublin,267000.0,No,No,Second-Hand Dwelling house /Apartment,,2017-03-09,"Roebuck Hill, Roebuck Rd, Mount Merrion, Dublin 14, Ireland",ROOFTOP,53.2988093,-6.2201034,,premise,Dn Laoghaire-Rathdown,Clonskeagh-Roebuck,05030,Dublin,267058008
210570,2017.0,"81 TEMPLEOGUE ROAD, TERENURE, DUBLIN 6W,Dublin,Ireland",11/01/2017,"81 TEMPLEOGUE ROAD, TERENURE, DUBLIN 6W",,Dublin,824385.0,No,No,Second-Hand Dwelling house /Apartment,,2017-01-11,"81 Templeogue Rd, Terenure, Dublin, Ireland",RANGE_INTERPOLATED,53.3073766,-6.2882156,,street_address,Dublin City,Terenure D,02151,Dublin,268147002
210574,2017.0,"81 WHATLEY HALL, ARCHERS WOOD, CLONLEA,Dublin,Ireland",07/03/2017,"81 WHATLEY HALL, ARCHERS WOOD, CLONLEA",Dublin 15,Dublin,175000.0,No,No,Second-Hand Dwelling house /Apartment,,2017-03-07,,,,,,,,,,,
210578,2017.0,"81 WOODVIEW HEIGHTS LUCAN, DUBLIN,Dublin,Ireland",07/06/2017,"81 WOODVIEW HEIGHTS LUCAN, DUBLIN",,Dublin,330000.0,No,No,Second-Hand Dwelling house /Apartment,,2017-06-07,"81 Woodview Heights, Lucan, Co. Dublin, K78 F6H9, Ireland",ROOFTOP,53.3527175,-6.4656927,K78 F6H9,street_address,South Dublin,Lucan-St. Helen's,03017,Dublin,267103009
210587,2017.0,"82 Diswellstown Manor, Castleknock,Dublin,Ireland",07/06/2017,"82 Diswellstown Manor, Castleknock",,Dublin,365368.76,No,Yes,New Dwelling house /Apartment,greater than or equal to 38 sq metres and less than 125 sq metres,2017-06-07,"Porterstown, Castleknock Golf Club, Co. Dublin, Ireland",GEOMETRIC_CENTER,53.3670659,-6.3855459,,"establishment,point_of_interest",Fingal,Castleknock-Knockmaroon,04016,Dublin,267040042
210588,2017.0,"82 FFORSTER LAWNS LUCAN, DUBLIN,Dublin,Ireland",04/01/2017,"82 FFORSTER LAWNS LUCAN, DUBLIN",,Dublin,310000.0,No,No,Second-Hand Dwelling house /Apartment,,2017-01-04,"82 Fforster Lawn, Ballydowd Manor, Lucan, Co. Dublin, K78 Y153, Ireland",ROOFTOP,53.3491035,-6.4266349,K78 Y153,street_address,South Dublin,Lucan-Esker,03015,Dublin,267100058
210589,2017.0,"82 GLASNEVIN AVE, DUBLIN 11, DUBLIN,Dublin,Ireland",02/03/2017,"82 GLASNEVIN AVE, DUBLIN 11, DUBLIN",Dublin 11,Dublin,430000.0,No,No,Second-Hand Dwelling house /Apartment,,2017-03-02,"82 Glasnevin Ave, Ballymun, Dublin 11, D11 Y9YK, Ireland",ROOFTOP,53.3901877,-6.2714175,D11 Y9YK,street_address,Dublin City,Ballymun E,02019,Dublin,268019001
210591,2017.0,"82 KINGS COURT, PARNELL ST, DUBLIN 1,Dublin,Ireland",12/05/2017,"82 KINGS COURT, PARNELL ST, DUBLIN 1",Dublin 1,Dublin,180000.0,No,No,Second-Hand Dwelling house /Apartment,,2017-05-12,"Parnell St, Dublin 1, Ireland",GEOMETRIC_CENTER,53.3519268,-6.263131,,route,Dublin City,Rotunda B,02089,Dublin,268139011
210595,2017.0,"82 PORTMARNOCK DRIVE, PORTMARNOCK, CO DUBLIN,Dublin,Ireland",09/01/2017,"82 PORTMARNOCK DRIVE, PORTMARNOCK, CO DUBLIN",Dublin 13,Dublin,450000.0,No,No,Second-Hand Dwelling house /Apartment,,2017-01-09,"82 Portmarnock Dr, Carrickhill, Portmarnock, Co. Dublin, D13 CF10, Ireland",ROOFTOP,53.4308905,-6.1308363,D13 CF10,street_address,Fingal,Portmarnock North,04031,Dublin,267110010
210611,2017.0,"83 CHURCHWELL RD, BELMAYNE, BALGRIFFIN DUBLIN 13,Dublin,Ireland",05/04/2017,"83 CHURCHWELL RD, BELMAYNE, BALGRIFFIN DUBLIN 13",Dublin 13,Dublin,175000.0,No,No,Second-Hand Dwelling house /Apartment,,2017-04-05,"13 Churchwell Rd, Belmayne, Dublin 13, D13 EP28, Ireland",ROOFTOP,53.4043438,-6.1745091,D13 EP28,street_address,Dublin City,Grange A,02059,Dublin,268071023/02
210619,2017.0,"83 RAMLEH PARK, MILLTOWN RD, DUBLIN 6,Dublin,Ireland",10/02/2017,"83 RAMLEH PARK, MILLTOWN RD, DUBLIN 6",Dublin 6,Dublin,740000.0,No,No,Second-Hand Dwelling house /Apartment,,2017-02-10,"Ramleh Villas, Milltown Rd, Dublin 6, Ireland",ROOFTOP,53.3145902,-6.2457801,,premise,Dublin City,Rathmines East B,02135,Dublin,268129017
210622,2017.0,"83 THE HOLLY, ROCKFIELD, DUNDRUM,Dublin,Ireland",03/02/2017,"83 THE HOLLY, ROCKFIELD, DUNDRUM",,Dublin,335000.0,No,No,Second-Hand Dwelling house /Apartment,,2017-02-03,"Holly Ave, Blackthorn, Dublin, Ireland",GEOMETRIC_CENTER,53.2804658,-6.2176244,,route,Dn Laoghaire-Rathdown,Dundrum-Balally,05037,Dublin,267078013/01
210624,2017.0,"83 UPPER TREES RD, MOUNT MERRION, DUBLIN,Dublin,Ireland",03/01/2017,"83 UPPER TREES RD, MOUNT MERRION, DUBLIN",,Dublin,260000.0,No,No,Second-Hand Dwelling house /Apartment,,2017-01-03,"83 Trees Rd Upper, Mountmerrion, Blackrock, Co. Dublin, A94 T1W0, Ireland",ROOFTOP,53.2920852,-6.2135815,A94 T1W0,street_address,Dn Laoghaire-Rathdown,Stillorgan-Deerpark,05063,Dublin,267124010
210645,2017.0,"84 MT DRUMMOND SQ, HAROLDS CROSS, DUBLIN 6,Dublin,Ireland",02/03/2017,"84 MT DRUMMOND SQ, HAROLDS CROSS, DUBLIN 6",Dublin 6,Dublin,140000.0,No,No,Second-Hand Dwelling house /Apartment,,2017-03-02,"84 Mount Drummond Square, Harold's Cross, Dublin 6, D06 A5X9, Ireland",ROOFTOP,53.3255996,-6.2742943,D06 A5X9,street_address,Dublin City,Rathmines West A,02138,Dublin,268132002
210679,2017.0,"85 TRINITY SQUARE, TOWNSEND STREET, DUBLIN 2,Dublin,Ireland",08/03/2017,"85 TRINITY SQUARE, TOWNSEND STREET, DUBLIN 2",,Dublin,196000.0,No,No,Second-Hand Dwelling house /Apartment,,2017-03-08,"Apartment 90, Trinity Square, Townsend St, Dublin 2, Ireland",ROOFTOP,53.3454917,-6.2477187,,premise,Dublin City,Mansion House A,02117,Dublin,268096010
210680,2017.0,"85 WEDGEWOOD, SANDYFORD RD, DUBLIN 14,Dublin,Ireland",08/06/2017,"85 WEDGEWOOD, SANDYFORD RD, DUBLIN 14",Dublin 16,Dublin,400000.0,No,No,Second-Hand Dwelling house /Apartment,,2017-06-08,"85 Sandyford Rd, Drummartin, Dublin, Ireland",RANGE_INTERPOLATED,53.2845902,-6.237168,,street_address,Dn Laoghaire-Rathdown,Dundrum-Sandyford,05039,Dublin,267080028
210697,2017.0,"86 CRANFORD COURT, STILLORGAN RD, DUBLIN 4,Dublin,Ireland",10/01/2017,"86 CRANFORD COURT, STILLORGAN RD, DUBLIN 4",Dublin 4,Dublin,225000.0,No,No,Second-Hand Dwelling house /Apartment,,2017-01-10,"Cranford Court, Stillorgan Rd, Priesthouse, Dublin 4, Ireland",ROOFTOP,53.3103832,-6.2161727,,premise,Dn Laoghaire-Rathdown,Blackrock-Glenomena,05011,Dublin,267022001
210701,2017.0,"86 NAAS RD, INCHICORE, DUBLIN 8,Dublin,Ireland",09/06/2017,"86 NAAS RD, INCHICORE, DUBLIN 8",Dublin 12,Dublin,377000.0,No,No,Second-Hand Dwelling house /Apartment,,2017-06-09,"86 Naas Rd, Inchicore, Dublin 12, D12 W924, Ireland",ROOFTOP,53.3306098,-6.3319396,D12 W924,street_address,Dublin City,Inchicore B,02107,Dublin,268079008
210706,2017.0,"86 Stepaside Park, Stepaside, Dublin 18,Dublin,Ireland",06/04/2017,"86 Stepaside Park, Stepaside, Dublin 18",,Dublin,638766.52,No,Yes,New Dwelling house /Apartment,greater than or equal to 38 sq metres and less than 125 sq metres,2017-04-06,"18 Stepaside Park, Sandyford, Dublin 18, D18 HN76, Ireland",ROOFTOP,53.2517801,-6.2102986,D18 HN76,street_address,Dn Laoghaire-Rathdown,Glencullen,05057,Dublin,267092023
210713,2017.0,"86A LAMBOURNE PK, CLONSILLA, DUBLIN 15,Dublin,Ireland",03/02/2017,"86A LAMBOURNE PK, CLONSILLA, DUBLIN 15",Dublin 15,Dublin,279000.0,No,No,Second-Hand Dwelling house /Apartment,,2017-02-03,"86A Lambourn Park, Clonsilla, Dublin 15, D15 H5N0, Ireland",ROOFTOP,53.3820628,-6.4142958,D15 H5N0,street_address,Fingal,Blanchardstown-Blakestown,04009,Dublin,267028002
210726,2017.0,"87 CRAOIBHINN PARK, BALBRIGGAN, DUBLIN,Dublin,Ireland",06/04/2017,"87 CRAOIBHINN PARK, BALBRIGGAN, DUBLIN",,Dublin,118000.0,No,No,Second-Hand Dwelling house /Apartment,,2017-04-06,"87 Craoibhin Park, Kilsough North, Balbriggan, Co. Dublin, K32 P950, Ireland",ROOFTOP,53.6048039,-6.1752019,K32 P950,street_address,Fingal,Balbriggan Urban,04003,Dublin,267003022
210743,2017.0,"87 WATERMINT COURT, ROYAL CANAL PARK, PELLESTOWN,Dublin,Ireland",08/05/2017,"87 WATERMINT COURT, ROYAL CANAL PARK, PELLESTOWN",Dublin 15,Dublin,255000.0,No,No,Second-Hand Dwelling house /Apartment,,2017-05-08,"Apartment 81, Watermint Court, Royal Canal Ave, Royal Canal Park, Dublin 15, Ireland",ROOFTOP,53.3758842,-6.316818,,premise,Dublin City,Ashtown A,02006,Dublin,268006023
210759,2017.0,"88 LISSADEL RD, DUBLIN 12, DUBLIN,Dublin,Ireland",01/02/2017,"88 LISSADEL RD, DUBLIN 12, DUBLIN",Dublin 12,Dublin,255000.0,No,No,Second-Hand Dwelling house /Apartment,,2017-02-01,"88 Lissadel Rd, Drimnagh, Dublin 12, D12 TD2R, Ireland",ROOFTOP,53.3294073,-6.3130502,D12 TD2R,street_address,Dublin City,Crumlin E,02102,Dublin,268055001
210769,2017.0,"89 ANGLESEA RD, BALLSBRIDGE, DUBLIN 4,Dublin,Ireland",12/04/2017,"89 ANGLESEA RD, BALLSBRIDGE, DUBLIN 4",Dublin 4,Dublin,1550000.0,No,No,Second-Hand Dwelling house /Apartment,,2017-04-12,"89 Anglesea Rd, Dublin 4, D04 F8F7, Ireland",ROOFTOP,53.3221034,-6.2306033,D04 F8F7,street_address,Dublin City,Pembroke East E,02129,Dublin,268114002
210772,2017.0,"89 BALTRAY HOUSE, FORREST RD, SWORDS,Dublin,Ireland",01/02/2017,"89 BALTRAY HOUSE, FORREST RD, SWORDS",,Dublin,219000.0,No,No,Second-Hand Dwelling house /Apartment,,2017-02-01,,,,,,,,,,,
210779,2017.0,"89 DROGHEDA ST, BALBRIGGAN, DUBLIN,Dublin,Ireland",03/02/2017,"89 DROGHEDA ST, BALBRIGGAN, DUBLIN",,Dublin,135000.0,No,No,Second-Hand Dwelling house /Apartment,,2017-02-03,"89 Drogheda St, Tankardstown, Balbriggan, Co. Dublin, K32 HX36, Ireland",ROOFTOP,53.6129278,-6.1883928,K32 HX36,street_address,Fingal,Balbriggan Urban,04003,Dublin,267003011
210781,2017.0,"89 GLEANN NA RI, VALLEY AVE, CABINTEELY DUBLIN 18,Dublin,Ireland",05/01/2017,"89 GLEANN NA RI, VALLEY AVE, CABINTEELY DUBLIN 18",Dublin 18,Dublin,243000.0,No,No,Second-Hand Dwelling house /Apartment,,2017-01-05,"Gleann Na R�_, Valley Ave, Tullyvale, Dublin 18, Ireland",ROOFTOP,53.2460471,-6.1427434,,premise,Dn Laoghaire-Rathdown,Cabinteely-Loughlinstown,05020,Dublin,267038009
210784,2017.0,"89 LINDSAY RD, GLASNEVIN, DUBLIN 9,Dublin,Ireland",06/03/2017,"89 LINDSAY RD, GLASNEVIN, DUBLIN 9",Dublin 9,Dublin,610000.0,No,No,Second-Hand Dwelling house /Apartment,,2017-03-06,"89 Lindsay Rd, Drumcondra, Dublin 9, D09 E0Y0, Ireland",ROOFTOP,53.3651449,-6.2640433,D09 E0Y0,street_address,Dublin City,Botanic C,02029,Dublin,268029005
210786,2017.0,"89 MERCHANTS RD, EAST WALL, DUBLIN 3,Dublin,Ireland",05/05/2017,"89 MERCHANTS RD, EAST WALL, DUBLIN 3",Dublin 3,Dublin,215000.0,No,No,Second-Hand Dwelling house /Apartment,,2017-05-05,"89 Merchant's Rd, East Wall, Dublin 3, D03 FH98, Ireland",ROOFTOP,53.3531967,-6.2274611,D03 FH98,street_address,Dublin City,North Dock B,02077,Dublin,268108026
210792,2017.0,"89 SOUTHMEDE, BALLINTEER RD, DUNDRUM DUBLIN 16,Dublin,Ireland",05/05/2017,"89 SOUTHMEDE, BALLINTEER RD, DUNDRUM DUBLIN 16",Dublin 16,Dublin,386600.0,No,No,Second-Hand Dwelling house /Apartment,,2017-05-05,"Southmede Apartment, Ballinteer Rd, Dundrum, Dublin 16, Ireland",ROOFTOP,53.282776,-6.2438397,,premise,Dn Laoghaire-Rathdown,Dundrum-Sandyford,05039,Dublin,267080013
210801,2017.0,"89 WINDMILL ROAD, CRUMLIN, DUBLIN 12,Dublin,Ireland",08/03/2017,"89 WINDMILL ROAD, CRUMLIN, DUBLIN 12",Dublin 15,Dublin,232000.0,No,No,Second-Hand Dwelling house /Apartment,,2017-03-08,"89 Windmill Rd, Kimmage, Dublin 12, D12 X3W5, Ireland",ROOFTOP,53.3242856,-6.310734,D12 X3W5,street_address,Dublin City,Kimmage A,02111,Dublin,268090006
210821,2017.0,"9 ANNE DEVLIN PARK, RATHFARNHAM, DUBLIN 14,Dublin,Ireland",08/03/2017,"9 ANNE DEVLIN PARK, RATHFARNHAM, DUBLIN 14",Dublin 14,Dublin,490000.0,No,No,Second-Hand Dwelling house /Apartment,,2017-03-08,"9 Anne Devlin Park, Rathfarnham, Dublin 14, D14 EE95, Ireland",ROOFTOP,53.2900608,-6.3034998,D14 EE95,street_address,South Dublin,Rathfarnham-Ballyroan,03022,Dublin,267113006
210824,2017.0,"9 ARMSTRONG ST, HAROLDS CROSS, DUBLIN 6,Dublin,Ireland",09/06/2017,"9 ARMSTRONG ST, HAROLDS CROSS, DUBLIN 6",Dublin 6,Dublin,350000.0,No,No,Second-Hand Dwelling house /Apartment,,2017-06-09,"9 Armstrong St, Harold's Cross, Dublin 6, D06 EY93, Ireland",ROOFTOP,53.3287939,-6.2754671,D06 EY93,street_address,Dublin City,Rathmines West A,02138,Dublin,268132005
210829,2017.0,"9 AUDEON HOUSE, ARDILAUN COURT, PATRICK ST DUBLIN 8,Dublin,Ireland",09/03/2017,"9 AUDEON HOUSE, ARDILAUN COURT, PATRICK ST DUBLIN 8",Dublin 8,Dublin,189600.0,No,No,Second-Hand Dwelling house /Apartment,,2017-03-09,"Patrick St, Merchants Quay, Dublin, Ireland",GEOMETRIC_CENTER,53.3404129,-6.2725455,,"establishment,point_of_interest",Dublin City,Merchants Quay B,02120,Dublin,268099013
210830,2017.0,"9 AVOCA HALL, AVOCA PARK, BLACKROCK,Dublin,Ireland",05/05/2017,"9 AVOCA HALL, AVOCA PARK, BLACKROCK",,Dublin,405000.0,No,No,Second-Hand Dwelling house /Apartment,,2017-05-05,"Avoca Hall, Avoca Park, Carrysfort, Blackrock, Co. Dublin, Ireland",ROOFTOP,53.2947292,-6.1860274,,premise,Dn Laoghaire-Rathdown,Blackrock-Central,05010,Dublin,267021005
210840,2017.0,"9 BEECHFIELD COURT, APT 9, WHITEHALL RD WEST DUBLIN 12,Dublin,Ireland",06/03/2017,"9 BEECHFIELD COURT, APT 9, WHITEHALL RD WEST DUBLIN 12",Dublin 12,Dublin,204000.0,No,No,Second-Hand Dwelling house /Apartment,,2017-03-06,,,,,,,,,,,
210848,2017.0,"9 BRENNANSTOWN SQ, BRENNANSTOWN, CABINTEELY DUBLIN 18,Dublin,Ireland",08/05/2017,"9 BRENNANSTOWN SQ, BRENNANSTOWN, CABINTEELY DUBLIN 18",Dublin 18,Dublin,410000.0,No,Yes,New Dwelling house /Apartment,greater than or equal to 38 sq metres and less than 125 sq metres,2017-05-08,"18 Brennanstown Ave, Brenanstown, Cabinteely, Co. Dublin, D18 PW52, Ireland",ROOFTOP,53.2573312,-6.1509162,D18 PW52,street_address,Dn Laoghaire-Rathdown,Cabinteely-Loughlinstown,05020,Dublin,267038013
210852,2017.0,"9 Belarmine Lawns, Belarmine Woods,Dublin,Ireland",05/04/2017,"9 Belarmine Lawns, Belarmine Woods",Dublin 18,Dublin,374450.0,No,Yes,New Dwelling house /Apartment,greater than or equal to 38 sq metres and less than 125 sq metres,2017-04-05,"Belarmine Ave, Kilgobbin Woods, Dublin, Ireland",GEOMETRIC_CENTER,53.2582737,-6.2162705,,"establishment,point_of_interest",Dn Laoghaire-Rathdown,Glencullen,05057,Dublin,267092044
210853,2017.0,"9 Berseford Gardens, Donabate,Dublin,Ireland",10/04/2017,"9 Berseford Gardens, Donabate",,Dublin,299599.0,No,Yes,New Dwelling house /Apartment,greater than or equal to 125 sq metres,2017-04-10,"Beresford Green, Donabate, Co. Dublin, Ireland",GEOMETRIC_CENTER,53.4889065,-6.1624365,,"establishment,lodging,point_of_interest",Fingal,Donabate,04019,Dublin,267065011
210860,2017.0,"9 CAIRNBROOK, GLENAMUCK RD, CARRICKMINES DUBLIN 18,Dublin,Ireland",02/02/2017,"9 CAIRNBROOK, GLENAMUCK RD, CARRICKMINES DUBLIN 18",Dublin 18,Dublin,870000.0,No,No,Second-Hand Dwelling house /Apartment,,2017-02-02,,,,,,,,,,,
210871,2017.0,"9 CEDARWOOD AVE, BALLYMUN, DUBLIN 11,Dublin,Ireland",11/05/2017,"9 CEDARWOOD AVE, BALLYMUN, DUBLIN 11",Dublin 11,Dublin,411000.0,No,No,Second-Hand Dwelling house /Apartment,,2017-05-11,"9 Cedarwood Ave, Finglas East, Dublin 11, D11 YD96, Ireland",ROOFTOP,53.394478,-6.2858894,D11 YD96,street_address,Dublin City,Ballymun F,02020,Dublin,268020006
210889,2017.0,"9 COLLIS COURT, JUGBACK LANE, SWORDS,Dublin,Ireland",10/01/2017,"9 COLLIS COURT, JUGBACK LANE, SWORDS",,Dublin,130000.0,No,No,Second-Hand Dwelling house /Apartment,,2017-01-10,"Collis Court, Jugback Ln, Glebe, Swords, Co. Dublin, Ireland",ROOFTOP,53.465872,-6.2269938,,premise,Fingal,Swords-Lissenhall,04038,Dublin,267133032
210893,2017.0,"9 COWPER HALL, MOUNT SAINT ANNES, MILLTOWN,Dublin,Ireland",11/04/2017,"9 COWPER HALL, MOUNT SAINT ANNES, MILLTOWN",,Dublin,290749.0,No,Yes,New Dwelling house /Apartment,greater than or equal to 38 sq metres and less than 125 sq metres,2017-04-11,"Apartment 14, Cowper Hall, Milltown Ave, Mount St Annes, Dublin 6, Ireland",ROOFTOP,53.3119211,-6.2494527,,premise,Dublin City,Rathmines East B,02135,Dublin,268129012/268129013
210894,2017.0,"9 Castlegrange Court, Castaheany,Dublin,Ireland",12/01/2017,"9 Castlegrange Court, Castaheany",Dublin 15,Dublin,260000.0,No,Yes,New Dwelling house /Apartment,greater than or equal to 125 sq metres,2017-01-12,"9 Castlegrange Dr, Castaheany, Clonee, Co. Dublin, D15 FD2E, Ireland",ROOFTOP,53.399931,-6.4310585,D15 FD2E,street_address,Fingal,Blanchardstown-Blakestown,04009,Dublin,267028066
210895,2017.0,"9 Castleway, Kinsealy Lane, Kinsealy,Dublin,Ireland",07/06/2017,"9 Castleway, Kinsealy Lane, Kinsealy",,Dublin,748898.62,No,Yes,New Dwelling house /Apartment,greater than or equal to 125 sq metres,2017-06-07,,,,,,,,,,,
210902,2017.0,"9 DELHURST MEWS, ONGAR PARK, CLONSILLA DUBLIN 15,Dublin,Ireland",08/02/2017,"9 DELHURST MEWS, ONGAR PARK, CLONSILLA DUBLIN 15",Dublin 15,Dublin,205000.0,No,No,Second-Hand Dwelling house /Apartment,,2017-02-08,"9 Delhurst Mews, Ongar Park, Dublin 15, D15 E9W3, Ireland",ROOFTOP,53.392781,-6.4362993,D15 E9W3,street_address,Fingal,Blanchardstown-Blakestown,04009,Dublin,267028111
210915,2017.0,"9 EASTMORELAND COURT, EASTMORELAND PLACE, BALLSBRIDGE DUBLIN 4,Dublin,Ireland",12/01/2017,"9 EASTMORELAND COURT, EASTMORELAND PLACE, BALLSBRIDGE DUBLIN 4",Dublin 4,Dublin,150000.0,Yes,No,Second-Hand Dwelling house /Apartment,,2017-01-12,"Apartment 27, Eastmoreland Court, Eastmoreland Pl, Dublin 4, Ireland",ROOFTOP,53.3342687,-6.2421769,,premise,Dublin City,Pembroke West C,02132,Dublin,268117004
210918,2017.0,"9 ELMFIELD PARK, DONAGHMEDE, DUBLIN 13,Dublin,Ireland",02/05/2017,"9 ELMFIELD PARK, DONAGHMEDE, DUBLIN 13",Dublin 13,Dublin,330000.0,No,No,Second-Hand Dwelling house /Apartment,,2017-05-02,"9 Elmfield Park, Clarehall, Dublin 13, D13 R9W8, Ireland",ROOFTOP,53.3996187,-6.1666329,D13 R9W8,street_address,Dublin City,Grange A,02059,Dublin,268071014
210919,2017.0,"9 EMMET STREET, NORTH CIRCULAR ROAD, DUBLIN 7,Dublin,Ireland",05/04/2017,"9 EMMET STREET, NORTH CIRCULAR ROAD, DUBLIN 7",,Dublin,330000.0,No,No,Second-Hand Dwelling house /Apartment,,2017-04-05,,,,,,,,,,,
210920,2017.0,"9 EMMET STREET, NORTH CIRCULAR ROAD, DUBLIN 7,Dublin,Ireland",05/04/2017,"9 EMMET STREET, NORTH CIRCULAR ROAD, DUBLIN 7",,Dublin,330000.0,No,No,Second-Hand Dwelling house /Apartment,,2017-04-05,,,,,,,,,,,
210921,2017.0,"9 EMMET STREET, NORTH CIRCULAR ROAD, DUBLIN 7,Dublin,Ireland",05/04/2017,"9 EMMET STREET, NORTH CIRCULAR ROAD, DUBLIN 7",,Dublin,10000.0,No,No,Second-Hand Dwelling house /Apartment,,2017-04-05,,,,,,,,,,,
210922,2017.0,"9 EMMET STREET, NORTH CIRCULAR ROAD, DUBLIN 7,Dublin,Ireland",05/04/2017,"9 EMMET STREET, NORTH CIRCULAR ROAD, DUBLIN 7",,Dublin,10000.0,No,No,Second-Hand Dwelling house /Apartment,,2017-04-05,,,,,,,,,,,
210931,2017.0,"9 Emsworth Park, Kinsealy Lane, Kinsealy,Dublin,Ireland",01/02/2017,"9 Emsworth Park, Kinsealy Lane, Kinsealy",,Dublin,662995.0,No,Yes,New Dwelling house /Apartment,greater than or equal to 38 sq metres and less than 125 sq metres,2017-02-01,,,,,,,,,,,
210941,2017.0,"9 GLENARM, DRUMCONDRA, DUBLIN 9,Dublin,Ireland",06/02/2017,"9 GLENARM, DRUMCONDRA, DUBLIN 9",,Dublin,410000.0,No,No,Second-Hand Dwelling house /Apartment,,2017-02-06,"9 Glenarm Ave, Drumcondra, Dublin 9, D09 F977, Ireland",ROOFTOP,53.3668845,-6.257244,D09 F977,street_address,Dublin City,Botanic B,02028,Dublin,268028001
210943,2017.0,"9 GLENMORE PARK, BALLYBODEN, RATHFARNHAM DUBLIN 16,Dublin,Ireland",02/02/2017,"9 GLENMORE PARK, BALLYBODEN, RATHFARNHAM DUBLIN 16",Dublin 16,Dublin,278000.0,No,No,Second-Hand Dwelling house /Apartment,,2017-02-02,"9 Glenmore Park, Rathfarnham, Dublin 16, D16 X997, Ireland",ROOFTOP,53.2794956,-6.2864244,D16 X997,street_address,South Dublin,Edmondstown,03011,Dublin,267083012
210956,2017.0,"9 Hamilton Way, Royal Canal Park, Ratoath Road,Dublin,Ireland",08/06/2017,"9 Hamilton Way, Royal Canal Park, Ratoath Road",Dublin 15,Dublin,303964.75,No,Yes,New Dwelling house /Apartment,greater than or equal to 125 sq metres,2017-06-08,"Royal Canal Park, Dublin, Co. Dublin, Ireland",GEOMETRIC_CENTER,53.3770924,-6.3179312,,"establishment,point_of_interest",Dublin City,Ashtown A,02006,Dublin,268006025
210967,2017.0,"9 KNOCKLYON CLOSE, KNOCKLYON WOODS, DUBLIN 16,Dublin,Ireland",05/01/2017,"9 KNOCKLYON CLOSE, KNOCKLYON WOODS, DUBLIN 16",Dublin 16,Dublin,456000.0,No,No,Second-Hand Dwelling house /Apartment,,2017-01-05,"Apartment 12, Garthy Wood, Knocklyon Rd, Schollarstown, Dublin 16, Ireland",ROOFTOP,53.2819294,-6.3180174,,premise,South Dublin,Ballyboden,03002,Dublin,267013001
210969,2017.0,"9 LAMBOURNE PARK, BEAVERSTOWN RD, DONABATE,Dublin,Ireland",06/04/2017,"9 LAMBOURNE PARK, BEAVERSTOWN RD, DONABATE",,Dublin,275000.0,Yes,No,Second-Hand Dwelling house /Apartment,,2017-04-06,"9 Beaverstown Rd, Lambourne Park, Ballisk Common, Donabate, Co. Dublin, K36 N239, Ireland",ROOFTOP,53.4934262,-6.1462544,K36 N239,street_address,Fingal,Donabate,04019,Dublin,267065023
210978,2017.0,"9 LORNE TERRACE, OFF BROOKFEILD RD, KILMAINHAM DUBLIN 8,Dublin,Ireland",06/04/2017,"9 LORNE TERRACE, OFF BROOKFEILD RD, KILMAINHAM DUBLIN 8",Dublin 8,Dublin,368000.0,No,No,Second-Hand Dwelling house /Apartment,,2017-04-06,"Lorne Terrace, Brookfield St, Kilmainham, Dublin 8, Ireland",ROOFTOP,53.3397396,-6.3027289,,premise,Dublin City,Ushers F,02157,Dublin,268153004
210986,2017.0,"9 MEADES TERRACE, HOGAN PLACE, DUBLIN 2,Dublin,Ireland",12/05/2017,"9 MEADES TERRACE, HOGAN PLACE, DUBLIN 2",Dublin 2,Dublin,392000.0,No,No,Second-Hand Dwelling house /Apartment,,2017-05-12,,,,,,,,,,,
210991,2017.0,"9 MILLTOWN GROVE, CHURCHTOWN, DUBLIN 14,Dublin,Ireland",05/05/2017,"9 MILLTOWN GROVE, CHURCHTOWN, DUBLIN 14",Dublin 14,Dublin,685000.0,No,No,Second-Hand Dwelling house /Apartment,,2017-05-05,"9 Milltown Grove, Rathmines Little, Dublin 14, D14 TX40, Ireland",ROOFTOP,53.3020325,-6.2615096,D14 TX40,street_address,Dn Laoghaire-Rathdown,Churchtown-Orwell,05025,Dublin,267045005
211006,2017.0,"9 OLDTOWN COURT, OLDTOWN, DUBLIN,Dublin,Ireland",01/02/2017,"9 OLDTOWN COURT, OLDTOWN, DUBLIN",,Dublin,225000.0,No,No,Second-Hand Dwelling house /Apartment,,2017-02-01,"9, Oldtown, Co. Dublin, A45 PD78, Ireland",ROOFTOP,53.5245107,-6.3162953,A45 PD78,street_address,Fingal,Clonmethan,04018,Dublin,267054003
211007,2017.0,"9 OLNEY CRESCENT, TERENURE, DUBLIN 6W,Dublin,Ireland",09/01/2017,"9 OLNEY CRESCENT, TERENURE, DUBLIN 6W",,Dublin,680000.0,No,No,Second-Hand Dwelling house /Apartment,,2017-01-09,"9 Olney Cres, Terenure, Dublin 6W, Co. Dublin, D6W HC63, Ireland",ROOFTOP,53.3085309,-6.287581,D6W HC63,street_address,Dublin City,Terenure C,02150,Dublin,268146005
211017,2017.0,"9 PLEASANTS ST, DUBLIN 8, DUBLIN,Dublin,Ireland",10/02/2017,"9 PLEASANTS ST, DUBLIN 8, DUBLIN",Dublin 8,Dublin,895000.0,No,No,Second-Hand Dwelling house /Apartment,,2017-02-10,"9 Pleasants St, Saint Kevin's, Dublin 8, D08 X7K8, Ireland",ROOFTOP,53.3353855,-6.26785,D08 X7K8,street_address,Dublin City,St. Kevin's,02146,Dublin,268142006
211021,2017.0,"9 Parkside Square, Malahide,Dublin,Ireland",03/05/2017,"9 Parkside Square, Malahide",,Dublin,336497.79,No,Yes,New Dwelling house /Apartment,greater than or equal to 125 sq metres,2017-05-03,"13 Malahide Rd, Balgriffin, Dublin, Ireland",ROOFTOP,53.4046281,-6.1665709,,"establishment,point_of_interest",Dublin City,Grange A,02059,Dublin,268071002
211022,2017.0,"9 Pembrin Wood, Beechpark Road, Foxrock,Dublin,Ireland",11/04/2017,"9 Pembrin Wood, Beechpark Road, Foxrock",,Dublin,814978.0,No,Yes,New Dwelling house /Apartment,greater than or equal to 38 sq metres and less than 125 sq metres,2017-04-11,"Pembrin, Beech Park Rd, Deansgrange, Dublin 18, Ireland",ROOFTOP,53.2736332,-6.1662331,,premise,Dn Laoghaire-Rathdown,Foxrock-Beechpark,05053,Dublin,267087002
211029,2017.0,"9 RIDGEWOOD GROVE, SWORDS, DUBLIN,Dublin,Ireland",01/03/2017,"9 RIDGEWOOD GROVE, SWORDS, DUBLIN",,Dublin,185000.0,No,No,Second-Hand Dwelling house /Apartment,,2017-03-01,"9 Ridgewood Grove, Fosterstown North, Swords, Co. Dublin, Ireland",RANGE_INTERPOLATED,53.4445599,-6.2440017,,street_address,Fingal,Swords-Forrest,04036,Dublin,267132001
211036,2017.0,"9 ROYAL TERRACE EAST, DUN LAOGHAIRE, DUBLIN,Dublin,Ireland",03/03/2017,"9 ROYAL TERRACE EAST, DUN LAOGHAIRE, DUBLIN",,Dublin,1050000.0,No,No,Second-Hand Dwelling house /Apartment,,2017-03-03,"9 Royal Terrace E, D̼n Laoghaire, Dublin, A96 R5V6, Ireland",ROOFTOP,53.2863735,-6.1360526,A96 R5V6,street_address,Dn Laoghaire-Rathdown,Dn Laoghaire-Glenageary,05044,Dublin,267069005
211037,2017.0,"9 Roseland Avenue, Upper Glenageary Road,Dublin,Ireland",09/05/2017,"9 Roseland Avenue, Upper Glenageary Road",,Dublin,693998.18,No,Yes,New Dwelling house /Apartment,greater than or equal to 38 sq metres and less than 125 sq metres,2017-05-09,,,,,,,,,,,
211043,2017.0,"9 SEAFIELD DOWNS, CLONTARF, DUBLIN 3,Dublin,Ireland",05/04/2017,"9 SEAFIELD DOWNS, CLONTARF, DUBLIN 3",Dublin 3,Dublin,425000.0,No,No,Second-Hand Dwelling house /Apartment,,2017-04-05,"9 Seafield Downs, Clontarf East, Dublin 3, D03 A3K8, Ireland",ROOFTOP,53.3616775,-6.1826183,D03 A3K8,street_address,Dublin City,Clontarf East B,02038,Dublin,268042007
211053,2017.0,"9 ST BRIGIDS AVE, NORTH STRAND, DUBLIN 3,Dublin,Ireland",02/05/2017,"9 ST BRIGIDS AVE, NORTH STRAND, DUBLIN 3",Dublin 3,Dublin,290000.0,No,No,Second-Hand Dwelling house /Apartment,,2017-05-02,"9 Ascaill Bhr�_de, North Strand, Dublin 3, D03 NV32, Ireland",ROOFTOP,53.3586762,-6.2394775,D03 NV32,street_address,Dublin City,North Dock A,02076,Dublin,268107004
211054,2017.0,"9 ST CANICES COURT, CAPPAGH GREEN, FINGLAS DUBLIN 11,Dublin,Ireland",09/06/2017,"9 ST CANICES COURT, CAPPAGH GREEN, FINGLAS DUBLIN 11",Dublin 11,Dublin,100000.0,No,No,Second-Hand Dwelling house /Apartment,,2017-06-09,,,,,,,,,,,
211063,2017.0,"9 ST. JOSEPHS PARADE, PHIBSBORO, DUBLIN 7,Dublin,Ireland",03/02/2017,"9 ST. JOSEPHS PARADE, PHIBSBORO, DUBLIN 7",Dublin 7,Dublin,230000.0,No,No,Second-Hand Dwelling house /Apartment,,2017-02-03,"9 St Joseph's Parade, Phibsborough, Dublin 7, D07 K2R5, Ireland",ROOFTOP,53.3576731,-6.2669907,D07 K2R5,street_address,Dublin City,Inns Quay B,02067,Dublin,268081006
211068,2017.0,"9 STRALEM COURT, ONGAR, DUBLIN 15,Dublin,Ireland",12/04/2017,"9 STRALEM COURT, ONGAR, DUBLIN 15",,Dublin,156000.0,No,No,Second-Hand Dwelling house /Apartment,,2017-04-12,"9 Stralem Cres, Ongar Park, Dublin 15, D15 Y9V6, Ireland",ROOFTOP,53.3928647,-6.433425,D15 Y9V6,street_address,Fingal,Blanchardstown-Blakestown,04009,Dublin,267028104
211074,2017.0,"9 TEAL HOUSE, REDCOURT OAKS SEAFIELD RD EAST, CLONTARF,Dublin,Ireland",01/01/2017,"9 TEAL HOUSE, REDCOURT OAKS SEAFIELD RD EAST, CLONTARF",Dublin 3,Dublin,66000.0,Yes,No,Second-Hand Dwelling house /Apartment,,2017-01-01,,,,,,,,,,,
211077,2017.0,"9 THE BRAMBLINGS, KILLESTER, DUBLIN 5,Dublin,Ireland",01/03/2017,"9 THE BRAMBLINGS, KILLESTER, DUBLIN 5",Dublin 5,Dublin,445000.0,No,No,Second-Hand Dwelling house /Apartment,,2017-03-01,"9 The Bramblings, Clontarf, Dublin 5, D05 HD59, Ireland",ROOFTOP,53.373696,-6.2061879,D05 HD59,street_address,Dublin City,Clontarf West B,02043,Dublin,268047007
211089,2017.0,"9 THE LAURELS, TERENURE RD WEST, DUBLIN 6W,Dublin,Ireland",10/01/2017,"9 THE LAURELS, TERENURE RD WEST, DUBLIN 6W",,Dublin,410000.0,No,No,Second-Hand Dwelling house /Apartment,,2017-01-10,"9 Terenure Rd W, The Laurels, Terenure, Dublin 6W, Co. Dublin, D6W TA87, Ireland",ROOFTOP,53.311643,-6.2897113,D6W TA87,street_address,Dublin City,Terenure B,02149,Dublin,268145013
211107,2017.0,"9 The Court, Scholarstown Wood, Scholarstown Road  Rathfarnham,Dublin,Ireland",09/06/2017,"9 The Court, Scholarstown Wood, Scholarstown Road  Rathfarnham",Dublin 16,Dublin,427313.0,No,Yes,New Dwelling house /Apartment,greater than or equal to 38 sq metres and less than 125 sq metres,2017-06-09,"Scholarstown Rd, Ballyroan, Dublin, Ireland",GEOMETRIC_CENTER,53.2793586,-6.3073067,,"establishment,point_of_interest",South Dublin,Firhouse-Ballycullen,03012,Dublin,267085025
211112,2017.0,"9 The Grove, HAZELBROOK SQUARE, WHITEHALL ROAD,Dublin,Ireland",10/04/2017,"9 The Grove, HAZELBROOK SQUARE, WHITEHALL ROAD",,Dublin,695000.0,No,Yes,New Dwelling house /Apartment,greater than or equal to 125 sq metres,2017-04-10,"Hazelbrook Square, Whitehall Rd, Whitehall, Dublin 14, D14 YN99, Ireland",GEOMETRIC_CENTER,53.2932792,-6.2670409,D14 YN99,route,Dn Laoghaire-Rathdown,Churchtown-Castle,05022,Dublin,267042002
211113,2017.0,"9 The Lawn, Hansfield Wood,Dublin,Ireland",10/02/2017,"9 The Lawn, Hansfield Wood",Dublin 15,Dublin,273127.75,No,Yes,New Dwelling house /Apartment,greater than or equal to 38 sq metres and less than 125 sq metres,2017-02-10,"Clonsilla, Dublin, Ireland",GEOMETRIC_CENTER,53.3905516,-6.4322246,,"establishment,point_of_interest",Fingal,Blanchardstown-Blakestown,04009,Dublin,267028004/02
211117,2017.0,"9 Tullyhall Mews, Lucan,Dublin,Ireland",11/01/2017,"9 Tullyhall Mews, Lucan",,Dublin,262115.0,No,Yes,New Dwelling house /Apartment,greater than or equal to 38 sq metres and less than 125 sq metres,2017-01-11,"9 Tullyhall Dr, Kishoge, Lucan, Co. Dublin, K78 W400, Ireland",ROOFTOP,53.3366488,-6.4394482,K78 W400,street_address,South Dublin,Lucan-Esker,03015,Dublin,267100007
211124,2017.0,"9 WADELAI RD, GLASNEVIN, DUBLIN 11,Dublin,Ireland",04/01/2017,"9 WADELAI RD, GLASNEVIN, DUBLIN 11",Dublin 11,Dublin,355000.0,No,No,Second-Hand Dwelling house /Apartment,,2017-01-04,"9 Wadelai Rd, Ballygall, Dublin 11, D11 W1XF, Ireland",ROOFTOP,53.3873492,-6.269349,D11 W1XF,street_address,Dublin City,Ballygall C,02013,Dublin,268011005
211131,2017.0,"9 Warren Lodge, Sutton, Dublin 13,Dublin,Ireland",10/02/2017,"9 Warren Lodge, Sutton, Dublin 13",Dublin 13,Dublin,726872.24,No,Yes,New Dwelling house /Apartment,greater than or equal to 38 sq metres and less than 125 sq metres,2017-02-10,"Warren Lodge, Warrenhouse Rd, Burrow, Dublin 13, Ireland",ROOFTOP,53.3929688,-6.1239984,,premise,Fingal,Baldoyle,04004,Dublin,267004020
211132,2017.0,"9 adamstown Park, Adamstown Square, Adamstown,Dublin,Ireland",08/05/2017,"9 adamstown Park, Adamstown Square, Adamstown",,Dublin,264318.0,No,Yes,New Dwelling house /Apartment,greater than or equal to 38 sq metres and less than 125 sq metres,2017-05-08,"Adamstown Ave, Adamstown Castle, Lucan, Co. Dublin, Ireland",GEOMETRIC_CENTER,53.3374647,-6.458759,,"establishment,point_of_interest",South Dublin,Lucan-St. Helen's,03017,Dublin,267103012
211133,2017.0,"9 barnwell square south, hansfield,Dublin,Ireland",11/05/2017,"9 barnwell square south, hansfield",Dublin 15,Dublin,263876.0,No,Yes,New Dwelling house /Apartment,greater than or equal to 38 sq metres and less than 125 sq metres,2017-05-11,"9 Barnwell Rd, Hansfield, Dublin 15, D15 N52P, Ireland",ROOFTOP,53.3910336,-6.4432232,D15 N52P,street_address,Fingal,Blanchardstown-Blakestown,04009,Dublin,267028004/01
211146,2017.0,"90 MOUNT DRUMMOND SQ, HAROLDS CROSS, DUBLIN 6,Dublin,Ireland",07/06/2017,"90 MOUNT DRUMMOND SQ, HAROLDS CROSS, DUBLIN 6",Dublin 6,Dublin,501121.0,No,No,Second-Hand Dwelling house /Apartment,,2017-06-07,"90 Mount Drummond Square, Harold's Cross, Dublin 6, D06 H2H5, Ireland",ROOFTOP,53.3259103,-6.2741108,D06 H2H5,street_address,Dublin City,Rathmines West A,02138,Dublin,268132002
211163,2017.0,"91 FITZROY AVE, DRUMCONDRA, DUBLIN 3,Dublin,Ireland",06/01/2017,"91 FITZROY AVE, DRUMCONDRA, DUBLIN 3",Dublin 3,Dublin,290000.0,No,No,Second-Hand Dwelling house /Apartment,,2017-01-06,"91 Fitzroy Ave, Drumcondra, Dublin 3, D03 N276, Ireland",ROOFTOP,53.3617923,-6.2537349,D03 N276,street_address,Dublin City,Ballybough B,02010,Dublin,268010002
211164,2017.0,"91 HANDEL HOUSE, LORETO ABBEY, RATHFARNHAM DUBLIN 14,Dublin,Ireland",02/02/2017,"91 HANDEL HOUSE, LORETO ABBEY, RATHFARNHAM DUBLIN 14",Dublin 14,Dublin,330000.0,No,No,Second-Hand Dwelling house /Apartment,,2017-02-02,"Handel House, Loreto Abbey, Grange Rd, Rathfarnham, Dublin 14, Ireland",ROOFTOP,53.2932104,-6.2802125,,premise,South Dublin,Rathfarnham-Hermitage,03024,Dublin,267115004
211169,2017.0,"91 ORLYNN PARK, LUSK, DUBLIN,Dublin,Ireland",12/01/2017,"91 ORLYNN PARK, LUSK, DUBLIN",,Dublin,300000.0,No,No,Second-Hand Dwelling house /Apartment,,2017-01-12,"91 Orlynn Park, Lough Common, Lusk, Co. Dublin, K45 F650, Ireland",ROOFTOP,53.5237475,-6.1614944,K45 F650,street_address,Fingal,Lusk,04028,Dublin,267104008
211172,2017.0,"91 SOUTHMEDE, BALLINTEER RD, DUNDRUM DUBLIN 16,Dublin,Ireland",09/06/2017,"91 SOUTHMEDE, BALLINTEER RD, DUNDRUM DUBLIN 16",Dublin 16,Dublin,392000.0,No,No,Second-Hand Dwelling house /Apartment,,2017-06-09,"Southmede Apartment, Ballinteer Rd, Dundrum, Dublin 16, Ireland",ROOFTOP,53.282776,-6.2438397,,premise,Dn Laoghaire-Rathdown,Dundrum-Sandyford,05039,Dublin,267080013
211183,2017.0,"92 BELARMINE PLAZA, STEPASIDE, DUBLIN 18,Dublin,Ireland",08/02/2017,"92 BELARMINE PLAZA, STEPASIDE, DUBLIN 18",Dublin 18,Dublin,308500.0,No,No,Second-Hand Dwelling house /Apartment,,2017-02-08,"18 Belarmine Dr, Belarmine, Dublin 18, D18 CH98, Ireland",ROOFTOP,53.2591814,-6.2198368,D18 CH98,street_address,Dn Laoghaire-Rathdown,Glencullen,05057,Dublin,267092013
211184,2017.0,"92 BROADMEADOWS, SWORDS, DUBLIN,Dublin,Ireland",11/01/2017,"92 BROADMEADOWS, SWORDS, DUBLIN",,Dublin,330000.0,No,No,Second-Hand Dwelling house /Apartment,,2017-01-11,"92 Broadmeadows, Glebe, Swords, Co. Dublin, K67 K2Y9, Ireland",ROOFTOP,53.4655348,-6.2307951,K67 K2Y9,street_address,Fingal,Swords-Lissenhall,04038,Dublin,267133028
211193,2017.0,"92 PARK AVE, SWORDS, DUBLIN,Dublin,Ireland",11/05/2017,"92 PARK AVE, SWORDS, DUBLIN",,Dublin,290000.0,No,No,Second-Hand Dwelling house /Apartment,,2017-05-11,"92 Park Ave, Windmill Lands, Swords, Co. Dublin, K67 D9N4, Ireland",ROOFTOP,53.4586107,-6.2408425,K67 D9N4,street_address,Fingal,Swords-Forrest,04036,Dublin,267132044
211195,2017.0,"92 SHANDON PARK, PHIBSBOROUGH, DUBLIN,Dublin,Ireland",04/01/2017,"92 SHANDON PARK, PHIBSBOROUGH, DUBLIN",Dublin 7,Dublin,450000.0,No,No,Second-Hand Dwelling house /Apartment,,2017-01-04,"92 Shandon Park, Phibsborough, Dublin 7, D07 EK73, Ireland",ROOFTOP,53.3658474,-6.2803674,D07 EK73,street_address,Dublin City,Cabra East A,02030,Dublin,268030004
211198,2017.0,"92 TOWNSEND ST, DUBLIN 2, DUBLIN,Dublin,Ireland",03/04/2017,"92 TOWNSEND ST, DUBLIN 2, DUBLIN",Dublin 15,Dublin,180000.0,No,No,Second-Hand Dwelling house /Apartment,,2017-04-03,"92 Townsend St, Dublin 2, D02 KX45, Ireland",ROOFTOP,53.3452756,-6.2467607,D02 KX45,street_address,Dublin City,Mansion House A,02117,Dublin,268096017
211206,2017.0,"93 AVONBEG GARDENS, TALLAGHT, DUBLIN 24,Dublin,Ireland",03/05/2017,"93 AVONBEG GARDENS, TALLAGHT, DUBLIN 24",Dublin 24,Dublin,210000.0,No,No,Second-Hand Dwelling house /Apartment,,2017-05-03,"93 Avonbeg Gardens, Tymon South, Dublin 24, D24 F3CP, Ireland",ROOFTOP,53.2855738,-6.3476923,D24 F3CP,street_address,South Dublin,Tallaght-Avonbeg,03028,Dublin,267136004
211213,2017.0,"93 GRANGE RD, BALDOYLE, DUBLIN 13,Dublin,Ireland",10/05/2017,"93 GRANGE RD, BALDOYLE, DUBLIN 13",Dublin 13,Dublin,405500.0,No,No,Second-Hand Dwelling house /Apartment,,2017-05-10,"93 Grange Rd, Baldoyle, Dublin 13, D13 Y2C1, Ireland",ROOFTOP,53.3966092,-6.1402337,D13 Y2C1,street_address,Fingal,Baldoyle,04004,Dublin,267004007
211218,2017.0,"93 ST DAVIDS, ARTANE, DUBLIN 5,Dublin,Ireland",05/04/2017,"93 ST DAVIDS, ARTANE, DUBLIN 5",Dublin 5,Dublin,405000.0,No,No,Second-Hand Dwelling house /Apartment,,2017-04-05,"93 St David's, Beaumont, Dublin 5, D05 T3K6, Ireland",ROOFTOP,53.3819425,-6.2174487,D05 T3K6,street_address,Dublin City,Beaumont D,02024,Dublin,268024002
211220,2017.0,"93 THE CLAYTON, THE GASWORKS, RINGSEND,Dublin,Ireland",02/06/2017,"93 THE CLAYTON, THE GASWORKS, RINGSEND",,Dublin,438000.0,No,No,Second-Hand Dwelling house /Apartment,,2017-06-02,,,,,,,,,,,
211229,2017.0,"94 ARTHUR GRIFFITH PARK, LUCAN, DUBLIN,Dublin,Ireland",03/05/2017,"94 ARTHUR GRIFFITH PARK, LUCAN, DUBLIN",,Dublin,250000.0,No,No,Second-Hand Dwelling house /Apartment,,2017-05-03,"94 Arthur Griffith Park, Esker South, Lucan, Co. Dublin, K78 KX54, Ireland",ROOFTOP,53.3462154,-6.4405135,K78 KX54,street_address,South Dublin,Lucan-Esker,03015,Dublin,267100013
211235,2017.0,"94 GLASNEVIN AVE, DUBLIN 11, DUBLIN,Dublin,Ireland",03/02/2017,"94 GLASNEVIN AVE, DUBLIN 11, DUBLIN",Dublin 11,Dublin,410000.0,No,No,Second-Hand Dwelling house /Apartment,,2017-02-03,"94 Glasnevin Ave, Ballymun, Dublin 11, D11 N5W6, Ireland",ROOFTOP,53.3902406,-6.2723065,D11 N5W6,street_address,Dublin City,Ballymun E,02019,Dublin,268019001
211242,2017.0,"94 THE GATEWAY, MAIN ST, BALLYMUN DUBLIN 11,Dublin,Ireland",06/06/2017,"94 THE GATEWAY, MAIN ST, BALLYMUN DUBLIN 11",Dublin 11,Dublin,165000.0,No,No,Second-Hand Dwelling house /Apartment,,2017-06-06,"Apartment 59, The Gateway Student Village, Main St, Ballymun, Dublin 9, Ireland",ROOFTOP,53.3942793,-6.2629225,,premise,Dublin City,Ballymun C,02017,Dublin,268017015/268017016/268017017
211249,2017.0,"95 BELGROVE PARK, MOUNT PROSPECT LAWNS, CLONTARF DUBLIN 3,Dublin,Ireland",04/05/2017,"95 BELGROVE PARK, MOUNT PROSPECT LAWNS, CLONTARF DUBLIN 3",Dublin 3,Dublin,355000.0,No,No,Second-Hand Dwelling house /Apartment,,2017-05-04,"Belgrove Park, Mount Prospect Lawns, Clontarf East, Dublin 3, Ireland",ROOFTOP,53.3683355,-6.1910597,,premise,Dublin City,Clontarf East B,02038,Dublin,268042028
211268,2017.0,"95 WESTENDGATE, COOKSTOWN WAY, TALLAGHT DUBLIN 24,Dublin,Ireland",09/06/2017,"95 WESTENDGATE, COOKSTOWN WAY, TALLAGHT DUBLIN 24",Dublin 24,Dublin,165000.0,No,No,Second-Hand Dwelling house /Apartment,,2017-06-09,"Old Blessington Rd, Whitestown, Dublin, Ireland",GEOMETRIC_CENTER,53.2851799,-6.3763274,,"establishment,lodging,point_of_interest",South Dublin,Tallaght-Springfield,03039,Dublin,267147007
211274,2017.0,"96 BEAUMONT AVE, CHURCHTOWN, DUBLIN 14,Dublin,Ireland",11/04/2017,"96 BEAUMONT AVE, CHURCHTOWN, DUBLIN 14",Dublin 14,Dublin,537000.0,No,No,Second-Hand Dwelling house /Apartment,,2017-04-11,"96 Beaumont Ave, Churchtown Upper, Dublin, Ireland",RANGE_INTERPOLATED,53.2903959,-6.2569782,,street_address,Dn Laoghaire-Rathdown,Churchtown-Nutgrove,05024,Dublin,267044010
211284,2017.0,"96 LITTLEPACE WOODS, CLONEE, DUBLIN 15,Dublin,Ireland",03/02/2017,"96 LITTLEPACE WOODS, CLONEE, DUBLIN 15",Dublin 15,Dublin,270000.0,No,No,Second-Hand Dwelling house /Apartment,,2017-02-03,"96 Littlepace Woods, Littlepace, Clonee, Co. Dublin, D15 R2A0, Ireland",ROOFTOP,53.4038343,-6.4303402,D15 R2A0,street_address,Fingal,Blanchardstown-Blakestown,04009,Dublin,267028043
211287,2017.0,"96 MOYLARAGH CRESCENT, BALBRIGGAN, DUBLIN,Dublin,Ireland",10/02/2017,"96 MOYLARAGH CRESCENT, BALBRIGGAN, DUBLIN",,Dublin,165000.0,No,No,Second-Hand Dwelling house /Apartment,,2017-02-10,"96 Moylaragh Cres, Tankardstown, Balbriggan, Co. Dublin, K32 EW44, Ireland",ROOFTOP,53.6097062,-6.2005546,K32 EW44,street_address,Fingal,Balbriggan Rural,04002,Dublin,267002006
211291,2017.0,"96 ST DONAGHS RD, DONAGHMEDE, DUBLIN 13,Dublin,Ireland",10/01/2017,"96 ST DONAGHS RD, DONAGHMEDE, DUBLIN 13",Dublin 13,Dublin,285000.0,No,No,Second-Hand Dwelling house /Apartment,,2017-01-10,"96 St Donagh's Rd, Donaghmede, Dublin 13, D13 XN83, Ireland",ROOFTOP,53.3917798,-6.1647249,D13 XN83,street_address,Dublin City,Grange C,02061,Dublin,268073011
211294,2017.0,"96 TANEY CRESCENT, GOATSTOWN, DUBLIN 14,Dublin,Ireland",12/05/2017,"96 TANEY CRESCENT, GOATSTOWN, DUBLIN 14",Dublin 14,Dublin,587000.0,No,No,Second-Hand Dwelling house /Apartment,,2017-05-12,"96 Taney Cres, Drummartin, Dublin 14, D14 CX85, Ireland",ROOFTOP,53.2940696,-6.2378689,D14 CX85,street_address,Dn Laoghaire-Rathdown,Dundrum-Taney,05041,Dublin,267082002
211300,2017.0,"97 BALKILL PARK, HOWTH, DUBLIN,Dublin,Ireland",02/02/2017,"97 BALKILL PARK, HOWTH, DUBLIN",Dublin 13,Dublin,435000.0,No,No,Second-Hand Dwelling house /Apartment,,2017-02-02,"97 Balkill Park, Howth, Co. Dublin, D13 F251, Ireland",ROOFTOP,53.38253,-6.069645,D13 F251,street_address,Fingal,Howth,04024,Dublin,267095013
211306,2017.0,"97 DODDER PARK RD, RATHFARNHAM, DUBLIN 14,Dublin,Ireland",02/03/2017,"97 DODDER PARK RD, RATHFARNHAM, DUBLIN 14",Dublin 14,Dublin,625000.0,No,No,Second-Hand Dwelling house /Apartment,,2017-03-02,"97 Dodder Park Rd, Rathfarnham, Dublin 14, D14 X466, Ireland",ROOFTOP,53.3042258,-6.2741657,D14 X466,street_address,South Dublin,Rathfarnham Village,03026,Dublin,267117006
211318,2017.0,"97 SHANTALLA RD, WHITEHALL, DUBLIN 9,Dublin,Ireland",06/01/2017,"97 SHANTALLA RD, WHITEHALL, DUBLIN 9",Dublin 9,Dublin,335000.0,No,No,Second-Hand Dwelling house /Apartment,,2017-01-06,"97 Shantalla Rd, Beaumont, Dublin 9, D09 PN50, Ireland",ROOFTOP,53.3880518,-6.238592,D09 PN50,street_address,Dublin City,Beaumont A,02021,Dublin,268021005
211320,2017.0,"97 SOUTHGATE, CORK ST, DUBLIN,Dublin,Ireland",07/03/2017,"97 SOUTHGATE, CORK ST, DUBLIN",Dublin 8,Dublin,320000.0,No,No,Second-Hand Dwelling house /Apartment,,2017-03-07,"South Gate Apartments, Cork St, Merchants Quay, Dublin 8, Ireland",ROOFTOP,53.3381023,-6.2798564,,premise,Dublin City,Merchants Quay C,02121,Dublin,268100014
211329,2017.0,"98 BRIARFIELD RD KILBARRACK, DUBLIN 5, DUBLIN,Dublin,Ireland",05/05/2017,"98 BRIARFIELD RD KILBARRACK, DUBLIN 5, DUBLIN",Dublin 5,Dublin,220000.0,No,No,Second-Hand Dwelling house /Apartment,,2017-05-05,"98 Briarfield Rd, Donaghmede, Dublin 5, D05 E029, Ireland",ROOFTOP,53.3853039,-6.1617044,D05 E029,street_address,Dublin City,Raheny-Foxfield,02085,Dublin,268124006
211330,2017.0,"98 CASTLEMOYNE, BAIGRIFFIN, DUBLIN 13,Dublin,Ireland",09/03/2017,"98 CASTLEMOYNE, BAIGRIFFIN, DUBLIN 13",Dublin 13,Dublin,485000.0,No,No,Second-Hand Dwelling house /Apartment,,2017-03-09,"98 Castlemoyne, Balgriffin, Dublin 13, D13 WN28, Ireland",ROOFTOP,53.4094002,-6.1662014,D13 WN28,street_address,Fingal,Balgriffin,04005,Dublin,267005005
211333,2017.0,"98 DELWOOD WALK, CASTLEKNOCK, DUBLIN,Dublin,Ireland",07/06/2017,"98 DELWOOD WALK, CASTLEKNOCK, DUBLIN",Dublin 15,Dublin,540000.0,No,No,Second-Hand Dwelling house /Apartment,,2017-06-07,"98 Delwood Walk, Blanchardstown, Dublin 15, D15 FC8P, Ireland",ROOFTOP,53.3800758,-6.3859171,D15 FC8P,street_address,Fingal,Blanchardstown-Delwood,04012,Dublin,267031002
211337,2017.0,"98 HOLYWELL WOOD, SWORDS, DUBLIN,Dublin,Ireland",03/02/2017,"98 HOLYWELL WOOD, SWORDS, DUBLIN",,Dublin,138000.0,No,No,Second-Hand Dwelling house /Apartment,,2017-02-03,"98 Holywell Wood, Barrysparks, Swords, Co. Dublin, Ireland",RANGE_INTERPOLATED,53.4448751,-6.2129667,,street_address,Fingal,Kinsaley,04026,Dublin,267099004
211339,2017.0,"98 LANDSCAPE PARK, CHURCHTOWN, DUBLIN,Dublin,Ireland",03/03/2017,"98 LANDSCAPE PARK, CHURCHTOWN, DUBLIN",Dublin 14,Dublin,230000.0,Yes,No,Second-Hand Dwelling house /Apartment,,2017-03-03,"98 Landscape Park, Rathmines Little, Dublin 14, D14 X654, Ireland",ROOFTOP,53.2995278,-6.2639557,D14 X654,street_address,Dn Laoghaire-Rathdown,Churchtown-Landscape,05023,Dublin,267043006
211341,2017.0,"98 MERRION PARK, BLACKROCK, DUBLIN,Dublin,Ireland",12/01/2017,"98 MERRION PARK, BLACKROCK, DUBLIN",,Dublin,710000.0,No,No,Second-Hand Dwelling house /Apartment,,2017-01-12,"98 Merrion Park, Merrion, Blackrock, Co. Dublin, A94 R2X8, Ireland",ROOFTOP,53.2979026,-6.2027657,A94 R2X8,street_address,Dn Laoghaire-Rathdown,Blackrock-Williamstown,05017,Dublin,267026004
211350,2017.0,"99 CRUISE PARK DRIVE, TYRRELSTOWN, DUBLIN 15,Dublin,Ireland",03/02/2017,"99 CRUISE PARK DRIVE, TYRRELSTOWN, DUBLIN 15",,Dublin,220000.0,No,No,Second-Hand Dwelling house /Apartment,,2017-02-03,"99 Cruise Park Dr, Tyrrelstown, Dublin 15, D15 HF99, Ireland",ROOFTOP,53.4188941,-6.3974672,D15 HF99,street_address,Fingal,The Ward,04041,Dublin,267158011
211354,2017.0,"99 FERNLEIGH DR, RIVERWOOD, CASTLEKNOCK DUBLIN 15,Dublin,Ireland",09/01/2017,"99 FERNLEIGH DR, RIVERWOOD, CASTLEKNOCK DUBLIN 15",Dublin 15,Dublin,160000.0,No,No,Second-Hand Dwelling house /Apartment,,2017-01-09,,,,,,,,,,,
211355,2017.0,"99 LOHUNDA PARK, CLONSILLA, DUBLIN 15,Dublin,Ireland",06/03/2017,"99 LOHUNDA PARK, CLONSILLA, DUBLIN 15",Dublin 15,Dublin,269000.0,No,No,Second-Hand Dwelling house /Apartment,,2017-03-06,"99 Lohunda Park, Clonsilla, Dublin 15, D15 XNH1, Ireland",ROOFTOP,53.3881248,-6.4128784,D15 XNH1,street_address,Fingal,Blanchardstown-Blakestown,04009,Dublin,267028024
211368,2017.0,"A9 SLADE, TASSAGARD GREEN, SAGGART,Dublin,Ireland",02/02/2017,"A9 SLADE, TASSAGARD GREEN, SAGGART",,Dublin,275000.0,No,No,Second-Hand Dwelling house /Apartment,,2017-02-02,"Tassagard Green, Garters Ln, Coldwater Commons, Saggart, Co. Dublin, Ireland",ROOFTOP,53.2813933,-6.4406691,,premise,South Dublin,Saggart,03027,Dublin,267119012
211401,2017.0,"AISLING, 28 UPPER GLENAGEARY RD, GLENAGEARY,Dublin,Ireland",10/03/2017,"AISLING, 28 UPPER GLENAGEARY RD, GLENAGEARY",,Dublin,560000.0,No,No,Second-Hand Dwelling house /Apartment,,2017-03-10,"Ashling, 28 Glenageary Rd Upper, Glenageary, Dublin, A96 Y7H9, Ireland",ROOFTOP,53.2821101,-6.1425497,A96 Y7H9,street_address,Dn Laoghaire-Rathdown,Dn Laoghaire-Sallynoggin West,05049,Dublin,267074006
211407,2017.0,"ALLSTON, KNAPTON RD, DUN LAOGHAIRE,Dublin,Ireland",10/01/2017,"ALLSTON, KNAPTON RD, DUN LAOGHAIRE",,Dublin,2110000.0,No,No,Second-Hand Dwelling house /Apartment,,2017-01-10,,,,,,,,,,,
211421,2017.0,"AN COIRNEAL, 17 DELBROOK MANOR, DUNDRUM DUBLIN 16,Dublin,Ireland",04/05/2017,"AN COIRNEAL, 17 DELBROOK MANOR, DUNDRUM DUBLIN 16",Dublin 16,Dublin,1100000.0,No,No,Second-Hand Dwelling house /Apartment,,2017-05-04,"An Coirneal, 17 Delbrook Manor, Balally, Dublin 16, D16 X5A0, Ireland",ROOFTOP,53.2748103,-6.2414791,D16 X5A0,street_address,Dn Laoghaire-Rathdown,Dundrum-Sandyford,05039,Dublin,267080002
211458,2017.0,"APARTMENT 1, 49 - 50 MARY ST, DUBLIN 1,Dublin,Ireland",07/03/2017,"APARTMENT 1, 49 - 50 MARY ST, DUBLIN 1",Dublin 15,Dublin,255000.0,No,No,Second-Hand Dwelling house /Apartment,,2017-03-07,"1, 50 St Mary's Rd, Walkinstown, Dublin 12, D12 X2V1, Ireland",ROOFTOP,53.3235461,-6.3191878,D12 X2V1,subpremise,Dublin City,Walkinstown B,02159,Dublin,268155002
211465,2017.0,"APARTMENT 1, DEAN STREET, DUBLIN 8,Dublin,Ireland",07/04/2017,"APARTMENT 1, DEAN STREET, DUBLIN 8",,Dublin,125000.0,No,No,Second-Hand Dwelling house /Apartment,,2017-04-07,"1 Dean St, Merchants Quay, Dublin 8, D08 E261, Ireland",ROOFTOP,53.3389132,-6.273212,D08 E261,street_address,Dublin City,Merchants Quay C,02121,Dublin,268100017
211473,2017.0,"APARTMENT 104, CHARLOTTE QUAY DOCK, DUBLIN 4,Dublin,Ireland",07/02/2017,"APARTMENT 104, CHARLOTTE QUAY DOCK, DUBLIN 4",,Dublin,320000.0,No,No,Second-Hand Dwelling house /Apartment,,2017-02-07,"104, Charlotte Quay Dock, Ringsend Rd, Grand Canal Dock, Dublin 4, Ireland",ROOFTOP,53.3425769,-6.2366343,,subpremise,Dublin City,South Dock,02147,Dublin,268143021
211477,2017.0,"APARTMENT 13, RUSSELL COURT, ST STEPHENS GREEN,Dublin,Ireland",12/05/2017,"APARTMENT 13, RUSSELL COURT, ST STEPHENS GREEN",,Dublin,535000.0,No,No,Second-Hand Dwelling house /Apartment,,2017-05-12,"13, Russell Court, St Stephen's Green, Saint Kevin's, Dublin 2, Ireland",ROOFTOP,53.3373332,-6.2624935,,subpremise,Dublin City,St. Kevin's,02146,Dublin,268142009
211488,2017.0,"APARTMENT 2, DEAN STREET, DUBLIN 8,Dublin,Ireland",07/04/2017,"APARTMENT 2, DEAN STREET, DUBLIN 8",,Dublin,175000.0,No,No,Second-Hand Dwelling house /Apartment,,2017-04-07,"2 Dean St, Merchants Quay, Dublin 8, D08 V8F5, Ireland",ROOFTOP,53.3389362,-6.2731006,D08 V8F5,street_address,Dublin City,Merchants Quay C,02121,Dublin,268100017
211497,2017.0,"APARTMENT 3, CYPRESS GARTH, TEMPLEOGUE,Dublin,Ireland",08/05/2017,"APARTMENT 3, CYPRESS GARTH, TEMPLEOGUE",,Dublin,208000.0,No,No,Second-Hand Dwelling house /Apartment,,2017-05-08,"291 Templeogue Rd, Templeogue Village, Dublin 6W, Co. Dublin, Ireland",ROOFTOP,53.298553,-6.3039421,,"establishment,point_of_interest,real_estate_agency",South Dublin,Templeogue Village,03046,Dublin,267154005
211498,2017.0,"APARTMENT 3, DEAN STREET, DUBLIN 8,Dublin,Ireland",07/04/2017,"APARTMENT 3, DEAN STREET, DUBLIN 8",,Dublin,125000.0,No,No,Second-Hand Dwelling house /Apartment,,2017-04-07,"3, 8 Dean St, Merchants Quay, Dublin, Ireland",ROOFTOP,53.3389928,-6.2728303,,subpremise,Dublin City,Merchants Quay C,02121,Dublin,268100017
211499,2017.0,"APARTMENT 30 SHANOWEN HALL, SHANOWEN ROAD, SANTRY,Dublin,Ireland",10/03/2017,"APARTMENT 30 SHANOWEN HALL, SHANOWEN ROAD, SANTRY",Dublin 9,Dublin,212000.0,No,No,Second-Hand Dwelling house /Apartment,,2017-03-10,"30, Shanowen Hall, Shanowen Rd, Whitehall, Dublin 9, Ireland",ROOFTOP,53.3881662,-6.255739,,subpremise,Dublin City,Whitehall B,02091,Dublin,268158016
211515,2017.0,"APARTMENT 61, BLOCK E, SMITHFIELD MARKET,Dublin,Ireland",12/01/2017,"APARTMENT 61, BLOCK E, SMITHFIELD MARKET",,Dublin,420000.0,No,No,Second-Hand Dwelling house /Apartment,,2017-01-12,"61, Camden Market, Grantham St, Saint Kevin's, Dublin 8, Ireland",ROOFTOP,53.3342251,-6.2659518,,subpremise,Dublin City,St. Kevin's,02146,Dublin,268142006
211523,2017.0,"APARTMENT 86, BLOCK B, SMITHFIELD,Dublin,Ireland",03/02/2017,"APARTMENT 86, BLOCK B, SMITHFIELD",Dublin 7,Dublin,355000.0,No,No,Second-Hand Dwelling house /Apartment,,2017-02-03,"Apartment 86 Block C, Smithfield Market, Smithfield, Arran Quay, Dublin 7, Ireland",ROOFTOP,53.3480983,-6.2788312,,subpremise,Dublin City,Arran Quay C,02003,Dublin,268003014
211536,2017.0,"APARTMENT NO 7, CORN MILL, DISTILLERY ROAD,Dublin,Ireland",11/05/2017,"APARTMENT NO 7, CORN MILL, DISTILLERY ROAD",Dublin 3,Dublin,205000.0,No,No,Second-Hand Dwelling house /Apartment,,2017-05-11,"7 Corn Mill Row, Distillery Rd, Drumcondra, Dublin 3, D03 E227, Ireland",ROOFTOP,53.3626534,-6.2483394,D03 E227,street_address,Dublin City,Drumcondra South B,02048,Dublin,268059001
211543,2017.0,"APRES SCHOOL CLUB APT, ADELAIDE RD, GLASTHULE,Dublin,Ireland",02/02/2017,"APRES SCHOOL CLUB APT, ADELAIDE RD, GLASTHULE",,Dublin,200000.0,No,No,Second-Hand Dwelling house /Apartment,,2017-02-02,"Ballinclea Road, Killiney, Dublin, Ireland",GEOMETRIC_CENTER,53.269913,-6.125217,,"establishment,point_of_interest",Dn Laoghaire-Rathdown,Dalkey-Avondale,05032,Dublin,267062002
211575,2017.0,"APT 1 ST CATHERINES CHURCH, BRIDGEFOOT STREET, DUBLIN 8,Dublin,Ireland",12/04/2017,"APT 1 ST CATHERINES CHURCH, BRIDGEFOOT STREET, DUBLIN 8",Dublin 8,Dublin,102962.99,No,No,Second-Hand Dwelling house /Apartment,,2017-04-12,"Thomas St, Merchants Quay, Dublin 8, D08 DNA7, Ireland",GEOMETRIC_CENTER,53.3429489,-6.2812265,D08 DNA7,"church,establishment,place_of_worship,point_of_interest",Dublin City,Merchants Quay B,02120,Dublin,268099004
211583,2017.0,"APT 1, 113 115 STRAND RD, SANDYMOUNT DUBLIN 4,Dublin,Ireland",04/04/2017,"APT 1, 113 115 STRAND RD, SANDYMOUNT DUBLIN 4",Dublin 4,Dublin,280000.0,No,No,Second-Hand Dwelling house /Apartment,,2017-04-04,"1, 113 Strand Mews, Dublin 4, D04 RP77, Ireland",ROOFTOP,53.3262588,-6.2082428,D04 RP77,subpremise,Dublin City,Pembroke East C,02127,Dublin,268112007
211587,2017.0,"APT 1, 14 PROSPECT RD, GLASNEVIN DUBLIN 9,Dublin,Ireland",05/04/2017,"APT 1, 14 PROSPECT RD, GLASNEVIN DUBLIN 9",Dublin 9,Dublin,182000.0,No,No,Second-Hand Dwelling house /Apartment,,2017-04-05,"1, 14 Prospect Rd, Drumcondra, Dublin 9, D09 EY93, Ireland",ROOFTOP,53.3654759,-6.2713883,D09 EY93,subpremise,Dublin City,Botanic C,02029,Dublin,268029006
211588,2017.0,"APT 1, 151 153 JAMES ST, DUBLIN 8,Dublin,Ireland",11/04/2017,"APT 1, 151 153 JAMES ST, DUBLIN 8",Dublin 8,Dublin,40000.0,No,No,Second-Hand Dwelling house /Apartment,,2017-04-11,"1 St James's Ave, Ballybough, Dublin 3, D03 KV99, Ireland",ROOFTOP,53.3616279,-6.2477031,D03 KV99,street_address,Dublin City,Ballybough A,02009,Dublin,268009003
211591,2017.0,"APT 1, 23 LOWER LEESON ST, DUBLIN 2,Dublin,Ireland",04/01/2017,"APT 1, 23 LOWER LEESON ST, DUBLIN 2",Dublin 2,Dublin,2150000.0,No,No,Second-Hand Dwelling house /Apartment,,2017-01-04,"2 Lower Leeson St, Saint Kevin's, Ireland, Co. Dublin, Dublin 2, Ireland",ROOFTOP,53.3348669,-6.256062,Dublin 2,"establishment,lodging,point_of_interest",Dublin City,St. Kevin's,02146,Dublin,268142009
211592,2017.0,"APT 1, 23 MARY STREET LITTLE, DUBLIN 1,Dublin,Ireland",09/05/2017,"APT 1, 23 MARY STREET LITTLE, DUBLIN 1",,Dublin,450000.0,No,No,Second-Hand Dwelling house /Apartment,,2017-05-09,"Apartment 1, Tyrone House, 23 Sr��id Mhuire Bheag, Smithfield, Dublin 7, D07 EV52, Ireland",ROOFTOP,53.348243,-6.2695934,D07 EV52,street_address,Dublin City,North City,02075,Dublin,268106002
211593,2017.0,"APT 1, 3 PROBY SQ, CARYSFORT AVE,Dublin,Ireland",02/03/2017,"APT 1, 3 PROBY SQ, CARYSFORT AVE",,Dublin,325000.0,No,No,Second-Hand Dwelling house /Apartment,,2017-03-02,,,,,,,,,,,
211602,2017.0,"APT 1, 41 ARRAN QUAY, DUBLIN 7,Dublin,Ireland",09/03/2017,"APT 1, 41 ARRAN QUAY, DUBLIN 7",Dublin 7,Dublin,188500.0,No,No,Second-Hand Dwelling house /Apartment,,2017-03-09,"1, 41 Arran Quay, Dublin 7, D07 T042, Ireland",ROOFTOP,53.3466841,-6.2799696,D07 T042,subpremise,Dublin City,Arran Quay C,02003,Dublin,268003015
211606,2017.0,"APT 1, 47 SANDYCOVE RD, SANDYCOVE,Dublin,Ireland",07/04/2017,"APT 1, 47 SANDYCOVE RD, SANDYCOVE",,Dublin,400000.0,No,No,Second-Hand Dwelling house /Apartment,,2017-04-07,"1, Sandycove Lodge, Sandycove Ave E, D̼n Laoghaire, Dublin, Ireland",ROOFTOP,53.2868833,-6.1128218,,subpremise,Dn Laoghaire-Rathdown,Dn Laoghaire-Sandycove,05050,Dublin,267076004
211616,2017.0,"APT 1, ASTON HOUSE, ASTON PLACE DUBLIN 2,Dublin,Ireland",01/03/2017,"APT 1, ASTON HOUSE, ASTON PLACE DUBLIN 2",Dublin 2,Dublin,305000.0,No,No,Second-Hand Dwelling house /Apartment,,2017-03-01,"1, Aston House, Aston Pl, Temple Bar, Dublin 2, Ireland",ROOFTOP,53.3463048,-6.2607843,,subpremise,Dublin City,Royal Exchange A,02144,Dublin,268140015
211619,2017.0,"APT 1, BLK 6 CLARION QUAY APTS, EXCISE WALK DUBLIN 1,Dublin,Ireland",05/01/2017,"APT 1, BLK 6 CLARION QUAY APTS, EXCISE WALK DUBLIN 1",Dublin 1,Dublin,345000.0,No,No,Second-Hand Dwelling house /Apartment,,2017-01-05,,,,,,,,,,,
211624,2017.0,"APT 1, EUSTACE HOUSE, EAST ESSEX ST DUBLIN 2,Dublin,Ireland",06/03/2017,"APT 1, EUSTACE HOUSE, EAST ESSEX ST DUBLIN 2",Dublin 2,Dublin,485000.0,No,No,Second-Hand Dwelling house /Apartment,,2017-03-06,"Eustace House, Apartment 1, Essex St E, Temple Bar, Dublin 2, Ireland",ROOFTOP,53.3455273,-6.2647325,,premise,Dublin City,Royal Exchange A,02144,Dublin,268140014
211630,2017.0,"APT 1, HOLMEADE HOUSE, HOLLES ST DUBLIN 2,Dublin,Ireland",01/03/2017,"APT 1, HOLMEADE HOUSE, HOLLES ST DUBLIN 2",Dublin 2,Dublin,260000.0,No,No,Second-Hand Dwelling house /Apartment,,2017-03-01,"1, Holmeade House, Holles St, Grand Canal Dock, Dublin 2, Ireland",ROOFTOP,53.3409335,-6.2453313,,subpremise,Dublin City,South Dock,02147,Dublin,268143006
211637,2017.0,"APT 1, ROCHFORT HOUSE, DEAN COURT,Dublin,Ireland",08/03/2017,"APT 1, ROCHFORT HOUSE, DEAN COURT",Dublin 8,Dublin,222000.0,No,No,Second-Hand Dwelling house /Apartment,,2017-03-08,,,,,,,,,,,
211641,2017.0,"APT 1, SEMPEL COURT, 103 CAPEL ST DUBLIN 1,Dublin,Ireland",08/03/2017,"APT 1, SEMPEL COURT, 103 CAPEL ST DUBLIN 1",Dublin 1,Dublin,172000.0,No,No,Second-Hand Dwelling house /Apartment,,2017-03-08,"1, Semple Court, Capel St, Rotunda, Dublin 1, Ireland",ROOFTOP,53.3498328,-6.2695616,,subpremise,Dublin City,Rotunda B,02089,Dublin,268139006
211648,2017.0,"APT 1, THE MOORINGS, PORTOBELLO HARBOUR DUBLIN 8,Dublin,Ireland",05/05/2017,"APT 1, THE MOORINGS, PORTOBELLO HARBOUR DUBLIN 8",Dublin 8,Dublin,415000.0,No,No,Second-Hand Dwelling house /Apartment,,2017-05-05,"1, The Moorings, Portobello Harbour, Saint Kevin's, Dublin 8, Ireland",ROOFTOP,53.3304247,-6.2667643,,subpremise,Dublin City,St. Kevin's,02146,Dublin,268142010
211653,2017.0,"APT 10 ADELAIDE HOUSE, 7/8 HADDINGTON TERRACE, DUN LAOGHAIRE,Dublin,Ireland",02/06/2017,"APT 10 ADELAIDE HOUSE, 7/8 HADDINGTON TERRACE, DUN LAOGHAIRE",,Dublin,419000.0,No,No,Second-Hand Dwelling house /Apartment,,2017-06-02,"10, Adelaide House, Haddington Terrace, D̼n Laoghaire, Dublin, Ireland",ROOFTOP,53.2923213,-6.1308937,,subpremise,Dn Laoghaire-Rathdown,Dn Laoghaire-East Central,05042,Dublin,267067002
211654,2017.0,"APT 10 ADELAIDE HOUSE, 7/8 HADDINGTON TERRACE, DUN LAOGHAIRE,Dublin,Ireland",02/06/2017,"APT 10 ADELAIDE HOUSE, 7/8 HADDINGTON TERRACE, DUN LAOGHAIRE",,Dublin,419000.0,No,No,Second-Hand Dwelling house /Apartment,,2017-06-02,"10, Adelaide House, Haddington Terrace, D̼n Laoghaire, Dublin, Ireland",ROOFTOP,53.2923213,-6.1308937,,subpremise,Dn Laoghaire-Rathdown,Dn Laoghaire-East Central,05042,Dublin,267067002
211656,2017.0,"APT 10 COLLEGE CLOSE, TARA ST, DUBLIN 2,Dublin,Ireland",12/04/2017,"APT 10 COLLEGE CLOSE, TARA ST, DUBLIN 2",Dublin 2,Dublin,200000.0,No,No,Second-Hand Dwelling house /Apartment,,2017-04-12,"10, College Close, Tara St, Dublin 2, Ireland",ROOFTOP,53.3457009,-6.2553434,,subpremise,Dublin City,Mansion House A,02117,Dublin,268096004
211658,2017.0,"APT 10 GLOUCESTER SQUARE, RAILWAY STREET, DUBLIN 1,Dublin,Ireland",03/05/2017,"APT 10 GLOUCESTER SQUARE, RAILWAY STREET, DUBLIN 1",Dublin 1,Dublin,210000.0,No,No,Second-Hand Dwelling house /Apartment,,2017-05-03,"10, Gloucester Square, Railway St, Mountjoy, Dublin 1, Ireland",ROOFTOP,53.3526604,-6.2546844,,subpremise,Dublin City,Mountjoy A,02073,Dublin,268104004/268104005
211661,2017.0,"APT 10 ST CATHERINES CHURCH, BRIDGEFOOT STREET, DUBLIN 8,Dublin,Ireland",12/04/2017,"APT 10 ST CATHERINES CHURCH, BRIDGEFOOT STREET, DUBLIN 8",Dublin 8,Dublin,104417.29,No,No,Second-Hand Dwelling house /Apartment,,2017-04-12,"Thomas St, Merchants Quay, Dublin 8, D08 DNA7, Ireland",GEOMETRIC_CENTER,53.3429489,-6.2812265,D08 DNA7,"church,establishment,place_of_worship,point_of_interest",Dublin City,Merchants Quay B,02120,Dublin,268099004
211665,2017.0,"APT 10, 151 153 JAMES ST, DUBLIN 8,Dublin,Ireland",11/04/2017,"APT 10, 151 153 JAMES ST, DUBLIN 8",Dublin 8,Dublin,35000.0,No,No,Second-Hand Dwelling house /Apartment,,2017-04-11,"10 St James's Ave, Ballybough, Dublin 3, D03 VH95, Ireland",ROOFTOP,53.3613856,-6.2480604,D03 VH95,street_address,Dublin City,Ballybough A,02009,Dublin,268009003
211676,2017.0,"APT 104 BLOCK I, WATERMILL APTS, RAHENY,Dublin,Ireland",05/05/2017,"APT 104 BLOCK I, WATERMILL APTS, RAHENY",Dublin 5,Dublin,265000.0,No,No,Second-Hand Dwelling house /Apartment,,2017-05-05,"Watermill Apartments, Watermill Road, D05 FW26, Raheny, Co. Dublin, Ireland",GEOMETRIC_CENTER,53.3761865,-6.16705,,"establishment,point_of_interest",Dublin City,Raheny-St. Assam,02087,Dublin,268126007
211690,2017.0,"APT 116, 109 PARNELL ST, DUBLIN 1,Dublin,Ireland",01/03/2017,"APT 116, 109 PARNELL ST, DUBLIN 1",Dublin 1,Dublin,165000.0,No,No,Second-Hand Dwelling house /Apartment,,2017-03-01,"116, 109 Parnell St, Rotunda, Dublin 1, Ireland",ROOFTOP,53.3538064,-6.2578683,,subpremise,Dublin City,Rotunda A,02088,Dublin,268138003
211694,2017.0,"APT 116, THE RICHMOND, NORTH BRUNSWICK ST,Dublin,Ireland",12/01/2017,"APT 116, THE RICHMOND, NORTH BRUNSWICK ST",Dublin 7,Dublin,160000.0,No,No,Second-Hand Dwelling house /Apartment,,2017-01-12,"116, 1 Brunswick St N, Smithfield, Dublin 7, D07 TH76, Ireland",ROOFTOP,53.3511072,-6.2764187,D07 TH76,subpremise,Dublin City,Arran Quay B,02002,Dublin,268002018
211696,2017.0,"APT 118, 109 PARNEL STREET, DUBLIN 1,Dublin,Ireland",03/02/2017,"APT 118, 109 PARNEL STREET, DUBLIN 1",Dublin 1,Dublin,150000.0,No,No,Second-Hand Dwelling house /Apartment,,2017-02-03,"118, 109 Parnell St, Rotunda, Dublin 1, Ireland",ROOFTOP,53.3538064,-6.2578683,,subpremise,Dublin City,Rotunda A,02088,Dublin,268138003
211705,2017.0,"APT 12 SHANWAN HALL, SHANWAN RD, BALLYMUN DUBLIN 9,Dublin,Ireland",04/04/2017,"APT 12 SHANWAN HALL, SHANWAN RD, BALLYMUN DUBLIN 9",Dublin 9,Dublin,145000.0,No,No,Second-Hand Dwelling house /Apartment,,2017-04-04,"12, Shangan Hall, Shangan Rd, Ballymun, Dublin 9, Ireland",ROOFTOP,53.3954935,-6.262157,,subpremise,Dublin City,Ballymun C,02017,Dublin,268017018
211707,2017.0,"APT 12 THE PIERRE, VICTORIA TERRACE, DUN LAOGHAIRE,Dublin,Ireland",05/05/2017,"APT 12 THE PIERRE, VICTORIA TERRACE, DUN LAOGHAIRE",,Dublin,485000.0,No,No,Second-Hand Dwelling house /Apartment,,2017-05-05,"Victoria Terrace, Dalkey Ave, Glasthule, D̼n Laoghaire, Co. Dublin, Ireland",ROOFTOP,53.292008,-6.1300182,,"establishment,lodging,point_of_interest",Dn Laoghaire-Rathdown,Dn Laoghaire-East Central,05042,Dublin,267067003
211709,2017.0,"APT 12, 30 KENILWORTH SQ WEST, RATHGAR,Dublin,Ireland",08/05/2017,"APT 12, 30 KENILWORTH SQ WEST, RATHGAR",Dublin 6,Dublin,335000.0,No,No,Second-Hand Dwelling house /Apartment,,2017-05-08,"12, 30 Kenilworth Square W, Dublin 6, D06 XV25, Ireland",ROOFTOP,53.3182922,-6.2775928,D06 XV25,subpremise,Dublin City,Rathmines West F,02143,Dublin,268137006
211720,2017.0,"APT 12, SPENCER HOUSE, CUSTOM HOUSE SQ DUBLIN 1,Dublin,Ireland",07/03/2017,"APT 12, SPENCER HOUSE, CUSTOM HOUSE SQ DUBLIN 1",Dublin 1,Dublin,2875000.0,No,No,Second-Hand Dwelling house /Apartment,,2017-03-07,"Custom House Square, Mayor Street Lower, International Financial Services Centre, Dublin 1, Ireland",ROOFTOP,53.3498134,-6.2446272,,"establishment,point_of_interest",Dublin City,North Dock C,02078,Dublin,268109007
211724,2017.0,"APT 13  THE CLOSE, ROBSWALL, MALAHIDE,Dublin,Ireland",07/04/2017,"APT 13  THE CLOSE, ROBSWALL, MALAHIDE",,Dublin,250000.0,No,No,Second-Hand Dwelling house /Apartment,,2017-04-07,"13 The Cl, Robswalls, Malahide, Co. Dublin, K36 YN30, Ireland",ROOFTOP,53.4444928,-6.1353414,K36 YN30,street_address,Fingal,Malahide East,04029,Dublin,267105014
211727,2017.0,"APT 13 ST CATHERINES CHURCH, BRIDGEFOOT STREET, DUBLIN 8,Dublin,Ireland",12/04/2017,"APT 13 ST CATHERINES CHURCH, BRIDGEFOOT STREET, DUBLIN 8",Dublin 8,Dublin,107651.67,No,No,Second-Hand Dwelling house /Apartment,,2017-04-12,"Thomas St, Merchants Quay, Dublin 8, D08 DNA7, Ireland",GEOMETRIC_CENTER,53.3429489,-6.2812265,D08 DNA7,"church,establishment,place_of_worship,point_of_interest",Dublin City,Merchants Quay B,02120,Dublin,268099004
211736,2017.0,"APT 13, ST CATHERINES COURT, BRIDGEFOOT ST DUBLIN 8,Dublin,Ireland",06/04/2017,"APT 13, ST CATHERINES COURT, BRIDGEFOOT ST DUBLIN 8",Dublin 8,Dublin,195000.0,No,No,Second-Hand Dwelling house /Apartment,,2017-04-06,"13, Saint Catherine's Court, Bridgefoot St, Merchants Quay, Dublin 8, Ireland",ROOFTOP,53.3436369,-6.2809029,,subpremise,Dublin City,Merchants Quay A,02119,Dublin,268098001
211743,2017.0,"APT 14 ST CATHERINES CHURCH, BRIDGEFOOT STREET, DUBLIN 8,Dublin,Ireland",12/04/2017,"APT 14 ST CATHERINES CHURCH, BRIDGEFOOT STREET, DUBLIN 8",Dublin 8,Dublin,130017.89,No,No,Second-Hand Dwelling house /Apartment,,2017-04-12,"Thomas St, Merchants Quay, Dublin 8, D08 DNA7, Ireland",GEOMETRIC_CENTER,53.3429489,-6.2812265,D08 DNA7,"church,establishment,place_of_worship,point_of_interest",Dublin City,Merchants Quay B,02120,Dublin,268099004
211745,2017.0,"APT 14 WESTPARK HOUSE, CHAPELIZOD, DUBLIN 20,Dublin,Ireland",01/03/2017,"APT 14 WESTPARK HOUSE, CHAPELIZOD, DUBLIN 20",Dublin 20,Dublin,140000.0,No,No,Second-Hand Dwelling house /Apartment,,2017-03-01,"14, Westpark House, Lucan Rd, Chapelizod, Dublin 20, Ireland",ROOFTOP,53.3521151,-6.3570019,,subpremise,Dublin City,Drumfinn,02105,Dublin,268061011
211746,2017.0,"APT 14, ADELAIDE SQ, DUBLIN 2,Dublin,Ireland",10/02/2017,"APT 14, ADELAIDE SQ, DUBLIN 2",Dublin 8,Dublin,280000.0,No,No,Second-Hand Dwelling house /Apartment,,2017-02-10,"Whitefriar St, Dublin 8, Ireland",GEOMETRIC_CENTER,53.3398785,-6.2679845,,"establishment,lodging,point_of_interest",Dublin City,Royal Exchange A,02144,Dublin,268140009
211752,2017.0,"APT 143, THE HARDWICKE VILLAGE, NORTH BRUNSWICK,Dublin,Ireland",12/01/2017,"APT 143, THE HARDWICKE VILLAGE, NORTH BRUNSWICK",,Dublin,165000.0,No,No,Second-Hand Dwelling house /Apartment,,2017-01-12,,,,,,,,,,,
211756,2017.0,"APT 15 ST CATHERINES CHURCH, BRIDGEFOOT STREET, DUBLIN 8,Dublin,Ireland",12/04/2017,"APT 15 ST CATHERINES CHURCH, BRIDGEFOOT STREET, DUBLIN 8",Dublin 8,Dublin,135438.01,No,No,Second-Hand Dwelling house /Apartment,,2017-04-12,"Thomas St, Merchants Quay, Dublin 8, D08 DNA7, Ireland",GEOMETRIC_CENTER,53.3429489,-6.2812265,D08 DNA7,"church,establishment,place_of_worship,point_of_interest",Dublin City,Merchants Quay B,02120,Dublin,268099004
211758,2017.0,"APT 15, 6 MOUNTJOY SQ NORTH, DUBLIN 1,Dublin,Ireland",07/04/2017,"APT 15, 6 MOUNTJOY SQ NORTH, DUBLIN 1",Dublin 1,Dublin,232000.0,No,No,Second-Hand Dwelling house /Apartment,,2017-04-07,"15, 6 Mountjoy Square N, Mountjoy, Dublin 1, D01 W8C1, Ireland",ROOFTOP,53.3573001,-6.2584491,D01 W8C1,subpremise,Dublin City,Mountjoy B,02074,Dublin,268105004
211763,2017.0,"APT 155, THE TOWN CENTRE, RATHMINES DUBLIN 6,Dublin,Ireland",03/02/2017,"APT 155, THE TOWN CENTRE, RATHMINES DUBLIN 6",Dublin 6,Dublin,322000.0,No,No,Second-Hand Dwelling house /Apartment,,2017-02-03,"155, Milltown Centre, Milltown Rd, Dublin 6, Ireland",ROOFTOP,53.3135148,-6.2465062,,subpremise,Dublin City,Rathmines East B,02135,Dublin,268129017
211767,2017.0,"APT 16, BLOCK B, SMITHFIELD MARKET DUBLIN 7,Dublin,Ireland",10/02/2017,"APT 16, BLOCK B, SMITHFIELD MARKET DUBLIN 7",Dublin 7,Dublin,205000.0,No,No,Second-Hand Dwelling house /Apartment,,2017-02-10,"8 Haymarket, Arran Quay, Dublin 7, D07 F2Y6, Ireland",ROOFTOP,53.3478304,-6.2793584,D07 F2Y6,"establishment,point_of_interest",Dublin City,Arran Quay C,02003,Dublin,268003008
211773,2017.0,"APT 16, RIVER GARDENS, GLASNEVIN DUBLIN 9,Dublin,Ireland",03/05/2017,"APT 16, RIVER GARDENS, GLASNEVIN DUBLIN 9",Dublin 9,Dublin,150000.0,No,No,Second-Hand Dwelling house /Apartment,,2017-05-03,"16, River Gardens, Glasnevin Hill, Botanic, Dublin 9, Ireland",ROOFTOP,53.3741768,-6.267707,,subpremise,Dublin City,Botanic A,02027,Dublin,268027013
211776,2017.0,"APT 163 AW PUGIN HOUSE, RATHFARNHAM, DUBLIN 14,Dublin,Ireland",06/06/2017,"APT 163 AW PUGIN HOUSE, RATHFARNHAM, DUBLIN 14",,Dublin,355000.0,No,No,Second-Hand Dwelling house /Apartment,,2017-06-06,"163, A W Pugin House, Rathfarnham, Dublin, Ireland",ROOFTOP,53.292307,-6.2784756,,subpremise,South Dublin,Rathfarnham-Hermitage,03024,Dublin,267115014
211777,2017.0,"APT 163, THE TRAMYARD, INCHICORE,Dublin,Ireland",12/01/2017,"APT 163, THE TRAMYARD, INCHICORE",,Dublin,175000.0,No,No,Second-Hand Dwelling house /Apartment,,2017-01-12,"163, The Tramyard, Spa Rd, Inchicore, Dublin 8, Ireland",ROOFTOP,53.3389065,-6.3190585,,subpremise,Dublin City,Kilmainham C,02110,Dublin,268085003
211779,2017.0,"APT 17 DANES COURT, DOLLYMOUNT, CLONTARF,Dublin,Ireland",11/05/2017,"APT 17 DANES COURT, DOLLYMOUNT, CLONTARF",Dublin 3,Dublin,212000.0,No,No,Second-Hand Dwelling house /Apartment,,2017-05-11,"17, Danes Court, Clontarf Rd, Clontarf, Dublin 3, Ireland",ROOFTOP,53.3625535,-6.1801088,,subpremise,Dublin City,Clontarf East B,02038,Dublin,268042026
211785,2017.0,"APT 17, BODEN MEATH, BALLYBODEN DUBLIN 16,Dublin,Ireland",07/03/2017,"APT 17, BODEN MEATH, BALLYBODEN DUBLIN 16",Dublin 16,Dublin,235100.0,No,No,Second-Hand Dwelling house /Apartment,,2017-03-07,"Apartment 14, Block C, Boden Heath, Boden Park, Dublin 16, Ireland",GEOMETRIC_CENTER,53.2819975,-6.3027781,,route,South Dublin,Ballyboden,03002,Dublin,267013007
211788,2017.0,"APT 17, HOUSE 5, LINDEN COURT,Dublin,Ireland",09/03/2017,"APT 17, HOUSE 5, LINDEN COURT",,Dublin,470000.0,No,No,Second-Hand Dwelling house /Apartment,,2017-03-09,"17, Linden Court, Rathgar Rd, Dublin 6, Ireland",ROOFTOP,53.3135335,-6.2726168,,subpremise,Dublin City,Rathmines West D,02141,Dublin,268135002
211790,2017.0,"APT 17, ST FINTANS, NORTH ST,Dublin,Ireland",07/04/2017,"APT 17, ST FINTANS, NORTH ST",,Dublin,216000.0,No,No,Second-Hand Dwelling house /Apartment,,2017-04-07,"17, Saint Fintan's, North St, Townparks, Swords, Co. Dublin, Ireland",ROOFTOP,53.4637057,-6.2178598,,subpremise,Fingal,Swords-Lissenhall,04038,Dublin,267133033
211806,2017.0,"APT 184 BLOCK F SEVEN OAKS, SARSFIELD RD, DUBLIN 10,Dublin,Ireland",08/02/2017,"APT 184 BLOCK F SEVEN OAKS, SARSFIELD RD, DUBLIN 10",Dublin 10,Dublin,78648.73,Yes,No,Second-Hand Dwelling house /Apartment,,2017-02-08,"184, Seven Oaks, Sarsfield Rd, Kilmainham, Dublin 10, Ireland",ROOFTOP,53.3415674,-6.32729,,subpremise,Dublin City,Kilmainham A,02108,Dublin,268083011
211807,2017.0,"APT 187, CLIFDEN COURT, ELLIS QUAY DUBLIN 7,Dublin,Ireland",04/04/2017,"APT 187, CLIFDEN COURT, ELLIS QUAY DUBLIN 7",Dublin 7,Dublin,223500.0,No,No,Second-Hand Dwelling house /Apartment,,2017-04-04,"7 Ellis Quay, Arran Quay, Dublin 7, Ireland",ROOFTOP,53.34702,-6.282977,,"establishment,point_of_interest,real_estate_agency",Dublin City,Arran Quay C,02003,Dublin,268003019
211816,2017.0,"APT 2  SECOND FLOOR, 51 UPPER DORSET STREET, DUBLIN 1,Dublin,Ireland",10/03/2017,"APT 2  SECOND FLOOR, 51 UPPER DORSET STREET, DUBLIN 1",,Dublin,138000.0,No,No,Second-Hand Dwelling house /Apartment,,2017-03-10,,,,,,,,,,,
211831,2017.0,"APT 2 LISSANE APTS, OLD CORDUFF RD, BLANCHARDSTOWN DUBLIN 15,Dublin,Ireland",10/03/2017,"APT 2 LISSANE APTS, OLD CORDUFF RD, BLANCHARDSTOWN DUBLIN 15",Dublin 15,Dublin,172000.0,No,Yes,New Dwelling house /Apartment,less than 38 sq metres,2017-03-10,"2, Lissane House, Old Corduff Rd, Blanchardstown, Dublin 15, Ireland",ROOFTOP,53.393167,-6.3787331,,subpremise,Fingal,Blanchardstown-Corduff,04011,Dublin,267030001
211837,2017.0,"APT 2 ST CATHERINES CHURCH, BRIDGEFOOT STREET, DUBLIN 8,Dublin,Ireland",12/04/2017,"APT 2 ST CATHERINES CHURCH, BRIDGEFOOT STREET, DUBLIN 8",Dublin 8,Dublin,106567.49,No,No,Second-Hand Dwelling house /Apartment,,2017-04-12,"Thomas St, Merchants Quay, Dublin 8, D08 DNA7, Ireland",GEOMETRIC_CENTER,53.3429489,-6.2812265,D08 DNA7,"church,establishment,place_of_worship,point_of_interest",Dublin City,Merchants Quay B,02120,Dublin,268099004
211839,2017.0,"APT 2, 1 LOWER HATCH ST, DUBLIN 2,Dublin,Ireland",04/01/2017,"APT 2, 1 LOWER HATCH ST, DUBLIN 2",Dublin 2,Dublin,1200000.0,No,No,Second-Hand Dwelling house /Apartment,,2017-01-04,"2, 1 Hatch Street Lower, Saint Kevin's, Dublin 2, Ireland",ROOFTOP,53.3341649,-6.2556366,,subpremise,Dublin City,St. Kevin's,02146,Dublin,268142021
211845,2017.0,"APT 2, 151 153 JAMES ST, DUBLIN 8,Dublin,Ireland",11/04/2017,"APT 2, 151 153 JAMES ST, DUBLIN 8",Dublin 8,Dublin,47500.0,No,No,Second-Hand Dwelling house /Apartment,,2017-04-11,"2 St James's Ave, Ballybough, Dublin 3, D03 E397, Ireland",ROOFTOP,53.3615658,-6.2479932,D03 E397,street_address,Dublin City,Ballybough A,02009,Dublin,268009003
211850,2017.0,"APT 2, 41 ARRAN QUAY, DUBLIN 7,Dublin,Ireland",09/03/2017,"APT 2, 41 ARRAN QUAY, DUBLIN 7",Dublin 7,Dublin,188500.0,No,No,Second-Hand Dwelling house /Apartment,,2017-03-09,"2, 41 Arran Quay, Dublin 7, D07 T042, Ireland",ROOFTOP,53.3466841,-6.2799696,D07 T042,subpremise,Dublin City,Arran Quay C,02003,Dublin,268003015
211856,2017.0,"APT 2, CROSS GUNS QUAY, PHIBSBOROUGH DUBLIN 7,Dublin,Ireland",10/02/2017,"APT 2, CROSS GUNS QUAY, PHIBSBOROUGH DUBLIN 7",Dublin 7,Dublin,225000.0,No,No,Second-Hand Dwelling house /Apartment,,2017-02-10,"2, Cross Guns Quay, Phibsborough Rd, Phibsborough, Dublin 7, Ireland",ROOFTOP,53.3643451,-6.272719,,subpremise,Dublin City,Cabra East A,02030,Dublin,268030009
211887,2017.0,"APT 21 CLIFDEN COURT, ELLIS QUAY, DUBLIN 7,Dublin,Ireland",12/04/2017,"APT 21 CLIFDEN COURT, ELLIS QUAY, DUBLIN 7",Dublin 7,Dublin,340000.0,No,No,Second-Hand Dwelling house /Apartment,,2017-04-12,"7 Ellis Quay, Arran Quay, Dublin 7, Ireland",ROOFTOP,53.34702,-6.282977,,"establishment,point_of_interest,real_estate_agency",Dublin City,Arran Quay C,02003,Dublin,268003019
211899,2017.0,"APT 217 THE RICHMOND NORTH ST, BRUNSWICK, DUBLIN,Dublin,Ireland",10/01/2017,"APT 217 THE RICHMOND NORTH ST, BRUNSWICK, DUBLIN",Dublin 15,Dublin,167000.0,No,No,Second-Hand Dwelling house /Apartment,,2017-01-10,"217, 1 Brunswick St N, Smithfield, Dublin 7, D07 TH76, Ireland",ROOFTOP,53.3511072,-6.2764187,D07 TH76,subpremise,Dublin City,Arran Quay B,02002,Dublin,268002018
211900,2017.0,"APT 21A, BLOCK A  CAMERON COURT, CORK STREET,Dublin,Ireland",08/06/2017,"APT 21A, BLOCK A  CAMERON COURT, CORK STREET",,Dublin,300000.0,No,No,Second-Hand Dwelling house /Apartment,,2017-06-08,"21a, Cameron Court, Cork St, Merchants Quay, Dublin 8, Ireland",ROOFTOP,53.3363172,-6.2878042,,subpremise,Dublin City,Merchants Quay F,02124,Dublin,268103007
211911,2017.0,"APT 225, CHARLOTTE QUAY DOCK, DUBLIN 4,Dublin,Ireland",09/03/2017,"APT 225, CHARLOTTE QUAY DOCK, DUBLIN 4",,Dublin,361500.0,No,No,Second-Hand Dwelling house /Apartment,,2017-03-09,"225, Charlotte Quay Dock, Ringsend Rd, Grand Canal Dock, Dublin 4, Ireland",ROOFTOP,53.3425769,-6.2366343,,subpremise,Dublin City,South Dock,02147,Dublin,268143021
211934,2017.0,"APT 25C, LANSDOWNE VALLEY APTS, SLIEVEBLOOM RD DUBLIN 12,Dublin,Ireland",01/02/2017,"APT 25C, LANSDOWNE VALLEY APTS, SLIEVEBLOOM RD DUBLIN 12",Dublin 12,Dublin,160000.0,No,No,Second-Hand Dwelling house /Apartment,,2017-02-01,"25c, Lansdowne Valley Apartments, Slievebloom Rd, Drimnagh, Dublin 12, Ireland",ROOFTOP,53.3246579,-6.3273911,,subpremise,Dublin City,Crumlin F,02103,Dublin,268056007
211936,2017.0,"APT 26, 55 MOUNTJOY SQ WEST, DUBLIN 1,Dublin,Ireland",05/04/2017,"APT 26, 55 MOUNTJOY SQ WEST, DUBLIN 1",Dublin 1,Dublin,170000.0,No,No,Second-Hand Dwelling house /Apartment,,2017-04-05,"26, 55 Mountjoy Square W, Rotunda, Dublin 1, D01 E193, Ireland",ROOFTOP,53.3558045,-6.2583806,D01 E193,subpremise,Dublin City,Rotunda A,02088,Dublin,268138006
211945,2017.0,"APT 28 BUILDING K, HANOVER QUAY, DUBLIN 2,Dublin,Ireland",12/04/2017,"APT 28 BUILDING K, HANOVER QUAY, DUBLIN 2",Dublin 2,Dublin,550000.0,No,No,Second-Hand Dwelling house /Apartment,,2017-04-12,"28, 2 Hanover Square, Merchants Quay, Dublin, Ireland",ROOFTOP,53.3404096,-6.272887,,subpremise,Dublin City,Merchants Quay B,02120,Dublin,268099013
211953,2017.0,"APT 29, ST IVES, MALAHIDE,Dublin,Ireland",02/02/2017,"APT 29, ST IVES, MALAHIDE",,Dublin,312000.0,No,No,Second-Hand Dwelling house /Apartment,,2017-02-02,"Apartment 18, Apartment 15, St Ive's, Malahide, Mullach ̍de, Co. Contae Bhaile ́tha Cliath, Ireland",ROOFTOP,53.4518871,-6.1593552,,premise,Fingal,Malahide West,04030,Dublin,267106010
211959,2017.0,"APT 3  BLOCK 1 ROSEBANK PLACE, NANGOR ROAD, CLONDALKIN,Dublin,Ireland",09/03/2017,"APT 3  BLOCK 1 ROSEBANK PLACE, NANGOR ROAD, CLONDALKIN",,Dublin,140000.0,No,No,Second-Hand Dwelling house /Apartment,,2017-03-09,,,,,,,,,,,
211972,2017.0,"APT 3 HILLCREST, RATHGAR RD, HILLCREST,Dublin,Ireland",07/04/2017,"APT 3 HILLCREST, RATHGAR RD, HILLCREST",,Dublin,213000.0,No,No,Second-Hand Dwelling house /Apartment,,2017-04-07,,,,,,,,,,,
211973,2017.0,"APT 3 ST CATHERINES CHURCH, BRIDGEFOOT STREET, DUBLIN 8,Dublin,Ireland",12/04/2017,"APT 3 ST CATHERINES CHURCH, BRIDGEFOOT STREET, DUBLIN 8",Dublin 8,Dublin,142426.15,No,No,Second-Hand Dwelling house /Apartment,,2017-04-12,"Apartment 3, Saint Catherine's Church Apartments, Sr��id Bhun Droichid, Merchants Quay, Dublin 8, D08 P289, Ireland",ROOFTOP,53.3433881,-6.2810254,D08 P289,street_address,Dublin City,Merchants Quay A,02119,Dublin,268098001
211980,2017.0,"APT 3, 41 ARRAN QUAY, DUBLIN 7,Dublin,Ireland",09/03/2017,"APT 3, 41 ARRAN QUAY, DUBLIN 7",,Dublin,188500.0,No,No,Second-Hand Dwelling house /Apartment,,2017-03-09,"3, 41 Arran Quay, Dublin 7, D07 T042, Ireland",ROOFTOP,53.3466841,-6.2799696,D07 T042,subpremise,Dublin City,Arran Quay C,02003,Dublin,268003015
211981,2017.0,"APT 3, 47 MAIN ST, CLONGRIFFIN,Dublin,Ireland",11/01/2017,"APT 3, 47 MAIN ST, CLONGRIFFIN",Dublin 13,Dublin,211453.74,No,No,Second-Hand Dwelling house /Apartment,,2017-01-11,"3, 47 Main St, Clongriffin, Dublin 13, D13 X4H2, Ireland",ROOFTOP,53.4025925,-6.1549532,D13 X4H2,subpremise,Dublin City,Grange B,02060,Dublin,268072010
211982,2017.0,"APT 3, 53 MOUNTPLEASANT AVENUE LOWER, RANELAGH,Dublin,Ireland",09/03/2017,"APT 3, 53 MOUNTPLEASANT AVENUE LOWER, RANELAGH",Dublin 6,Dublin,620000.0,No,No,Second-Hand Dwelling house /Apartment,,2017-03-09,"3, 53 Mountpleasant Ave Lower, Dublin 6, D06 HP70, Ireland",ROOFTOP,53.3291499,-6.2631611,D06 HP70,subpremise,Dublin City,Rathmines West B,02139,Dublin,268133010
211998,2017.0,"APT 3, SWIFT HOUSE, PATRICK ST,Dublin,Ireland",03/02/2017,"APT 3, SWIFT HOUSE, PATRICK ST",Dublin 8,Dublin,170000.0,No,No,Second-Hand Dwelling house /Apartment,,2017-02-03,"3, Swift House, Patrick St, Merchants Quay, Dublin 8, Ireland",ROOFTOP,53.3413281,-6.2726004,,subpremise,Dublin City,Merchants Quay B,02120,Dublin,268099018
212000,2017.0,"APT 3, WYCKHAM POINT, DUNDRUM DUBLIN 16,Dublin,Ireland",10/01/2017,"APT 3, WYCKHAM POINT, DUNDRUM DUBLIN 16",Dublin 16,Dublin,325000.0,No,No,Second-Hand Dwelling house /Apartment,,2017-01-10,"Wyckham Way, Balally, Dublin 16, D16 P640, Ireland",GEOMETRIC_CENTER,53.2804439,-6.2433444,D16 P640,"establishment,point_of_interest",Dn Laoghaire-Rathdown,Dundrum-Sandyford,05039,Dublin,267080009/267080010
212017,2017.0,"APT 315, ARGYLLE, CUSTOM HOUSE HARBOUR DUBLIN 1,Dublin,Ireland",08/03/2017,"APT 315, ARGYLLE, CUSTOM HOUSE HARBOUR DUBLIN 1",Dublin 1,Dublin,310000.0,No,No,Second-Hand Dwelling house /Apartment,,2017-03-08,"3 Harbourmaster Pl, North Dock, Dublin, Ireland",ROOFTOP,53.3511989,-6.2478815,,"establishment,natural_feature,point_of_interest",Dublin City,North Dock C,02078,Dublin,268109017
212035,2017.0,"APT 35 EXCHANGE HALL, BELGARD SQUARE NORTH, TALLAGHT,Dublin,Ireland",03/05/2017,"APT 35 EXCHANGE HALL, BELGARD SQUARE NORTH, TALLAGHT",Dublin 24,Dublin,130000.0,No,No,Second-Hand Dwelling house /Apartment,,2017-05-03,"35, The Exchange, Belgard Square North, Cookstown, Dublin 24, Ireland",ROOFTOP,53.2895774,-6.3738404,,subpremise,South Dublin,Tallaght-Springfield,03039,Dublin,267147023
212036,2017.0,"APT 35 THE JOYCE, GRESHAM HOUSE, CATHAL BRUGHA STREET,Dublin,Ireland",02/05/2017,"APT 35 THE JOYCE, GRESHAM HOUSE, CATHAL BRUGHA STREET",Dublin 1,Dublin,185502.0,No,No,Second-Hand Dwelling house /Apartment,,2017-05-02,,,,,,,,,,,
212038,2017.0,"APT 36 EXCHANGE HALL, BELGARD SQUARE NORTH, TALLAGHT,Dublin,Ireland",03/05/2017,"APT 36 EXCHANGE HALL, BELGARD SQUARE NORTH, TALLAGHT",Dublin 24,Dublin,130000.0,No,No,Second-Hand Dwelling house /Apartment,,2017-05-03,"36, The Exchange, Belgard Square North, Cookstown, Dublin 24, Ireland",ROOFTOP,53.2895774,-6.3738404,,subpremise,South Dublin,Tallaght-Springfield,03039,Dublin,267147023
212039,2017.0,"APT 36, HENRIETTA HALL, BOLTON STREET,Dublin,Ireland",11/01/2017,"APT 36, HENRIETTA HALL, BOLTON STREET",,Dublin,220000.0,No,No,Second-Hand Dwelling house /Apartment,,2017-01-11,"36, Henrietta Hall, Bolton St, Inns Quay, Dublin 1, Ireland",ROOFTOP,53.3521307,-6.2694321,,subpremise,Dublin City,Inns Quay C,02068,Dublin,268082012
212041,2017.0,"APT 37, 13-17 PEMBROKE, BALLSBRIDGE,Dublin,Ireland",08/06/2017,"APT 37, 13-17 PEMBROKE, BALLSBRIDGE",,Dublin,195000.0,No,No,Second-Hand Dwelling house /Apartment,,2017-06-08,"37, 17 Pembroke Gardens, Dublin 4, D04 E8P3, Ireland",ROOFTOP,53.3334314,-6.2389764,D04 E8P3,subpremise,Dublin City,Pembroke West C,02132,Dublin,268117005
212042,2017.0,"APT 37, ST PATRICKS COURT, CLANBRASSIL ST DUBLIN 8,Dublin,Ireland",06/01/2017,"APT 37, ST PATRICKS COURT, CLANBRASSIL ST DUBLIN 8",Dublin 8,Dublin,365000.0,No,No,Second-Hand Dwelling house /Apartment,,2017-01-06,"37, Saint Patricks Court, Clanbrassil Street Lower, Merchants Quay, Dublin 8, Ireland",ROOFTOP,53.3338835,-6.2757933,,subpremise,Dublin City,Merchants Quay E,02123,Dublin,268102011
212043,2017.0,"APT 377 THE OAKS, TRIMBLESTOWN, GOATSTOWN ROAD,Dublin,Ireland",05/04/2017,"APT 377 THE OAKS, TRIMBLESTOWN, GOATSTOWN ROAD",Dublin 15,Dublin,550000.0,No,No,Second-Hand Dwelling house /Apartment,,2017-04-05,"Trimbleston Goatstown Road Goatstown, Goatstown Rd, Dublin 14, Ireland",GEOMETRIC_CENTER,53.2997325,-6.2329552,,"establishment,lodging,point_of_interest",Dn Laoghaire-Rathdown,Clonskeagh-Roebuck,05030,Dublin,267058009
212050,2017.0,"APT 4 36 YORKE RD DUNLAOGHAIRE, DUBLIN,Dublin,Ireland",06/02/2017,"APT 4 36 YORKE RD DUNLAOGHAIRE, DUBLIN",Dublin 15,Dublin,200000.0,No,No,Second-Hand Dwelling house /Apartment,,2017-02-06,"4, 36 York Rd, D̼n Laoghaire, Dublin, A96 R996, Ireland",ROOFTOP,53.2899054,-6.1441571,A96 R996,subpremise,Dn Laoghaire-Rathdown,Dn Laoghaire-West Central,05052,Dublin,267077005
212054,2017.0,"APT 4 BLOCK D, THE STEELWORKS, FOLEY ST DUBLIN 1,Dublin,Ireland",11/05/2017,"APT 4 BLOCK D, THE STEELWORKS, FOLEY ST DUBLIN 1",Dublin 1,Dublin,197500.0,No,No,Second-Hand Dwelling house /Apartment,,2017-05-11,"Foley St, Mountjoy, Dublin, Ireland",GEOMETRIC_CENTER,53.3525851,-6.2508507,,"establishment,point_of_interest",Dublin City,Mountjoy A,02073,Dublin,268104014
212056,2017.0,"APT 4 CUMBERLAND ROW, 31-32 CUMBERLAND STREET, DUBLIN 1,Dublin,Ireland",03/03/2017,"APT 4 CUMBERLAND ROW, 31-32 CUMBERLAND STREET, DUBLIN 1",,Dublin,253000.0,No,No,Second-Hand Dwelling house /Apartment,,2017-03-03,,,,,,,,,,,
212059,2017.0,"APT 4 LARAGH GRACE PARK COURT, BEAUMONT, DUBLIN 9,Dublin,Ireland",07/04/2017,"APT 4 LARAGH GRACE PARK COURT, BEAUMONT, DUBLIN 9",Dublin 9,Dublin,192000.0,No,No,Second-Hand Dwelling house /Apartment,,2017-04-07,"4, Laragh, Beaumont Rd, Beaumont, Dublin 9, Ireland",ROOFTOP,53.3844063,-6.2376002,,subpremise,Dublin City,Whitehall D,02093,Dublin,268160011
212061,2017.0,"APT 4 ST CATHERINES CHURCH, BRIDGEFOOT STREET, DUBLIN 8,Dublin,Ireland",12/04/2017,"APT 4 ST CATHERINES CHURCH, BRIDGEFOOT STREET, DUBLIN 8",Dublin 8,Dublin,147216.92,No,No,Second-Hand Dwelling house /Apartment,,2017-04-12,"Thomas St, Merchants Quay, Dublin 8, D08 DNA7, Ireland",GEOMETRIC_CENTER,53.3429489,-6.2812265,D08 DNA7,"church,establishment,place_of_worship,point_of_interest",Dublin City,Merchants Quay B,02120,Dublin,268099004
212064,2017.0,"APT 4, 1 JERVIS ST, DUBLIN 1,Dublin,Ireland",11/05/2017,"APT 4, 1 JERVIS ST, DUBLIN 1",Dublin 1,Dublin,295000.0,No,No,Second-Hand Dwelling house /Apartment,,2017-05-11,"4, 1 Jervis St, North City, Dublin 1, D01 X337, Ireland",ROOFTOP,53.3469212,-6.2657613,D01 X337,subpremise,Dublin City,North City,02075,Dublin,268106001
212066,2017.0,"APT 4, 151 153 JAMES ST, DUBLIN 8,Dublin,Ireland",11/04/2017,"APT 4, 151 153 JAMES ST, DUBLIN 8",Dublin 8,Dublin,45000.0,No,No,Second-Hand Dwelling house /Apartment,,2017-04-11,"4 James's St N, North Strand, Dublin 3, D03 KH24, Ireland",ROOFTOP,53.3576874,-6.2386943,D03 KH24,street_address,Dublin City,North Dock A,02076,Dublin,268107002
212073,2017.0,"APT 4, DEAN STREET, DUBLIN 8,Dublin,Ireland",07/04/2017,"APT 4, DEAN STREET, DUBLIN 8",Dublin 8,Dublin,175000.0,No,No,Second-Hand Dwelling house /Apartment,,2017-04-07,"4 Dean St, Merchants Quay, Dublin 8, D08 Y8CN, Ireland",ROOFTOP,53.3388725,-6.2729406,D08 Y8CN,street_address,Dublin City,Merchants Quay C,02121,Dublin,268100017
212085,2017.0,"APT 4, THE ELM, ROCKFIELD DUBLIN 16,Dublin,Ireland",12/06/2017,"APT 4, THE ELM, ROCKFIELD DUBLIN 16",Dublin 16,Dublin,345000.0,No,No,Second-Hand Dwelling house /Apartment,,2017-06-12,"4 Rockfield Ave, Perrystown, Dublin 12, D12 P968, Ireland",ROOFTOP,53.3087459,-6.3195188,D12 P968,street_address,South Dublin,Terenure-Greentrees,03048,Dublin,267156005
212094,2017.0,"APT 408, OLD CHOCOLATE FCTRY, KILMAINHAM SQ DUBLIN 8,Dublin,Ireland",06/04/2017,"APT 408, OLD CHOCOLATE FCTRY, KILMAINHAM SQ DUBLIN 8",Dublin 8,Dublin,263000.0,No,No,Second-Hand Dwelling house /Apartment,,2017-04-06,,,,,,,,,,,
212098,2017.0,"APT 42 BLOCK B, SMITHFIELD, DUBLIN 7,Dublin,Ireland",01/03/2017,"APT 42 BLOCK B, SMITHFIELD, DUBLIN 7",Dublin 7,Dublin,320000.0,No,No,Second-Hand Dwelling house /Apartment,,2017-03-01,"8 Haymarket, Arran Quay, Dublin 7, D07 F2Y6, Ireland",ROOFTOP,53.3478304,-6.2793584,D07 F2Y6,"establishment,point_of_interest",Dublin City,Arran Quay C,02003,Dublin,268003008
212109,2017.0,"APT 46 THE WATERMILL, WATERMILL RD, BETTYGLEN RAHENY,Dublin,Ireland",02/06/2017,"APT 46 THE WATERMILL, WATERMILL RD, BETTYGLEN RAHENY",Dublin 5,Dublin,300000.0,No,No,Second-Hand Dwelling house /Apartment,,2017-06-02,"411 Howth Rd, Clontarf East, Dublin 5, D05 Y1E5, Ireland",ROOFTOP,53.3798758,-6.1772427,D05 Y1E5,"bar,establishment,point_of_interest",Dublin City,Clontarf East A,02037,Dublin,268041008
212111,2017.0,"APT 47, 52 MOUNTJOY SQUARE, DUBLIN 1,Dublin,Ireland",12/01/2017,"APT 47, 52 MOUNTJOY SQUARE, DUBLIN 1",Dublin 1,Dublin,275000.0,No,No,Second-Hand Dwelling house /Apartment,,2017-01-12,"47, 52 Mountjoy Square S, Mountjoy, Dublin 1, D01 NN76, Ireland",ROOFTOP,53.3555635,-6.2576361,D01 NN76,subpremise,Dublin City,Mountjoy B,02074,Dublin,268105011
212115,2017.0,"APT 47, TIMBER MILLS, KILMORE RD DUBLIN 5,Dublin,Ireland",07/04/2017,"APT 47, TIMBER MILLS, KILMORE RD DUBLIN 5",Dublin 5,Dublin,240000.0,No,No,Second-Hand Dwelling house /Apartment,,2017-04-07,"47, Timber Mills, Kilmore Rd, Beaumont, Dublin 5, Ireland",ROOFTOP,53.3842782,-6.2118513,,subpremise,Dublin City,Beaumont C,02023,Dublin,268023011
212120,2017.0,"APT 5  SEMPLE COURT, 103 CAPEL STREET, DUBLIN 1,Dublin,Ireland",02/05/2017,"APT 5  SEMPLE COURT, 103 CAPEL STREET, DUBLIN 1",,Dublin,160000.0,No,No,Second-Hand Dwelling house /Apartment,,2017-05-02,"5, Semple Court, Capel St, Rotunda, Dublin 1, Ireland",ROOFTOP,53.3498328,-6.2695616,,subpremise,Dublin City,Rotunda B,02089,Dublin,268139006
212134,2017.0,"APT 5 ST CATHERINES CHURCH, BRIDGEFOOT STREET, DUBLIN 8,Dublin,Ireland",12/04/2017,"APT 5 ST CATHERINES CHURCH, BRIDGEFOOT STREET, DUBLIN 8",Dublin 8,Dublin,110114.37,No,No,Second-Hand Dwelling house /Apartment,,2017-04-12,"Thomas St, Merchants Quay, Dublin 8, D08 DNA7, Ireland",GEOMETRIC_CENTER,53.3429489,-6.2812265,D08 DNA7,"church,establishment,place_of_worship,point_of_interest",Dublin City,Merchants Quay B,02120,Dublin,268099004
212138,2017.0,"APT 5, 15 WHITWORTH RD, DRUMCONDRA DUBLIN 9,Dublin,Ireland",11/04/2017,"APT 5, 15 WHITWORTH RD, DRUMCONDRA DUBLIN 9",Dublin 9,Dublin,120000.0,No,No,Second-Hand Dwelling house /Apartment,,2017-04-11,"5, 15 Whitworth Rd, Claude Rd, Drumcondra, Dublin 9, D09 W2Y2, Ireland",ROOFTOP,53.3643459,-6.265046,D09 W2Y2,subpremise,Dublin City,Botanic C,02029,Dublin,268029007
212139,2017.0,"APT 5, 151 153 JAMES ST, DUBLIN 8,Dublin,Ireland",11/04/2017,"APT 5, 151 153 JAMES ST, DUBLIN 8",Dublin 8,Dublin,45000.0,No,No,Second-Hand Dwelling house /Apartment,,2017-04-11,"5 James's St N, North Strand, Dublin 3, D03 W672, Ireland",ROOFTOP,53.3576551,-6.2386136,D03 W672,street_address,Dublin City,North Dock A,02076,Dublin,268107002
212142,2017.0,"APT 5, 36 MOREHAMPTON RD, DONNYBROOK DUBLIN 4,Dublin,Ireland",12/01/2017,"APT 5, 36 MOREHAMPTON RD, DONNYBROOK DUBLIN 4",Dublin 4,Dublin,167000.0,No,No,Second-Hand Dwelling house /Apartment,,2017-01-12,"5, 36 Morehampton Rd, Dublin 4, D04 DK74, Ireland",ROOFTOP,53.326534,-6.2421297,D04 DK74,subpremise,Dublin City,Pembroke West B,02131,Dublin,268116001
212148,2017.0,"APT 5, GRACE PARK HALL, GRACE PARK RD DUBLIN 9,Dublin,Ireland",12/04/2017,"APT 5, GRACE PARK HALL, GRACE PARK RD DUBLIN 9",Dublin 9,Dublin,248000.0,No,No,Second-Hand Dwelling house /Apartment,,2017-04-12,"Apartment 5, Grace Park Hall, 102 Grace Park Rd, Clontarf, Dublin 9, D09 TF99, Ireland",ROOFTOP,53.3760191,-6.2419319,D09 TF99,street_address,Dublin City,Grace Park,02058,Dublin,268070015
212154,2017.0,"APT 5, PARK COURT, PECKS LANE DUBLIN 15,Dublin,Ireland",04/04/2017,"APT 5, PARK COURT, PECKS LANE DUBLIN 15",Dublin 15,Dublin,140000.0,No,No,Second-Hand Dwelling house /Apartment,,2017-04-04,"5, Park Court, Peck's Ln, Ashtown, Dublin 15, Ireland",ROOFTOP,53.3760561,-6.3558529,,subpremise,Fingal,Castleknock-Park,04017,Dublin,267041008
212157,2017.0,"APT 5, THE DAINTREE BUILDING, 61-62 PLEASANTS PLACE,Dublin,Ireland",07/04/2017,"APT 5, THE DAINTREE BUILDING, 61-62 PLEASANTS PLACE",Dublin 8,Dublin,469500.0,No,No,Second-Hand Dwelling house /Apartment,,2017-04-07,"5, The Daintree Building, Pleasants Pl, Saint Kevin's, Dublin 8, Ireland",ROOFTOP,53.3345174,-6.2661095,,subpremise,Dublin City,St. Kevin's,02146,Dublin,268142006
212181,2017.0,"APT 6 BELLGREE HALL, OFF BELLGREE RISE, TYRRELSTOWN DUBLIN 15,Dublin,Ireland",05/01/2017,"APT 6 BELLGREE HALL, OFF BELLGREE RISE, TYRRELSTOWN DUBLIN 15",Dublin 15,Dublin,165000.0,No,No,Second-Hand Dwelling house /Apartment,,2017-01-05,"6, Bellgree Hall, Bellgree Rise, Tyrrelstown, Dublin 15, Ireland",ROOFTOP,53.4229959,-6.3872762,,subpremise,Fingal,The Ward,04041,Dublin,267158013
212185,2017.0,"APT 6 GLOUCESTER SQUARE, RAILWAY STREET, DUBLIN 1,Dublin,Ireland",03/05/2017,"APT 6 GLOUCESTER SQUARE, RAILWAY STREET, DUBLIN 1",Dublin 1,Dublin,220000.0,No,No,Second-Hand Dwelling house /Apartment,,2017-05-03,"6, Gloucester Square, Railway St, Mountjoy, Dublin 1, Ireland",ROOFTOP,53.3526604,-6.2546844,,subpremise,Dublin City,Mountjoy A,02073,Dublin,268104004/268104005
212188,2017.0,"APT 6 LAFAYETTE, DOLIER ST, DUBLIN 2,Dublin,Ireland",11/04/2017,"APT 6 LAFAYETTE, DOLIER ST, DUBLIN 2",Dublin 2,Dublin,332000.0,No,No,Second-Hand Dwelling house /Apartment,,2017-04-11,"6, Lafayette Building, D'Olier Street, Dublin 2, Ireland",ROOFTOP,53.3464807,-6.2585655,,subpremise,Dublin City,Mansion House A,02117,Dublin,268096001
212191,2017.0,"APT 6 ST CATHERINES CHURCH, BRIDGEFOOT STREET, DUBLIN 8,Dublin,Ireland",12/04/2017,"APT 6 ST CATHERINES CHURCH, BRIDGEFOOT STREET, DUBLIN 8",Dublin 8,Dublin,98659.5,No,No,Second-Hand Dwelling house /Apartment,,2017-04-12,"6, Saint Catherine's Church Apartments, Bridgefoot St, Merchants Quay, Dublin 8, Ireland",ROOFTOP,53.3433881,-6.2810254,,subpremise,Dublin City,Merchants Quay A,02119,Dublin,268098001
212193,2017.0,"APT 6, 151 153 JAMES ST, DUBLIN 8,Dublin,Ireland",11/04/2017,"APT 6, 151 153 JAMES ST, DUBLIN 8",Dublin 8,Dublin,35000.0,No,No,Second-Hand Dwelling house /Apartment,,2017-04-11,"6 James's St N, North Strand, Dublin 3, D03 YX30, Ireland",ROOFTOP,53.3576342,-6.2385271,D03 YX30,street_address,Dublin City,North Dock A,02076,Dublin,268107002
212195,2017.0,"APT 6, 3 GRANGE LODGE AVE, CLONGRIFFIN DUBLIN 13,Dublin,Ireland",04/05/2017,"APT 6, 3 GRANGE LODGE AVE, CLONGRIFFIN DUBLIN 13",Dublin 13,Dublin,231000.0,No,No,Second-Hand Dwelling house /Apartment,,2017-05-04,"6, 3 Grange Lodge Ave, Donaghmede, Dublin, Ireland",ROOFTOP,53.4023742,-6.1544894,,subpremise,Dublin City,Grange B,02060,Dublin,268072010
212196,2017.0,"APT 6, 43 EAST ESSEX STREET, DUBLIN 2,Dublin,Ireland",09/05/2017,"APT 6, 43 EAST ESSEX STREET, DUBLIN 2",Dublin 2,Dublin,405000.0,No,No,Second-Hand Dwelling house /Apartment,,2017-05-09,"6, 43 Essex St E, Temple Bar, Dublin 2, D02 Y306, Ireland",ROOFTOP,53.3449761,-6.2665098,D02 Y306,subpremise,Dublin City,Royal Exchange A,02144,Dublin,268140013
212197,2017.0,"APT 6, AUBURN, HOWTH RD DUBLIN 3,Dublin,Ireland",10/03/2017,"APT 6, AUBURN, HOWTH RD DUBLIN 3",Dublin 3,Dublin,390000.0,No,No,Second-Hand Dwelling house /Apartment,,2017-03-10,"6, Auburn, Howth Rd, Clontarf West, Dublin 3, Ireland",ROOFTOP,53.3686167,-6.2146561,,subpremise,Dublin City,Clontarf West C,02044,Dublin,268048014
212198,2017.0,"APT 6, CHANDLER COURT, 49 50 CAPEL ST,Dublin,Ireland",07/03/2017,"APT 6, CHANDLER COURT, 49 50 CAPEL ST",Dublin 1,Dublin,140000.0,No,No,Second-Hand Dwelling house /Apartment,,2017-03-07,"6, Chandler Court, Capel St, North City, Dublin 1, Ireland",ROOFTOP,53.3490313,-6.2688253,,subpremise,Dublin City,North City,02075,Dublin,268106003
212227,2017.0,"APT 69 MELLOWES QUAY, USHERS QUAY, DUBLIN 8,Dublin,Ireland",04/05/2017,"APT 69 MELLOWES QUAY, USHERS QUAY, DUBLIN 8",Dublin 8,Dublin,186000.0,No,No,Second-Hand Dwelling house /Apartment,,2017-05-04,"69, Mellowe's Quay, Usher's Quay, Merchants Quay, Dublin 8, Ireland",ROOFTOP,53.3454402,-6.2798109,,subpremise,Dublin City,Merchants Quay A,02119,Dublin,268098005
212238,2017.0,"APT 7 RADCLIFFE, DUBLIN RD, SUTTON DUBLIN 13,Dublin,Ireland",11/01/2017,"APT 7 RADCLIFFE, DUBLIN RD, SUTTON DUBLIN 13",Dublin 13,Dublin,370000.0,No,No,Second-Hand Dwelling house /Apartment,,2017-01-11,,,,,,,,,,,
212239,2017.0,"APT 7 ROSEBANK PLACE, CLONDALKIN, DUBLIN 22,Dublin,Ireland",05/04/2017,"APT 7 ROSEBANK PLACE, CLONDALKIN, DUBLIN 22",Dublin 22,Dublin,155000.0,No,No,Second-Hand Dwelling house /Apartment,,2017-04-05,"7, Rosebank Place, Ninth Lock Rd, Ballymanaggin, Dublin 22, Ireland",ROOFTOP,53.3282486,-6.3953557,,subpremise,South Dublin,Clondalkin-Monastery,03007,Dublin,267050003
212240,2017.0,"APT 7 ST CATHERINES CHURCH, BRIDGEFOOT STREET, DUBLIN 8,Dublin,Ireland",12/04/2017,"APT 7 ST CATHERINES CHURCH, BRIDGEFOOT STREET, DUBLIN 8",Dublin 8,Dublin,143491.72,No,No,Second-Hand Dwelling house /Apartment,,2017-04-12,"7, Saint Catherine's Church Apartments, Bridgefoot St, Merchants Quay, Dublin 8, Ireland",ROOFTOP,53.3433881,-6.2810254,,subpremise,Dublin City,Merchants Quay A,02119,Dublin,268098001
212244,2017.0,"APT 7, 151 153 JAMES ST, DUBLIN 8,Dublin,Ireland",11/04/2017,"APT 7, 151 153 JAMES ST, DUBLIN 8",Dublin 8,Dublin,40000.0,No,No,Second-Hand Dwelling house /Apartment,,2017-04-11,"7 James's St N, North Strand, Dublin 3, D03 DX94, Ireland",ROOFTOP,53.3576037,-6.2384492,D03 DX94,street_address,Dublin City,North Dock A,02076,Dublin,268107002
212246,2017.0,"APT 7, 25 BELGRAVE RD, RATHMINES DUBLIN 6,Dublin,Ireland",06/02/2017,"APT 7, 25 BELGRAVE RD, RATHMINES DUBLIN 6",Dublin 6,Dublin,200000.0,No,No,Second-Hand Dwelling house /Apartment,,2017-02-06,"7, 25 Belgrave Rd, Dublin 6, D06 K5K0, Ireland",ROOFTOP,53.3209769,-6.2603816,D06 K5K0,subpremise,Dublin City,Rathmines West C,02140,Dublin,268134013
212248,2017.0,"APT 7, BLACKHALL SQ, KING ST NORTH DUBLIN 7,Dublin,Ireland",08/03/2017,"APT 7, BLACKHALL SQ, KING ST NORTH DUBLIN 7",Dublin 7,Dublin,175000.0,No,No,Second-Hand Dwelling house /Apartment,,2017-03-08,"7, Blackhall Square, King St N, Smithfield, Dublin 7, Ireland",ROOFTOP,53.3500838,-6.2805277,,subpremise,Dublin City,Arran Quay B,02002,Dublin,268002019
212261,2017.0,"APT 72 HARBOUR VIEW, DUN LAOGHAIRE, DUBLIN,Dublin,Ireland",11/01/2017,"APT 72 HARBOUR VIEW, DUN LAOGHAIRE, DUBLIN",Dublin 13,Dublin,405000.0,No,No,Second-Hand Dwelling house /Apartment,,2017-01-11,"106 George's Street Lower, D̼n Laoghaire, Co. Dublin, Ireland",ROOFTOP,53.2938028,-6.1393605,,"establishment,point_of_interest",Dn Laoghaire-Rathdown,Dn Laoghaire-West Central,05052,Dublin,267077001
212262,2017.0,"APT 72, COLLEGE VIEW, MAIN ST DUBLIN 9,Dublin,Ireland",02/06/2017,"APT 72, COLLEGE VIEW, MAIN ST DUBLIN 9",Dublin 11,Dublin,160000.0,No,No,Second-Hand Dwelling house /Apartment,,2017-06-02,"72, College View, Main St, Tallaght, Dublin 24, Ireland",ROOFTOP,53.2879933,-6.3592416,,subpremise,South Dublin,Tallaght-Glenview,03031,Dublin,267139001
212265,2017.0,"APT 75, BALLINTYRE GROVE, BALLINTEER DUBLIN 16,Dublin,Ireland",08/02/2017,"APT 75, BALLINTYRE GROVE, BALLINTEER DUBLIN 16",Dublin 16,Dublin,335000.0,No,No,Second-Hand Dwelling house /Apartment,,2017-02-08,"75 Ballintyre Grove, Ballinteer, Dublin, Ireland",RANGE_INTERPOLATED,53.2732976,-6.2570146,,street_address,Dn Laoghaire-Rathdown,Ballinteer-Woodpark,05006,Dublin,267007005
212267,2017.0,"APT 76 BURNELL COURT, SOUTHERN CROSS, MALAHIDE RD,Dublin,Ireland",09/02/2017,"APT 76 BURNELL COURT, SOUTHERN CROSS, MALAHIDE RD",Dublin 15,Dublin,205000.0,No,No,Second-Hand Dwelling house /Apartment,,2017-02-09,,,,,,,,,,,
212287,2017.0,"APT 8 ST CATHERINES CHURCH, BRIDGEFOOT STREET, DUBLIN 8,Dublin,Ireland",12/04/2017,"APT 8 ST CATHERINES CHURCH, BRIDGEFOOT STREET, DUBLIN 8",Dublin 8,Dublin,148228.05,No,No,Second-Hand Dwelling house /Apartment,,2017-04-12,"Thomas St, Merchants Quay, Dublin 8, D08 DNA7, Ireland",GEOMETRIC_CENTER,53.3429489,-6.2812265,D08 DNA7,"church,establishment,place_of_worship,point_of_interest",Dublin City,Merchants Quay B,02120,Dublin,268099004
212294,2017.0,"APT 8, BRIGHTON HOUSE, BRIGHTON TERRACE,Dublin,Ireland",12/01/2017,"APT 8, BRIGHTON HOUSE, BRIGHTON TERRACE",,Dublin,375000.0,No,No,Second-Hand Dwelling house /Apartment,,2017-01-12,"8, Brighton House, Brighton Square, Terenure, Dublin 6, Ireland",ROOFTOP,53.3148525,-6.2811351,,subpremise,Dublin City,Rathmines West E,02142,Dublin,268136008
212299,2017.0,"APT 8, HOUSE 1, LINDEN COURT,Dublin,Ireland",05/04/2017,"APT 8, HOUSE 1, LINDEN COURT",,Dublin,320000.0,No,No,Second-Hand Dwelling house /Apartment,,2017-04-05,"8, Linden Court, Rathgar Rd, Dublin 6, Ireland",ROOFTOP,53.3135335,-6.2726168,,subpremise,Dublin City,Rathmines West D,02141,Dublin,268135002
212300,2017.0,"APT 8, KELSTON HALL, LEOPARDSTOWN RD DUBLIN 18,Dublin,Ireland",05/01/2017,"APT 8, KELSTON HALL, LEOPARDSTOWN RD DUBLIN 18",Dublin 18,Dublin,392000.0,No,No,Second-Hand Dwelling house /Apartment,,2017-01-05,"8, Kelston House, Kelston View, Leopardstown Rd, Newpark, Dublin 18, Ireland",ROOFTOP,53.2771541,-6.1843821,,subpremise,Dn Laoghaire-Rathdown,Foxrock-Torquay,05056,Dublin,267090001
212302,2017.0,"APT 8, LINDEN COURT, LINDEN GROVE AVE BLACKROCK,Dublin,Ireland",12/01/2017,"APT 8, LINDEN COURT, LINDEN GROVE AVE BLACKROCK",Dublin 15,Dublin,342500.0,No,No,Second-Hand Dwelling house /Apartment,,2017-01-12,"43 Grove Ave, Stillorgan, Dublin, Ireland",ROOFTOP,53.2925446,-6.1936598,,"establishment,lodging,point_of_interest",Dn Laoghaire-Rathdown,Stillorgan-Priory,05068,Dublin,267129007
212303,2017.0,"APT 8, RAHENY WOOD, RAHENY RD DUBLIN 5,Dublin,Ireland",01/02/2017,"APT 8, RAHENY WOOD, RAHENY RD DUBLIN 5",Dublin 5,Dublin,245000.0,No,No,Second-Hand Dwelling house /Apartment,,2017-02-01,"8, Raheny Wood, Raheny Rd, Grange, Dublin 5, Ireland",ROOFTOP,53.383506,-6.1771405,,subpremise,Dublin City,Grange E,02063,Dublin,268075001
212304,2017.0,"APT 8, ROEBUCK LAWN, CLONSKEAGH DUBLIN 14,Dublin,Ireland",09/01/2017,"APT 8, ROEBUCK LAWN, CLONSKEAGH DUBLIN 14",Dublin 14,Dublin,282000.0,No,No,Second-Hand Dwelling house /Apartment,,2017-01-09,"8 Roebuck Lawn, Farranboley, Dublin 14, D14 E0W6, Ireland",ROOFTOP,53.303694,-6.2425695,D14 E0W6,street_address,Dn Laoghaire-Rathdown,Clonskeagh-Windy Arbour,05031,Dublin,267059008
212306,2017.0,"APT 8, ST PATRICKS COURT, 74 77 CLANBRASSIL ST UPPER,Dublin,Ireland",07/04/2017,"APT 8, ST PATRICKS COURT, 74 77 CLANBRASSIL ST UPPER",Dublin 8,Dublin,180000.0,No,No,Second-Hand Dwelling house /Apartment,,2017-04-07,"8, Saint Patricks Court, Clanbrassil Street Lower, Merchants Quay, Dublin 8, Ireland",ROOFTOP,53.3338835,-6.2757933,,subpremise,Dublin City,Merchants Quay E,02123,Dublin,268102011
212315,2017.0,"APT 84 BELGROVE PARK, MOUNT PROSPECT LAWNS, CLONTARF,Dublin,Ireland",12/04/2017,"APT 84 BELGROVE PARK, MOUNT PROSPECT LAWNS, CLONTARF",,Dublin,410000.0,No,No,Second-Hand Dwelling house /Apartment,,2017-04-12,"84, Belgrove Park, Mount Prospect Lawns, Clontarf East, Dublin 3, Ireland",ROOFTOP,53.3683355,-6.1910597,,subpremise,Dublin City,Clontarf East B,02038,Dublin,268042028
212318,2017.0,"APT 86 THE LIGHTHOUSE, CHURCH RD, EAST WALL,Dublin,Ireland",10/03/2017,"APT 86 THE LIGHTHOUSE, CHURCH RD, EAST WALL",Dublin 3,Dublin,82486.16,Yes,No,Second-Hand Dwelling house /Apartment,,2017-03-10,"E Wall Rd, East Wall, Dublin, Ireland",GEOMETRIC_CENTER,53.3570337,-6.2345601,,"establishment,point_of_interest",Dublin City,North Dock B,02077,Dublin,268108011
212319,2017.0,"APT 86 THE LIGHTHOUSE, CHURCH RD, EAST WALL,Dublin,Ireland",10/03/2017,"APT 86 THE LIGHTHOUSE, CHURCH RD, EAST WALL",Dublin 3,Dublin,82486.16,Yes,No,Second-Hand Dwelling house /Apartment,,2017-03-10,"E Wall Rd, East Wall, Dublin, Ireland",GEOMETRIC_CENTER,53.3570337,-6.2345601,,"establishment,point_of_interest",Dublin City,North Dock B,02077,Dublin,268108011
212320,2017.0,"APT 86 THE LIGHTHOUSE, CHURCH RD, EAST WALL,Dublin,Ireland",10/03/2017,"APT 86 THE LIGHTHOUSE, CHURCH RD, EAST WALL",Dublin 3,Dublin,82486.16,Yes,No,Second-Hand Dwelling house /Apartment,,2017-03-10,"E Wall Rd, East Wall, Dublin, Ireland",GEOMETRIC_CENTER,53.3570337,-6.2345601,,"establishment,point_of_interest",Dublin City,North Dock B,02077,Dublin,268108011
212321,2017.0,"APT 86 THE LIGHTHOUSE, CHURCH RD, EAST WALL,Dublin,Ireland",10/03/2017,"APT 86 THE LIGHTHOUSE, CHURCH RD, EAST WALL",Dublin 3,Dublin,82486.16,Yes,No,Second-Hand Dwelling house /Apartment,,2017-03-10,"E Wall Rd, East Wall, Dublin, Ireland",GEOMETRIC_CENTER,53.3570337,-6.2345601,,"establishment,point_of_interest",Dublin City,North Dock B,02077,Dublin,268108011
212322,2017.0,"APT 86 THE LIGHTHOUSE, CHURCH RD, EAST WALL,Dublin,Ireland",10/03/2017,"APT 86 THE LIGHTHOUSE, CHURCH RD, EAST WALL",Dublin 3,Dublin,82486.16,Yes,No,Second-Hand Dwelling house /Apartment,,2017-03-10,"E Wall Rd, East Wall, Dublin, Ireland",GEOMETRIC_CENTER,53.3570337,-6.2345601,,"establishment,point_of_interest",Dublin City,North Dock B,02077,Dublin,268108011
212323,2017.0,"APT 86 THE LIGHTHOUSE, CHURCH RD, EAST WALL,Dublin,Ireland",10/03/2017,"APT 86 THE LIGHTHOUSE, CHURCH RD, EAST WALL",Dublin 3,Dublin,82486.16,Yes,No,Second-Hand Dwelling house /Apartment,,2017-03-10,"E Wall Rd, East Wall, Dublin, Ireland",GEOMETRIC_CENTER,53.3570337,-6.2345601,,"establishment,point_of_interest",Dublin City,North Dock B,02077,Dublin,268108011
212324,2017.0,"APT 86 THE LIGHTHOUSE, CHURCH RD, EAST WALL,Dublin,Ireland",10/03/2017,"APT 86 THE LIGHTHOUSE, CHURCH RD, EAST WALL",Dublin 3,Dublin,195000.0,No,No,Second-Hand Dwelling house /Apartment,,2017-03-10,"E Wall Rd, East Wall, Dublin, Ireland",GEOMETRIC_CENTER,53.3570337,-6.2345601,,"establishment,point_of_interest",Dublin City,North Dock B,02077,Dublin,268108011
212325,2017.0,"APT 86 THE LIGHTHOUSE, CHURCH RD, EAST WALL,Dublin,Ireland",10/03/2017,"APT 86 THE LIGHTHOUSE, CHURCH RD, EAST WALL",Dublin 3,Dublin,195000.0,No,No,Second-Hand Dwelling house /Apartment,,2017-03-10,"E Wall Rd, East Wall, Dublin, Ireland",GEOMETRIC_CENTER,53.3570337,-6.2345601,,"establishment,point_of_interest",Dublin City,North Dock B,02077,Dublin,268108011
212326,2017.0,"APT 86 THE LIGHTHOUSE, CHURCH RD, EAST WALL,Dublin,Ireland",10/03/2017,"APT 86 THE LIGHTHOUSE, CHURCH RD, EAST WALL",Dublin 3,Dublin,195000.0,No,No,Second-Hand Dwelling house /Apartment,,2017-03-10,"E Wall Rd, East Wall, Dublin, Ireland",GEOMETRIC_CENTER,53.3570337,-6.2345601,,"establishment,point_of_interest",Dublin City,North Dock B,02077,Dublin,268108011
212331,2017.0,"APT 88, KNOCKMAREE, CHAPELIZOD DUBLIN 20,Dublin,Ireland",09/06/2017,"APT 88, KNOCKMAREE, CHAPELIZOD DUBLIN 20",Dublin 20,Dublin,265000.0,No,No,Second-Hand Dwelling house /Apartment,,2017-06-09,"88, Knockmaree, St Laurence's Rd, Chapelizod, Dublin 20, Ireland",ROOFTOP,53.346636,-6.3462167,,subpremise,Dublin City,Chapelizod,02094,Dublin,268037006
212332,2017.0,"APT 89 BLOCK B, SMITHFIELD MARKET, SMITHFIELD DUBLIN 7,Dublin,Ireland",08/02/2017,"APT 89 BLOCK B, SMITHFIELD MARKET, SMITHFIELD DUBLIN 7",Dublin 7,Dublin,355000.0,No,No,Second-Hand Dwelling house /Apartment,,2017-02-08,"8 Haymarket, Arran Quay, Dublin 7, D07 F2Y6, Ireland",ROOFTOP,53.3478304,-6.2793584,D07 F2Y6,"establishment,point_of_interest",Dublin City,Arran Quay C,02003,Dublin,268003008
212333,2017.0,"APT 8C, CAMERON COURT, CORK ST DUBLIN 8,Dublin,Ireland",04/05/2017,"APT 8C, CAMERON COURT, CORK ST DUBLIN 8",Dublin 8,Dublin,88611.92,Yes,No,Second-Hand Dwelling house /Apartment,,2017-05-04,"8c, Cameron Court, Cork St, Merchants Quay, Dublin 8, Ireland",ROOFTOP,53.3363172,-6.2878042,,subpremise,Dublin City,Merchants Quay F,02124,Dublin,268103007
212337,2017.0,"APT 9 ST CATHERINES CHURCH, BRIDGEFOOT STREET, DUBLIN 8,Dublin,Ireland",12/04/2017,"APT 9 ST CATHERINES CHURCH, BRIDGEFOOT STREET, DUBLIN 8",Dublin 8,Dublin,113116.32,No,No,Second-Hand Dwelling house /Apartment,,2017-04-12,"9, Saint Catherine's Church Apartments, Bridgefoot St, Merchants Quay, Dublin 8, Ireland",ROOFTOP,53.3433881,-6.2810254,,subpremise,Dublin City,Merchants Quay A,02119,Dublin,268098001
212338,2017.0,"APT 9 STOCKING WELL ROW, STOCKING AVE RATHFARNHAM, DUBLIN 16,Dublin,Ireland",04/04/2017,"APT 9 STOCKING WELL ROW, STOCKING AVE RATHFARNHAM, DUBLIN 16",Dublin 16,Dublin,237000.0,No,No,Second-Hand Dwelling house /Apartment,,2017-04-04,"Stocking Well Row, Ballycullen, Dublin, Ireland",GEOMETRIC_CENTER,53.2727917,-6.3193542,,route,South Dublin,Firhouse-Ballycullen,03012,Dublin,267085014/02
212345,2017.0,"APT 9, QUARTIERE BLOOM, 24 LOWER ORMOND QUAY,Dublin,Ireland",03/02/2017,"APT 9, QUARTIERE BLOOM, 24 LOWER ORMOND QUAY",Dublin 2,Dublin,252500.0,No,No,Second-Hand Dwelling house /Apartment,,2017-02-03,,,,,,,,,,,
212351,2017.0,"APT 94, THE WINDMILL, WINDMILL LANE DUBLIN 2,Dublin,Ireland",06/06/2017,"APT 94, THE WINDMILL, WINDMILL LANE DUBLIN 2",Dublin 2,Dublin,375000.0,No,No,Second-Hand Dwelling house /Apartment,,2017-06-06,"94, Windmill Lane Apartments, Windmill Ln, Dublin 2, Ireland",ROOFTOP,53.3452843,-6.2446721,,subpremise,Dublin City,Mansion House A,02117,Dublin,268096018
212352,2017.0,"APT 98 ANNA LIVIA HOUSE, VIKING HARBOUR, USHERS ISLAND,Dublin,Ireland",10/01/2017,"APT 98 ANNA LIVIA HOUSE, VIKING HARBOUR, USHERS ISLAND",,Dublin,127000.0,No,No,Second-Hand Dwelling house /Apartment,,2017-01-10,"Viking Harbour Apartments, Usher's Island, Dublin 8, Ireland",ROOFTOP,53.3464802,-6.2835266,,"establishment,lodging,point_of_interest",Dublin City,Ushers B,02153,Dublin,268149003
212357,2017.0,"APT B, SIMMONSCOURT CASTLE, BALLSBRIDGE DUBLIN 4,Dublin,Ireland",06/06/2017,"APT B, SIMMONSCOURT CASTLE, BALLSBRIDGE DUBLIN 4",Dublin 4,Dublin,625000.0,No,No,Second-Hand Dwelling house /Apartment,,2017-06-06,"b, Simmonscourt Castle, Simmonscourt Rd, Dublin 4, Ireland",ROOFTOP,53.3240463,-6.2274059,,subpremise,Dublin City,Pembroke East E,02129,Dublin,268114004
212359,2017.0,"APT C, SIMMONSCOURT CASTLE, BALLSBRIDGE DUBLIN 4,Dublin,Ireland",06/06/2017,"APT C, SIMMONSCOURT CASTLE, BALLSBRIDGE DUBLIN 4",Dublin 4,Dublin,625000.0,No,No,Second-Hand Dwelling house /Apartment,,2017-06-06,"Simmonscourt Castle, Simmonscourt Rd, Dublin 4, Ireland",ROOFTOP,53.3240463,-6.2274059,,premise,Dublin City,Pembroke East E,02129,Dublin,268114004
212367,2017.0,"APT NO8, 151 153 JAMES ST, DUBLIN 8,Dublin,Ireland",11/04/2017,"APT NO8, 151 153 JAMES ST, DUBLIN 8",Dublin 8,Dublin,45000.0,No,No,Second-Hand Dwelling house /Apartment,,2017-04-11,"8 James's St N, North Strand, Dublin 3, D03 VX82, Ireland",ROOFTOP,53.3575698,-6.2383659,D03 VX82,street_address,Dublin City,North Dock A,02076,Dublin,268107002
212375,2017.0,"APT'S  1 - 16, 23 HARRINGTON ST, DUBLIN 8,Dublin,Ireland",06/04/2017,"APT'S  1 - 16, 23 HARRINGTON ST, DUBLIN 8",Dublin 8,Dublin,1140000.0,No,No,Second-Hand Dwelling house /Apartment,,2017-04-06,,,,,,,,,,,
212379,2017.0,"APT. 1 PARK HOUSE, ASHDALE RD, TERENURE DUBLIN 6W,Dublin,Ireland",05/04/2017,"APT. 1 PARK HOUSE, ASHDALE RD, TERENURE DUBLIN 6W",Dublin 15,Dublin,481000.0,No,No,Second-Hand Dwelling house /Apartment,,2017-04-05,"Ashdale Rd, Terenure, Dublin 6W, Co. Dublin, Ireland",GEOMETRIC_CENTER,53.3146083,-6.2854859,,"establishment,point_of_interest,school",Dublin City,Terenure B,02149,Dublin,268145011
212383,2017.0,"APT. 1, 30 EAST ESSEX STREET, TEMPLE BAR,Dublin,Ireland",07/02/2017,"APT. 1, 30 EAST ESSEX STREET, TEMPLE BAR",,Dublin,240000.0,No,No,Second-Hand Dwelling house /Apartment,,2017-02-07,"1, 30 Essex St E, Temple Bar, Dublin 2, D02 CC02, Ireland",ROOFTOP,53.3453254,-6.2651653,D02 CC02,subpremise,Dublin City,Royal Exchange A,02144,Dublin,268140013
212384,2017.0,"APT. 1, 9 FAIRVIEW AVENUE LR, FAIRVIEW,Dublin,Ireland",02/02/2017,"APT. 1, 9 FAIRVIEW AVENUE LR, FAIRVIEW",Dublin 3,Dublin,505000.0,No,No,Second-Hand Dwelling house /Apartment,,2017-02-02,"1, 9 Fairview Ave Lower, Fionnradharc, Dublin 3, D03 K162, Ireland",ROOFTOP,53.3637519,-6.236252,D03 K162,subpremise,Dublin City,Clontarf West D,02045,Dublin,268049003
212402,2017.0,"APT. 6, LOFTUS SQUARE, RATHFARNHAM GATE,Dublin,Ireland",05/05/2017,"APT. 6, LOFTUS SQUARE, RATHFARNHAM GATE",Dublin 14,Dublin,362000.0,No,No,Second-Hand Dwelling house /Apartment,,2017-05-05,"Rathfarnham, Dublin, Ireland",GEOMETRIC_CENTER,53.2989843,-6.2845572,,"establishment,lodging,point_of_interest",South Dublin,Rathfarnham Village,03026,Dublin,267117007
212409,2017.0,"APT.1 - THE BAKERY, UNIT 11 TRADE CENTRE, GEORGES HILL BALBRIGGAN,Dublin,Ireland",06/01/2017,"APT.1 - THE BAKERY, UNIT 11 TRADE CENTRE, GEORGES HILL BALBRIGGAN",,Dublin,220000.0,No,No,Second-Hand Dwelling house /Apartment,,2017-01-06,,,,,,,,,,,
212411,2017.0,"APT.1, 76 AUGHRIM ST, STONEYBATTER,Dublin,Ireland",10/04/2017,"APT.1, 76 AUGHRIM ST, STONEYBATTER",Dublin 7,Dublin,315000.0,No,No,Second-Hand Dwelling house /Apartment,,2017-04-10,"1, 76 Aughrim St, Arran Quay, Dublin 7, D07 DK71, Ireland",ROOFTOP,53.3539052,-6.2886626,D07 DK71,subpremise,Dublin City,Arran Quay E,02005,Dublin,268005013
212417,2017.0,"APT.2, 30 EAST ESSEX STREET, TEMPLE BAR,Dublin,Ireland",07/02/2017,"APT.2, 30 EAST ESSEX STREET, TEMPLE BAR",,Dublin,245000.0,No,No,Second-Hand Dwelling house /Apartment,,2017-02-07,"2, 30 Essex St E, Temple Bar, Dublin 2, D02 CC02, Ireland",ROOFTOP,53.3453254,-6.2651653,D02 CC02,subpremise,Dublin City,Royal Exchange A,02144,Dublin,268140013
212418,2017.0,"APT.3 - HAZELBROOK, UPPER KILMACUD RD, DUNDRUM,Dublin,Ireland",05/05/2017,"APT.3 - HAZELBROOK, UPPER KILMACUD RD, DUNDRUM",,Dublin,420000.0,No,No,Second-Hand Dwelling house /Apartment,,2017-05-05,"3, Hazelbrook, Kilmacud Rd Upper, Dundrum, Dublin 14, Ireland",ROOFTOP,53.2854363,-6.2251096,,subpremise,Dn Laoghaire-Rathdown,Stillorgan-Kilmacud,05064,Dublin,267125003
212419,2017.0,"APT.32 - MILL HOUSE, FOLEY STREET, DUBLIN 1,Dublin,Ireland",07/04/2017,"APT.32 - MILL HOUSE, FOLEY STREET, DUBLIN 1",Dublin 1,Dublin,240000.0,No,No,Second-Hand Dwelling house /Apartment,,2017-04-07,"Foley St, Mountjoy, Dublin, Ireland",GEOMETRIC_CENTER,53.3525851,-6.2508507,,"establishment,point_of_interest",Dublin City,Mountjoy A,02073,Dublin,268104014
212421,2017.0,"APT.36 -TUANSGATE BUILDING, BELGARD SQUARE EAST, TALLAGHT,Dublin,Ireland",08/02/2017,"APT.36 -TUANSGATE BUILDING, BELGARD SQUARE EAST, TALLAGHT",Dublin 24,Dublin,164000.0,No,No,Second-Hand Dwelling house /Apartment,,2017-02-08,"Tuansgate,, E Belgard Square, Tallaght, Lucan, Co. South Dublin, Ireland",GEOMETRIC_CENTER,53.288189,-6.370622,,"establishment,point_of_interest",South Dublin,Tallaght-Springfield,03039,Dublin,267147025/02
212423,2017.0,"APT.38 - SANDERLING, BLOCK A - THORN WOOD APTS, BOOTERSTOWN,Dublin,Ireland",10/02/2017,"APT.38 - SANDERLING, BLOCK A - THORN WOOD APTS, BOOTERSTOWN",,Dublin,328500.0,No,No,Second-Hand Dwelling house /Apartment,,2017-02-10,"Booterstown Ave, Merrion, Blackrock, Co. Dublin, Ireland",GEOMETRIC_CENTER,53.2996153,-6.2044644,,"establishment,point_of_interest",Dn Laoghaire-Rathdown,Blackrock-Booterstown,05008,Dublin,267019008
212424,2017.0,"APT.4, 11 NELSON STREET, DUBLIN 7,Dublin,Ireland",04/04/2017,"APT.4, 11 NELSON STREET, DUBLIN 7",,Dublin,151000.0,No,No,Second-Hand Dwelling house /Apartment,,2017-04-04,"4, 11 Nelson St, Phibsborough, Dublin 7, D07 H2R2, Ireland",ROOFTOP,53.3576564,-6.2674867,D07 H2R2,subpremise,Dublin City,Inns Quay B,02067,Dublin,268081006
212429,2017.0,"APT.69 - HAMPTON WOOD GREEN, HAMPTON WOOD, DUBLIN 11,Dublin,Ireland",10/05/2017,"APT.69 - HAMPTON WOOD GREEN, HAMPTON WOOD, DUBLIN 11",Dublin 11,Dublin,175000.0,No,No,Second-Hand Dwelling house /Apartment,,2017-05-10,"69 Hampton Wood Park, Hampton Wood, Dublin 11, D11 F440, Ireland",ROOFTOP,53.4055945,-6.2865913,D11 F440,street_address,Dublin City,Ballymun A,02015,Dublin,268015013
212442,2017.0,"APT101, THE ACAMEDY, PARKWEST POINTE,Dublin,Ireland",03/02/2017,"APT101, THE ACAMEDY, PARKWEST POINTE",Dublin 12,Dublin,177000.0,No,No,Second-Hand Dwelling house /Apartment,,2017-02-03,,,,,,,,,,,
212447,2017.0,"APT7, SLANE HOUSE, 25 LOWER MOUNT ST,Dublin,Ireland",10/05/2017,"APT7, SLANE HOUSE, 25 LOWER MOUNT ST",Dublin 2,Dublin,425000.0,No,No,Second-Hand Dwelling house /Apartment,,2017-05-10,,,,,,,,,,,
212522,2017.0,"ARLINGTON, JOLLYLANDS, BALLYCORUS RD DUBLIN 18,Dublin,Ireland",06/06/2017,"ARLINGTON, JOLLYLANDS, BALLYCORUS RD DUBLIN 18",Dublin 18,Dublin,639000.0,No,No,Second-Hand Dwelling house /Apartment,,2017-06-06,,,,,,,,,,,
212577,2017.0,"AVALON, 27 SEAMOUNT VIEW, SWORDS,Dublin,Ireland",11/04/2017,"AVALON, 27 SEAMOUNT VIEW, SWORDS",,Dublin,330000.0,No,No,Second-Hand Dwelling house /Apartment,,2017-04-11,"Avalon, 27 Seamount View, Mountgorry, Swords, Co. Dublin, K67 C8W5, Ireland",ROOFTOP,53.4540105,-6.2062166,K67 C8W5,street_address,Fingal,Swords-Seatown,04039,Dublin,267134006
212579,2017.0,"AVALON, SURGALSTOWN, KILSALLAGHAN,Dublin,Ireland",04/05/2017,"AVALON, SURGALSTOWN, KILSALLAGHAN",,Dublin,535000.0,No,No,Second-Hand Dwelling house /Apartment,,2017-05-04,"Avalon, Surgalstown North, Swords, Co. Dublin, Ireland",ROOFTOP,53.4700707,-6.3055154,,premise,Fingal,Kilsallaghan,04025,Dublin,267098005
212588,2017.0,"Apartment 1  Block 3, New Priory, Hole in the Wall Road,Dublin,Ireland",07/03/2017,"Apartment 1  Block 3, New Priory, Hole in the Wall Road",,Dublin,145374.44,No,Yes,New Dwelling house /Apartment,less than 38 sq metres,2017-03-07,,,,,,,,,,,
212593,2017.0,"Apartment 1, Block 6, The Hole in the Wall; Road,Dublin,Ireland",11/04/2017,"Apartment 1, Block 6, The Hole in the Wall; Road",Dublin 13,Dublin,165000.0,No,Yes,New Dwelling house /Apartment,greater than or equal to 38 sq metres and less than 125 sq metres,2017-04-11,"1, Grattan Lodge Apartments, The Hole in The Wall Rd, Grattan Lodge, Grange, Dublin 13, Ireland",ROOFTOP,53.4019152,-6.1645099,,subpremise,Dublin City,Grange A,02059,Dublin,268071025
212608,2017.0,"Apartment 110 Neptune Block, Honeypark, Dun-Laoghaire,Dublin,Ireland",03/03/2017,"Apartment 110 Neptune Block, Honeypark, Dun-Laoghaire",,Dublin,308370.04,No,Yes,New Dwelling house /Apartment,greater than or equal to 38 sq metres and less than 125 sq metres,2017-03-03,"Honeypark, D̼n Laoghaire, Co. Dublin, Ireland",GEOMETRIC_CENTER,53.2804207,-6.143294,,"establishment,point_of_interest",Dn Laoghaire-Rathdown,Dn Laoghaire-Sallynoggin West,05049,Dublin,267074006
212609,2017.0,"Apartment 111 Neptune Block, Honeypark, Dun-Laoghaire,Dublin,Ireland",03/03/2017,"Apartment 111 Neptune Block, Honeypark, Dun-Laoghaire",,Dublin,251101.32,No,Yes,New Dwelling house /Apartment,greater than or equal to 38 sq metres and less than 125 sq metres,2017-03-03,"Honeypark, D̼n Laoghaire, Co. Dublin, Ireland",GEOMETRIC_CENTER,53.2804207,-6.143294,,"establishment,point_of_interest",Dn Laoghaire-Rathdown,Dn Laoghaire-Sallynoggin West,05049,Dublin,267074006
212610,2017.0,"Apartment 112 Neptune Block, Honeypark, Dun-Laoghaire,Dublin,Ireland",03/03/2017,"Apartment 112 Neptune Block, Honeypark, Dun-Laoghaire",,Dublin,330396.48,No,Yes,New Dwelling house /Apartment,greater than or equal to 38 sq metres and less than 125 sq metres,2017-03-03,"Honeypark, D̼n Laoghaire, Co. Dublin, Ireland",GEOMETRIC_CENTER,53.2804207,-6.143294,,"establishment,point_of_interest",Dn Laoghaire-Rathdown,Dn Laoghaire-Sallynoggin West,05049,Dublin,267074006
212611,2017.0,"Apartment 113 Neptune Block, Honeypark, Dun-Laoghaire,Dublin,Ireland",03/03/2017,"Apartment 113 Neptune Block, Honeypark, Dun-Laoghaire",,Dublin,251101.32,No,Yes,New Dwelling house /Apartment,greater than or equal to 38 sq metres and less than 125 sq metres,2017-03-03,"Honeypark, D̼n Laoghaire, Co. Dublin, Ireland",GEOMETRIC_CENTER,53.2804207,-6.143294,,"establishment,point_of_interest",Dn Laoghaire-Rathdown,Dn Laoghaire-Sallynoggin West,05049,Dublin,267074006
212612,2017.0,"Apartment 114 Neptune Block, Honeypark, Dun-Laoghaire,Dublin,Ireland",03/03/2017,"Apartment 114 Neptune Block, Honeypark, Dun-Laoghaire",,Dublin,308370.05,No,Yes,New Dwelling house /Apartment,greater than or equal to 38 sq metres and less than 125 sq metres,2017-03-03,"Honeypark, D̼n Laoghaire, Co. Dublin, Ireland",GEOMETRIC_CENTER,53.2804207,-6.143294,,"establishment,point_of_interest",Dn Laoghaire-Rathdown,Dn Laoghaire-Sallynoggin West,05049,Dublin,267074006
212613,2017.0,"Apartment 115 Neptune Block, Honeypark, Dun-Laoghaire,Dublin,Ireland",03/03/2017,"Apartment 115 Neptune Block, Honeypark, Dun-Laoghaire",,Dublin,308370.04,No,Yes,New Dwelling house /Apartment,greater than or equal to 38 sq metres and less than 125 sq metres,2017-03-03,"Honeypark, D̼n Laoghaire, Co. Dublin, Ireland",GEOMETRIC_CENTER,53.2804207,-6.143294,,"establishment,point_of_interest",Dn Laoghaire-Rathdown,Dn Laoghaire-Sallynoggin West,05049,Dublin,267074006
212614,2017.0,"Apartment 116 Neptune Block, Honeypark, Dun-Laoghaire,Dublin,Ireland",03/03/2017,"Apartment 116 Neptune Block, Honeypark, Dun-Laoghaire",,Dublin,352422.9,No,Yes,New Dwelling house /Apartment,greater than or equal to 38 sq metres and less than 125 sq metres,2017-03-03,"Honeypark, D̼n Laoghaire, Co. Dublin, Ireland",GEOMETRIC_CENTER,53.2804207,-6.143294,,"establishment,point_of_interest",Dn Laoghaire-Rathdown,Dn Laoghaire-Sallynoggin West,05049,Dublin,267074006
212615,2017.0,"Apartment 117 Neptune Block, Honeypark, Dun-Laoghaire,Dublin,Ireland",03/03/2017,"Apartment 117 Neptune Block, Honeypark, Dun-Laoghaire",,Dublin,251101.32,No,Yes,New Dwelling house /Apartment,greater than or equal to 38 sq metres and less than 125 sq metres,2017-03-03,"117, Neptune Lodge, Sandycove Point, D̼n Laoghaire, Dublin, Ireland",ROOFTOP,53.2890348,-6.114664,,subpremise,Dn Laoghaire-Rathdown,Dn Laoghaire-Sandycove,05050,Dublin,267076004
212616,2017.0,"Apartment 118 Neptune Block, Honeypark, Dun-Laoghaire,Dublin,Ireland",03/03/2017,"Apartment 118 Neptune Block, Honeypark, Dun-Laoghaire",,Dublin,308370.05,No,Yes,New Dwelling house /Apartment,greater than or equal to 38 sq metres and less than 125 sq metres,2017-03-03,"118, Neptune Lodge, Sandycove Point, D̼n Laoghaire, Dublin, Ireland",ROOFTOP,53.2890348,-6.114664,,subpremise,Dn Laoghaire-Rathdown,Dn Laoghaire-Sandycove,05050,Dublin,267076004
212617,2017.0,"Apartment 119 Neptune Block, Honeypark, Dun-Laoghaire,Dublin,Ireland",03/03/2017,"Apartment 119 Neptune Block, Honeypark, Dun-Laoghaire",,Dublin,308370.04,No,Yes,New Dwelling house /Apartment,greater than or equal to 38 sq metres and less than 125 sq metres,2017-03-03,"Honeypark, D̼n Laoghaire, Co. Dublin, Ireland",GEOMETRIC_CENTER,53.2804207,-6.143294,,"establishment,point_of_interest",Dn Laoghaire-Rathdown,Dn Laoghaire-Sallynoggin West,05049,Dublin,267074006
212620,2017.0,"Apartment 120 Neptune Block, Honeypark, Dun-Laoghaire,Dublin,Ireland",03/03/2017,"Apartment 120 Neptune Block, Honeypark, Dun-Laoghaire",,Dublin,352422.9,No,Yes,New Dwelling house /Apartment,greater than or equal to 38 sq metres and less than 125 sq metres,2017-03-03,"Honeypark, D̼n Laoghaire, Co. Dublin, Ireland",GEOMETRIC_CENTER,53.2804207,-6.143294,,"establishment,point_of_interest",Dn Laoghaire-Rathdown,Dn Laoghaire-Sallynoggin West,05049,Dublin,267074006
212621,2017.0,"Apartment 121 Neptune Block, Honeypark, Dun-Laoghaire,Dublin,Ireland",03/03/2017,"Apartment 121 Neptune Block, Honeypark, Dun-Laoghaire",,Dublin,251101.32,No,Yes,New Dwelling house /Apartment,greater than or equal to 38 sq metres and less than 125 sq metres,2017-03-03,"Honeypark, D̼n Laoghaire, Co. Dublin, Ireland",GEOMETRIC_CENTER,53.2804207,-6.143294,,"establishment,point_of_interest",Dn Laoghaire-Rathdown,Dn Laoghaire-Sallynoggin West,05049,Dublin,267074006
212622,2017.0,"Apartment 122 Neptune Block, Honeypark, Dun-Laoghaire,Dublin,Ireland",03/03/2017,"Apartment 122 Neptune Block, Honeypark, Dun-Laoghaire",,Dublin,308370.05,No,Yes,New Dwelling house /Apartment,greater than or equal to 38 sq metres and less than 125 sq metres,2017-03-03,"Honeypark, D̼n Laoghaire, Co. Dublin, Ireland",GEOMETRIC_CENTER,53.2804207,-6.143294,,"establishment,point_of_interest",Dn Laoghaire-Rathdown,Dn Laoghaire-Sallynoggin West,05049,Dublin,267074006
212623,2017.0,"Apartment 123 Neptune Block, Honeypark, Dun-Laoghaire,Dublin,Ireland",03/03/2017,"Apartment 123 Neptune Block, Honeypark, Dun-Laoghaire",,Dublin,308370.04,No,Yes,New Dwelling house /Apartment,greater than or equal to 38 sq metres and less than 125 sq metres,2017-03-03,"Honeypark, D̼n Laoghaire, Co. Dublin, Ireland",GEOMETRIC_CENTER,53.2804207,-6.143294,,"establishment,point_of_interest",Dn Laoghaire-Rathdown,Dn Laoghaire-Sallynoggin West,05049,Dublin,267074006
212624,2017.0,"Apartment 124 Neptune Block, Honeypark, Dun-Laoghaire,Dublin,Ireland",03/03/2017,"Apartment 124 Neptune Block, Honeypark, Dun-Laoghaire",,Dublin,352422.9,No,Yes,New Dwelling house /Apartment,greater than or equal to 38 sq metres and less than 125 sq metres,2017-03-03,"Honeypark, D̼n Laoghaire, Co. Dublin, Ireland",GEOMETRIC_CENTER,53.2804207,-6.143294,,"establishment,point_of_interest",Dn Laoghaire-Rathdown,Dn Laoghaire-Sallynoggin West,05049,Dublin,267074006
212625,2017.0,"Apartment 125 Neptune Block, Honeypark, Dun-Laoghaire,Dublin,Ireland",03/03/2017,"Apartment 125 Neptune Block, Honeypark, Dun-Laoghaire",,Dublin,251101.32,No,Yes,New Dwelling house /Apartment,greater than or equal to 38 sq metres and less than 125 sq metres,2017-03-03,"Honeypark, D̼n Laoghaire, Co. Dublin, Ireland",GEOMETRIC_CENTER,53.2804207,-6.143294,,"establishment,point_of_interest",Dn Laoghaire-Rathdown,Dn Laoghaire-Sallynoggin West,05049,Dublin,267074006
212626,2017.0,"Apartment 126 Neptune Block, Honeypark, Dun-Laoghaire,Dublin,Ireland",03/03/2017,"Apartment 126 Neptune Block, Honeypark, Dun-Laoghaire",,Dublin,396475.77,No,Yes,New Dwelling house /Apartment,greater than or equal to 38 sq metres and less than 125 sq metres,2017-03-03,"Honeypark, D̼n Laoghaire, Co. Dublin, Ireland",GEOMETRIC_CENTER,53.2804207,-6.143294,,"establishment,point_of_interest",Dn Laoghaire-Rathdown,Dn Laoghaire-Sallynoggin West,05049,Dublin,267074006
212627,2017.0,"Apartment 127 Neptune Block, Honeypark, Dun-Laoghaire,Dublin,Ireland",03/03/2017,"Apartment 127 Neptune Block, Honeypark, Dun-Laoghaire",,Dublin,484581.5,No,Yes,New Dwelling house /Apartment,greater than or equal to 38 sq metres and less than 125 sq metres,2017-03-03,"Honeypark, D̼n Laoghaire, Co. Dublin, Ireland",GEOMETRIC_CENTER,53.2804207,-6.143294,,"establishment,point_of_interest",Dn Laoghaire-Rathdown,Dn Laoghaire-Sallynoggin West,05049,Dublin,267074006
212628,2017.0,"Apartment 128 Neptune Block, Honeypark, Dun-Laoghaire,Dublin,Ireland",03/03/2017,"Apartment 128 Neptune Block, Honeypark, Dun-Laoghaire",,Dublin,396475.76,No,Yes,New Dwelling house /Apartment,greater than or equal to 38 sq metres and less than 125 sq metres,2017-03-03,"Honeypark, D̼n Laoghaire, Co. Dublin, Ireland",GEOMETRIC_CENTER,53.2804207,-6.143294,,"establishment,point_of_interest",Dn Laoghaire-Rathdown,Dn Laoghaire-Sallynoggin West,05049,Dublin,267074006
212629,2017.0,"Apartment 129 Neptune Block, Honeypark, Dun-Laoghaire,Dublin,Ireland",03/03/2017,"Apartment 129 Neptune Block, Honeypark, Dun-Laoghaire",,Dublin,308370.04,No,Yes,New Dwelling house /Apartment,greater than or equal to 38 sq metres and less than 125 sq metres,2017-03-03,"Honeypark, D̼n Laoghaire, Co. Dublin, Ireland",GEOMETRIC_CENTER,53.2804207,-6.143294,,"establishment,point_of_interest",Dn Laoghaire-Rathdown,Dn Laoghaire-Sallynoggin West,05049,Dublin,267074006
212630,2017.0,"Apartment 130 Neptune Block, Honeypark, Dun-Laoghaire,Dublin,Ireland",03/03/2017,"Apartment 130 Neptune Block, Honeypark, Dun-Laoghaire",,Dublin,251101.32,No,Yes,New Dwelling house /Apartment,greater than or equal to 38 sq metres and less than 125 sq metres,2017-03-03,"Honeypark, D̼n Laoghaire, Co. Dublin, Ireland",GEOMETRIC_CENTER,53.2804207,-6.143294,,"establishment,point_of_interest",Dn Laoghaire-Rathdown,Dn Laoghaire-Sallynoggin West,05049,Dublin,267074006
212632,2017.0,"Apartment 131 Neptune Block, Honeypark, Dun-Laoghaire,Dublin,Ireland",03/03/2017,"Apartment 131 Neptune Block, Honeypark, Dun-Laoghaire",,Dublin,308370.05,No,Yes,New Dwelling house /Apartment,greater than or equal to 38 sq metres and less than 125 sq metres,2017-03-03,"Honeypark, D̼n Laoghaire, Co. Dublin, Ireland",GEOMETRIC_CENTER,53.2804207,-6.143294,,"establishment,point_of_interest",Dn Laoghaire-Rathdown,Dn Laoghaire-Sallynoggin West,05049,Dublin,267074006
212633,2017.0,"Apartment 132 Neptune Block, Honeypark, Dun-Laoghaire,Dublin,Ireland",03/03/2017,"Apartment 132 Neptune Block, Honeypark, Dun-Laoghaire",,Dublin,308367.35,No,Yes,New Dwelling house /Apartment,greater than or equal to 38 sq metres and less than 125 sq metres,2017-03-03,"Honeypark, D̼n Laoghaire, Co. Dublin, Ireland",GEOMETRIC_CENTER,53.2804207,-6.143294,,"establishment,point_of_interest",Dn Laoghaire-Rathdown,Dn Laoghaire-Sallynoggin West,05049,Dublin,267074006
212634,2017.0,"Apartment 133 Neptune Block, Honeypark, Dun-Laoghaire,Dublin,Ireland",03/03/2017,"Apartment 133 Neptune Block, Honeypark, Dun-Laoghaire",,Dublin,251101.32,No,Yes,New Dwelling house /Apartment,greater than or equal to 38 sq metres and less than 125 sq metres,2017-03-03,"Honeypark, D̼n Laoghaire, Co. Dublin, Ireland",GEOMETRIC_CENTER,53.2804207,-6.143294,,"establishment,point_of_interest",Dn Laoghaire-Rathdown,Dn Laoghaire-Sallynoggin West,05049,Dublin,267074006
212635,2017.0,"Apartment 134 Neptune Block, Honeypark, Dun-Laoghaire,Dublin,Ireland",03/03/2017,"Apartment 134 Neptune Block, Honeypark, Dun-Laoghaire",,Dublin,352422.91,No,Yes,New Dwelling house /Apartment,greater than or equal to 38 sq metres and less than 125 sq metres,2017-03-03,"Honeypark, D̼n Laoghaire, Co. Dublin, Ireland",GEOMETRIC_CENTER,53.2804207,-6.143294,,"establishment,point_of_interest",Dn Laoghaire-Rathdown,Dn Laoghaire-Sallynoggin West,05049,Dublin,267074006
212636,2017.0,"Apartment 135 Neptune Block, Honeypark, Dun-Laoghaire,Dublin,Ireland",03/03/2017,"Apartment 135 Neptune Block, Honeypark, Dun-Laoghaire",,Dublin,308370.04,No,Yes,New Dwelling house /Apartment,greater than or equal to 38 sq metres and less than 125 sq metres,2017-03-03,"Honeypark, D̼n Laoghaire, Co. Dublin, Ireland",GEOMETRIC_CENTER,53.2804207,-6.143294,,"establishment,point_of_interest",Dn Laoghaire-Rathdown,Dn Laoghaire-Sallynoggin West,05049,Dublin,267074006
212637,2017.0,"Apartment 136 Neptune Block, Honeypark, Dun-Laoghaire,Dublin,Ireland",03/03/2017,"Apartment 136 Neptune Block, Honeypark, Dun-Laoghaire",,Dublin,251101.32,No,Yes,New Dwelling house /Apartment,greater than or equal to 38 sq metres and less than 125 sq metres,2017-03-03,"Honeypark, D̼n Laoghaire, Co. Dublin, Ireland",GEOMETRIC_CENTER,53.2804207,-6.143294,,"establishment,point_of_interest",Dn Laoghaire-Rathdown,Dn Laoghaire-Sallynoggin West,05049,Dublin,267074006
212638,2017.0,"Apartment 137 Neptune Block, Honeypark, Dun-Laoghaire,Dublin,Ireland",03/03/2017,"Apartment 137 Neptune Block, Honeypark, Dun-Laoghaire",,Dublin,352422.91,No,Yes,New Dwelling house /Apartment,greater than or equal to 38 sq metres and less than 125 sq metres,2017-03-03,"Honeypark, D̼n Laoghaire, Co. Dublin, Ireland",GEOMETRIC_CENTER,53.2804207,-6.143294,,"establishment,point_of_interest",Dn Laoghaire-Rathdown,Dn Laoghaire-Sallynoggin West,05049,Dublin,267074006
212639,2017.0,"Apartment 138 Neptune Block, Honeypark, Dun-Laoghaire,Dublin,Ireland",03/03/2017,"Apartment 138 Neptune Block, Honeypark, Dun-Laoghaire",,Dublin,308370.04,No,Yes,New Dwelling house /Apartment,greater than or equal to 38 sq metres and less than 125 sq metres,2017-03-03,"138, Neptune Lodge, Sandycove Point, D̼n Laoghaire, Dublin, Ireland",ROOFTOP,53.2890348,-6.114664,,subpremise,Dn Laoghaire-Rathdown,Dn Laoghaire-Sandycove,05050,Dublin,267076004
212640,2017.0,"Apartment 139 Neptune Block, Honeypark, Dun-Laoghaire,Dublin,Ireland",03/03/2017,"Apartment 139 Neptune Block, Honeypark, Dun-Laoghaire",,Dublin,251101.32,No,Yes,New Dwelling house /Apartment,greater than or equal to 38 sq metres and less than 125 sq metres,2017-03-03,"Honeypark, D̼n Laoghaire, Co. Dublin, Ireland",GEOMETRIC_CENTER,53.2804207,-6.143294,,"establishment,point_of_interest",Dn Laoghaire-Rathdown,Dn Laoghaire-Sallynoggin West,05049,Dublin,267074006
212641,2017.0,"Apartment 140 Neptune Block, Honeypark, Dun-Laoghaire,Dublin,Ireland",03/03/2017,"Apartment 140 Neptune Block, Honeypark, Dun-Laoghaire",,Dublin,352422.91,No,Yes,New Dwelling house /Apartment,greater than or equal to 38 sq metres and less than 125 sq metres,2017-03-03,"Honeypark, D̼n Laoghaire, Co. Dublin, Ireland",GEOMETRIC_CENTER,53.2804207,-6.143294,,"establishment,point_of_interest",Dn Laoghaire-Rathdown,Dn Laoghaire-Sallynoggin West,05049,Dublin,267074006
212642,2017.0,"Apartment 141 Neptune Block, Honeypark, Dun-Laoghaire,Dublin,Ireland",03/03/2017,"Apartment 141 Neptune Block, Honeypark, Dun-Laoghaire",,Dublin,396475.77,No,Yes,New Dwelling house /Apartment,greater than or equal to 38 sq metres and less than 125 sq metres,2017-03-03,"Honeypark, D̼n Laoghaire, Co. Dublin, Ireland",GEOMETRIC_CENTER,53.2804207,-6.143294,,"establishment,point_of_interest",Dn Laoghaire-Rathdown,Dn Laoghaire-Sallynoggin West,05049,Dublin,267074006
212643,2017.0,"Apartment 142 Neptune Block, Honeypark, Dun-Laoghaire,Dublin,Ireland",03/03/2017,"Apartment 142 Neptune Block, Honeypark, Dun-Laoghaire",,Dublin,396475.77,No,Yes,New Dwelling house /Apartment,greater than or equal to 38 sq metres and less than 125 sq metres,2017-03-03,"Honeypark, D̼n Laoghaire, Co. Dublin, Ireland",GEOMETRIC_CENTER,53.2804207,-6.143294,,"establishment,point_of_interest",Dn Laoghaire-Rathdown,Dn Laoghaire-Sallynoggin West,05049,Dublin,267074006
212644,2017.0,"Apartment 143 Neptune Block, Honeypark, Dun-Laoghaire,Dublin,Ireland",03/03/2017,"Apartment 143 Neptune Block, Honeypark, Dun-Laoghaire",,Dublin,308370.05,No,Yes,New Dwelling house /Apartment,greater than or equal to 38 sq metres and less than 125 sq metres,2017-03-03,"Honeypark, D̼n Laoghaire, Co. Dublin, Ireland",GEOMETRIC_CENTER,53.2804207,-6.143294,,"establishment,point_of_interest",Dn Laoghaire-Rathdown,Dn Laoghaire-Sallynoggin West,05049,Dublin,267074006
212645,2017.0,"Apartment 144 Neptune Block, Honeypark, Dun-Laoghaire,Dublin,Ireland",03/03/2017,"Apartment 144 Neptune Block, Honeypark, Dun-Laoghaire",,Dublin,251101.32,No,Yes,New Dwelling house /Apartment,greater than or equal to 38 sq metres and less than 125 sq metres,2017-03-03,"Honeypark, D̼n Laoghaire, Co. Dublin, Ireland",GEOMETRIC_CENTER,53.2804207,-6.143294,,"establishment,point_of_interest",Dn Laoghaire-Rathdown,Dn Laoghaire-Sallynoggin West,05049,Dublin,267074006
212646,2017.0,"Apartment 145 Neptune Block, Honeypark, Dun-Laoghaire,Dublin,Ireland",03/03/2017,"Apartment 145 Neptune Block, Honeypark, Dun-Laoghaire",,Dublin,308370.05,No,Yes,New Dwelling house /Apartment,greater than or equal to 38 sq metres and less than 125 sq metres,2017-03-03,"Honeypark, D̼n Laoghaire, Co. Dublin, Ireland",GEOMETRIC_CENTER,53.2804207,-6.143294,,"establishment,point_of_interest",Dn Laoghaire-Rathdown,Dn Laoghaire-Sallynoggin West,05049,Dublin,267074006
212647,2017.0,"Apartment 146 Neptune Block, Honeypark, Dun-Laoghaire,Dublin,Ireland",03/03/2017,"Apartment 146 Neptune Block, Honeypark, Dun-Laoghaire",,Dublin,308370.05,No,Yes,New Dwelling house /Apartment,greater than or equal to 38 sq metres and less than 125 sq metres,2017-03-03,"Honeypark, D̼n Laoghaire, Co. Dublin, Ireland",GEOMETRIC_CENTER,53.2804207,-6.143294,,"establishment,point_of_interest",Dn Laoghaire-Rathdown,Dn Laoghaire-Sallynoggin West,05049,Dublin,267074006
212648,2017.0,"Apartment 147 Neptune Block, Honeypark, Dun-Laoghaire,Dublin,Ireland",03/03/2017,"Apartment 147 Neptune Block, Honeypark, Dun-Laoghaire",,Dublin,308370.04,No,Yes,New Dwelling house /Apartment,greater than or equal to 38 sq metres and less than 125 sq metres,2017-03-03,"Honeypark, D̼n Laoghaire, Co. Dublin, Ireland",GEOMETRIC_CENTER,53.2804207,-6.143294,,"establishment,point_of_interest",Dn Laoghaire-Rathdown,Dn Laoghaire-Sallynoggin West,05049,Dublin,267074006
212649,2017.0,"Apartment 148, Honeypark, Dun-Laoghaire,Dublin,Ireland",03/03/2017,"Apartment 148, Honeypark, Dun-Laoghaire",,Dublin,308370.04,No,Yes,New Dwelling house /Apartment,greater than or equal to 38 sq metres and less than 125 sq metres,2017-03-03,"148, Dun Laoghaire Fire Station, Kill Ave, D̼n Laoghaire, Dublin, Ireland",ROOFTOP,53.281686,-6.1514598,,subpremise,Dn Laoghaire-Rathdown,Dn Laoghaire-Sallynoggin West,05049,Dublin,267074001
212650,2017.0,"Apartment 149 Neptune Block, Honeypark, Dun-Laoghaire,Dublin,Ireland",03/03/2017,"Apartment 149 Neptune Block, Honeypark, Dun-Laoghaire",,Dublin,308370.05,No,Yes,New Dwelling house /Apartment,greater than or equal to 38 sq metres and less than 125 sq metres,2017-03-03,"Honeypark, D̼n Laoghaire, Co. Dublin, Ireland",GEOMETRIC_CENTER,53.2804207,-6.143294,,"establishment,point_of_interest",Dn Laoghaire-Rathdown,Dn Laoghaire-Sallynoggin West,05049,Dublin,267074006
212652,2017.0,"Apartment 150 Neptune Block, Honeypark, Dun-Laoghaire,Dublin,Ireland",03/03/2017,"Apartment 150 Neptune Block, Honeypark, Dun-Laoghaire",,Dublin,308370.05,No,Yes,New Dwelling house /Apartment,greater than or equal to 38 sq metres and less than 125 sq metres,2017-03-03,"Honeypark, D̼n Laoghaire, Co. Dublin, Ireland",GEOMETRIC_CENTER,53.2804207,-6.143294,,"establishment,point_of_interest",Dn Laoghaire-Rathdown,Dn Laoghaire-Sallynoggin West,05049,Dublin,267074006
212653,2017.0,"Apartment 151 Neptune Block, Honeypark, Dun-Laoghaire,Dublin,Ireland",03/03/2017,"Apartment 151 Neptune Block, Honeypark, Dun-Laoghaire",,Dublin,308370.04,No,Yes,New Dwelling house /Apartment,greater than or equal to 38 sq metres and less than 125 sq metres,2017-03-03,"Honeypark, D̼n Laoghaire, Co. Dublin, Ireland",GEOMETRIC_CENTER,53.2804207,-6.143294,,"establishment,point_of_interest",Dn Laoghaire-Rathdown,Dn Laoghaire-Sallynoggin West,05049,Dublin,267074006
212654,2017.0,"Apartment 152 Neptune Block, Honeypark, Dun-Laoghaire,Dublin,Ireland",03/03/2017,"Apartment 152 Neptune Block, Honeypark, Dun-Laoghaire",,Dublin,308370.04,No,Yes,New Dwelling house /Apartment,greater than or equal to 38 sq metres and less than 125 sq metres,2017-03-03,"Honeypark, D̼n Laoghaire, Co. Dublin, Ireland",GEOMETRIC_CENTER,53.2804207,-6.143294,,"establishment,point_of_interest",Dn Laoghaire-Rathdown,Dn Laoghaire-Sallynoggin West,05049,Dublin,267074006
212655,2017.0,"Apartment 153 Neptune Block, Honeypark, Dun-Laoghaire,Dublin,Ireland",03/03/2017,"Apartment 153 Neptune Block, Honeypark, Dun-Laoghaire",,Dublin,308370.05,No,Yes,New Dwelling house /Apartment,greater than or equal to 38 sq metres and less than 125 sq metres,2017-03-03,"Honeypark, D̼n Laoghaire, Co. Dublin, Ireland",GEOMETRIC_CENTER,53.2804207,-6.143294,,"establishment,point_of_interest",Dn Laoghaire-Rathdown,Dn Laoghaire-Sallynoggin West,05049,Dublin,267074006
212656,2017.0,"Apartment 154 Neptune Block, Honeypark, Dun-Laoghaire,Dublin,Ireland",03/03/2017,"Apartment 154 Neptune Block, Honeypark, Dun-Laoghaire",,Dublin,308370.05,No,Yes,New Dwelling house /Apartment,greater than or equal to 38 sq metres and less than 125 sq metres,2017-03-03,"Honeypark, D̼n Laoghaire, Co. Dublin, Ireland",GEOMETRIC_CENTER,53.2804207,-6.143294,,"establishment,point_of_interest",Dn Laoghaire-Rathdown,Dn Laoghaire-Sallynoggin West,05049,Dublin,267074006
212657,2017.0,"Apartment 155 Neptune Block, Honeypark, Dun-Laoghaire,Dublin,Ireland",03/03/2017,"Apartment 155 Neptune Block, Honeypark, Dun-Laoghaire",,Dublin,308370.04,No,Yes,New Dwelling house /Apartment,greater than or equal to 38 sq metres and less than 125 sq metres,2017-03-03,"Honeypark, D̼n Laoghaire, Co. Dublin, Ireland",GEOMETRIC_CENTER,53.2804207,-6.143294,,"establishment,point_of_interest",Dn Laoghaire-Rathdown,Dn Laoghaire-Sallynoggin West,05049,Dublin,267074006
212658,2017.0,"Apartment 156 Neptune Block, Honeypark, Dun-Laoghaire,Dublin,Ireland",03/03/2017,"Apartment 156 Neptune Block, Honeypark, Dun-Laoghaire",,Dublin,308370.04,No,Yes,New Dwelling house /Apartment,greater than or equal to 38 sq metres and less than 125 sq metres,2017-03-03,"Honeypark, D̼n Laoghaire, Co. Dublin, Ireland",GEOMETRIC_CENTER,53.2804207,-6.143294,,"establishment,point_of_interest",Dn Laoghaire-Rathdown,Dn Laoghaire-Sallynoggin West,05049,Dublin,267074006
212659,2017.0,"Apartment 157 Neptune Block, Honeypark, Dun-Laoghaire,Dublin,Ireland",03/03/2017,"Apartment 157 Neptune Block, Honeypark, Dun-Laoghaire",,Dublin,308370.05,No,Yes,New Dwelling house /Apartment,greater than or equal to 38 sq metres and less than 125 sq metres,2017-03-03,"Honeypark, D̼n Laoghaire, Co. Dublin, Ireland",GEOMETRIC_CENTER,53.2804207,-6.143294,,"establishment,point_of_interest",Dn Laoghaire-Rathdown,Dn Laoghaire-Sallynoggin West,05049,Dublin,267074006
212660,2017.0,"Apartment 158 Neptune Block, Honeypark, Dun-Laoghaire,Dublin,Ireland",03/03/2017,"Apartment 158 Neptune Block, Honeypark, Dun-Laoghaire",,Dublin,308370.05,No,Yes,New Dwelling house /Apartment,greater than or equal to 38 sq metres and less than 125 sq metres,2017-03-03,"Honeypark, D̼n Laoghaire, Co. Dublin, Ireland",GEOMETRIC_CENTER,53.2804207,-6.143294,,"establishment,point_of_interest",Dn Laoghaire-Rathdown,Dn Laoghaire-Sallynoggin West,05049,Dublin,267074006
212661,2017.0,"Apartment 159 Neptune Block, Honeypark, Dun-Laoghaire,Dublin,Ireland",03/03/2017,"Apartment 159 Neptune Block, Honeypark, Dun-Laoghaire",,Dublin,396475.78,No,Yes,New Dwelling house /Apartment,greater than or equal to 38 sq metres and less than 125 sq metres,2017-03-03,"Honeypark, D̼n Laoghaire, Co. Dublin, Ireland",GEOMETRIC_CENTER,53.2804207,-6.143294,,"establishment,point_of_interest",Dn Laoghaire-Rathdown,Dn Laoghaire-Sallynoggin West,05049,Dublin,267074006
212663,2017.0,"Apartment 160 Neptune Block, Honeypark, Dun-Laoghaire,Dublin,Ireland",03/03/2017,"Apartment 160 Neptune Block, Honeypark, Dun-Laoghaire",,Dublin,264317.18,No,Yes,New Dwelling house /Apartment,greater than or equal to 38 sq metres and less than 125 sq metres,2017-03-03,"Honeypark, D̼n Laoghaire, Co. Dublin, Ireland",GEOMETRIC_CENTER,53.2804207,-6.143294,,"establishment,point_of_interest",Dn Laoghaire-Rathdown,Dn Laoghaire-Sallynoggin West,05049,Dublin,267074006
212664,2017.0,"Apartment 161 Neptune Block, Honeypark, Dun-Laoghaire,Dublin,Ireland",03/03/2017,"Apartment 161 Neptune Block, Honeypark, Dun-Laoghaire",,Dublin,484581.5,No,Yes,New Dwelling house /Apartment,greater than or equal to 38 sq metres and less than 125 sq metres,2017-03-03,"Honeypark, D̼n Laoghaire, Co. Dublin, Ireland",GEOMETRIC_CENTER,53.2804207,-6.143294,,"establishment,point_of_interest",Dn Laoghaire-Rathdown,Dn Laoghaire-Sallynoggin West,05049,Dublin,267074006
212668,2017.0,"Apartment 2 Block 5, New Priory, The Hole in the Wall Road,Dublin,Ireland",05/05/2017,"Apartment 2 Block 5, New Priory, The Hole in the Wall Road",,Dublin,165000.0,No,Yes,New Dwelling house /Apartment,greater than or equal to 38 sq metres and less than 125 sq metres,2017-05-05,,,,,,,,,,,
212669,2017.0,"Apartment 2, Churchfields, 59/60 Clontarf Road,Dublin,Ireland",11/04/2017,"Apartment 2, Churchfields, 59/60 Clontarf Road",Dublin 3,Dublin,286344.0,No,Yes,New Dwelling house /Apartment,less than 38 sq metres,2017-04-11,"59/60 Clontarf Rd, Clontarf West, Dublin, Ireland",ROOFTOP,53.3625788,-6.2178497,,"establishment,point_of_interest",Dublin City,Clontarf West C,02044,Dublin,268048003
212671,2017.0,"Apartment 20 Neptune Block, Honeypark, Dun-Laoghaire,Dublin,Ireland",03/03/2017,"Apartment 20 Neptune Block, Honeypark, Dun-Laoghaire",,Dublin,352422.9,No,Yes,New Dwelling house /Apartment,greater than or equal to 38 sq metres and less than 125 sq metres,2017-03-03,"20, Neptune Lodge, Sandycove Point, D̼n Laoghaire, Dublin, Ireland",ROOFTOP,53.2890348,-6.114664,,subpremise,Dn Laoghaire-Rathdown,Dn Laoghaire-Sandycove,05050,Dublin,267076004
212673,2017.0,"Apartment 21 Neptune Block, Honeypark, Dun-Laoghaire,Dublin,Ireland",03/03/2017,"Apartment 21 Neptune Block, Honeypark, Dun-Laoghaire",,Dublin,251101.33,No,Yes,New Dwelling house /Apartment,greater than or equal to 38 sq metres and less than 125 sq metres,2017-03-03,"Honeypark, D̼n Laoghaire, Co. Dublin, Ireland",GEOMETRIC_CENTER,53.2804207,-6.143294,,"establishment,point_of_interest",Dn Laoghaire-Rathdown,Dn Laoghaire-Sallynoggin West,05049,Dublin,267074006
212674,2017.0,"Apartment 22 Garyknock, Bracken Park, Castleknock,Dublin,Ireland",06/03/2017,"Apartment 22 Garyknock, Bracken Park, Castleknock",Dublin 15,Dublin,246696.0,No,Yes,New Dwelling house /Apartment,greater than or equal to 38 sq metres and less than 125 sq metres,2017-03-06,"Carpenterstown Road, Carpenterstown, Castleknock, Co. Dublin, Ireland",GEOMETRIC_CENTER,53.372572,-6.3770713,,"establishment,point_of_interest",Fingal,Castleknock-Knockmaroon,04016,Dublin,267040025
212675,2017.0,"Apartment 22 Neptune Block, Honeypark, Dun-Laoghaire,Dublin,Ireland",03/03/2017,"Apartment 22 Neptune Block, Honeypark, Dun-Laoghaire",,Dublin,308370.04,No,Yes,New Dwelling house /Apartment,greater than or equal to 38 sq metres and less than 125 sq metres,2017-03-03,"Honeypark, D̼n Laoghaire, Co. Dublin, Ireland",GEOMETRIC_CENTER,53.2804207,-6.143294,,"establishment,point_of_interest",Dn Laoghaire-Rathdown,Dn Laoghaire-Sallynoggin West,05049,Dublin,267074006
212676,2017.0,"Apartment 23 Neptune Block, Honeypark, Dun-Laoghaire,Dublin,Ireland",03/03/2017,"Apartment 23 Neptune Block, Honeypark, Dun-Laoghaire",,Dublin,352422.91,No,Yes,New Dwelling house /Apartment,greater than or equal to 38 sq metres and less than 125 sq metres,2017-03-03,"Honeypark, D̼n Laoghaire, Co. Dublin, Ireland",GEOMETRIC_CENTER,53.2804207,-6.143294,,"establishment,point_of_interest",Dn Laoghaire-Rathdown,Dn Laoghaire-Sallynoggin West,05049,Dublin,267074006
212680,2017.0,"Apartment 25 Neptune Block, Honeypark, Dun-Laoghaire,Dublin,Ireland",03/03/2017,"Apartment 25 Neptune Block, Honeypark, Dun-Laoghaire",,Dublin,308370.04,No,Yes,New Dwelling house /Apartment,greater than or equal to 38 sq metres and less than 125 sq metres,2017-03-03,"Honeypark, D̼n Laoghaire, Co. Dublin, Ireland",GEOMETRIC_CENTER,53.2804207,-6.143294,,"establishment,point_of_interest",Dn Laoghaire-Rathdown,Dn Laoghaire-Sallynoggin West,05049,Dublin,267074006
212682,2017.0,"Apartment 26 Neptune Block, Honeypark, Dun-Laoghaire,Dublin,Ireland",03/03/2017,"Apartment 26 Neptune Block, Honeypark, Dun-Laoghaire",,Dublin,308370.04,No,Yes,New Dwelling house /Apartment,greater than or equal to 38 sq metres and less than 125 sq metres,2017-03-03,"Honeypark, D̼n Laoghaire, Co. Dublin, Ireland",GEOMETRIC_CENTER,53.2804207,-6.143294,,"establishment,point_of_interest",Dn Laoghaire-Rathdown,Dn Laoghaire-Sallynoggin West,05049,Dublin,267074006
212684,2017.0,"Apartment 27 Neptune Block, Honeypark, Dun-Laoghaire,Dublin,Ireland",03/03/2017,"Apartment 27 Neptune Block, Honeypark, Dun-Laoghaire",,Dublin,352422.91,No,Yes,New Dwelling house /Apartment,greater than or equal to 38 sq metres and less than 125 sq metres,2017-03-03,"Honeypark, D̼n Laoghaire, Co. Dublin, Ireland",GEOMETRIC_CENTER,53.2804207,-6.143294,,"establishment,point_of_interest",Dn Laoghaire-Rathdown,Dn Laoghaire-Sallynoggin West,05049,Dublin,267074006
212686,2017.0,"Apartment 28 Neptune Block, Honeypark, Dun-Laoghaire,Dublin,Ireland",03/03/2017,"Apartment 28 Neptune Block, Honeypark, Dun-Laoghaire",,Dublin,308370.04,No,Yes,New Dwelling house /Apartment,greater than or equal to 38 sq metres and less than 125 sq metres,2017-03-03,"Honeypark, D̼n Laoghaire, Co. Dublin, Ireland",GEOMETRIC_CENTER,53.2804207,-6.143294,,"establishment,point_of_interest",Dn Laoghaire-Rathdown,Dn Laoghaire-Sallynoggin West,05049,Dublin,267074006
212688,2017.0,"Apartment 29 Neptune Block, Honeypark, Dun-Laoghaire,Dublin,Ireland",03/03/2017,"Apartment 29 Neptune Block, Honeypark, Dun-Laoghaire",,Dublin,308370.04,No,Yes,New Dwelling house /Apartment,greater than or equal to 38 sq metres and less than 125 sq metres,2017-03-03,"Honeypark, D̼n Laoghaire, Co. Dublin, Ireland",GEOMETRIC_CENTER,53.2804207,-6.143294,,"establishment,point_of_interest",Dn Laoghaire-Rathdown,Dn Laoghaire-Sallynoggin West,05049,Dublin,267074006
212692,2017.0,"Apartment 3, 59/ 60 Clontarf Road,Dublin,Ireland",12/04/2017,"Apartment 3, 59/ 60 Clontarf Road",Dublin 3,Dublin,303964.0,No,Yes,New Dwelling house /Apartment,greater than or equal to 38 sq metres and less than 125 sq metres,2017-04-12,"3 Clontarf Rd, Clontarf West, Dublin 3, D03 C2X0, Ireland",ROOFTOP,53.3639404,-6.2244934,D03 C2X0,street_address,Dublin City,Clontarf West C,02044,Dublin,268048003
212693,2017.0,"Apartment 30 Neptune Block, Honeypark, Dun-Laoghaire,Dublin,Ireland",03/03/2017,"Apartment 30 Neptune Block, Honeypark, Dun-Laoghaire",,Dublin,308370.04,No,Yes,New Dwelling house /Apartment,greater than or equal to 38 sq metres and less than 125 sq metres,2017-03-03,"Honeypark, D̼n Laoghaire, Co. Dublin, Ireland",GEOMETRIC_CENTER,53.2804207,-6.143294,,"establishment,point_of_interest",Dn Laoghaire-Rathdown,Dn Laoghaire-Sallynoggin West,05049,Dublin,267074006
212695,2017.0,"Apartment 31 Neptune Block, Honeypark, Dun-Laoghaire,Dublin,Ireland",03/03/2017,"Apartment 31 Neptune Block, Honeypark, Dun-Laoghaire",,Dublin,352422.91,No,Yes,New Dwelling house /Apartment,greater than or equal to 38 sq metres and less than 125 sq metres,2017-03-03,"Honeypark, D̼n Laoghaire, Co. Dublin, Ireland",GEOMETRIC_CENTER,53.2804207,-6.143294,,"establishment,point_of_interest",Dn Laoghaire-Rathdown,Dn Laoghaire-Sallynoggin West,05049,Dublin,267074006
212698,2017.0,"Apartment 33 Neptune Block, Honeypark, Dun-Laoghaire,Dublin,Ireland",03/03/2017,"Apartment 33 Neptune Block, Honeypark, Dun-Laoghaire",,Dublin,308370.04,No,Yes,New Dwelling house /Apartment,greater than or equal to 38 sq metres and less than 125 sq metres,2017-03-03,"Honeypark, D̼n Laoghaire, Co. Dublin, Ireland",GEOMETRIC_CENTER,53.2804207,-6.143294,,"establishment,point_of_interest",Dn Laoghaire-Rathdown,Dn Laoghaire-Sallynoggin West,05049,Dublin,267074006
212700,2017.0,"Apartment 34 Neptune Block, Honeypark, Dun-Laoghaire,Dublin,Ireland",03/03/2017,"Apartment 34 Neptune Block, Honeypark, Dun-Laoghaire",,Dublin,308370.04,No,Yes,New Dwelling house /Apartment,greater than or equal to 38 sq metres and less than 125 sq metres,2017-03-03,"Honeypark, D̼n Laoghaire, Co. Dublin, Ireland",GEOMETRIC_CENTER,53.2804207,-6.143294,,"establishment,point_of_interest",Dn Laoghaire-Rathdown,Dn Laoghaire-Sallynoggin West,05049,Dublin,267074006
212702,2017.0,"Apartment 35 Neptune Block, Honeypark, Dun-Laoghaire,Dublin,Ireland",03/03/2017,"Apartment 35 Neptune Block, Honeypark, Dun-Laoghaire",,Dublin,352422.91,No,Yes,New Dwelling house /Apartment,greater than or equal to 38 sq metres and less than 125 sq metres,2017-03-03,"Honeypark, D̼n Laoghaire, Co. Dublin, Ireland",GEOMETRIC_CENTER,53.2804207,-6.143294,,"establishment,point_of_interest",Dn Laoghaire-Rathdown,Dn Laoghaire-Sallynoggin West,05049,Dublin,267074006
212704,2017.0,"Apartment 36 Neptune Block, Honeypark, Dun-Laoghaire,Dublin,Ireland",03/03/2017,"Apartment 36 Neptune Block, Honeypark, Dun-Laoghaire",,Dublin,308370.04,No,Yes,New Dwelling house /Apartment,greater than or equal to 38 sq metres and less than 125 sq metres,2017-03-03,"Honeypark, D̼n Laoghaire, Co. Dublin, Ireland",GEOMETRIC_CENTER,53.2804207,-6.143294,,"establishment,point_of_interest",Dn Laoghaire-Rathdown,Dn Laoghaire-Sallynoggin West,05049,Dublin,267074006
212707,2017.0,"Apartment 37 Neptune Block, Honeypark, Dun-Laoghaire,Dublin,Ireland",03/03/2017,"Apartment 37 Neptune Block, Honeypark, Dun-Laoghaire",Dublin 1,Dublin,308370.04,No,Yes,New Dwelling house /Apartment,greater than or equal to 38 sq metres and less than 125 sq metres,2017-03-03,"Honeypark, D̼n Laoghaire, Co. Dublin, Ireland",GEOMETRIC_CENTER,53.2804207,-6.143294,,"establishment,point_of_interest",Dn Laoghaire-Rathdown,Dn Laoghaire-Sallynoggin West,05049,Dublin,267074006
212709,2017.0,"Apartment 38 Neptune Block, Honeypark, Dun-Laoghaire,Dublin,Ireland",03/03/2017,"Apartment 38 Neptune Block, Honeypark, Dun-Laoghaire",,Dublin,308370.04,No,Yes,New Dwelling house /Apartment,greater than or equal to 38 sq metres and less than 125 sq metres,2017-03-03,"Honeypark, D̼n Laoghaire, Co. Dublin, Ireland",GEOMETRIC_CENTER,53.2804207,-6.143294,,"establishment,point_of_interest",Dn Laoghaire-Rathdown,Dn Laoghaire-Sallynoggin West,05049,Dublin,267074006
212711,2017.0,"Apartment 39 Neptune Block, Honeypark, Dun-Laoghaire,Dublin,Ireland",03/03/2017,"Apartment 39 Neptune Block, Honeypark, Dun-Laoghaire",,Dublin,352422.91,No,Yes,New Dwelling house /Apartment,greater than or equal to 38 sq metres and less than 125 sq metres,2017-03-03,"Honeypark, D̼n Laoghaire, Co. Dublin, Ireland",GEOMETRIC_CENTER,53.2804207,-6.143294,,"establishment,point_of_interest",Dn Laoghaire-Rathdown,Dn Laoghaire-Sallynoggin West,05049,Dublin,267074006
212715,2017.0,"Apartment 40 Neptune Block, Honeypark, Dun-Laoghaire,Dublin,Ireland",03/03/2017,"Apartment 40 Neptune Block, Honeypark, Dun-Laoghaire",,Dublin,308370.04,No,Yes,New Dwelling house /Apartment,greater than or equal to 38 sq metres and less than 125 sq metres,2017-03-03,"Honeypark, D̼n Laoghaire, Co. Dublin, Ireland",GEOMETRIC_CENTER,53.2804207,-6.143294,,"establishment,point_of_interest",Dn Laoghaire-Rathdown,Dn Laoghaire-Sallynoggin West,05049,Dublin,267074006
212716,2017.0,"Apartment 41 Neptune Block, Honeypark, Dun-Laoghaire,Dublin,Ireland",03/03/2017,"Apartment 41 Neptune Block, Honeypark, Dun-Laoghaire",,Dublin,308370.04,No,Yes,New Dwelling house /Apartment,greater than or equal to 38 sq metres and less than 125 sq metres,2017-03-03,"Honeypark, D̼n Laoghaire, Co. Dublin, Ireland",GEOMETRIC_CENTER,53.2804207,-6.143294,,"establishment,point_of_interest",Dn Laoghaire-Rathdown,Dn Laoghaire-Sallynoggin West,05049,Dublin,267074006
212718,2017.0,"Apartment 42 Neptune Block, Honeypark, Dun-Laoghaire,Dublin,Ireland",03/03/2017,"Apartment 42 Neptune Block, Honeypark, Dun-Laoghaire",,Dublin,396475.77,No,Yes,New Dwelling house /Apartment,greater than or equal to 38 sq metres and less than 125 sq metres,2017-03-03,"Honeypark, D̼n Laoghaire, Co. Dublin, Ireland",GEOMETRIC_CENTER,53.2804207,-6.143294,,"establishment,point_of_interest",Dn Laoghaire-Rathdown,Dn Laoghaire-Sallynoggin West,05049,Dublin,267074006
212720,2017.0,"Apartment 43 Neptune Block, Honeypark, Dun-Laoghaire,Dublin,Ireland",03/03/2017,"Apartment 43 Neptune Block, Honeypark, Dun-Laoghaire",,Dublin,484581.51,No,Yes,New Dwelling house /Apartment,greater than or equal to 38 sq metres and less than 125 sq metres,2017-03-03,"Honeypark, D̼n Laoghaire, Co. Dublin, Ireland",GEOMETRIC_CENTER,53.2804207,-6.143294,,"establishment,point_of_interest",Dn Laoghaire-Rathdown,Dn Laoghaire-Sallynoggin West,05049,Dublin,267074006
212722,2017.0,"Apartment 44 Neptune Block, Honeypark, Dun-Laoghaire,Dublin,Ireland",03/03/2017,"Apartment 44 Neptune Block, Honeypark, Dun-Laoghaire",,Dublin,484581.5,No,Yes,New Dwelling house /Apartment,greater than or equal to 38 sq metres and less than 125 sq metres,2017-03-03,"Honeypark, D̼n Laoghaire, Co. Dublin, Ireland",GEOMETRIC_CENTER,53.2804207,-6.143294,,"establishment,point_of_interest",Dn Laoghaire-Rathdown,Dn Laoghaire-Sallynoggin West,05049,Dublin,267074006
212771,2017.0,"Apartment 8 Block 2, New Priory, The Hole in the Wall Road,Dublin,Ireland",08/03/2017,"Apartment 8 Block 2, New Priory, The Hole in the Wall Road",Dublin 13,Dublin,195000.0,No,Yes,New Dwelling house /Apartment,greater than or equal to 38 sq metres and less than 125 sq metres,2017-03-08,,,,,,,,,,,
212795,2017.0,"Apartment No 9, Block 1, New Priory,Dublin,Ireland",12/05/2017,"Apartment No 9, Block 1, New Priory",Dublin 13,Dublin,270000.0,No,Yes,New Dwelling house /Apartment,greater than or equal to 38 sq metres and less than 125 sq metres,2017-05-12,"9, 1 Priory Way, Dublin, Ireland",ROOFTOP,53.309055,-6.3131651,,subpremise,South Dublin,Templeogue-Kimmage Manor,03042,Dublin,267150012
212800,2017.0,"Apt 1 Block 2 New Priory, The Hole in The Wall Road, Donaghmede,Dublin,Ireland",05/05/2017,"Apt 1 Block 2 New Priory, The Hole in The Wall Road, Donaghmede",Dublin 13,Dublin,165000.0,No,Yes,New Dwelling house /Apartment,greater than or equal to 38 sq metres and less than 125 sq metres,2017-05-05,,,,,,,,,,,
212802,2017.0,"Apt 100 Abbot Court, Cualanor  Upper Glenageary Road, Dun Laoghaire,Dublin,Ireland",07/04/2017,"Apt 100 Abbot Court, Cualanor  Upper Glenageary Road, Dun Laoghaire",,Dublin,223180.53,No,Yes,New Dwelling house /Apartment,greater than or equal to 38 sq metres and less than 125 sq metres,2017-04-07,"33 Glenageary Rd Upper, Honeypark, Dublin, Ireland",ROOFTOP,53.2827569,-6.141109,,"establishment,point_of_interest",Dn Laoghaire-Rathdown,Dn Laoghaire-Glenageary,05044,Dublin,267069001
212803,2017.0,"Apt 101 Abbot Court, Cualanor  Upper Glenageary Road, Dun Laoghaire,Dublin,Ireland",07/04/2017,"Apt 101 Abbot Court, Cualanor  Upper Glenageary Road, Dun Laoghaire",,Dublin,217157.55,No,Yes,New Dwelling house /Apartment,greater than or equal to 38 sq metres and less than 125 sq metres,2017-04-07,"33 Glenageary Rd Upper, Honeypark, Dublin, Ireland",ROOFTOP,53.2827569,-6.141109,,"establishment,point_of_interest",Dn Laoghaire-Rathdown,Dn Laoghaire-Glenageary,05044,Dublin,267069001
212804,2017.0,"Apt 102 Abbot Court, Cualanor  Upper Glenageary Road, Dun Laoghaire,Dublin,Ireland",07/04/2017,"Apt 102 Abbot Court, Cualanor  Upper Glenageary Road, Dun Laoghaire",,Dublin,169869.08,No,Yes,New Dwelling house /Apartment,greater than or equal to 38 sq metres and less than 125 sq metres,2017-04-07,"33 Glenageary Rd Upper, Honeypark, Dublin, Ireland",ROOFTOP,53.2827569,-6.141109,,"establishment,point_of_interest",Dn Laoghaire-Rathdown,Dn Laoghaire-Glenageary,05044,Dublin,267069001
212805,2017.0,"Apt 103 Abbot Court, Cualanor  Upper Glenageary Road, Dun Laoghaire,Dublin,Ireland",07/04/2017,"Apt 103 Abbot Court, Cualanor  Upper Glenageary Road, Dun Laoghaire",,Dublin,216988.53,No,Yes,New Dwelling house /Apartment,greater than or equal to 38 sq metres and less than 125 sq metres,2017-04-07,"33 Glenageary Rd Upper, Honeypark, Dublin, Ireland",ROOFTOP,53.2827569,-6.141109,,"establishment,point_of_interest",Dn Laoghaire-Rathdown,Dn Laoghaire-Glenageary,05044,Dublin,267069001
212806,2017.0,"Apt 104 Abbot Court, Cualanor  Upper Glenageary Road, Dun Laoghaire,Dublin,Ireland",07/04/2017,"Apt 104 Abbot Court, Cualanor  Upper Glenageary Road, Dun Laoghaire",,Dublin,216988.53,No,Yes,New Dwelling house /Apartment,greater than or equal to 38 sq metres and less than 125 sq metres,2017-04-07,"33 Glenageary Rd Upper, Honeypark, Dublin, Ireland",ROOFTOP,53.2827569,-6.141109,,"establishment,point_of_interest",Dn Laoghaire-Rathdown,Dn Laoghaire-Glenageary,05044,Dublin,267069001
212807,2017.0,"Apt 105 Abbot Court, Cualanor  Upper Glenageary Road, Dun Laoghaire,Dublin,Ireland",07/04/2017,"Apt 105 Abbot Court, Cualanor  Upper Glenageary Road, Dun Laoghaire",,Dublin,219349.46,No,Yes,New Dwelling house /Apartment,greater than or equal to 38 sq metres and less than 125 sq metres,2017-04-07,"33 Glenageary Rd Upper, Honeypark, Dublin, Ireland",ROOFTOP,53.2827569,-6.141109,,"establishment,point_of_interest",Dn Laoghaire-Rathdown,Dn Laoghaire-Glenageary,05044,Dublin,267069001
212808,2017.0,"Apt 106 Abbot Court, Cualanor  Upper Glenageary Road, Dun Laoghaire,Dublin,Ireland",07/04/2017,"Apt 106 Abbot Court, Cualanor  Upper Glenageary Road, Dun Laoghaire",,Dublin,215185.68,No,Yes,New Dwelling house /Apartment,greater than or equal to 38 sq metres and less than 125 sq metres,2017-04-07,"33 Glenageary Rd Upper, Honeypark, Dublin, Ireland",ROOFTOP,53.2827569,-6.141109,,"establishment,point_of_interest",Dn Laoghaire-Rathdown,Dn Laoghaire-Glenageary,05044,Dublin,267069001
212809,2017.0,"Apt 107 Abbot Court, Cualanor  Upper Glenageary Road, Dun Laoghaire,Dublin,Ireland",07/04/2017,"Apt 107 Abbot Court, Cualanor  Upper Glenageary Road, Dun Laoghaire",,Dublin,216988.53,No,Yes,New Dwelling house /Apartment,greater than or equal to 38 sq metres and less than 125 sq metres,2017-04-07,"33 Glenageary Rd Upper, Honeypark, Dublin, Ireland",ROOFTOP,53.2827569,-6.141109,,"establishment,point_of_interest",Dn Laoghaire-Rathdown,Dn Laoghaire-Glenageary,05044,Dublin,267069001
212810,2017.0,"Apt 108 Abbot Court, Cualanor  Upper Glenageary Road, Dun Laoghaire,Dublin,Ireland",07/04/2017,"Apt 108 Abbot Court, Cualanor  Upper Glenageary Road, Dun Laoghaire",,Dublin,219349.46,No,Yes,New Dwelling house /Apartment,greater than or equal to 38 sq metres and less than 125 sq metres,2017-04-07,"33 Glenageary Rd Upper, Honeypark, Dublin, Ireland",ROOFTOP,53.2827569,-6.141109,,"establishment,point_of_interest",Dn Laoghaire-Rathdown,Dn Laoghaire-Glenageary,05044,Dublin,267069001
212811,2017.0,"Apt 109 Abbot Court, Cualanor  Upper Glenageary Road, Dun Laoghaire,Dublin,Ireland",07/04/2017,"Apt 109 Abbot Court, Cualanor  Upper Glenageary Road, Dun Laoghaire",,Dublin,215185.68,No,Yes,New Dwelling house /Apartment,greater than or equal to 38 sq metres and less than 125 sq metres,2017-04-07,"33 Glenageary Rd Upper, Honeypark, Dublin, Ireland",ROOFTOP,53.2827569,-6.141109,,"establishment,point_of_interest",Dn Laoghaire-Rathdown,Dn Laoghaire-Glenageary,05044,Dublin,267069001
212812,2017.0,"Apt 110 Abbot Court, Cualanor  Upper Glenageary Road, Dun Laoghaire,Dublin,Ireland",07/04/2017,"Apt 110 Abbot Court, Cualanor  Upper Glenageary Road, Dun Laoghaire",,Dublin,216988.53,No,Yes,New Dwelling house /Apartment,greater than or equal to 38 sq metres and less than 125 sq metres,2017-04-07,"33 Glenageary Rd Upper, Honeypark, Dublin, Ireland",ROOFTOP,53.2827569,-6.141109,,"establishment,point_of_interest",Dn Laoghaire-Rathdown,Dn Laoghaire-Glenageary,05044,Dublin,267069001
212813,2017.0,"Apt 111 Abbot Court, Cualanor  Upper Glenageary Road, Dun Laoghaire,Dublin,Ireland",07/04/2017,"Apt 111 Abbot Court, Cualanor  Upper Glenageary Road, Dun Laoghaire",,Dublin,219349.46,No,Yes,New Dwelling house /Apartment,greater than or equal to 38 sq metres and less than 125 sq metres,2017-04-07,"33 Glenageary Rd Upper, Honeypark, Dublin, Ireland",ROOFTOP,53.2827569,-6.141109,,"establishment,point_of_interest",Dn Laoghaire-Rathdown,Dn Laoghaire-Glenageary,05044,Dublin,267069001
212814,2017.0,"Apt 112 Abbot Court, Cualanor  Upper Glenageary Road, Dun Laoghaire,Dublin,Ireland",07/04/2017,"Apt 112 Abbot Court, Cualanor  Upper Glenageary Road, Dun Laoghaire",,Dublin,215185.68,No,Yes,New Dwelling house /Apartment,greater than or equal to 38 sq metres and less than 125 sq metres,2017-04-07,"33 Glenageary Rd Upper, Honeypark, Dublin, Ireland",ROOFTOP,53.2827569,-6.141109,,"establishment,point_of_interest",Dn Laoghaire-Rathdown,Dn Laoghaire-Glenageary,05044,Dublin,267069001
212815,2017.0,"Apt 113 Abbot Court, Cualanor  Upper Glenageary Road, Dun Laoghaire,Dublin,Ireland",07/04/2017,"Apt 113 Abbot Court, Cualanor  Upper Glenageary Road, Dun Laoghaire",,Dublin,217326.57,No,Yes,New Dwelling house /Apartment,greater than or equal to 38 sq metres and less than 125 sq metres,2017-04-07,"33 Glenageary Rd Upper, Honeypark, Dublin, Ireland",ROOFTOP,53.2827569,-6.141109,,"establishment,point_of_interest",Dn Laoghaire-Rathdown,Dn Laoghaire-Glenageary,05044,Dublin,267069001
212816,2017.0,"Apt 114 Abbot Court, Cualanor  Upper Glenageary Road, Dun Laoghaire,Dublin,Ireland",07/04/2017,"Apt 114 Abbot Court, Cualanor  Upper Glenageary Road, Dun Laoghaire",,Dublin,169869.08,No,Yes,New Dwelling house /Apartment,greater than or equal to 38 sq metres and less than 125 sq metres,2017-04-07,"33 Glenageary Rd Upper, Honeypark, Dublin, Ireland",ROOFTOP,53.2827569,-6.141109,,"establishment,point_of_interest",Dn Laoghaire-Rathdown,Dn Laoghaire-Glenageary,05044,Dublin,267069001
212817,2017.0,"Apt 115 Abbot Court, Cualanor  Upper Glenageary Road, Dun Laoghaire,Dublin,Ireland",07/04/2017,"Apt 115 Abbot Court, Cualanor  Upper Glenageary Road, Dun Laoghaire",,Dublin,217551.92,No,Yes,New Dwelling house /Apartment,greater than or equal to 38 sq metres and less than 125 sq metres,2017-04-07,"33 Glenageary Rd Upper, Honeypark, Dublin, Ireland",ROOFTOP,53.2827569,-6.141109,,"establishment,point_of_interest",Dn Laoghaire-Rathdown,Dn Laoghaire-Glenageary,05044,Dublin,267069001
212818,2017.0,"Apt 116 Abbot Court, Cualanor  Upper Glenageary Road, Dun Laoghaire,Dublin,Ireland",07/04/2017,"Apt 116 Abbot Court, Cualanor  Upper Glenageary Road, Dun Laoghaire",,Dublin,216932.2,No,Yes,New Dwelling house /Apartment,greater than or equal to 38 sq metres and less than 125 sq metres,2017-04-07,"33 Glenageary Rd Upper, Honeypark, Dublin, Ireland",ROOFTOP,53.2827569,-6.141109,,"establishment,point_of_interest",Dn Laoghaire-Rathdown,Dn Laoghaire-Glenageary,05044,Dublin,267069001
212819,2017.0,"Apt 117 Abbot Court, Cualanor  Upper Glenageary Road, Dun Laoghaire,Dublin,Ireland",07/04/2017,"Apt 117 Abbot Court, Cualanor  Upper Glenageary Road, Dun Laoghaire",,Dublin,219124.11,No,Yes,New Dwelling house /Apartment,greater than or equal to 38 sq metres and less than 125 sq metres,2017-04-07,"33 Glenageary Rd Upper, Honeypark, Dublin, Ireland",ROOFTOP,53.2827569,-6.141109,,"establishment,point_of_interest",Dn Laoghaire-Rathdown,Dn Laoghaire-Glenageary,05044,Dublin,267069001
212820,2017.0,"Apt 118 Abbot Court, Cualanor  Upper Glenageary Road, Dun Laoghaire,Dublin,Ireland",07/04/2017,"Apt 118 Abbot Court, Cualanor  Upper Glenageary Road, Dun Laoghaire",,Dublin,216763.17,No,Yes,New Dwelling house /Apartment,greater than or equal to 38 sq metres and less than 125 sq metres,2017-04-07,"33 Glenageary Rd Upper, Honeypark, Dublin, Ireland",ROOFTOP,53.2827569,-6.141109,,"establishment,point_of_interest",Dn Laoghaire-Rathdown,Dn Laoghaire-Glenageary,05044,Dublin,267069001
212821,2017.0,"Apt 119 Abbot Court, Cualanor  Upper Glenageary Road, Dun Laoghaire,Dublin,Ireland",07/04/2017,"Apt 119 Abbot Court, Cualanor  Upper Glenageary Road, Dun Laoghaire",,Dublin,216988.53,No,Yes,New Dwelling house /Apartment,greater than or equal to 38 sq metres and less than 125 sq metres,2017-04-07,"33 Glenageary Rd Upper, Honeypark, Dublin, Ireland",ROOFTOP,53.2827569,-6.141109,,"establishment,point_of_interest",Dn Laoghaire-Rathdown,Dn Laoghaire-Glenageary,05044,Dublin,267069001
212823,2017.0,"Apt 120 Abbot Court, Cualanor  Upper Glenageary Road, Dun Laoghaire,Dublin,Ireland",07/04/2017,"Apt 120 Abbot Court, Cualanor  Upper Glenageary Road, Dun Laoghaire",,Dublin,219124.11,No,Yes,New Dwelling house /Apartment,greater than or equal to 38 sq metres and less than 125 sq metres,2017-04-07,"33 Glenageary Rd Upper, Honeypark, Dublin, Ireland",ROOFTOP,53.2827569,-6.141109,,"establishment,point_of_interest",Dn Laoghaire-Rathdown,Dn Laoghaire-Glenageary,05044,Dublin,267069001
212824,2017.0,"Apt 121 Abbot Court, Cualanor  Upper Glenageary Road, Dun Laoghaire,Dublin,Ireland",07/04/2017,"Apt 121 Abbot Court, Cualanor  Upper Glenageary Road, Dun Laoghaire",,Dublin,216706.84,No,Yes,New Dwelling house /Apartment,greater than or equal to 38 sq metres and less than 125 sq metres,2017-04-07,"33 Glenageary Rd Upper, Honeypark, Dublin, Ireland",ROOFTOP,53.2827569,-6.141109,,"establishment,point_of_interest",Dn Laoghaire-Rathdown,Dn Laoghaire-Glenageary,05044,Dublin,267069001
212825,2017.0,"Apt 122 Abbot Court, Cualanor  Upper Glenageary Road, Dun Laoghaire,Dublin,Ireland",07/04/2017,"Apt 122 Abbot Court, Cualanor  Upper Glenageary Road, Dun Laoghaire",,Dublin,216988.53,No,Yes,New Dwelling house /Apartment,greater than or equal to 38 sq metres and less than 125 sq metres,2017-04-07,"33 Glenageary Rd Upper, Honeypark, Dublin, Ireland",ROOFTOP,53.2827569,-6.141109,,"establishment,point_of_interest",Dn Laoghaire-Rathdown,Dn Laoghaire-Glenageary,05044,Dublin,267069001
212826,2017.0,"Apt 123 Abbot Court, Cualanor  Upper Glenageary Road, Dun Laoghaire,Dublin,Ireland",07/04/2017,"Apt 123 Abbot Court, Cualanor  Upper Glenageary Road, Dun Laoghaire",,Dublin,219124.11,No,Yes,New Dwelling house /Apartment,greater than or equal to 38 sq metres and less than 125 sq metres,2017-04-07,"33 Glenageary Rd Upper, Honeypark, Dublin, Ireland",ROOFTOP,53.2827569,-6.141109,,"establishment,point_of_interest",Dn Laoghaire-Rathdown,Dn Laoghaire-Glenageary,05044,Dublin,267069001
212827,2017.0,"Apt 124 Abbot Court, Cualanor  Upper Glenageary Road, Dun Laoghaire,Dublin,Ireland",07/04/2017,"Apt 124 Abbot Court, Cualanor  Upper Glenageary Road, Dun Laoghaire",,Dublin,216706.84,No,Yes,New Dwelling house /Apartment,greater than or equal to 38 sq metres and less than 125 sq metres,2017-04-07,"33 Glenageary Rd Upper, Honeypark, Dublin, Ireland",ROOFTOP,53.2827569,-6.141109,,"establishment,point_of_interest",Dn Laoghaire-Rathdown,Dn Laoghaire-Glenageary,05044,Dublin,267069001
212875,2017.0,"Apt 4  Block 5, New Priory, Donaghmede,Dublin,Ireland",12/04/2017,"Apt 4  Block 5, New Priory, Donaghmede",Dublin 13,Dublin,175000.0,No,Yes,New Dwelling house /Apartment,greater than or equal to 38 sq metres and less than 125 sq metres,2017-04-12,,,,,,,,,,,
212915,2017.0,"Apt 8 Block 6 New Priory, The Hole in the Wall Road, Donaghmede,Dublin,Ireland",05/05/2017,"Apt 8 Block 6 New Priory, The Hole in the Wall Road, Donaghmede",,Dublin,195000.0,No,Yes,New Dwelling house /Apartment,greater than or equal to 38 sq metres and less than 125 sq metres,2017-05-05,,,,,,,,,,,
212918,2017.0,"Apt 93 Abbot Court, Cualanor  Upper Glenageary Road, Dun Laoghaire,Dublin,Ireland",07/04/2017,"Apt 93 Abbot Court, Cualanor  Upper Glenageary Road, Dun Laoghaire",,Dublin,142075.53,No,Yes,New Dwelling house /Apartment,greater than or equal to 38 sq metres and less than 125 sq metres,2017-04-07,"33 Glenageary Rd Upper, Honeypark, Dublin, Ireland",ROOFTOP,53.2827569,-6.141109,,"establishment,point_of_interest",Dn Laoghaire-Rathdown,Dn Laoghaire-Glenageary,05044,Dublin,267069001
212919,2017.0,"Apt 94 Abbot Court, Cualanor  Upper Glenageary Road, Dun Laoghaire,Dublin,Ireland",07/04/2017,"Apt 94 Abbot Court, Cualanor  Upper Glenageary Road, Dun Laoghaire",,Dublin,142131.88,No,Yes,New Dwelling house /Apartment,greater than or equal to 38 sq metres and less than 125 sq metres,2017-04-07,"33 Glenageary Rd Upper, Honeypark, Dublin, Ireland",ROOFTOP,53.2827569,-6.141109,,"establishment,point_of_interest",Dn Laoghaire-Rathdown,Dn Laoghaire-Glenageary,05044,Dublin,267069001
212920,2017.0,"Apt 95 Abbot Court, Cualanor  Upper Glenageary Road, Dun Laoghaire,Dublin,Ireland",07/04/2017,"Apt 95 Abbot Court, Cualanor  Upper Glenageary Road, Dun Laoghaire",,Dublin,218729.73,No,Yes,New Dwelling house /Apartment,greater than or equal to 38 sq metres and less than 125 sq metres,2017-04-07,"33 Glenageary Rd Upper, Honeypark, Dublin, Ireland",ROOFTOP,53.2827569,-6.141109,,"establishment,point_of_interest",Dn Laoghaire-Rathdown,Dn Laoghaire-Glenageary,05044,Dublin,267069001
212921,2017.0,"Apt 96 Abbot Court, Cualanor  Upper Glenageary Road, Dun Laoghaire,Dublin,Ireland",07/04/2017,"Apt 96 Abbot Court, Cualanor  Upper Glenageary Road, Dun Laoghaire",,Dublin,167123.69,No,Yes,New Dwelling house /Apartment,greater than or equal to 38 sq metres and less than 125 sq metres,2017-04-07,"33 Glenageary Rd Upper, Honeypark, Dublin, Ireland",ROOFTOP,53.2827569,-6.141109,,"establishment,point_of_interest",Dn Laoghaire-Rathdown,Dn Laoghaire-Glenageary,05044,Dublin,267069001
212922,2017.0,"Apt 97 Abbot Court, Cualanor  Upper Glenageary Road, Dun Laoghaire,Dublin,Ireland",07/04/2017,"Apt 97 Abbot Court, Cualanor  Upper Glenageary Road, Dun Laoghaire",,Dublin,223180.53,No,Yes,New Dwelling house /Apartment,greater than or equal to 38 sq metres and less than 125 sq metres,2017-04-07,"33 Glenageary Rd Upper, Honeypark, Dublin, Ireland",ROOFTOP,53.2827569,-6.141109,,"establishment,point_of_interest",Dn Laoghaire-Rathdown,Dn Laoghaire-Glenageary,05044,Dublin,267069001
212923,2017.0,"Apt 98 Abbot Court, Cualanor  Upper Glenageary Road, Dun Laoghaire,Dublin,Ireland",07/04/2017,"Apt 98 Abbot Court, Cualanor  Upper Glenageary Road, Dun Laoghaire",,Dublin,218729.73,No,Yes,New Dwelling house /Apartment,greater than or equal to 38 sq metres and less than 125 sq metres,2017-04-07,"33 Glenageary Rd Upper, Honeypark, Dublin, Ireland",ROOFTOP,53.2827569,-6.141109,,"establishment,point_of_interest",Dn Laoghaire-Rathdown,Dn Laoghaire-Glenageary,05044,Dublin,267069001
212924,2017.0,"Apt 99 Abbot Court, Cualanor  Upper Glenageary Road, Dun Laoghaire,Dublin,Ireland",07/04/2017,"Apt 99 Abbot Court, Cualanor  Upper Glenageary Road, Dun Laoghaire",,Dublin,167123.69,No,Yes,New Dwelling house /Apartment,greater than or equal to 38 sq metres and less than 125 sq metres,2017-04-07,"33 Glenageary Rd Upper, Honeypark, Dublin, Ireland",ROOFTOP,53.2827569,-6.141109,,"establishment,point_of_interest",Dn Laoghaire-Rathdown,Dn Laoghaire-Glenageary,05044,Dublin,267069001
212954,2017.0,"BACK BASEMENT FLAT, 68 RATHGAR ROAD, RATHGAR,Dublin,Ireland",10/02/2017,"BACK BASEMENT FLAT, 68 RATHGAR ROAD, RATHGAR",Dublin 6,Dublin,700000.0,No,No,Second-Hand Dwelling house /Apartment,,2017-02-10,,,,,,,,,,,
213051,2017.0,"BALLYBANE, CLONDALKIN, DUBLIN 22,Dublin,Ireland",10/03/2017,"BALLYBANE, CLONDALKIN, DUBLIN 22",Dublin 22,Dublin,250000.0,No,No,Second-Hand Dwelling house /Apartment,,2017-03-10,"Ballybane House, Nangor Rd, Ballybane, Dublin 22, Ireland",ROOFTOP,53.3201363,-6.4500879,,premise,South Dublin,Clondalkin-Dunawley,03006,Dublin,267049001
213280,2017.0,"BATTLEFORD, CHURCH RD, KILLINEY,Dublin,Ireland",03/03/2017,"BATTLEFORD, CHURCH RD, KILLINEY",,Dublin,1370000.0,No,No,Second-Hand Dwelling house /Apartment,,2017-03-03,"Battleford, Church Rd, Rocheshill, Killiney, Co. Dublin, Ireland",ROOFTOP,53.2600895,-6.1301339,,premise,Dn Laoghaire-Rathdown,Ballybrack,05007,Dublin,267015003
213297,2017.0,"BEECHFIELD, MONKSTOWN RD, BLACKROCK,Dublin,Ireland",09/03/2017,"BEECHFIELD, MONKSTOWN RD, BLACKROCK",,Dublin,1500000.0,No,No,Second-Hand Dwelling house /Apartment,,2017-03-09,"Beechfield, Monkstown Rd, Montpelier, Monkstown, Co. Dublin, Ireland",ROOFTOP,53.294155,-6.1587573,,premise,Dn Laoghaire-Rathdown,Blackrock-Monkstown,05012,Dublin,267017012
213356,2017.0,"BLOCK 4 APT 4, PRIORY HALL, HOLE IN THE WALL ROAD,Dublin,Ireland",11/04/2017,"BLOCK 4 APT 4, PRIORY HALL, HOLE IN THE WALL ROAD",Dublin 13,Dublin,175000.0,No,No,Second-Hand Dwelling house /Apartment,,2017-04-11,"4, Priory Hall, The Hole in The Wall Rd, Clongriffin, Dublin 13, Ireland",ROOFTOP,53.4025038,-6.1644517,,subpremise,Dublin City,Grange A,02059,Dublin,268071027
213358,2017.0,"BLOCK A, 140 ADELAIDE SQ, WHITEFRIAR ST,Dublin,Ireland",12/05/2017,"BLOCK A, 140 ADELAIDE SQ, WHITEFRIAR ST",Dublin 8,Dublin,430000.0,No,No,Second-Hand Dwelling house /Apartment,,2017-05-12,"Whitefriar St, Dublin 8, Ireland",GEOMETRIC_CENTER,53.3398785,-6.2679845,,"establishment,lodging,point_of_interest",Dublin City,Royal Exchange A,02144,Dublin,268140009
213400,2017.0,"BRAEMAR COTTAGE, TEXAS LANE, MALAHIDE,Dublin,Ireland",05/04/2017,"BRAEMAR COTTAGE, TEXAS LANE, MALAHIDE",,Dublin,548000.0,No,No,Second-Hand Dwelling house /Apartment,,2017-04-05,"Braemar Cottage, Texas Ln, Malahide, Co. Dublin, Ireland",ROOFTOP,53.4542643,-6.1635348,,premise,Fingal,Malahide West,04030,Dublin,267106008
213563,2017.0,"CARNAC, 19 SILVER BIRCHES, DUNDRUM DUBLIN 14,Dublin,Ireland",08/02/2017,"CARNAC, 19 SILVER BIRCHES, DUNDRUM DUBLIN 14",Dublin 14,Dublin,630000.0,No,No,Second-Hand Dwelling house /Apartment,,2017-02-08,,,,,,,,,,,
213729,2017.0,"CHERRY LODGE, CHERRYHOUND, THE WARD,Dublin,Ireland",09/03/2017,"CHERRY LODGE, CHERRYHOUND, THE WARD",,Dublin,240000.0,No,No,Second-Hand Dwelling house /Apartment,,2017-03-09,"Cherrylodge, Cherryhound, The Ward, Co. Dublin, Ireland",ROOFTOP,53.4389933,-6.3406657,,premise,Fingal,The Ward,04041,Dublin,267158009
213787,2017.0,"CLOGRENAN, 56 FOSTER'S AVENUE, MOUNT MERRION,Dublin,Ireland",12/04/2017,"CLOGRENAN, 56 FOSTER'S AVENUE, MOUNT MERRION",,Dublin,1010000.0,No,No,Second-Hand Dwelling house /Apartment,,2017-04-12,"Clogrenan, 56 Foster's Ave, Mount Merrion, Blackrock, Co. Dublin, A94 N292, Ireland",ROOFTOP,53.3006999,-6.2151397,A94 N292,street_address,Dn Laoghaire-Rathdown,Stillorgan-Deerpark,05063,Dublin,267124006
213907,2017.0,"CNUCHA, COLLEGE RD, CASTLEKNOCK DUBLIN 15,Dublin,Ireland",11/01/2017,"CNUCHA, COLLEGE RD, CASTLEKNOCK DUBLIN 15",Dublin 15,Dublin,1400000.0,No,No,Second-Hand Dwelling house /Apartment,,2017-01-11,"Cnucha, College Rd, Castleknock, Dublin 15, Ireland",ROOFTOP,53.3689268,-6.3634741,,premise,Fingal,Castleknock-Knockmaroon,04016,Dublin,267040024
213991,2017.0,"CORBALLIS, DONABATE, COUNTY DUBLIN,Dublin,Ireland",12/04/2017,"CORBALLIS, DONABATE, COUNTY DUBLIN",,Dublin,230000.0,No,No,Second-Hand Dwelling house /Apartment,,2017-04-12,"Corballis, Co. Dublin, Ireland",APPROXIMATE,53.4729572,-6.1356539,,"neighborhood,political",Fingal,Donabate,04019,Dublin,267065008
214023,2017.0,"COROFIN, TORQUAY RD, FOXROCK DUBLIN 18,Dublin,Ireland",11/01/2017,"COROFIN, TORQUAY RD, FOXROCK DUBLIN 18",Dublin 18,Dublin,1055000.0,No,No,Second-Hand Dwelling house /Apartment,,2017-01-11,"Corofin, Torquay Rd, Galloping Green South, Dublin 18, Ireland",ROOFTOP,53.2734067,-6.1914088,,premise,Dn Laoghaire-Rathdown,Foxrock-Torquay,05056,Dublin,267090004
214025,2017.0,"CORRACG DTONN, CASTLE ROAD, CLONTARF,Dublin,Ireland",10/02/2017,"CORRACG DTONN, CASTLE ROAD, CLONTARF",Dublin 3,Dublin,545000.0,No,No,Second-Hand Dwelling house /Apartment,,2017-02-10,,,,,,,,,,,
214059,2017.0,"CRANMER LODGE, 26A CRANMER LANE, BALLSBRIDGE DUBLIN 4,Dublin,Ireland",09/01/2017,"CRANMER LODGE, 26A CRANMER LANE, BALLSBRIDGE DUBLIN 4",Dublin 4,Dublin,650000.0,No,No,Second-Hand Dwelling house /Apartment,,2017-01-09,"Cranmer Lodge, 26A Cranmer Ln, Dublin 4, D04 W7X2, Ireland",ROOFTOP,53.3366698,-6.2377206,D04 W7X2,street_address,Dublin City,Pembroke West A,02130,Dublin,268115017
214354,2017.0,"DUN NA RI, SWORD RD, MALAHIDE,Dublin,Ireland",02/03/2017,"DUN NA RI, SWORD RD, MALAHIDE",,Dublin,2100000.0,No,No,Second-Hand Dwelling house /Apartment,,2017-03-02,"Dun Na R�_, Swords Rd, Yellow Walls, Malahide, Co. Dublin, Ireland",ROOFTOP,53.4476464,-6.1767994,,premise,Fingal,Malahide West,04030,Dublin,267106005
214394,2017.0,"EBENEZER, SORRENTO RD, DALKEY,Dublin,Ireland",06/01/2017,"EBENEZER, SORRENTO RD, DALKEY",,Dublin,655000.0,No,No,Second-Hand Dwelling house /Apartment,,2017-01-06,"Ebeneezer, Sorrento Rd, Dalkey, Co. Dublin, Ireland",ROOFTOP,53.2716658,-6.0959975,,premise,Dn Laoghaire-Rathdown,Dalkey Hill,05035,Dublin,267060004
214404,2017.0,"EL TEIDE, 13 GRANVILLE PARK, BLACKROCK,Dublin,Ireland",04/04/2017,"EL TEIDE, 13 GRANVILLE PARK, BLACKROCK",,Dublin,1440000.0,No,No,Second-Hand Dwelling house /Apartment,,2017-04-04,,,,,,,,,,,
214407,2017.0,"ELGIN MEWS, 4 CLYDE LANE, BALLSBRIDGE DUBLIN 4,Dublin,Ireland",12/04/2017,"ELGIN MEWS, 4 CLYDE LANE, BALLSBRIDGE DUBLIN 4",Dublin 4,Dublin,1500000.0,No,No,Second-Hand Dwelling house /Apartment,,2017-04-12,"Elgin Mews, Clyde Ln, Dublin 4, Ireland",ROOFTOP,53.3293177,-6.2336446,,premise,Dublin City,Pembroke West B,02131,Dublin,268116009
214416,2017.0,"EMMET PLACE APT 1, USHER ST, DUBLIN 8,Dublin,Ireland",10/02/2017,"EMMET PLACE APT 1, USHER ST, DUBLIN 8",Dublin 8,Dublin,362500.0,No,No,Second-Hand Dwelling house /Apartment,,2017-02-10,"1, Emmet Place Apartments, Usher St, Merchants Quay, Dublin 8, Ireland",ROOFTOP,53.3453047,-6.2799583,,subpremise,Dublin City,Merchants Quay A,02119,Dublin,268098005
214465,2017.0,"FASTNET, BALLYGIHEN AVE, SANDYCOVE,Dublin,Ireland",01/06/2017,"FASTNET, BALLYGIHEN AVE, SANDYCOVE",,Dublin,2100000.0,No,No,Second-Hand Dwelling house /Apartment,,2017-06-01,"Fastnet, Ballygihen Ave, Sandycove, Dublin, Ireland",ROOFTOP,53.2871291,-6.1175732,,premise,Dn Laoghaire-Rathdown,Dn Laoghaire-Sandycove,05050,Dublin,267076005
214531,2017.0,"FORREST LITTLE, FOREST RD, SWORDS,Dublin,Ireland",06/04/2017,"FORREST LITTLE, FOREST RD, SWORDS",,Dublin,580000.0,No,No,Second-Hand Dwelling house /Apartment,,2017-04-06,"Forrest Rd, Fosterstown North, Swords, Co. Dublin, Ireland",GEOMETRIC_CENTER,53.4473371,-6.2368959,,"establishment,point_of_interest",Fingal,Swords-Forrest,04036,Dublin,267132032
214552,2017.0,"FRONT BASEMENT FLAT, 69 RATHGAR ROAD, RATHGAR,Dublin,Ireland",10/02/2017,"FRONT BASEMENT FLAT, 69 RATHGAR ROAD, RATHGAR",Dublin 6,Dublin,750000.0,No,No,Second-Hand Dwelling house /Apartment,,2017-02-10,,,,,,,,,,,
214623,2017.0,"GLASLYNN, PORTRANE ROAD, DONABATE,Dublin,Ireland",01/06/2017,"GLASLYNN, PORTRANE ROAD, DONABATE",,Dublin,1200000.0,No,No,Second-Hand Dwelling house /Apartment,,2017-06-01,"Glaslynn, Portrane Rd, Ballisk, Donabate, Co. Dublin, Ireland",ROOFTOP,53.4879481,-6.1453772,,premise,Fingal,Donabate,04019,Dublin,267065015
214632,2017.0,"GLEN COTTAGE, GLENCULLEN, KILTERNAN,Dublin,Ireland",02/03/2017,"GLEN COTTAGE, GLENCULLEN, KILTERNAN",,Dublin,200000.0,No,No,Second-Hand Dwelling house /Apartment,,2017-03-02,"Glen Cottage, Red House Rd, Newtown, Dublin 18, Ireland",ROOFTOP,53.2243597,-6.2201285,,premise,Dn Laoghaire-Rathdown,Glencullen,05057,Dublin,267092001
214642,2017.0,"GLENASMOLE, BRIGHTON RD, FOXROCK DUBLIN 18,Dublin,Ireland",09/03/2017,"GLENASMOLE, BRIGHTON RD, FOXROCK DUBLIN 18",Dublin 18,Dublin,1530000.0,No,No,Second-Hand Dwelling house /Apartment,,2017-03-09,"Glenasmole, Brighton Rd, Kerrymount, Dublin 18, Ireland",ROOFTOP,53.2586474,-6.1735687,,premise,Dn Laoghaire-Rathdown,Foxrock-Carrickmines,05054,Dublin,267088005
214647,2017.0,"GLENBEIGH, 9 MONASTERY RD, CLONDALKIN DUBLIN 22,Dublin,Ireland",06/06/2017,"GLENBEIGH, 9 MONASTERY RD, CLONDALKIN DUBLIN 22",Dublin 22,Dublin,476000.0,No,No,Second-Hand Dwelling house /Apartment,,2017-06-06,"Glenbeigh, 9 Monastery Road, Bushelloaf, Dublin 22, D22 RR70, Ireland",ROOFTOP,53.320292,-6.3858737,D22 RR70,street_address,South Dublin,Clondalkin-Monastery,03007,Dublin,267050017
214662,2017.0,"GLENMALURE, MAIN ST, BLANCHARDSTOWN DUBLIN 15,Dublin,Ireland",04/05/2017,"GLENMALURE, MAIN ST, BLANCHARDSTOWN DUBLIN 15",Dublin 15,Dublin,352500.0,No,No,Second-Hand Dwelling house /Apartment,,2017-05-04,"Glenmalure, Main St, Blanchardstown, Dublin 15, Ireland",ROOFTOP,53.3874266,-6.3780249,,premise,Fingal,Blanchardstown-Abbotstown,04008,Dublin,267027004
214812,2017.0,"HALL APT 24 IDRONE TCE, BLACKROCK, DUBLIN,Dublin,Ireland",03/03/2017,"HALL APT 24 IDRONE TCE, BLACKROCK, DUBLIN",,Dublin,1625000.0,No,No,Second-Hand Dwelling house /Apartment,,2017-03-03,"24A Idrone Terrace, Blackrock, Co. Dublin, A94 TK53, Ireland",ROOFTOP,53.3019285,-6.1769917,A94 TK53,street_address,Dn Laoghaire-Rathdown,Blackrock-Central,05010,Dublin,267021013
214834,2017.0,"HENLEY COTTAGE, UPPER CHURCHTOWN RD, CHURCHTOWN DUBLIN 14,Dublin,Ireland",02/06/2017,"HENLEY COTTAGE, UPPER CHURCHTOWN RD, CHURCHTOWN DUBLIN 14",Dublin 14,Dublin,975000.0,No,No,Second-Hand Dwelling house /Apartment,,2017-06-02,"Henley Cottage, Churchtown Rd Upper, Rathmines Little, Dublin 14, Ireland",ROOFTOP,53.2958595,-6.2581899,,premise,Dn Laoghaire-Rathdown,Churchtown-Orwell,05025,Dublin,267045003
214835,2017.0,"HERBERT LANE MEWS, HERBERT LANE, REAR 66 LOWER BAGGOT ST DUBLIN 2,Dublin,Ireland",04/01/2017,"HERBERT LANE MEWS, HERBERT LANE, REAR 66 LOWER BAGGOT ST DUBLIN 2",Dublin 2,Dublin,400000.0,No,No,Second-Hand Dwelling house /Apartment,,2017-01-04,,,,,,,,,,,
214867,2017.0,"HILLSIDE, WESTMINSTER RD, DUBLIN 18,Dublin,Ireland",09/01/2017,"HILLSIDE, WESTMINSTER RD, DUBLIN 18",Dublin 18,Dublin,1800000.0,No,No,Second-Hand Dwelling house /Apartment,,2017-01-09,"Hillside, Westminster Rd, Deansgrange, Dublin 18, Ireland",ROOFTOP,53.2722664,-6.1721996,,premise,Dn Laoghaire-Rathdown,Foxrock-Torquay,05056,Dublin,267090002
214895,2017.0,"HOUSE NO 3, THE STEEPLES, CHAPELIZOD,Dublin,Ireland",01/02/2017,"HOUSE NO 3, THE STEEPLES, CHAPELIZOD",,Dublin,265000.0,No,No,Second-Hand Dwelling house /Apartment,,2017-02-01,"3, The Steeples, St Laurence's Rd, Chapelizod, Dublin 20, Ireland",ROOFTOP,53.3429203,-6.3394672,,subpremise,Dublin City,Chapelizod,02094,Dublin,268037005
214950,2017.0,"KAFINEVES, DUBLIN RD, MALAHIDE,Dublin,Ireland",07/04/2017,"KAFINEVES, DUBLIN RD, MALAHIDE",,Dublin,930000.0,No,No,Second-Hand Dwelling house /Apartment,,2017-04-07,"Kafineves, Dublin Rd, Malahide Demesne, Malahide, Co. Dublin, Ireland",ROOFTOP,53.4492018,-6.1653792,,premise,Fingal,Malahide West,04030,Dublin,267106005
214954,2017.0,"KCR House &, 324 KIMMAGE RD LOWER, APT 1  KIMMAGE,Dublin,Ireland",11/04/2017,"KCR House &, 324 KIMMAGE RD LOWER, APT 1  KIMMAGE",,Dublin,384000.0,Yes,No,Second-Hand Dwelling house /Apartment,,2017-04-11,"326 Kimmage Rd Lower, Kimmage, Dublin 6W, Co. Dublin, D6W CF38, Ireland",ROOFTOP,53.3141853,-6.2964338,D6W CF38,"bar,establishment,point_of_interest",Dublin City,Terenure B,02149,Dublin,268145015
214990,2017.0,"KILBRIDE HOUSE, BALDONNEL, DUBLIN,Dublin,Ireland",11/01/2017,"KILBRIDE HOUSE, BALDONNEL, DUBLIN",Dublin 22,Dublin,750000.0,No,No,Second-Hand Dwelling house /Apartment,,2017-01-11,"Kilbride House, Kilcarbery, Dublin 22, Ireland",ROOFTOP,53.3108658,-6.4440449,,premise,South Dublin,Clondalkin Village,03010,Dublin,267053001
215096,2017.0,"KILMASHOGUE HOUSE, KILMASHOGUE LANE, RATHFARNHAM,Dublin,Ireland",05/05/2017,"KILMASHOGUE HOUSE, KILMASHOGUE LANE, RATHFARNHAM",,Dublin,795000.0,No,No,Second-Hand Dwelling house /Apartment,,2017-05-05,"Kilmashogue House, Kilmashogue Ln, Rathfarnham, Dublin 16, Ireland",ROOFTOP,53.2551493,-6.2784507,,premise,Dn Laoghaire-Rathdown,Tibradden,05069,Dublin,267159001
215144,2017.0,"KINVARA, LEOPARDSTOWN RD, DUBLIN 18,Dublin,Ireland",10/03/2017,"KINVARA, LEOPARDSTOWN RD, DUBLIN 18",Dublin 18,Dublin,1300000.0,No,No,Second-Hand Dwelling house /Apartment,,2017-03-10,"Kinvara, Leopardstown Rd, Galloping Green South, Dublin 18, Ireland",ROOFTOP,53.2756957,-6.1920522,,premise,Dn Laoghaire-Rathdown,Stillorgan-Leopardstown,05065,Dublin,267126009
215184,2017.0,"KNOCKEEN, ROGERSTOWN LANE, LUSK,Dublin,Ireland",01/06/2017,"KNOCKEEN, ROGERSTOWN LANE, LUSK",,Dublin,560000.0,No,No,Second-Hand Dwelling house /Apartment,,2017-06-01,"Knockeen, Rogerstown Ln, Rogerstown, Lusk, Co. Dublin, Ireland",ROOFTOP,53.5169792,-6.1508574,,premise,Fingal,Lusk,04028,Dublin,267104015
215206,2017.0,"KNOCKNAGOW STUDIO, 3A MONTPELIER PLACE, MONKSTOWN,Dublin,Ireland",07/03/2017,"KNOCKNAGOW STUDIO, 3A MONTPELIER PLACE, MONKSTOWN",,Dublin,850000.0,No,No,Second-Hand Dwelling house /Apartment,,2017-03-07,"Knocknagow Studio, 3A Montpelier Pl, Montpelier, Monkstown, Co. Dublin, A94 E1T0, Ireland",ROOFTOP,53.2953333,-6.1690031,A94 E1T0,street_address,Dn Laoghaire-Rathdown,Blackrock-Monkstown,05012,Dublin,267017004
215258,2017.0,"LANDSCAPE, NANGOR ROAD, CLONDALKIN,Dublin,Ireland",03/03/2017,"LANDSCAPE, NANGOR ROAD, CLONDALKIN",,Dublin,261000.0,No,No,Second-Hand Dwelling house /Apartment,,2017-03-03,"Landscape, Upper Nangor Rd, Deansrath, Dublin 22, Ireland",ROOFTOP,53.319184,-6.4270878,,premise,South Dublin,Clondalkin-Dunawley,03006,Dublin,267049022
215266,2017.0,"LARAGH, BALLINCLEA RD, KILLINEY,Dublin,Ireland",08/02/2017,"LARAGH, BALLINCLEA RD, KILLINEY",,Dublin,700000.0,No,No,Second-Hand Dwelling house /Apartment,,2017-02-08,"Laragh, Avondale Rd, Rocheshill, Killiney, Co. Dublin, Ireland",ROOFTOP,53.2661293,-6.133193,,premise,Dn Laoghaire-Rathdown,Killiney North,05058,Dublin,267096001
215331,2017.0,"LINDEN LODGE, CASTLEPARK RD, DALKEY,Dublin,Ireland",08/06/2017,"LINDEN LODGE, CASTLEPARK RD, DALKEY",,Dublin,1825000.0,No,No,Second-Hand Dwelling house /Apartment,,2017-06-08,"Linden Lodge, Castle Park Rd, Sandycove, Dublin, Ireland",ROOFTOP,53.2780229,-6.1161775,,premise,Dn Laoghaire-Rathdown,Dalkey-Bullock,05033,Dublin,267063004
215488,2017.0,"MAIN ST, RATHCOOLE, DUBLIN,Dublin,Ireland",05/05/2017,"MAIN ST, RATHCOOLE, DUBLIN",Dublin 24,Dublin,39048.0,Yes,No,Second-Hand Dwelling house /Apartment,,2017-05-05,"Main St, Rathcoole, Co. Dublin, Ireland",GEOMETRIC_CENTER,53.2813003,-6.4699074,,route,South Dublin,Rathcoole,03021,Dublin,267112013
215529,2017.0,"MAPLE 5, HAZELDENE, ANGLESEA RD DUBLIN 4,Dublin,Ireland",10/04/2017,"MAPLE 5, HAZELDENE, ANGLESEA RD DUBLIN 4",Dublin 4,Dublin,1000000.0,No,No,Second-Hand Dwelling house /Apartment,,2017-04-10,,,,,,,,,,,
215635,2017.0,"MINOA, 10 GLENAGEARY WOODS, GLENAGEARY,Dublin,Ireland",03/03/2017,"MINOA, 10 GLENAGEARY WOODS, GLENAGEARY",,Dublin,890000.0,No,No,Second-Hand Dwelling house /Apartment,,2017-03-03,"Minoa, 10 Glenageary Woods, D̼n Laoghaire, Dublin, A96 Y2H6, Ireland",ROOFTOP,53.2829084,-6.1379006,A96 Y2H6,street_address,Dn Laoghaire-Rathdown,Dn Laoghaire-Glenageary,05044,Dublin,267069003
215745,2017.0,"Mews No. 1, Dalkey Manor, Killiney Road,Dublin,Ireland",01/02/2017,"Mews No. 1, Dalkey Manor, Killiney Road",,Dublin,528634.0,No,Yes,New Dwelling house /Apartment,greater than or equal to 125 sq metres,2017-02-01,"1, Clonlost Mews, Killiney Rd, Scalpwilliam, Dalkey, Co. Dublin, Ireland",ROOFTOP,53.2703978,-6.1175251,,subpremise,Dn Laoghaire-Rathdown,Dalkey Upper,05036,Dublin,267061003
215813,2017.0,"NO 26 FERNLEIGH DRIVE, CASTLEKNOCK, DUBLIN 15,Dublin,Ireland",06/02/2017,"NO 26 FERNLEIGH DRIVE, CASTLEKNOCK, DUBLIN 15",,Dublin,194000.0,No,No,Second-Hand Dwelling house /Apartment,,2017-02-06,"26 Fernleigh Dr, Carpenterstown, Dublin 15, D15 Y042, Ireland",ROOFTOP,53.3722203,-6.4027519,D15 Y042,street_address,Fingal,Castleknock-Knockmaroon,04016,Dublin,267040048
215821,2017.0,"NO 43 RIALTO COTTAGES, RIALTO, DUBLIN 8,Dublin,Ireland",02/03/2017,"NO 43 RIALTO COTTAGES, RIALTO, DUBLIN 8",Dublin 8,Dublin,211500.0,No,No,Second-Hand Dwelling house /Apartment,,2017-03-02,"43 Rialto Cottages, Rialto, Dublin 8, D08 DDE2, Ireland",ROOFTOP,53.3371801,-6.2955573,D08 DDE2,street_address,Dublin City,Ushers D,02155,Dublin,268151011
215830,2017.0,"NO 7 HAMLET LANE HOUSE, BARRONSHALL, BALBRIGGAN,Dublin,Ireland",11/01/2017,"NO 7 HAMLET LANE HOUSE, BARRONSHALL, BALBRIGGAN",,Dublin,132000.0,No,No,Second-Hand Dwelling house /Apartment,,2017-01-11,"7, Hamlet Lane Lodge, Barons Hall Rise, Bremore, Balbriggan, Co. Dublin, Ireland",ROOFTOP,53.6139244,-6.2053926,,subpremise,Fingal,Balbriggan Rural,04002,Dublin,267002011
215833,2017.0,"NO 9, THE ORCHARD, OLDTOWN,Dublin,Ireland",07/04/2017,"NO 9, THE ORCHARD, OLDTOWN",,Dublin,485000.0,No,No,Second-Hand Dwelling house /Apartment,,2017-04-07,"9 The Orchard, Glebe, Oldtown, Co. Dublin, A45 F302, Ireland",ROOFTOP,53.5272625,-6.3146371,A45 F302,street_address,Fingal,Ballyboghil,04006,Dublin,267014002
215837,2017.0,"NO. 13 BELLTREE AVENUE, CLONGRIFFIN, DUBLIN 13,Dublin,Ireland",04/01/2017,"NO. 13 BELLTREE AVENUE, CLONGRIFFIN, DUBLIN 13",,Dublin,290000.0,No,Yes,New Dwelling house /Apartment,greater than or equal to 38 sq metres and less than 125 sq metres,2017-01-04,"Belltree Avenue, Donaghmede, Dublin, Ireland",GEOMETRIC_CENTER,53.4065193,-6.1564006,,route,Dublin City,Grange B,02060,Dublin,268072013/01
215872,2017.0,"No 2 Stratton Lawn, Adamstown Square, Adamstown,Dublin,Ireland",05/05/2017,"No 2 Stratton Lawn, Adamstown Square, Adamstown",,Dublin,355000.0,No,Yes,New Dwelling house /Apartment,greater than or equal to 38 sq metres and less than 125 sq metres,2017-05-05,,,,,,,,,,,
215875,2017.0,"No 3 Woodgate, Ballycullen Road, Knocklyon,Dublin,Ireland",09/05/2017,"No 3 Woodgate, Ballycullen Road, Knocklyon",Dublin 16,Dublin,475000.0,No,No,New Dwelling house /Apartment,greater than or equal to 38 sq metres and less than 125 sq metres,2017-05-09,,,,,,,,,,,
215882,2017.0,"No 6 Stratton Lawn, Adamstown Square, Adamstown,Dublin,Ireland",05/05/2017,"No 6 Stratton Lawn, Adamstown Square, Adamstown",,Dublin,355000.0,No,Yes,New Dwelling house /Apartment,greater than or equal to 38 sq metres and less than 125 sq metres,2017-05-05,,,,,,,,,,,
215884,2017.0,"No 8 Stratton Drive, Adamstown Square, Ldamstown,Dublin,Ireland",05/05/2017,"No 8 Stratton Drive, Adamstown Square, Ldamstown",,Dublin,330000.0,No,Yes,New Dwelling house /Apartment,greater than or equal to 38 sq metres and less than 125 sq metres,2017-05-05,,,,,,,,,,,
215899,2017.0,"No. 13 Park Avenue, Millers Glen, Swords,Dublin,Ireland",11/04/2017,"No. 13 Park Avenue, Millers Glen, Swords",,Dublin,275111.0,No,Yes,New Dwelling house /Apartment,greater than or equal to 38 sq metres and less than 125 sq metres,2017-04-11,"Longview Ave, Oldtown, Co. Dublin, Ireland",GEOMETRIC_CENTER,53.4739449,-6.2397822,,"establishment,point_of_interest",Fingal,Swords-Lissenhall,04038,Dublin,267133026
215900,2017.0,"No. 16 The Guillemot, Barnageeragh Cove, Skerries,Dublin,Ireland",04/05/2017,"No. 16 The Guillemot, Barnageeragh Cove, Skerries",,Dublin,278761.0,No,Yes,New Dwelling house /Apartment,greater than or equal to 38 sq metres and less than 125 sq metres,2017-05-04,,,,,,,,,,,
215918,2017.0,"No. 38 Wilkins View, Greenhills, Dublin 12,Dublin,Ireland",11/05/2017,"No. 38 Wilkins View, Greenhills, Dublin 12",,Dublin,396476.0,No,Yes,New Dwelling house /Apartment,greater than or equal to 38 sq metres and less than 125 sq metres,2017-05-11,"10 Temple Manor Grove, Limekilnfarm, Dublin 12, D12 K832, Ireland",ROOFTOP,53.3067991,-6.3321054,D12 K832,"establishment,point_of_interest",South Dublin,Templeogue-Limekiln,03043,Dublin,267151008
215919,2017.0,"No. 4 Balgriffin Grove, Malahide Road, Balgriffin,Dublin,Ireland",10/03/2017,"No. 4 Balgriffin Grove, Malahide Road, Balgriffin",Dublin 13,Dublin,375000.0,Yes,Yes,New Dwelling house /Apartment,greater than or equal to 38 sq metres and less than 125 sq metres,2017-03-10,"4 Balgriffin Park, Balgriffin, Dublin 13, D13 VH31, Ireland",ROOFTOP,53.409631,-6.1640413,D13 VH31,street_address,Fingal,Balgriffin,04005,Dublin,267005005
215921,2017.0,"No. 4 Maple Grove, Fahan,Dublin,Ireland",07/02/2017,"No. 4 Maple Grove, Fahan",,Dublin,118942.73,No,Yes,New Dwelling house /Apartment,greater than or equal to 38 sq metres and less than 125 sq metres,2017-02-07,,,,,,,,,,,
215926,2017.0,"No. 5, St Davids Court, Artane,Dublin,Ireland",05/01/2017,"No. 5, St Davids Court, Artane",Dublin 5,Dublin,444933.92,No,Yes,New Dwelling house /Apartment,greater than or equal to 38 sq metres and less than 125 sq metres,2017-01-05,"5 St David's, Beaumont, Dublin 5, D05 Y0X3, Ireland",ROOFTOP,53.3806886,-6.2191938,D05 Y0X3,street_address,Dublin City,Beaumont D,02024,Dublin,268024002
215929,2017.0,"No. 6 Fairhaven Close, Castleknock Road, Castleknock,Dublin,Ireland",05/05/2017,"No. 6 Fairhaven Close, Castleknock Road, Castleknock",Dublin 15,Dublin,500000.0,No,Yes,New Dwelling house /Apartment,greater than or equal to 38 sq metres and less than 125 sq metres,2017-05-05,,,,,,,,,,,
215943,2017.0,"No.35, Belarmine Lawns, Belarmine Woods,Dublin,Ireland",06/06/2017,"No.35, Belarmine Lawns, Belarmine Woods",Dublin 18,Dublin,361234.0,No,Yes,New Dwelling house /Apartment,greater than or equal to 38 sq metres and less than 125 sq metres,2017-06-06,"Belarmine Ave, Kilgobbin Woods, Dublin, Ireland",GEOMETRIC_CENTER,53.2582737,-6.2162705,,"establishment,point_of_interest",Dn Laoghaire-Rathdown,Glencullen,05057,Dublin,267092044
216009,2017.0,"OSSORY LODGE, BALLYGIHEN AVE, SANDYCOVE,Dublin,Ireland",01/06/2017,"OSSORY LODGE, BALLYGIHEN AVE, SANDYCOVE",,Dublin,2900000.0,No,No,Second-Hand Dwelling house /Apartment,,2017-06-01,"Ossory Lodge, Ballygihen Ave, Sandycove, Dublin, Ireland",ROOFTOP,53.2872665,-6.1180416,,premise,Dn Laoghaire-Rathdown,Dn Laoghaire-Sandycove,05050,Dublin,267076005
216071,2017.0,"PINE LODGE, TORQUAY RD, FOXROCK DUBLIN 18,Dublin,Ireland",09/03/2017,"PINE LODGE, TORQUAY RD, FOXROCK DUBLIN 18",Dublin 18,Dublin,1270000.0,No,No,Second-Hand Dwelling house /Apartment,,2017-03-09,"Pine Lodge, Torquay Rd, Galloping Green South, Dublin 18, Ireland",ROOFTOP,53.2730346,-6.1900825,,premise,Dn Laoghaire-Rathdown,Foxrock-Torquay,05056,Dublin,267090004
216219,2017.0,"RENRAW, 39 WARNERS LANE, DUBLIN 6,Dublin,Ireland",05/01/2017,"RENRAW, 39 WARNERS LANE, DUBLIN 6",Dublin 6,Dublin,990000.0,No,No,Second-Hand Dwelling house /Apartment,,2017-01-05,,,,,,,,,,,
216223,2017.0,"RICHARDSTOWN, BALLYBOUGHAL, DUBLIN,Dublin,Ireland",03/02/2017,"RICHARDSTOWN, BALLYBOUGHAL, DUBLIN",,Dublin,705000.0,No,No,Second-Hand Dwelling house /Apartment,,2017-02-03,"Richardstown, Co. Dublin, Ireland",APPROXIMATE,53.5164663,-6.2282616,,"neighborhood,political",Fingal,Lusk,04028,Dublin,267104001
216309,2017.0,"ROSSMERE, 27 CARRICKBRACK RD, HOWTH,Dublin,Ireland",11/04/2017,"ROSSMERE, 27 CARRICKBRACK RD, HOWTH",Dublin 13,Dublin,2100000.0,No,No,Second-Hand Dwelling house /Apartment,,2017-04-11,"Rossmere, Carrickbrack Rd, Howth, Dublin, Ireland",ROOFTOP,53.3701625,-6.0849098,,premise,Fingal,Howth,04024,Dublin,267095007
216348,2017.0,"Roseleague, 2 Littlegrove, Milltown Road,Dublin,Ireland",07/06/2017,"Roseleague, 2 Littlegrove, Milltown Road",Dublin 6,Dublin,1146125.0,No,Yes,New Dwelling house /Apartment,greater than or equal to 38 sq metres and less than 125 sq metres,2017-06-07,,,,,,,,,,,
216365,2017.0,"SANDEFJORDE, 70 PIGEON HOUSE RD, RINGSEND DUBLIN 4,Dublin,Ireland",08/02/2017,"SANDEFJORDE, 70 PIGEON HOUSE RD, RINGSEND DUBLIN 4",Dublin 4,Dublin,750000.0,No,No,Second-Hand Dwelling house /Apartment,,2017-02-08,,,,,,,,,,,
216395,2017.0,"SEXTON COTTAGE, MAIN ST, SAGGART,Dublin,Ireland",02/03/2017,"SEXTON COTTAGE, MAIN ST, SAGGART",Dublin 24,Dublin,170000.0,No,No,Second-Hand Dwelling house /Apartment,,2017-03-02,,,,,,,,,,,
216457,2017.0,"SKERRIES RD, RUSH, DUBLIN,Dublin,Ireland",08/02/2017,"SKERRIES RD, RUSH, DUBLIN",,Dublin,200000.0,No,No,Second-Hand Dwelling house /Apartment,,2017-02-08,"Skerries Rd, Rush, Co. Dublin, Ireland",GEOMETRIC_CENTER,53.5285679,-6.0912856,,route,Fingal,Rush,04033,Dublin,267118023
216462,2017.0,"SLEMISH, COAST RD, PORTMARNOCK,Dublin,Ireland",01/02/2017,"SLEMISH, COAST RD, PORTMARNOCK",Dublin 13,Dublin,550000.0,No,No,Second-Hand Dwelling house /Apartment,,2017-02-01,,,,,,,,,,,
216484,2017.0,"SORRENTO, NERANO RD, DALKEY,Dublin,Ireland",06/02/2017,"SORRENTO, NERANO RD, DALKEY",,Dublin,3600000.0,No,No,Second-Hand Dwelling house /Apartment,,2017-02-06,"Sorrento, Nerano Rd, Dalkey, Co. Dublin, Ireland",ROOFTOP,53.2738183,-6.0955343,,premise,Dn Laoghaire-Rathdown,Dalkey-Coliemore,05034,Dublin,267064001
216492,2017.0,"SPICERS MILL, BALBRIGGAN, DUBLIN,Dublin,Ireland",09/01/2017,"SPICERS MILL, BALBRIGGAN, DUBLIN",,Dublin,6105726.8,No,No,Second-Hand Dwelling house /Apartment,,2017-01-09,"Apartment 211, Spicers Mill, Drogheda St, Tankardstown, Balbriggan, Co. Dublin, Ireland",ROOFTOP,53.6113525,-6.1858081,,premise,Fingal,Balbriggan Urban,04003,Dublin,267003010
216496,2017.0,"SPRICKLESTOWN, THE WARD, CO. DUBLIN,Dublin,Ireland",09/02/2017,"SPRICKLESTOWN, THE WARD, CO. DUBLIN",,Dublin,240000.0,No,No,Second-Hand Dwelling house /Apartment,,2017-02-09,"Spricklestown, Co. Dublin, Ireland",APPROXIMATE,53.4358984,-6.3630475,,"neighborhood,political",Fingal,The Ward,04041,Dublin,267158009
216524,2017.0,"ST FINTANS, STRAND RD, SUTTON DUBLIN 13,Dublin,Ireland",07/04/2017,"ST FINTANS, STRAND RD, SUTTON DUBLIN 13",Dublin 13,Dublin,805000.0,No,No,Second-Hand Dwelling house /Apartment,,2017-04-07,"Saint Fintan's, Strand Rd, Sutton North, Dublin 13, Ireland",ROOFTOP,53.377886,-6.1012891,,premise,Fingal,Howth,04024,Dublin,267095002
216532,2017.0,"ST JOSEPHS ROAD, WALKINSTOWN, DUBLIN 12,Dublin,Ireland",02/06/2017,"ST JOSEPHS ROAD, WALKINSTOWN, DUBLIN 12",,Dublin,310500.0,No,No,Second-Hand Dwelling house /Apartment,,2017-06-02,"12 St Joseph's Rd, Greenhills, Dublin, Ireland",RANGE_INTERPOLATED,53.3123744,-6.3330531,,street_address,South Dublin,Terenure-St. James,03049,Dublin,267157004
216546,2017.0,"ST MICHAELS LODGE, CHERRYWOOD, LOUGHLINSTOWN,Dublin,Ireland",07/03/2017,"ST MICHAELS LODGE, CHERRYWOOD, LOUGHLINSTOWN",Dublin 18,Dublin,800000.0,No,No,Second-Hand Dwelling house /Apartment,,2017-03-07,"Saint Michael's Lodge, Cherrywood Rd, Shankill, Dublin 18, Ireland",ROOFTOP,53.2425056,-6.1367213,,premise,Dn Laoghaire-Rathdown,Cabinteely-Loughlinstown,05020,Dublin,267038007
216572,2017.0,"STEEPLEWOOD, KILLINEY AVE, KILLINEY,Dublin,Ireland",07/06/2017,"STEEPLEWOOD, KILLINEY AVE, KILLINEY",,Dublin,2825000.0,No,No,Second-Hand Dwelling house /Apartment,,2017-06-07,"Steeplewood, Killiney Ave, Killiney, Co. Dublin, Ireland",ROOFTOP,53.2565773,-6.1210184,,premise,Dn Laoghaire-Rathdown,Killiney North,05058,Dublin,267096004
216591,2017.0,"SUITE 19 COLDWATER LAKES SUITES, CITYWEST, SAGGART,Dublin,Ireland",06/03/2017,"SUITE 19 COLDWATER LAKES SUITES, CITYWEST, SAGGART",,Dublin,155000.0,No,No,Second-Hand Dwelling house /Apartment,,2017-03-06,,,,,,,,,,,
216658,2017.0,"TASA MIRAN, 1A GLASNAMANA PLACE, GLASNEVIN FINGLAS,Dublin,Ireland",12/02/2017,"TASA MIRAN, 1A GLASNAMANA PLACE, GLASNEVIN FINGLAS",Dublin 11,Dublin,335000.0,No,No,Second-Hand Dwelling house /Apartment,,2017-02-12,,,,,,,,,,,
216683,2017.0,"THE ASKE, DUBLIN RD, BRAY,Dublin,Ireland",10/03/2017,"THE ASKE, DUBLIN RD, BRAY",,Dublin,880000.0,No,No,Second-Hand Dwelling house /Apartment,,2017-03-10,"The Aske, Dublin Rd, Aske, Bray, Co. Dublin, Ireland",ROOFTOP,53.2174916,-6.1218429,,premise,Dn Laoghaire-Rathdown,Shankill-Rathmichael,05060,Dublin,267120008
216703,2017.0,"THE BUNGALOW, ARD LORCAIN, STILLORGAN,Dublin,Ireland",03/03/2017,"THE BUNGALOW, ARD LORCAIN, STILLORGAN",Dublin 18,Dublin,500000.0,No,No,Second-Hand Dwelling house /Apartment,,2017-03-03,,,,,,,,,,,
216706,2017.0,"THE BUNGALOW, CARLTON COURT, SWORDS,Dublin,Ireland",08/02/2017,"THE BUNGALOW, CARLTON COURT, SWORDS",,Dublin,565000.0,No,No,Second-Hand Dwelling house /Apartment,,2017-02-08,"The Bungalow, Carlton Ct, Miltonsfields, Swords, Co. Dublin, Ireland",ROOFTOP,53.451448,-6.2241578,,premise,Fingal,Swords Village,04040,Dublin,267135002
216750,2017.0,"THE COURTYARD, BALLINTEER ROAD, DUNDRUM,Dublin,Ireland",07/04/2017,"THE COURTYARD, BALLINTEER ROAD, DUNDRUM",,Dublin,550000.0,No,No,Second-Hand Dwelling house /Apartment,,2017-04-07,"The Courtyard, Greenmount Ln, Dundrum, Dublin 16, Ireland",ROOFTOP,53.2786496,-6.2443598,,premise,Dn Laoghaire-Rathdown,Dundrum-Sandyford,05039,Dublin,267080009/267080010
216780,2017.0,"THE GREEN, REGLES, LUSK,Dublin,Ireland",03/02/2017,"THE GREEN, REGLES, LUSK",,Dublin,409000.0,No,No,Second-Hand Dwelling house /Apartment,,2017-02-03,"The Green, Causestown, Lusk, Co. Dublin, Ireland",GEOMETRIC_CENTER,53.5305903,-6.1737904,,route,Fingal,Lusk,04028,Dublin,267104019
216796,2017.0,"THE LEYS, GLENAMUCK RD, CARRICKMINES DUBLIN 18,Dublin,Ireland",08/05/2017,"THE LEYS, GLENAMUCK RD, CARRICKMINES DUBLIN 18",Dublin 18,Dublin,3000000.0,No,No,Second-Hand Dwelling house /Apartment,,2017-05-08,"The Leys, Glenamuck Rd, Dublin 18, Ireland",ROOFTOP,53.2483016,-6.1829256,,premise,Dn Laoghaire-Rathdown,Cabinteely-Loughlinstown,05020,Dublin,267038001
216798,2017.0,"THE LINKS, CRESCENT RD, RUSH,Dublin,Ireland",09/05/2017,"THE LINKS, CRESCENT RD, RUSH",,Dublin,535000.0,No,No,Second-Hand Dwelling house /Apartment,,2017-05-09,"Golf Links Rd, Skerries, Co. Dublin, Ireland",GEOMETRIC_CENTER,53.571447,-6.1083523,,route,Fingal,Holmpatrick,04023,Dublin,267094011
216802,2017.0,"THE LODGE, MOUNT PROSPECT AVENUE, CLONTARF,Dublin,Ireland",05/01/2017,"THE LODGE, MOUNT PROSPECT AVENUE, CLONTARF",,Dublin,940000.0,No,No,Second-Hand Dwelling house /Apartment,,2017-01-05,"The Lodge, Mount Prospect Ave, Clontarf East, Dublin 3, Ireland",ROOFTOP,53.368067,-6.182031,,premise,Dublin City,Clontarf East B,02038,Dublin,268042016
216827,2017.0,"THE OLDSCHOOL  HOUSE, THE GREEN, RATHCOOLE,Dublin,Ireland",02/02/2017,"THE OLDSCHOOL  HOUSE, THE GREEN, RATHCOOLE",,Dublin,85000.0,No,No,Second-Hand Dwelling house /Apartment,,2017-02-02,,,,,,,,,,,
216828,2017.0,"THE OLDSCHOOL  HOUSE, THE GREEN, RATHCOOLE,Dublin,Ireland",02/02/2017,"THE OLDSCHOOL  HOUSE, THE GREEN, RATHCOOLE",,Dublin,85000.0,No,No,Second-Hand Dwelling house /Apartment,,2017-02-02,,,,,,,,,,,
216829,2017.0,"THE OLDSCHOOL  HOUSE, THE GREEN, RATHCOOLE,Dublin,Ireland",08/03/2017,"THE OLDSCHOOL  HOUSE, THE GREEN, RATHCOOLE",,Dublin,140000.0,No,No,Second-Hand Dwelling house /Apartment,,2017-03-08,,,,,,,,,,,
216830,2017.0,"THE OLDSCHOOL  HOUSE, THE GREEN, RATHCOOLE,Dublin,Ireland",08/03/2017,"THE OLDSCHOOL  HOUSE, THE GREEN, RATHCOOLE",,Dublin,140000.0,No,No,Second-Hand Dwelling house /Apartment,,2017-03-08,,,,,,,,,,,
216837,2017.0,"THE PHOENIX, SUNDRIVE ROAD, SANDYHILLS RUSH,Dublin,Ireland",10/03/2017,"THE PHOENIX, SUNDRIVE ROAD, SANDYHILLS RUSH",,Dublin,310000.0,No,No,Second-Hand Dwelling house /Apartment,,2017-03-10,,,,,,,,,,,
216936,2017.0,"TOP FLOOR APARTMENT, 25 HERBERT PLACE, DUBLIN 2,Dublin,Ireland",03/03/2017,"TOP FLOOR APARTMENT, 25 HERBERT PLACE, DUBLIN 2",,Dublin,200000.0,No,No,Second-Hand Dwelling house /Apartment,,2017-03-03,,,,,,,,,,,
216937,2017.0,"TOP FLOOR APARTMENT, 9 MERRION SQUARE, DUBLIN 2,Dublin,Ireland",09/05/2017,"TOP FLOOR APARTMENT, 9 MERRION SQUARE, DUBLIN 2",,Dublin,610000.0,No,No,Second-Hand Dwelling house /Apartment,,2017-05-09,,,,,,,,,,,
217028,2017.0,"The Mews 32 Lower Baggot Street, Dublin 2,Dublin,Ireland",09/02/2017,"The Mews 32 Lower Baggot Street, Dublin 2",Dublin 2,Dublin,620000.0,No,Yes,New Dwelling house /Apartment,greater than or equal to 38 sq metres and less than 125 sq metres,2017-02-09,"The Mews, Baggot Ct, Dublin 2, Ireland",ROOFTOP,53.3366262,-6.2500156,,premise,Dublin City,Mansion House B,02118,Dublin,268097002
217070,2017.0,"Unit 10 Barnwell Road, Barnwell, Hansfield,Dublin,Ireland",12/04/2017,"Unit 10 Barnwell Road, Barnwell, Hansfield",Dublin 15,Dublin,215319.38,No,Yes,New Dwelling house /Apartment,greater than or equal to 38 sq metres and less than 125 sq metres,2017-04-12,"Barberstown, Co. Dublin, Ireland",GEOMETRIC_CENTER,53.3868765,-6.441595,,"establishment,point_of_interest,train_station,transit_station",Fingal,Blanchardstown-Blakestown,04009,Dublin,267028004/02
217078,2017.0,"Unit 20 Parkside Close, Parkside, Malahide Road,Dublin,Ireland",07/02/2017,"Unit 20 Parkside Close, Parkside, Malahide Road",,Dublin,275330.39,No,Yes,New Dwelling house /Apartment,greater than or equal to 125 sq metres,2017-02-07,,,,,,,,,,,
217092,2017.0,"Unit 34 Seascape, 366 Clontarf Road, Dublin 3,Dublin,Ireland",12/05/2017,"Unit 34 Seascape, 366 Clontarf Road, Dublin 3",,Dublin,449339.0,No,Yes,New Dwelling house /Apartment,greater than or equal to 38 sq metres and less than 125 sq metres,2017-05-12,"34, Seascapes, Clontarf Rd, Clontarf East, Dublin 3, Ireland",ROOFTOP,53.3597721,-6.1866796,,subpremise,Dublin City,Clontarf East B,02038,Dublin,268042005
217093,2017.0,"Unit 48 Seascape, 366 Clontarf Road,Dublin,Ireland",12/05/2017,"Unit 48 Seascape, 366 Clontarf Road",Dublin 3,Dublin,422904.48,No,Yes,New Dwelling house /Apartment,greater than or equal to 38 sq metres and less than 125 sq metres,2017-05-12,"48, Seascapes, Clontarf Rd, Clontarf East, Dublin 3, Ireland",ROOFTOP,53.3597721,-6.1866796,,subpremise,Dublin City,Clontarf East B,02038,Dublin,268042005
217095,2017.0,"Unit 8 Block 4, New Priory Hall, Donaghmede,Dublin,Ireland",07/03/2017,"Unit 8 Block 4, New Priory Hall, Donaghmede",,Dublin,195000.0,No,Yes,New Dwelling house /Apartment,less than 38 sq metres,2017-03-07,,,,,,,,,,,
217097,2017.0,"Unit1  Block 1, New Priory,Dublin,Ireland",11/04/2017,"Unit1  Block 1, New Priory",,Dublin,165000.0,No,Yes,New Dwelling house /Apartment,greater than or equal to 38 sq metres and less than 125 sq metres,2017-04-11,"1 Priory Way, Dublin, Ireland",RANGE_INTERPOLATED,53.309055,-6.3131651,,street_address,South Dublin,Templeogue-Kimmage Manor,03042,Dublin,267150012
217104,2017.0,"VERMONT, GORDON AVE, DUBLIN 18,Dublin,Ireland",09/03/2017,"VERMONT, GORDON AVE, DUBLIN 18",Dublin 18,Dublin,1610000.0,No,No,Second-Hand Dwelling house /Apartment,,2017-03-09,"Vermont, Gordon Ave, Cornelscourt, Dublin 18, Ireland",ROOFTOP,53.2662895,-6.1715374,,premise,Dn Laoghaire-Rathdown,Foxrock-Carrickmines,05054,Dublin,267088012
217123,2017.0,"WALSHESTOWN, LUSK, CO DUBLIN,Dublin,Ireland",12/01/2017,"WALSHESTOWN, LUSK, CO DUBLIN",,Dublin,30000.0,Yes,No,Second-Hand Dwelling house /Apartment,,2017-01-12,"Walshestown House, Walshestown, Lusk, Co. Dublin, Ireland",ROOFTOP,53.5651076,-6.232647,,premise,Fingal,Lusk,04028,Dublin,267104003
217127,2017.0,"WASHINGTON WOOD WASHINGTON LANE, RATHFARNHAM, DUBLIN 16,Dublin,Ireland",11/05/2017,"WASHINGTON WOOD WASHINGTON LANE, RATHFARNHAM, DUBLIN 16",Dublin 14,Dublin,1310000.0,No,No,Second-Hand Dwelling house /Apartment,,2017-05-11,"Washington Wood, Washington Lane, Rathfarnham, Dublin 14, Ireland",ROOFTOP,53.2936272,-6.300377,,premise,South Dublin,Rathfarnham-Ballyroan,03022,Dublin,267113009
217163,2017.0,"WILLOW LODGE, MONALOE AVE, CABINTEELY,Dublin,Ireland",01/02/2017,"WILLOW LODGE, MONALOE AVE, CABINTEELY",,Dublin,575000.0,No,No,Second-Hand Dwelling house /Apartment,,2017-02-01,,,,,,,,,,,
217187,2017.0,"WOODFORD, BALLYBRIDE RD, SHANKILL,Dublin,Ireland",11/04/2017,"WOODFORD, BALLYBRIDE RD, SHANKILL",Dublin 18,Dublin,850000.0,No,No,Second-Hand Dwelling house /Apartment,,2017-04-11,"Woodford, Ballybride Rd, Shankill, Dublin 18, Ireland",ROOFTOP,53.2315391,-6.1353198,,premise,Dn Laoghaire-Rathdown,Shankill-Rathmichael,05060,Dublin,267120014
217212,2017.0,"WRENSDALE, 2 FOXSIDE COTTAGES, GLENCULLEN,Dublin,Ireland",07/04/2017,"WRENSDALE, 2 FOXSIDE COTTAGES, GLENCULLEN",,Dublin,640000.0,No,No,Second-Hand Dwelling house /Apartment,,2017-04-07,,,,,,,,,,,
217220,2017.0,"apartment 7, block 6, New Priory,Dublin,Ireland",10/04/2017,"apartment 7, block 6, New Priory",Dublin 3,Dublin,195000.0,No,Yes,New Dwelling house /Apartment,greater than or equal to 38 sq metres and less than 125 sq metres,2017-04-10,"7, 6 Priory Way, Dublin, Ireland",ROOFTOP,53.309055,-6.3131651,,subpremise,South Dublin,Templeogue-Kimmage Manor,03042,Dublin,267150012
