{
"type": "FeatureCollection",
"name": "Electoral Divisions CSO2",
"crs": { "type": "name", "properties": { "name": "urn:ogc:def:crs:OGC:1.3:CRS84" } },
"features": [
{ "type": "Feature", "properties": { "DlCnstt": "Dublin Bay North", "Lcl_E_A": "Donaghmede", "Pllng_D": "Ayrfield", "datstNm": "Electoral Division", "nuts2Nm": "Southern and Eastern", "county": "Dublin City", "area": "0.893853624053426" }, "geometry": { "type": "Polygon", "coordinates": [ [ [ -6.179134747999967, 53.398288398000034 ], [ -6.177330738999956, 53.397981329000061 ], [ -6.176770532999967, 53.398193695000032 ], [ -6.175873448999937, 53.398012883000042 ], [ -6.174479911999981, 53.397372393000069 ], [ -6.173890730999972, 53.396824838000043 ], [ -6.173634431999972, 53.39656950400007 ], [ -6.173191593999944, 53.39654822500006 ], [ -6.173383995999927, 53.395137598000083 ], [ -6.173601671999961, 53.394049135000046 ], [ -6.173700898999924, 53.391753442000038 ], [ -6.177672955999981, 53.392930957000033 ], [ -6.177746297999931, 53.391084625000083 ], [ -6.177742919999957, 53.390847782000037 ], [ -6.17876470799996, 53.39081116300008 ], [ -6.183114844999976, 53.390499953000081 ], [ -6.189068764999945, 53.390079788000037 ], [ -6.190950402999931, 53.389929654000071 ], [ -6.19188388699996, 53.389764189000061 ], [ -6.194241403999968, 53.391051266000034 ], [ -6.191273427999931, 53.392625438000039 ], [ -6.188913900999977, 53.393804073000069 ], [ -6.186760893999974, 53.395872378000043 ], [ -6.185833847999959, 53.397021911000081 ], [ -6.185565629999928, 53.397388944000056 ], [ -6.184828307999965, 53.398275239000043 ], [ -6.183235697999976, 53.399672276000047 ], [ -6.181464430999938, 53.400744529000072 ], [ -6.180698615999972, 53.40039932500008 ], [ -6.18109635199994, 53.40012979100004 ], [ -6.180606335999926, 53.400077193000072 ], [ -6.180441231999964, 53.40005846400004 ], [ -6.179317715999956, 53.399868981000047 ], [ -6.178974418999928, 53.399456432000079 ], [ -6.17976110099994, 53.398559799000047 ], [ -6.179134747999967, 53.398288398000034 ] ] ] } },
{ "type": "Feature", "properties": { "DlCnstt": "Dublin Bay North", "Lcl_E_A": "Artane-Whitehall", "Pllng_D": "Beaumont B", "datstNm": "Electoral Division", "nuts2Nm": "Southern and Eastern", "county": "Dublin City", "area": "0.851095528351093" }, "geometry": { "type": "Polygon", "coordinates": [ [ [ -6.217833081999969, 53.391134857000047 ], [ -6.21589705599996, 53.390611902000046 ], [ -6.215443623999931, 53.390817972000043 ], [ -6.214168806999965, 53.390531499000083 ], [ -6.214179423999951, 53.389674121000041 ], [ -6.213764776999938, 53.388067981000063 ], [ -6.214215002999936, 53.386721613000077 ], [ -6.214969872999973, 53.38568164600008 ], [ -6.215402710999968, 53.384080144000045 ], [ -6.216352275999952, 53.384054457000047 ], [ -6.218399145999968, 53.384172642000074 ], [ -6.22009019099994, 53.384324288000073 ], [ -6.220400551999944, 53.384358529000046 ], [ -6.221228185999961, 53.384472047000031 ], [ -6.221404340999925, 53.384500041000081 ], [ -6.224172816999952, 53.385029196000062 ], [ -6.225374890999944, 53.385219378000045 ], [ -6.225431888999936, 53.385227389000079 ], [ -6.225840926999979, 53.385282861000064 ], [ -6.229709896999964, 53.385419508000041 ], [ -6.22958641699995, 53.385904082000081 ], [ -6.230144601999938, 53.387331787000051 ], [ -6.229708072999927, 53.387779756000043 ], [ -6.229714041999955, 53.389138092000046 ], [ -6.229808701999957, 53.389224217000049 ], [ -6.230072379999967, 53.389277711000034 ], [ -6.23355664199994, 53.390187064000031 ], [ -6.233438335999949, 53.390526528000073 ], [ -6.232205819999932, 53.390469494000058 ], [ -6.231914821999965, 53.390818030000048 ], [ -6.228934176999928, 53.391089226000076 ], [ -6.228735245999928, 53.392738555000051 ], [ -6.228347635999967, 53.393133177000038 ], [ -6.226785432999975, 53.392855040000022 ], [ -6.225793426999928, 53.392721521000055 ], [ -6.224922001999971, 53.392507379000051 ], [ -6.220545682999955, 53.392048974000033 ], [ -6.219012435999957, 53.391717570000026 ], [ -6.217833081999969, 53.391134857000047 ] ] ] } },
{ "type": "Feature", "properties": { "DlCnstt": "Dublin Bay North", "Lcl_E_A": "Artane-Whitehall", "Pllng_D": "Beaumont C", "datstNm": "Electoral Division", "nuts2Nm": "Southern and Eastern", "county": "Dublin City", "area": "0.593850627938679" }, "geometry": { "type": "Polygon", "coordinates": [ [ [ -6.205990447999966, 53.38765104600003 ], [ -6.201394215999926, 53.386611265000056 ], [ -6.20127281799995, 53.38680524800003 ], [ -6.200107554999931, 53.38654015000003 ], [ -6.200298662999956, 53.386368607000072 ], [ -6.202923011999928, 53.383262073000026 ], [ -6.203730390999965, 53.382933266000073 ], [ -6.204476788999955, 53.383013252000069 ], [ -6.204836370999942, 53.382699918000071 ], [ -6.206168870999932, 53.382155690000047 ], [ -6.207689675999973, 53.380912709000022 ], [ -6.20933858799998, 53.379698335000057 ], [ -6.210782113999926, 53.380898510000073 ], [ -6.211837958999979, 53.382408210000051 ], [ -6.21236937499998, 53.383005968000077 ], [ -6.213532168999961, 53.383640325000052 ], [ -6.215402710999968, 53.384080144000045 ], [ -6.214969872999973, 53.38568164600008 ], [ -6.214215002999936, 53.386721613000077 ], [ -6.213764776999938, 53.388067981000063 ], [ -6.214179423999951, 53.389674121000041 ], [ -6.213026236999952, 53.389508828000032 ], [ -6.212527100999978, 53.389435835000022 ], [ -6.209434897999927, 53.389085035000051 ], [ -6.208247492999931, 53.38876177700007 ], [ -6.208430490999945, 53.388170175000027 ], [ -6.205990447999966, 53.38765104600003 ] ] ] } },
{ "type": "Feature", "properties": { "DlCnstt": "Dublin Bay North", "Lcl_E_A": "Clontarf", "Pllng_D": "Beaumont D", "datstNm": "Electoral Division", "nuts2Nm": "Southern and Eastern", "county": "Dublin City", "area": "0.468887596569626" }, "geometry": { "type": "Polygon", "coordinates": [ [ [ -6.218399145999968, 53.384172642000074 ], [ -6.216352275999952, 53.384054457000047 ], [ -6.215402710999968, 53.384080144000045 ], [ -6.213532168999961, 53.383640325000052 ], [ -6.21236937499998, 53.383005968000077 ], [ -6.211837958999979, 53.382408210000051 ], [ -6.210782113999926, 53.380898510000073 ], [ -6.20933858799998, 53.379698335000057 ], [ -6.212194302999933, 53.378191800000081 ], [ -6.21449772099993, 53.377083575000022 ], [ -6.215550520999955, 53.377441341000072 ], [ -6.216068878999977, 53.377575291000021 ], [ -6.216491125999937, 53.377764181000032 ], [ -6.219766024999956, 53.379131594000057 ], [ -6.220685762999949, 53.378893952000055 ], [ -6.221902677999935, 53.379425555000068 ], [ -6.221773131999953, 53.380193573000042 ], [ -6.221203920999926, 53.380388935000042 ], [ -6.222749635999945, 53.381257968000057 ], [ -6.22206867899996, 53.382881436000048 ], [ -6.221404340999925, 53.384500041000081 ], [ -6.221228185999961, 53.384472047000031 ], [ -6.220400551999944, 53.384358529000046 ], [ -6.22009019099994, 53.384324288000073 ], [ -6.218399145999968, 53.384172642000074 ] ] ] } },
{ "type": "Feature", "properties": { "DlCnstt": "Dublin Bay North", "Lcl_E_A": "Clontarf", "Pllng_D": "Beaumont E", "datstNm": "Electoral Division", "nuts2Nm": "Southern and Eastern", "county": "Dublin City", "area": "0.314516888770788" }, "geometry": { "type": "Polygon", "coordinates": [ [ [ -6.224842844999955, 53.381723891000043 ], [ -6.221773131999953, 53.380193573000042 ], [ -6.221902677999935, 53.379425555000068 ], [ -6.220685762999949, 53.378893952000055 ], [ -6.219766024999956, 53.379131594000057 ], [ -6.216491125999937, 53.377764181000032 ], [ -6.216068878999977, 53.377575291000021 ], [ -6.215550520999955, 53.377441341000072 ], [ -6.21449772099993, 53.377083575000022 ], [ -6.215689860999929, 53.376384340000072 ], [ -6.217824886999948, 53.375272490000043 ], [ -6.221999306999976, 53.376567643000051 ], [ -6.224428605999947, 53.377230394000037 ], [ -6.229130229999953, 53.378217561000042 ], [ -6.228889996999953, 53.378822421000045 ], [ -6.228685676999929, 53.379344625000051 ], [ -6.228183440999942, 53.380798993000042 ], [ -6.227921360999972, 53.381176716000027 ], [ -6.226452036999945, 53.380788640000048 ], [ -6.226102022999953, 53.381064827000046 ], [ -6.225480577999974, 53.381911109000043 ], [ -6.225033417999953, 53.381779239000082 ], [ -6.224842844999955, 53.381723891000043 ] ] ] } },
{ "type": "Feature", "properties": { "DlCnstt": "Dublin Bay North", "Lcl_E_A": "Clontarf", "Pllng_D": "Beaumont F", "datstNm": "Electoral Division", "nuts2Nm": "Southern and Eastern", "county": "Dublin City", "area": "0.545512540632985" }, "geometry": { "type": "Polygon", "coordinates": [ [ [ -6.22206867899996, 53.382881436000048 ], [ -6.222749635999945, 53.381257968000057 ], [ -6.221203920999926, 53.380388935000042 ], [ -6.221773131999953, 53.380193573000042 ], [ -6.224842844999955, 53.381723891000043 ], [ -6.225033417999953, 53.381779239000082 ], [ -6.225480577999974, 53.381911109000043 ], [ -6.226102022999953, 53.381064827000046 ], [ -6.226452036999945, 53.380788640000048 ], [ -6.227921360999972, 53.381176716000027 ], [ -6.228183440999942, 53.380798993000042 ], [ -6.228685676999929, 53.379344625000051 ], [ -6.228889996999953, 53.378822421000045 ], [ -6.229130229999953, 53.378217561000042 ], [ -6.231463756999972, 53.378718561000021 ], [ -6.23821503399995, 53.380841450000048 ], [ -6.237560193999968, 53.381505770000047 ], [ -6.236853039999971, 53.382396118000031 ], [ -6.236024746999931, 53.383648844000049 ], [ -6.235258657999964, 53.384339012000055 ], [ -6.23239394999996, 53.385119259000078 ], [ -6.229709896999964, 53.385419508000041 ], [ -6.225840926999979, 53.385282861000064 ], [ -6.225431888999936, 53.385227389000079 ], [ -6.225374890999944, 53.385219378000045 ], [ -6.224172816999952, 53.385029196000062 ], [ -6.221404340999925, 53.384500041000081 ], [ -6.22206867899996, 53.382881436000048 ] ] ] } },
{ "type": "Feature", "properties": { "DlCnstt": "Dublin Bay North", "Lcl_E_A": "Clontarf", "Pllng_D": "Clontarf East A", "datstNm": "Electoral Division", "nuts2Nm": "Southern and Eastern", "county": "Dublin City", "area": "2.12432887220164" }, "geometry": { "type": "Polygon", "coordinates": [ [ [ -6.166241287999981, 53.370633078000026 ], [ -6.17162411399994, 53.366858359000048 ], [ -6.174835384999938, 53.368042295000073 ], [ -6.180458008999949, 53.369587118000027 ], [ -6.181270029999951, 53.368061859000079 ], [ -6.184194199999979, 53.368721761000081 ], [ -6.188289082999972, 53.36908621200007 ], [ -6.188344818999951, 53.369066069000041 ], [ -6.189229283999964, 53.368950390000073 ], [ -6.190588612999932, 53.368831809000021 ], [ -6.193540875999929, 53.36895163500003 ], [ -6.193248853999933, 53.37098714900003 ], [ -6.193120767999972, 53.37242898900007 ], [ -6.193862311999965, 53.375247893000051 ], [ -6.194363261999968, 53.376241259000039 ], [ -6.194805340999949, 53.376671420000037 ], [ -6.190889593999941, 53.378316199000039 ], [ -6.186709923999956, 53.379411424000075 ], [ -6.182959278999931, 53.380059456000026 ], [ -6.180657238999969, 53.380450880000069 ], [ -6.177904282999975, 53.380915787000049 ], [ -6.177420943999948, 53.38099750300006 ], [ -6.174924267999927, 53.381421123000045 ], [ -6.174112262999927, 53.380034455000043 ], [ -6.17470355599994, 53.378698211000021 ], [ -6.174146939999956, 53.378488549000046 ], [ -6.170102718999942, 53.37696145700005 ], [ -6.169165878999934, 53.376562139000043 ], [ -6.165347370999938, 53.37468073000008 ], [ -6.163614439999947, 53.373858002000077 ], [ -6.166241287999981, 53.370633078000026 ] ] ] } },
{ "type": "Feature", "properties": { "DlCnstt": "Dublin Bay North", "Lcl_E_A": "Clontarf", "Pllng_D": "Clontarf East B", "datstNm": "Electoral Division", "nuts2Nm": "Southern and Eastern", "county": "Dublin City", "area": "3.48011512490141" }, "geometry": { "type": "Polygon", "coordinates": [ [ [ -6.16071785799994, 53.372813656000062 ], [ -6.150893947999976, 53.371382310000058 ], [ -6.14891950699996, 53.370396084000049 ], [ -6.144996663999962, 53.367241556000074 ], [ -6.153504776999967, 53.361686684000063 ], [ -6.163550685999951, 53.353265300000032 ], [ -6.164223451999931, 53.352259690000039 ], [ -6.160973614999932, 53.350682451000075 ], [ -6.16111553199994, 53.350512392000041 ], [ -6.178401248999933, 53.359015062000026 ], [ -6.176849216999926, 53.358449083000039 ], [ -6.176265140999931, 53.35859656500002 ], [ -6.175389232999976, 53.358359460000031 ], [ -6.172472735999976, 53.359222376000048 ], [ -6.172135487999981, 53.361168737000071 ], [ -6.171591988999977, 53.361607695000032 ], [ -6.170641511999976, 53.361576114000059 ], [ -6.171486158999926, 53.361680145000037 ], [ -6.170950337999955, 53.362120891000082 ], [ -6.169371478999949, 53.363155343000081 ], [ -6.167931431999932, 53.362324163000039 ], [ -6.169173094999961, 53.36311112900006 ], [ -6.168683610999949, 53.363283695000064 ], [ -6.169323799999972, 53.363153821000026 ], [ -6.16823145799998, 53.363628906000031 ], [ -6.168688333999968, 53.363521958000042 ], [ -6.168521940999938, 53.363827911000051 ], [ -6.167331092999973, 53.364265473000046 ], [ -6.165901426999937, 53.363297600000074 ], [ -6.167282081999929, 53.36428584600003 ], [ -6.167879717999938, 53.364266992000069 ], [ -6.166677512999968, 53.365332783000042 ], [ -6.165761526999972, 53.365661879000072 ], [ -6.165098455999953, 53.363707623000039 ], [ -6.16544205799994, 53.365547425000045 ], [ -6.164803078999967, 53.36578933100003 ], [ -6.165549020999947, 53.365660743000042 ], [ -6.165851415999953, 53.365890385000057 ], [ -6.163693079999973, 53.368316848000063 ], [ -6.160157589999926, 53.369278697000027 ], [ -6.159173905999977, 53.370305164000058 ], [ -6.158206442999926, 53.370669717000055 ], [ -6.156672453999931, 53.369809948000075 ], [ -6.158014958999956, 53.370815869000069 ], [ -6.157569775999946, 53.371214077000047 ], [ -6.155518825999934, 53.370872908000081 ], [ -6.155626925999968, 53.370523535000082 ], [ -6.152782878999972, 53.37111862900008 ], [ -6.155573981999964, 53.370588375000075 ], [ -6.155390636999925, 53.370915479000082 ], [ -6.157307985999978, 53.37136064300006 ], [ -6.156702448999964, 53.371909344000073 ], [ -6.157058787999972, 53.372134429000027 ], [ -6.160729355999933, 53.372546742000047 ], [ -6.163982161999968, 53.372401398000079 ], [ -6.164314701999956, 53.371244765000021 ], [ -6.165818247999937, 53.37091864100006 ], [ -6.165519465999978, 53.370825900000057 ], [ -6.165841735999948, 53.370523310000074 ], [ -6.172842681999953, 53.365904903000057 ], [ -6.175150389999942, 53.363985868000043 ], [ -6.178289831999962, 53.361890230000022 ], [ -6.179380997999942, 53.361331133000078 ], [ -6.181147604999977, 53.360508886000048 ], [ -6.180182927999965, 53.359912661000074 ], [ -6.180883648999952, 53.360254582000039 ], [ -6.185057650999966, 53.358972433000083 ], [ -6.190802857999927, 53.357511353000064 ], [ -6.192768412999953, 53.357475537000028 ], [ -6.195211404999952, 53.35818547000008 ], [ -6.195015613999942, 53.359445630000039 ], [ -6.194861792999973, 53.360450181000033 ], [ -6.194597300999931, 53.362193029000082 ], [ -6.194478647999972, 53.362910724000081 ], [ -6.194348730999934, 53.363888429000042 ], [ -6.194342322999944, 53.363981619000072 ], [ -6.194300104999968, 53.364394719000082 ], [ -6.194204941999942, 53.365253396000071 ], [ -6.19412374999996, 53.365673579000031 ], [ -6.19390954499994, 53.366992752000051 ], [ -6.193856355999968, 53.367327045000081 ], [ -6.193540875999929, 53.36895163500003 ], [ -6.190588612999932, 53.368831809000021 ], [ -6.189229283999964, 53.368950390000073 ], [ -6.188344818999951, 53.369066069000041 ], [ -6.188289082999972, 53.36908621200007 ], [ -6.184194199999979, 53.368721761000081 ], [ -6.181270029999951, 53.368061859000079 ], [ -6.180458008999949, 53.369587118000027 ], [ -6.174835384999938, 53.368042295000073 ], [ -6.17162411399994, 53.366858359000048 ], [ -6.166241287999981, 53.370633078000026 ], [ -6.163614439999947, 53.373858002000077 ], [ -6.16071785799994, 53.372813656000062 ] ] ] } },
{ "type": "Feature", "properties": { "DlCnstt": "Dublin Bay North", "Lcl_E_A": "Clontarf", "Pllng_D": "Clontarf East C", "datstNm": "Electoral Division", "nuts2Nm": "Southern and Eastern", "county": "Dublin City", "area": "0.827486970775252" }, "geometry": { "type": "Polygon", "coordinates": [ [ [ -6.194861792999973, 53.360450181000033 ], [ -6.195015613999942, 53.359445630000039 ], [ -6.195211404999952, 53.35818547000008 ], [ -6.197710290999964, 53.358872170000041 ], [ -6.202241404999937, 53.35955707800008 ], [ -6.203703192999967, 53.359557506000051 ], [ -6.204177485999935, 53.35902264200007 ], [ -6.204751810999936, 53.359133247000045 ], [ -6.204660390999948, 53.359561921000079 ], [ -6.208978336999961, 53.359646138000073 ], [ -6.208469191999939, 53.360530265000079 ], [ -6.207512562999966, 53.362157052000043 ], [ -6.206818357999964, 53.363107109000055 ], [ -6.204402956999957, 53.363082438000049 ], [ -6.204116639999937, 53.364509914000045 ], [ -6.203615520999961, 53.365711806000043 ], [ -6.20320081999995, 53.36668200500003 ], [ -6.20249728899995, 53.368409562000075 ], [ -6.201916196999946, 53.370095273000061 ], [ -6.200637245999928, 53.369944552000049 ], [ -6.197050051999952, 53.369486656000049 ], [ -6.193540875999929, 53.36895163500003 ], [ -6.193856355999968, 53.367327045000081 ], [ -6.19390954499994, 53.366992752000051 ], [ -6.19412374999996, 53.365673579000031 ], [ -6.194204941999942, 53.365253396000071 ], [ -6.194300104999968, 53.364394719000082 ], [ -6.194342322999944, 53.363981619000072 ], [ -6.194348730999934, 53.363888429000042 ], [ -6.194478647999972, 53.362910724000081 ], [ -6.194597300999931, 53.362193029000082 ], [ -6.194861792999973, 53.360450181000033 ] ] ] } },
{ "type": "Feature", "properties": { "DlCnstt": "Dublin Bay North", "Lcl_E_A": "Clontarf", "Pllng_D": "Clontarf East D", "datstNm": "Electoral Division", "nuts2Nm": "Southern and Eastern", "county": "Dublin City", "area": "0.625532113794914" }, "geometry": { "type": "Polygon", "coordinates": [ [ [ -6.208469191999939, 53.360530265000079 ], [ -6.208978336999961, 53.359646138000073 ], [ -6.211187816999939, 53.359830085000056 ], [ -6.214155038999934, 53.360678024000038 ], [ -6.215323927999975, 53.361162790000037 ], [ -6.215084877999971, 53.361646776000043 ], [ -6.214726965999944, 53.362348818000051 ], [ -6.212328606999961, 53.367176460000046 ], [ -6.212093253999967, 53.36760045300008 ], [ -6.207961500999943, 53.369480683000063 ], [ -6.205300079999972, 53.370743553000075 ], [ -6.20181643899997, 53.370991738000043 ], [ -6.201916196999946, 53.370095273000061 ], [ -6.20249728899995, 53.368409562000075 ], [ -6.20320081999995, 53.36668200500003 ], [ -6.203615520999961, 53.365711806000043 ], [ -6.204116639999937, 53.364509914000045 ], [ -6.204402956999957, 53.363082438000049 ], [ -6.206818357999964, 53.363107109000055 ], [ -6.207512562999966, 53.362157052000043 ], [ -6.208469191999939, 53.360530265000079 ] ] ] } },
{ "type": "Feature", "properties": { "DlCnstt": "Dublin Bay North", "Lcl_E_A": "Clontarf", "Pllng_D": "Clontarf East E", "datstNm": "Electoral Division", "nuts2Nm": "Southern and Eastern", "county": "Dublin City", "area": "0.410275817158142" }, "geometry": { "type": "Polygon", "coordinates": [ [ [ -6.193248853999933, 53.37098714900003 ], [ -6.193540875999929, 53.36895163500003 ], [ -6.197050051999952, 53.369486656000049 ], [ -6.200637245999928, 53.369944552000049 ], [ -6.201916196999946, 53.370095273000061 ], [ -6.20181643899997, 53.370991738000043 ], [ -6.205300079999972, 53.370743553000075 ], [ -6.206569417999958, 53.371387646000073 ], [ -6.206542114999934, 53.37175693000006 ], [ -6.20065933799998, 53.37389552500008 ], [ -6.200169165999967, 53.374131206000072 ], [ -6.199575949999939, 53.374410304000037 ], [ -6.198402682999927, 53.374971487000039 ], [ -6.198320401999978, 53.37500744700003 ], [ -6.197503685999948, 53.375390958000082 ], [ -6.194805340999949, 53.376671420000037 ], [ -6.194363261999968, 53.376241259000039 ], [ -6.193862311999965, 53.375247893000051 ], [ -6.193120767999972, 53.37242898900007 ], [ -6.193248853999933, 53.37098714900003 ] ] ] } },
{ "type": "Feature", "properties": { "DlCnstt": "Dublin Bay North", "Lcl_E_A": "Clontarf", "Pllng_D": "Clontarf West A", "datstNm": "Electoral Division", "nuts2Nm": "Southern and Eastern", "county": "Dublin City", "area": "0.701603370691025" }, "geometry": { "type": "Polygon", "coordinates": [ [ [ -6.20065933799998, 53.37389552500008 ], [ -6.206542114999934, 53.37175693000006 ], [ -6.205641573999968, 53.37249440100004 ], [ -6.204519704999939, 53.374147261000083 ], [ -6.205287440999939, 53.374344011000062 ], [ -6.206900448999932, 53.37448003600008 ], [ -6.208756207999953, 53.375303722000069 ], [ -6.20887182299998, 53.376056386000073 ], [ -6.210109415999966, 53.376748778000042 ], [ -6.211070107999944, 53.377256833000047 ], [ -6.212194302999933, 53.378191800000081 ], [ -6.20933858799998, 53.379698335000057 ], [ -6.207689675999973, 53.380912709000022 ], [ -6.206168870999932, 53.382155690000047 ], [ -6.204836370999942, 53.382699918000071 ], [ -6.204476788999955, 53.383013252000069 ], [ -6.203730390999965, 53.382933266000073 ], [ -6.203387500999952, 53.382477555000037 ], [ -6.201294219999966, 53.382194685000059 ], [ -6.200795672999959, 53.382183452000049 ], [ -6.200792520999926, 53.381005197000043 ], [ -6.198746378999942, 53.379517547000034 ], [ -6.195391369999925, 53.377074974000038 ], [ -6.194805340999949, 53.376671420000037 ], [ -6.197503685999948, 53.375390958000082 ], [ -6.198320401999978, 53.37500744700003 ], [ -6.198402682999927, 53.374971487000039 ], [ -6.199575949999939, 53.374410304000037 ], [ -6.200169165999967, 53.374131206000072 ], [ -6.20065933799998, 53.37389552500008 ] ] ] } },
{ "type": "Feature", "properties": { "DlCnstt": "Dublin Bay North", "Lcl_E_A": "Clontarf", "Pllng_D": "Clontarf West B", "datstNm": "Electoral Division", "nuts2Nm": "Southern and Eastern", "county": "Dublin City", "area": "0.394075388661293" }, "geometry": { "type": "Polygon", "coordinates": [ [ [ -6.204519704999939, 53.374147261000083 ], [ -6.205641573999968, 53.37249440100004 ], [ -6.206542114999934, 53.37175693000006 ], [ -6.206569417999958, 53.371387646000073 ], [ -6.206720140999948, 53.371565059000034 ], [ -6.207932249999942, 53.372381752000081 ], [ -6.20839080099995, 53.372077426000033 ], [ -6.208847798999955, 53.372163974000046 ], [ -6.211778688999971, 53.373249599000083 ], [ -6.212213050999935, 53.37233055400003 ], [ -6.213787256999979, 53.372656180000043 ], [ -6.214339758999928, 53.371950569000042 ], [ -6.219271404999972, 53.372581131000061 ], [ -6.22053012799995, 53.372980446000042 ], [ -6.219407220999926, 53.373741110000026 ], [ -6.219105955999964, 53.374086039000083 ], [ -6.218700460999969, 53.374541935000082 ], [ -6.217824886999948, 53.375272490000043 ], [ -6.215689860999929, 53.376384340000072 ], [ -6.21449772099993, 53.377083575000022 ], [ -6.212194302999933, 53.378191800000081 ], [ -6.211070107999944, 53.377256833000047 ], [ -6.210109415999966, 53.376748778000042 ], [ -6.20887182299998, 53.376056386000073 ], [ -6.208756207999953, 53.375303722000069 ], [ -6.206900448999932, 53.37448003600008 ], [ -6.205287440999939, 53.374344011000062 ], [ -6.204519704999939, 53.374147261000083 ] ] ] } },
{ "type": "Feature", "properties": { "DlCnstt": "Dublin Bay North", "Lcl_E_A": "Clontarf", "Pllng_D": "Clontarf West C", "datstNm": "Electoral Division", "nuts2Nm": "Southern and Eastern", "county": "Dublin City", "area": "1.05148832469271" }, "geometry": { "type": "Polygon", "coordinates": [ [ [ -6.211778688999971, 53.373249599000083 ], [ -6.208847798999955, 53.372163974000046 ], [ -6.20839080099995, 53.372077426000033 ], [ -6.207932249999942, 53.372381752000081 ], [ -6.206720140999948, 53.371565059000034 ], [ -6.206569417999958, 53.371387646000073 ], [ -6.205300079999972, 53.370743553000075 ], [ -6.207961500999943, 53.369480683000063 ], [ -6.212093253999967, 53.36760045300008 ], [ -6.212328606999961, 53.367176460000046 ], [ -6.214726965999944, 53.362348818000051 ], [ -6.215084877999971, 53.361646776000043 ], [ -6.218136886999956, 53.362572734000082 ], [ -6.224608236999927, 53.363591076000034 ], [ -6.226940731999946, 53.363908412000058 ], [ -6.228211031999932, 53.36404311900003 ], [ -6.227884721999942, 53.365679873000033 ], [ -6.226727360999972, 53.367202656000082 ], [ -6.225788729999977, 53.367938094000074 ], [ -6.225379214999976, 53.36821975600003 ], [ -6.221666385999981, 53.371877536000056 ], [ -6.220789141999944, 53.372781339000021 ], [ -6.22053012799995, 53.372980446000042 ], [ -6.219271404999972, 53.372581131000061 ], [ -6.214339758999928, 53.371950569000042 ], [ -6.213787256999979, 53.372656180000043 ], [ -6.212213050999935, 53.37233055400003 ], [ -6.211778688999971, 53.373249599000083 ] ] ] } },
{ "type": "Feature", "properties": { "DlCnstt": "Dublin Bay North", "Lcl_E_A": "Clontarf", "Pllng_D": "Clontarf West D", "datstNm": "Electoral Division", "nuts2Nm": "Southern and Eastern", "county": "Dublin City", "area": "0.821631484152388" }, "geometry": { "type": "Polygon", "coordinates": [ [ [ -6.226727360999972, 53.367202656000082 ], [ -6.227884721999942, 53.365679873000033 ], [ -6.228211031999932, 53.36404311900003 ], [ -6.226940731999946, 53.363908412000058 ], [ -6.224608236999927, 53.363591076000034 ], [ -6.218136886999956, 53.362572734000082 ], [ -6.215084877999971, 53.361646776000043 ], [ -6.215323927999975, 53.361162790000037 ], [ -6.216894836999927, 53.361797396000043 ], [ -6.219608220999929, 53.362343511000063 ], [ -6.223221011999954, 53.360418194000033 ], [ -6.226345994999974, 53.35984275800007 ], [ -6.230606784999964, 53.358058362000072 ], [ -6.232816111999966, 53.357856284000043 ], [ -6.234442207999962, 53.358568495000043 ], [ -6.237778317999926, 53.360615399000039 ], [ -6.239443280999978, 53.361377336000032 ], [ -6.24140873999994, 53.361705396000048 ], [ -6.241017148999958, 53.362166473000059 ], [ -6.238878501999976, 53.362560748000078 ], [ -6.238917560999937, 53.36384914100006 ], [ -6.238854515999947, 53.365257389000078 ], [ -6.23883903899997, 53.365549488000056 ], [ -6.236882368999943, 53.365522158000033 ], [ -6.236351784999954, 53.365565487000026 ], [ -6.236258243999941, 53.365573838000046 ], [ -6.234112553999978, 53.366036830000041 ], [ -6.234019782999951, 53.36658346400003 ], [ -6.233685700999956, 53.366787275000043 ], [ -6.233529702999931, 53.366843294000034 ], [ -6.232802522999975, 53.366863232000071 ], [ -6.232122403999938, 53.366479440000042 ], [ -6.228345648999948, 53.367382182000021 ], [ -6.225788729999977, 53.367938094000074 ], [ -6.226727360999972, 53.367202656000082 ] ] ] } },
{ "type": "Feature", "properties": { "DlCnstt": "Dublin Bay North", "Lcl_E_A": "Clontarf", "Pllng_D": "Clontarf West E", "datstNm": "Electoral Division", "nuts2Nm": "Southern and Eastern", "county": "Dublin City", "area": "0.326239940428466" }, "geometry": { "type": "Polygon", "coordinates": [ [ [ -6.228345648999948, 53.367382182000021 ], [ -6.232122403999938, 53.366479440000042 ], [ -6.232802522999975, 53.366863232000071 ], [ -6.233529702999931, 53.366843294000034 ], [ -6.233685700999956, 53.366787275000043 ], [ -6.234019782999951, 53.36658346400003 ], [ -6.234112553999978, 53.366036830000041 ], [ -6.236258243999941, 53.365573838000046 ], [ -6.236351784999954, 53.365565487000026 ], [ -6.236882368999943, 53.365522158000033 ], [ -6.23883903899997, 53.365549488000056 ], [ -6.238845251999976, 53.365939445000038 ], [ -6.238952371999972, 53.367041298000061 ], [ -6.238930726999968, 53.367162747000073 ], [ -6.238904341999955, 53.367234398000051 ], [ -6.238830032999942, 53.367458310000082 ], [ -6.238765730999944, 53.367663633000063 ], [ -6.237774516999934, 53.370103586000027 ], [ -6.237285455999937, 53.371244219000062 ], [ -6.237114064999957, 53.372056348000058 ], [ -6.236352128999954, 53.371785414000051 ], [ -6.234652542999925, 53.371172090000073 ], [ -6.225788729999977, 53.367938094000074 ], [ -6.228345648999948, 53.367382182000021 ] ] ] } },
{ "type": "Feature", "properties": { "DlCnstt": "Dublin Bay North", "Lcl_E_A": "Donaghmede", "Pllng_D": "Edenmore", "datstNm": "Electoral Division", "nuts2Nm": "Southern and Eastern", "county": "Dublin City", "area": "0.580509466616922" }, "geometry": { "type": "Polygon", "coordinates": [ [ [ -6.177420943999948, 53.38099750300006 ], [ -6.177904282999975, 53.380915787000049 ], [ -6.182040106999978, 53.381611813000063 ], [ -6.184198742999968, 53.382613266000078 ], [ -6.187073489999932, 53.384593758000051 ], [ -6.188242340999977, 53.385665097000071 ], [ -6.18864719499993, 53.386425798000062 ], [ -6.189778467999929, 53.387786477000077 ], [ -6.191216761999954, 53.389201894000045 ], [ -6.19188388699996, 53.389764189000061 ], [ -6.190950402999931, 53.389929654000071 ], [ -6.189068764999945, 53.390079788000037 ], [ -6.183114844999976, 53.390499953000081 ], [ -6.17876470799996, 53.39081116300008 ], [ -6.178331378999928, 53.389097818000039 ], [ -6.179428841999936, 53.388528630000046 ], [ -6.181224297999961, 53.387905993000061 ], [ -6.179528321999952, 53.386172286000033 ], [ -6.179111058999978, 53.384984220000042 ], [ -6.178986152999926, 53.384320875000071 ], [ -6.178959406999979, 53.382559024000045 ], [ -6.17787077099996, 53.38251547200008 ], [ -6.177760142999944, 53.382204193000064 ], [ -6.177420943999948, 53.38099750300006 ] ] ] } },
{ "type": "Feature", "properties": { "DlCnstt": "Dublin Bay North", "Lcl_E_A": "Clontarf", "Pllng_D": "Grace Park", "datstNm": "Electoral Division", "nuts2Nm": "Southern and Eastern", "county": "Dublin City", "area": "1.23204287717444" }, "geometry": { "type": "Polygon", "coordinates": [ [ [ -6.225379214999976, 53.36821975600003 ], [ -6.225788729999977, 53.367938094000074 ], [ -6.234652542999925, 53.371172090000073 ], [ -6.236352128999954, 53.371785414000051 ], [ -6.237114064999957, 53.372056348000058 ], [ -6.242152184999952, 53.373612546000061 ], [ -6.242252830999973, 53.373639979000082 ], [ -6.241329322999945, 53.375655885000072 ], [ -6.241104001999929, 53.376161511000078 ], [ -6.24070620699996, 53.376957996000051 ], [ -6.240296367999974, 53.377771442000039 ], [ -6.23821503399995, 53.380841450000048 ], [ -6.231463756999972, 53.378718561000021 ], [ -6.229130229999953, 53.378217561000042 ], [ -6.224428605999947, 53.377230394000037 ], [ -6.221999306999976, 53.376567643000051 ], [ -6.217824886999948, 53.375272490000043 ], [ -6.218700460999969, 53.374541935000082 ], [ -6.219105955999964, 53.374086039000083 ], [ -6.219407220999926, 53.373741110000026 ], [ -6.22053012799995, 53.372980446000042 ], [ -6.220789141999944, 53.372781339000021 ], [ -6.221666385999981, 53.371877536000056 ], [ -6.225379214999976, 53.36821975600003 ] ] ] } },
{ "type": "Feature", "properties": { "DlCnstt": "Dublin Bay North", "Lcl_E_A": "Donaghmede", "Pllng_D": "Grange A", "datstNm": "Electoral Division", "nuts2Nm": "Southern and Eastern", "county": "Dublin City", "area": "1.67735910554468" }, "geometry": { "type": "Polygon", "coordinates": [ [ [ -6.161919848999958, 53.406892280000079 ], [ -6.162380201999952, 53.405376858000075 ], [ -6.161706844999969, 53.402696830000082 ], [ -6.161638771999947, 53.402442269000062 ], [ -6.161501890999944, 53.401881564000064 ], [ -6.161194548999958, 53.400783439000072 ], [ -6.160947103999945, 53.399922158000038 ], [ -6.160758278999936, 53.399167720000037 ], [ -6.160665728999959, 53.39837622500005 ], [ -6.161107897999955, 53.396896187000038 ], [ -6.161484536999978, 53.395983348000073 ], [ -6.162235649999957, 53.395133132000069 ], [ -6.163877656999944, 53.394389605000072 ], [ -6.165701413999955, 53.393452271000058 ], [ -6.165878970999927, 53.393273991000058 ], [ -6.166203064999934, 53.392756268000021 ], [ -6.166232679999951, 53.39269678800008 ], [ -6.166277376999972, 53.392594144000043 ], [ -6.166330033999941, 53.392447907000083 ], [ -6.16651404299995, 53.391772264000046 ], [ -6.169941639999934, 53.391940004000048 ], [ -6.173157870999944, 53.391694864000051 ], [ -6.173700898999924, 53.391753442000038 ], [ -6.173601671999961, 53.394049135000046 ], [ -6.173383995999927, 53.395137598000083 ], [ -6.173191593999944, 53.39654822500006 ], [ -6.173634431999972, 53.39656950400007 ], [ -6.173890730999972, 53.396824838000043 ], [ -6.174479911999981, 53.397372393000069 ], [ -6.175873448999937, 53.398012883000042 ], [ -6.176770532999967, 53.398193695000032 ], [ -6.177330738999956, 53.397981329000061 ], [ -6.179134747999967, 53.398288398000034 ], [ -6.17976110099994, 53.398559799000047 ], [ -6.178974418999928, 53.399456432000079 ], [ -6.179317715999956, 53.399868981000047 ], [ -6.180441231999964, 53.40005846400004 ], [ -6.180606335999926, 53.400077193000072 ], [ -6.18109635199994, 53.40012979100004 ], [ -6.180698615999972, 53.40039932500008 ], [ -6.181464430999938, 53.400744529000072 ], [ -6.178550026999972, 53.402787133000061 ], [ -6.177891700999965, 53.403657819000045 ], [ -6.177580959999944, 53.404057575000081 ], [ -6.177181761999975, 53.405010516000061 ], [ -6.176996062999933, 53.40541868400004 ], [ -6.176730710999948, 53.406758043000082 ], [ -6.174883340999941, 53.406505500000037 ], [ -6.171875796999928, 53.40639266800008 ], [ -6.170747238999979, 53.406751031000056 ], [ -6.170991513999979, 53.407152962000055 ], [ -6.169829248999974, 53.407622887000059 ], [ -6.167066496999952, 53.408276983000064 ], [ -6.163821483999925, 53.409050398000034 ], [ -6.16260185799996, 53.40891707000003 ], [ -6.161919848999958, 53.406892280000079 ] ] ] } },
{ "type": "Feature", "properties": { "DlCnstt": "Dublin Bay North", "Lcl_E_A": "Donaghmede", "Pllng_D": "Grange B", "datstNm": "Electoral Division", "nuts2Nm": "Southern and Eastern", "county": "Dublin City", "area": "1.15974551967109" }, "geometry": { "type": "Polygon", "coordinates": [ [ [ -6.16260185799996, 53.40891707000003 ], [ -6.150045285999965, 53.40707259900006 ], [ -6.149406730999942, 53.40717868400003 ], [ -6.148087284999974, 53.40656999600003 ], [ -6.147819394999942, 53.404212098000073 ], [ -6.147961700999929, 53.402903389000073 ], [ -6.14826173299997, 53.401656737000046 ], [ -6.148325381999939, 53.401460898000039 ], [ -6.148692106999931, 53.400139821000039 ], [ -6.148734477999938, 53.399983998000039 ], [ -6.14920022499996, 53.398412485000051 ], [ -6.149402169999973, 53.397679100000062 ], [ -6.149742341999968, 53.396822808000081 ], [ -6.150861339999949, 53.39502518200004 ], [ -6.151472396999964, 53.395188555000061 ], [ -6.153979340999968, 53.395830232000037 ], [ -6.154222751999953, 53.395422590000074 ], [ -6.155858628999964, 53.395764639000049 ], [ -6.156427066999981, 53.395883541000046 ], [ -6.158106334999957, 53.396236722000026 ], [ -6.158926649999955, 53.396391099000027 ], [ -6.159043574999941, 53.395831897000051 ], [ -6.161484536999978, 53.395983348000073 ], [ -6.161107897999955, 53.396896187000038 ], [ -6.160665728999959, 53.39837622500005 ], [ -6.160758278999936, 53.399167720000037 ], [ -6.160947103999945, 53.399922158000038 ], [ -6.161194548999958, 53.400783439000072 ], [ -6.161501890999944, 53.401881564000064 ], [ -6.161638771999947, 53.402442269000062 ], [ -6.161706844999969, 53.402696830000082 ], [ -6.162380201999952, 53.405376858000075 ], [ -6.161919848999958, 53.406892280000079 ], [ -6.16260185799996, 53.40891707000003 ] ] ] } },
{ "type": "Feature", "properties": { "DlCnstt": "Dublin Bay North", "Lcl_E_A": "Donaghmede", "Pllng_D": "Grange C", "datstNm": "Electoral Division", "nuts2Nm": "Southern and Eastern", "county": "Dublin City", "area": "0.471829373006024" }, "geometry": { "type": "Polygon", "coordinates": [ [ [ -6.156427066999981, 53.395883541000046 ], [ -6.155858628999964, 53.395764639000049 ], [ -6.154222751999953, 53.395422590000074 ], [ -6.153979340999968, 53.395830232000037 ], [ -6.151472396999964, 53.395188555000061 ], [ -6.150861339999949, 53.39502518200004 ], [ -6.15306375199998, 53.39264664500007 ], [ -6.153497088999927, 53.392325007000075 ], [ -6.155029388999935, 53.391163412000026 ], [ -6.156447684999932, 53.390092404000022 ], [ -6.159390617999975, 53.390599373000043 ], [ -6.160113946999957, 53.390573224000043 ], [ -6.16282459699994, 53.390662846000055 ], [ -6.166715176999958, 53.390893420000047 ], [ -6.16651404299995, 53.391772264000046 ], [ -6.166330033999941, 53.392447907000083 ], [ -6.166277376999972, 53.392594144000043 ], [ -6.166232679999951, 53.39269678800008 ], [ -6.166203064999934, 53.392756268000021 ], [ -6.165878970999927, 53.393273991000058 ], [ -6.165701413999955, 53.393452271000058 ], [ -6.163877656999944, 53.394389605000072 ], [ -6.162235649999957, 53.395133132000069 ], [ -6.161484536999978, 53.395983348000073 ], [ -6.159043574999941, 53.395831897000051 ], [ -6.158926649999955, 53.396391099000027 ], [ -6.158106334999957, 53.396236722000026 ], [ -6.156427066999981, 53.395883541000046 ] ] ] } },
{ "type": "Feature", "properties": { "DlCnstt": "Dublin Bay North", "Lcl_E_A": "Donaghmede", "Pllng_D": "Grange D", "datstNm": "Electoral Division", "nuts2Nm": "Southern and Eastern", "county": "Dublin City", "area": "0.658944848578582" }, "geometry": { "type": "Polygon", "coordinates": [ [ [ -6.16282459699994, 53.390662846000055 ], [ -6.160113946999957, 53.390573224000043 ], [ -6.159390617999975, 53.390599373000043 ], [ -6.156447684999932, 53.390092404000022 ], [ -6.156373750999933, 53.39007764400003 ], [ -6.158369610999955, 53.388605265000081 ], [ -6.159439585999961, 53.387813544000039 ], [ -6.159672427999965, 53.387641248000079 ], [ -6.160038150999981, 53.387370623000038 ], [ -6.163824107999972, 53.38504255600003 ], [ -6.164905745999931, 53.384507712000072 ], [ -6.165456735999952, 53.384258916000078 ], [ -6.166391529999942, 53.38385893800006 ], [ -6.16778448599996, 53.383322878000058 ], [ -6.168789893999929, 53.382965290000072 ], [ -6.169763473999978, 53.382653689000051 ], [ -6.173357243999931, 53.381719295000039 ], [ -6.174924267999927, 53.381421123000045 ], [ -6.175228541999957, 53.382725728000082 ], [ -6.174611221999953, 53.383989717000077 ], [ -6.173546788999944, 53.386431494000078 ], [ -6.173501543999976, 53.386532933000069 ], [ -6.172581393999963, 53.387265706000051 ], [ -6.168403985999929, 53.389902581000058 ], [ -6.167858305999971, 53.390441610000039 ], [ -6.167769104999934, 53.390910254000062 ], [ -6.166715176999958, 53.390893420000047 ], [ -6.16282459699994, 53.390662846000055 ] ] ] } },
{ "type": "Feature", "properties": { "DlCnstt": "Dublin Bay North", "Lcl_E_A": "Donaghmede", "Pllng_D": "Grange E", "datstNm": "Electoral Division", "nuts2Nm": "Southern and Eastern", "county": "Dublin City", "area": "0.553668755888219" }, "geometry": { "type": "Polygon", "coordinates": [ [ [ -6.173700898999924, 53.391753442000038 ], [ -6.173157870999944, 53.391694864000051 ], [ -6.169941639999934, 53.391940004000048 ], [ -6.16651404299995, 53.391772264000046 ], [ -6.166715176999958, 53.390893420000047 ], [ -6.167769104999934, 53.390910254000062 ], [ -6.167858305999971, 53.390441610000039 ], [ -6.168403985999929, 53.389902581000058 ], [ -6.172581393999963, 53.387265706000051 ], [ -6.173501543999976, 53.386532933000069 ], [ -6.173546788999944, 53.386431494000078 ], [ -6.174611221999953, 53.383989717000077 ], [ -6.175228541999957, 53.382725728000082 ], [ -6.174924267999927, 53.381421123000045 ], [ -6.177420943999948, 53.38099750300006 ], [ -6.177760142999944, 53.382204193000064 ], [ -6.17787077099996, 53.38251547200008 ], [ -6.178959406999979, 53.382559024000045 ], [ -6.178986152999926, 53.384320875000071 ], [ -6.179111058999978, 53.384984220000042 ], [ -6.179528321999952, 53.386172286000033 ], [ -6.181224297999961, 53.387905993000061 ], [ -6.179428841999936, 53.388528630000046 ], [ -6.178331378999928, 53.389097818000039 ], [ -6.17876470799996, 53.39081116300008 ], [ -6.177742919999957, 53.390847782000037 ], [ -6.177746297999931, 53.391084625000083 ], [ -6.177672955999981, 53.392930957000033 ], [ -6.173700898999924, 53.391753442000038 ] ] ] } },
{ "type": "Feature", "properties": { "DlCnstt": "Dublin Bay North", "Lcl_E_A": "Artane-Whitehall", "Pllng_D": "Harmonstown A", "datstNm": "Electoral Division", "nuts2Nm": "Southern and Eastern", "county": "Dublin City", "area": "0.610956629698672" }, "geometry": { "type": "Polygon", "coordinates": [ [ [ -6.193198005999932, 53.382474929000075 ], [ -6.196679536999966, 53.38208860900005 ], [ -6.199603385999978, 53.382150885000051 ], [ -6.200795672999959, 53.382183452000049 ], [ -6.201294219999966, 53.382194685000059 ], [ -6.203387500999952, 53.382477555000037 ], [ -6.203730390999965, 53.382933266000073 ], [ -6.202923011999928, 53.383262073000026 ], [ -6.200298662999956, 53.386368607000072 ], [ -6.200107554999931, 53.38654015000003 ], [ -6.197941541999967, 53.388103729000079 ], [ -6.197411639999928, 53.388528544000046 ], [ -6.196600153999952, 53.389191385000061 ], [ -6.196268132999933, 53.38948909700008 ], [ -6.194241403999968, 53.391051266000034 ], [ -6.19188388699996, 53.389764189000061 ], [ -6.191216761999954, 53.389201894000045 ], [ -6.189778467999929, 53.387786477000077 ], [ -6.18864719499993, 53.386425798000062 ], [ -6.188242340999977, 53.385665097000071 ], [ -6.187073489999932, 53.384593758000051 ], [ -6.189124105999952, 53.38363449600007 ], [ -6.190923372999976, 53.383402161000049 ], [ -6.191307545999962, 53.382995238000042 ], [ -6.193198005999932, 53.382474929000075 ] ] ] } },
{ "type": "Feature", "properties": { "DlCnstt": "Dublin Bay North", "Lcl_E_A": "Clontarf", "Pllng_D": "Harmonstown B", "datstNm": "Electoral Division", "nuts2Nm": "Southern and Eastern", "county": "Dublin City", "area": "0.578653011249344" }, "geometry": { "type": "Polygon", "coordinates": [ [ [ -6.184198742999968, 53.382613266000078 ], [ -6.182040106999978, 53.381611813000063 ], [ -6.177904282999975, 53.380915787000049 ], [ -6.180657238999969, 53.380450880000069 ], [ -6.182959278999931, 53.380059456000026 ], [ -6.186709923999956, 53.379411424000075 ], [ -6.190889593999941, 53.378316199000039 ], [ -6.194805340999949, 53.376671420000037 ], [ -6.195391369999925, 53.377074974000038 ], [ -6.198746378999942, 53.379517547000034 ], [ -6.200792520999926, 53.381005197000043 ], [ -6.200795672999959, 53.382183452000049 ], [ -6.199603385999978, 53.382150885000051 ], [ -6.196679536999966, 53.38208860900005 ], [ -6.193198005999932, 53.382474929000075 ], [ -6.191307545999962, 53.382995238000042 ], [ -6.190923372999976, 53.383402161000049 ], [ -6.189124105999952, 53.38363449600007 ], [ -6.187073489999932, 53.384593758000051 ], [ -6.184198742999968, 53.382613266000078 ] ] ] } },
{ "type": "Feature", "properties": { "DlCnstt": "Dublin Bay North", "Lcl_E_A": "Artane-Whitehall", "Pllng_D": "Kilmore A", "datstNm": "Electoral Division", "nuts2Nm": "Southern and Eastern", "county": "Dublin City", "area": "0.76871444977267" }, "geometry": { "type": "Polygon", "coordinates": [ [ [ -6.222918949999952, 53.397601381000072 ], [ -6.224853209999935, 53.394269919000074 ], [ -6.225630738999939, 53.393197665000059 ], [ -6.225793426999928, 53.392721521000055 ], [ -6.226785432999975, 53.392855040000022 ], [ -6.228347635999967, 53.393133177000038 ], [ -6.228735245999928, 53.392738555000051 ], [ -6.230919894999944, 53.393646816000057 ], [ -6.231916232999936, 53.39392353900007 ], [ -6.232651910999948, 53.39398136300008 ], [ -6.23293220499994, 53.393579939000062 ], [ -6.234310026999936, 53.393663405000041 ], [ -6.23587546899995, 53.393173360000048 ], [ -6.236665893999941, 53.39347205200005 ], [ -6.237482996999972, 53.393137591000027 ], [ -6.237829514999929, 53.392563369000072 ], [ -6.239369985999929, 53.392269738000039 ], [ -6.240436715999977, 53.39206594500007 ], [ -6.240024988999949, 53.393272816000042 ], [ -6.237682405999976, 53.397093404000032 ], [ -6.235930751999945, 53.396804680000059 ], [ -6.236014329999932, 53.397721983000046 ], [ -6.235100294999937, 53.398921458000082 ], [ -6.234237440999948, 53.400034943000037 ], [ -6.23374634399994, 53.400501934000033 ], [ -6.233578973999953, 53.400669219000072 ], [ -6.23297850299997, 53.401249270000051 ], [ -6.232788236999966, 53.401435035000077 ], [ -6.231518790999928, 53.402614533000083 ], [ -6.229730952999944, 53.40186837300007 ], [ -6.229565391999927, 53.40175963400003 ], [ -6.227239837999946, 53.400942324000027 ], [ -6.227291280999964, 53.400547650000078 ], [ -6.225991827999962, 53.400389111000038 ], [ -6.223578318999955, 53.399163030000075 ], [ -6.222394828999938, 53.398994147000046 ], [ -6.222918949999952, 53.397601381000072 ] ] ] } },
{ "type": "Feature", "properties": { "DlCnstt": "Dublin Bay North", "Lcl_E_A": "Artane-Whitehall", "Pllng_D": "Kilmore B", "datstNm": "Electoral Division", "nuts2Nm": "Southern and Eastern", "county": "Dublin City", "area": "0.485191073974221" }, "geometry": { "type": "Polygon", "coordinates": [ [ [ -6.213988080999968, 53.391552009000073 ], [ -6.214168806999965, 53.390531499000083 ], [ -6.215443623999931, 53.390817972000043 ], [ -6.21589705599996, 53.390611902000046 ], [ -6.217833081999969, 53.391134857000047 ], [ -6.219012435999957, 53.391717570000026 ], [ -6.220545682999955, 53.392048974000033 ], [ -6.224922001999971, 53.392507379000051 ], [ -6.225793426999928, 53.392721521000055 ], [ -6.225630738999939, 53.393197665000059 ], [ -6.224853209999935, 53.394269919000074 ], [ -6.222918949999952, 53.397601381000072 ], [ -6.222394828999938, 53.398994147000046 ], [ -6.220019153999942, 53.398506050000037 ], [ -6.218862448999971, 53.397762337000081 ], [ -6.214298299999939, 53.397075735000051 ], [ -6.215283148999959, 53.39583134600008 ], [ -6.213026988999957, 53.39489734700004 ], [ -6.213565415999938, 53.394060341000056 ], [ -6.21364454299993, 53.393644296000048 ], [ -6.213716312999964, 53.393190245000021 ], [ -6.213762134999968, 53.392893776000051 ], [ -6.213968233999936, 53.391670865000037 ], [ -6.213988080999968, 53.391552009000073 ] ] ] } },
{ "type": "Feature", "properties": { "DlCnstt": "Dublin Bay North", "Lcl_E_A": "Artane-Whitehall", "Pllng_D": "Kilmore C", "datstNm": "Electoral Division", "nuts2Nm": "Southern and Eastern", "county": "Dublin City", "area": "0.531060905968608" }, "geometry": { "type": "Polygon", "coordinates": [ [ [ -6.208057942999972, 53.397086512000051 ], [ -6.205537576999973, 53.396537008000045 ], [ -6.204151296999953, 53.396244589000048 ], [ -6.201594129999933, 53.395517912000059 ], [ -6.199181283999962, 53.394137980000039 ], [ -6.198178545999952, 53.393436757000082 ], [ -6.194241403999968, 53.391051266000034 ], [ -6.196268132999933, 53.38948909700008 ], [ -6.196600153999952, 53.389191385000061 ], [ -6.198875709999925, 53.389956292000079 ], [ -6.203445658999954, 53.39146276300005 ], [ -6.204318518999969, 53.391712490000032 ], [ -6.207835624999973, 53.392930407000051 ], [ -6.208907249999925, 53.393301380000082 ], [ -6.209768383999972, 53.393602281000021 ], [ -6.211595290999981, 53.394299337000064 ], [ -6.213026988999957, 53.39489734700004 ], [ -6.215283148999959, 53.39583134600008 ], [ -6.214298299999939, 53.397075735000051 ], [ -6.211383982999962, 53.397021070000051 ], [ -6.209916429999964, 53.397281454000051 ], [ -6.208250009999972, 53.397111421000034 ], [ -6.208057942999972, 53.397086512000051 ] ] ] } },
{ "type": "Feature", "properties": { "DlCnstt": "Dublin Bay North", "Lcl_E_A": "Artane-Whitehall", "Pllng_D": "Kilmore D", "datstNm": "Electoral Division", "nuts2Nm": "Southern and Eastern", "county": "Dublin City", "area": "0.517760332108905" }, "geometry": { "type": "Polygon", "coordinates": [ [ [ -6.197941541999967, 53.388103729000079 ], [ -6.200107554999931, 53.38654015000003 ], [ -6.20127281799995, 53.38680524800003 ], [ -6.201394215999926, 53.386611265000056 ], [ -6.205990447999966, 53.38765104600003 ], [ -6.208430490999945, 53.388170175000027 ], [ -6.208247492999931, 53.38876177700007 ], [ -6.209434897999927, 53.389085035000051 ], [ -6.212527100999978, 53.389435835000022 ], [ -6.213026236999952, 53.389508828000032 ], [ -6.214179423999951, 53.389674121000041 ], [ -6.214168806999965, 53.390531499000083 ], [ -6.213988080999968, 53.391552009000073 ], [ -6.213968233999936, 53.391670865000037 ], [ -6.213762134999968, 53.392893776000051 ], [ -6.213716312999964, 53.393190245000021 ], [ -6.21364454299993, 53.393644296000048 ], [ -6.213565415999938, 53.394060341000056 ], [ -6.213026988999957, 53.39489734700004 ], [ -6.211595290999981, 53.394299337000064 ], [ -6.209768383999972, 53.393602281000021 ], [ -6.208907249999925, 53.393301380000082 ], [ -6.207835624999973, 53.392930407000051 ], [ -6.204318518999969, 53.391712490000032 ], [ -6.203445658999954, 53.39146276300005 ], [ -6.198875709999925, 53.389956292000079 ], [ -6.196600153999952, 53.389191385000061 ], [ -6.197411639999928, 53.388528544000046 ], [ -6.197941541999967, 53.388103729000079 ] ] ] } },
{ "type": "Feature", "properties": { "DlCnstt": "Dublin Bay North", "Lcl_E_A": "Artane-Whitehall", "Pllng_D": "Priorswood A", "datstNm": "Electoral Division", "nuts2Nm": "Southern and Eastern", "county": "Dublin City", "area": "1.72771676019036" }, "geometry": { "type": "Polygon", "coordinates": [ [ [ -6.224726135999958, 53.410762870000042 ], [ -6.221983961999968, 53.41023322500007 ], [ -6.21547572999998, 53.410381338000043 ], [ -6.210363207999933, 53.409210177000034 ], [ -6.201839560999929, 53.40792138300003 ], [ -6.202894454999978, 53.405424852000074 ], [ -6.202628181999955, 53.405018916000081 ], [ -6.203252259999943, 53.404874945000081 ], [ -6.203218109999966, 53.403741829000069 ], [ -6.20321665299997, 53.403708951000056 ], [ -6.203196322999929, 53.402012007000046 ], [ -6.204354483999964, 53.402104650000069 ], [ -6.208422733999953, 53.403036728000082 ], [ -6.212198554999929, 53.402590988000043 ], [ -6.214768517999971, 53.402613221000081 ], [ -6.215323328999944, 53.402173240000081 ], [ -6.215678546999925, 53.401501677000056 ], [ -6.215250221999952, 53.400555663000034 ], [ -6.215124343999945, 53.40033113800007 ], [ -6.214390417999937, 53.399121677000039 ], [ -6.214101957999958, 53.39871996800008 ], [ -6.21380305799994, 53.398007325000037 ], [ -6.214298299999939, 53.397075735000051 ], [ -6.218862448999971, 53.397762337000081 ], [ -6.220019153999942, 53.398506050000037 ], [ -6.222394828999938, 53.398994147000046 ], [ -6.223578318999955, 53.399163030000075 ], [ -6.225991827999962, 53.400389111000038 ], [ -6.227291280999964, 53.400547650000078 ], [ -6.227239837999946, 53.400942324000027 ], [ -6.229565391999927, 53.40175963400003 ], [ -6.229730952999944, 53.40186837300007 ], [ -6.231518790999928, 53.402614533000083 ], [ -6.225959418999935, 53.40882702600004 ], [ -6.224726135999958, 53.410762870000042 ] ] ] } },
{ "type": "Feature", "properties": { "DlCnstt": "Dublin Bay North", "Lcl_E_A": "Artane-Whitehall", "Pllng_D": "Priorswood B", "datstNm": "Electoral Division", "nuts2Nm": "Southern and Eastern", "county": "Dublin City", "area": "0.459414173216682" }, "geometry": { "type": "Polygon", "coordinates": [ [ [ -6.197893440999962, 53.407099232000064 ], [ -6.195284378999929, 53.406740514000042 ], [ -6.193908793999981, 53.406886234000069 ], [ -6.194799806999981, 53.403012910000022 ], [ -6.194726331999959, 53.402939398000058 ], [ -6.195058049999943, 53.402362212000071 ], [ -6.194104710999966, 53.40102016700007 ], [ -6.193503151999948, 53.400205174000064 ], [ -6.19315613699996, 53.399308337000043 ], [ -6.193430263999971, 53.398307637000073 ], [ -6.19627733699997, 53.39932742700006 ], [ -6.197175736999952, 53.399709758000022 ], [ -6.198187415999939, 53.400140280000073 ], [ -6.200631208999937, 53.40100259500008 ], [ -6.201580401999934, 53.401294678000056 ], [ -6.201797742999929, 53.401357996000058 ], [ -6.202320073999943, 53.401503304000073 ], [ -6.204370171999926, 53.401855642000051 ], [ -6.204354483999964, 53.402104650000069 ], [ -6.203196322999929, 53.402012007000046 ], [ -6.20321665299997, 53.403708951000056 ], [ -6.203218109999966, 53.403741829000069 ], [ -6.203252259999943, 53.404874945000081 ], [ -6.202628181999955, 53.405018916000081 ], [ -6.202894454999978, 53.405424852000074 ], [ -6.201839560999929, 53.40792138300003 ], [ -6.197893440999962, 53.407099232000064 ] ] ] } },
{ "type": "Feature", "properties": { "DlCnstt": "Dublin Bay North", "Lcl_E_A": "Artane-Whitehall", "Pllng_D": "Priorswood C", "datstNm": "Electoral Division", "nuts2Nm": "Southern and Eastern", "county": "Dublin City", "area": "0.886302262800759" }, "geometry": { "type": "Polygon", "coordinates": [ [ [ -6.189417374999948, 53.406337104000045 ], [ -6.185236649999978, 53.405889405000039 ], [ -6.184989516999963, 53.406170519000057 ], [ -6.180376462999959, 53.406250241000073 ], [ -6.178321333999976, 53.406343166000056 ], [ -6.176730710999948, 53.406758043000082 ], [ -6.176996062999933, 53.40541868400004 ], [ -6.177181761999975, 53.405010516000061 ], [ -6.177580959999944, 53.404057575000081 ], [ -6.177891700999965, 53.403657819000045 ], [ -6.178550026999972, 53.402787133000061 ], [ -6.181464430999938, 53.400744529000072 ], [ -6.183235697999976, 53.399672276000047 ], [ -6.184828307999965, 53.398275239000043 ], [ -6.185565629999928, 53.397388944000056 ], [ -6.18919568299998, 53.397930564000042 ], [ -6.190932949999933, 53.39800643600006 ], [ -6.193430263999971, 53.398307637000073 ], [ -6.19315613699996, 53.399308337000043 ], [ -6.193503151999948, 53.400205174000064 ], [ -6.194104710999966, 53.40102016700007 ], [ -6.195058049999943, 53.402362212000071 ], [ -6.194726331999959, 53.402939398000058 ], [ -6.194799806999981, 53.403012910000022 ], [ -6.193908793999981, 53.406886234000069 ], [ -6.19120892799998, 53.40710303700007 ], [ -6.189507032999927, 53.406683301000051 ], [ -6.189417374999948, 53.406337104000045 ] ] ] } },
{ "type": "Feature", "properties": { "DlCnstt": "Dublin Bay North", "Lcl_E_A": "Artane-Whitehall", "Pllng_D": "Priorswood D", "datstNm": "Electoral Division", "nuts2Nm": "Southern and Eastern", "county": "Dublin City", "area": "0.789618048469494" }, "geometry": { "type": "Polygon", "coordinates": [ [ [ -6.185833847999959, 53.397021911000081 ], [ -6.186760893999974, 53.395872378000043 ], [ -6.188913900999977, 53.393804073000069 ], [ -6.191273427999931, 53.392625438000039 ], [ -6.194241403999968, 53.391051266000034 ], [ -6.198178545999952, 53.393436757000082 ], [ -6.199181283999962, 53.394137980000039 ], [ -6.201594129999933, 53.395517912000059 ], [ -6.204151296999953, 53.396244589000048 ], [ -6.205537576999973, 53.396537008000045 ], [ -6.208057942999972, 53.397086512000051 ], [ -6.206837411999969, 53.397518596000047 ], [ -6.205495424999981, 53.39724908200003 ], [ -6.204407348999951, 53.400450166000041 ], [ -6.204370171999926, 53.401855642000051 ], [ -6.202320073999943, 53.401503304000073 ], [ -6.201797742999929, 53.401357996000058 ], [ -6.201580401999934, 53.401294678000056 ], [ -6.200631208999937, 53.40100259500008 ], [ -6.198187415999939, 53.400140280000073 ], [ -6.197175736999952, 53.399709758000022 ], [ -6.19627733699997, 53.39932742700006 ], [ -6.193430263999971, 53.398307637000073 ], [ -6.190932949999933, 53.39800643600006 ], [ -6.18919568299998, 53.397930564000042 ], [ -6.185565629999928, 53.397388944000056 ], [ -6.185833847999959, 53.397021911000081 ] ] ] } },
{ "type": "Feature", "properties": { "DlCnstt": "Dublin Bay North", "Lcl_E_A": "Artane-Whitehall", "Pllng_D": "Priorswood E", "datstNm": "Electoral Division", "nuts2Nm": "Southern and Eastern", "county": "Dublin City", "area": "0.407369761861924" }, "geometry": { "type": "Polygon", "coordinates": [ [ [ -6.204407348999951, 53.400450166000041 ], [ -6.205495424999981, 53.39724908200003 ], [ -6.206837411999969, 53.397518596000047 ], [ -6.208057942999972, 53.397086512000051 ], [ -6.208250009999972, 53.397111421000034 ], [ -6.209916429999964, 53.397281454000051 ], [ -6.211383982999962, 53.397021070000051 ], [ -6.214298299999939, 53.397075735000051 ], [ -6.21380305799994, 53.398007325000037 ], [ -6.214101957999958, 53.39871996800008 ], [ -6.214390417999937, 53.399121677000039 ], [ -6.215124343999945, 53.40033113800007 ], [ -6.215250221999952, 53.400555663000034 ], [ -6.215678546999925, 53.401501677000056 ], [ -6.215323328999944, 53.402173240000081 ], [ -6.214768517999971, 53.402613221000081 ], [ -6.212198554999929, 53.402590988000043 ], [ -6.208422733999953, 53.403036728000082 ], [ -6.204354483999964, 53.402104650000069 ], [ -6.204370171999926, 53.401855642000051 ], [ -6.204407348999951, 53.400450166000041 ] ] ] } },
{ "type": "Feature", "properties": { "DlCnstt": "Dublin Bay North", "Lcl_E_A": "Donaghmede", "Pllng_D": "Raheny - Foxfield", "datstNm": "Electoral Division", "nuts2Nm": "Southern and Eastern", "county": "Dublin City", "area": "0.584685220078857" }, "geometry": { "type": "Polygon", "coordinates": [ [ [ -6.15831308099996, 53.387036900000055 ], [ -6.156422135999946, 53.386188186000027 ], [ -6.155018523999956, 53.386256576000051 ], [ -6.153332739999939, 53.385443278000082 ], [ -6.152758100999961, 53.38516472200007 ], [ -6.15158979499995, 53.38460023500005 ], [ -6.149924562999956, 53.383526035000045 ], [ -6.149919508999972, 53.383148986000037 ], [ -6.149363081999979, 53.382502210000041 ], [ -6.148956108999926, 53.381713852000082 ], [ -6.154254775999959, 53.379315776000055 ], [ -6.159736831999965, 53.380197922000043 ], [ -6.160162979999939, 53.381170607000058 ], [ -6.160558634999973, 53.381610240000043 ], [ -6.16482095799995, 53.382609991000038 ], [ -6.164355722999972, 53.383596247000071 ], [ -6.164303684999936, 53.383705146000075 ], [ -6.164331910999977, 53.383913746000083 ], [ -6.166391529999942, 53.38385893800006 ], [ -6.165456735999952, 53.384258916000078 ], [ -6.164905745999931, 53.384507712000072 ], [ -6.163824107999972, 53.38504255600003 ], [ -6.160038150999981, 53.387370623000038 ], [ -6.159672427999965, 53.387641248000079 ], [ -6.159045159999948, 53.387364314000081 ], [ -6.158577071999956, 53.38715619900006 ], [ -6.15831308099996, 53.387036900000055 ] ] ] } },
{ "type": "Feature", "properties": { "DlCnstt": "Dublin Bay North", "Lcl_E_A": "Donaghmede", "Pllng_D": "Raheny - Greendale", "datstNm": "Electoral Division", "nuts2Nm": "Southern and Eastern", "county": "Dublin City", "area": "0.442984006124003" }, "geometry": { "type": "Polygon", "coordinates": [ [ [ -6.145777056999975, 53.386377567000075 ], [ -6.145082946999935, 53.385978648000048 ], [ -6.14245220899994, 53.384901955000032 ], [ -6.141878647999931, 53.384369526000057 ], [ -6.148956108999926, 53.381713852000082 ], [ -6.149363081999979, 53.382502210000041 ], [ -6.149919508999972, 53.383148986000037 ], [ -6.149924562999956, 53.383526035000045 ], [ -6.15158979499995, 53.38460023500005 ], [ -6.152758100999961, 53.38516472200007 ], [ -6.153332739999939, 53.385443278000082 ], [ -6.155018523999956, 53.386256576000051 ], [ -6.156422135999946, 53.386188186000027 ], [ -6.15831308099996, 53.387036900000055 ], [ -6.158577071999956, 53.38715619900006 ], [ -6.159045159999948, 53.387364314000081 ], [ -6.159672427999965, 53.387641248000079 ], [ -6.159439585999961, 53.387813544000039 ], [ -6.158369610999955, 53.388605265000081 ], [ -6.156373750999933, 53.39007764400003 ], [ -6.151963938999927, 53.389117271000032 ], [ -6.150149923999948, 53.388200634000043 ], [ -6.145777056999975, 53.386377567000075 ] ] ] } },
{ "type": "Feature", "properties": { "DlCnstt": "Dublin Bay North", "Lcl_E_A": "Donaghmede", "Pllng_D": "Raheny - St Assam", "datstNm": "Electoral Division", "nuts2Nm": "Southern and Eastern", "county": "Dublin City", "area": "2.38347393563188" }, "geometry": { "type": "Polygon", "coordinates": [ [ [ -6.160513537999975, 53.37303828000006 ], [ -6.156783295999958, 53.372441854000051 ], [ -6.15496685599993, 53.372935867000081 ], [ -6.154537325999968, 53.372345773000063 ], [ -6.152837101999977, 53.37199479800006 ], [ -6.151534973999958, 53.372172973000033 ], [ -6.151799627999935, 53.372446654000051 ], [ -6.151359138999965, 53.373282513000049 ], [ -6.150930194999944, 53.373191252000026 ], [ -6.149506600999928, 53.373775426000073 ], [ -6.149043158999973, 53.37529433800006 ], [ -6.147270233999961, 53.376355464000021 ], [ -6.146625837999977, 53.376575688000059 ], [ -6.146277470999961, 53.376393844000063 ], [ -6.147938920999934, 53.37523968000005 ], [ -6.146526973999926, 53.375201918000073 ], [ -6.146044804999974, 53.374723972000027 ], [ -6.144672607999952, 53.375364198000057 ], [ -6.141376670999932, 53.377445618000081 ], [ -6.136332152999955, 53.379209684000045 ], [ -6.128753341999925, 53.380737658000051 ], [ -6.125797951999971, 53.380495445000072 ], [ -6.120940644999962, 53.381098146000056 ], [ -6.117509902999928, 53.381691998000072 ], [ -6.113607035999961, 53.382943868000041 ], [ -6.112111744999936, 53.382600459000059 ], [ -6.11585286199994, 53.379459067000028 ], [ -6.119274936999943, 53.37796645700007 ], [ -6.124491440999975, 53.376418048000062 ], [ -6.133110998999939, 53.373288091000063 ], [ -6.140507053999953, 53.369778647000032 ], [ -6.144996663999962, 53.367241556000074 ], [ -6.14891950699996, 53.370396084000049 ], [ -6.150893947999976, 53.371382310000058 ], [ -6.16071785799994, 53.372813656000062 ], [ -6.163614439999947, 53.373858002000077 ], [ -6.165347370999938, 53.37468073000008 ], [ -6.169165878999934, 53.376562139000043 ], [ -6.170102718999942, 53.37696145700005 ], [ -6.174146939999956, 53.378488549000046 ], [ -6.17470355599994, 53.378698211000021 ], [ -6.174112262999927, 53.380034455000043 ], [ -6.174924267999927, 53.381421123000045 ], [ -6.173357243999931, 53.381719295000039 ], [ -6.169763473999978, 53.382653689000051 ], [ -6.168789893999929, 53.382965290000072 ], [ -6.16778448599996, 53.383322878000058 ], [ -6.166391529999942, 53.38385893800006 ], [ -6.164331910999977, 53.383913746000083 ], [ -6.164303684999936, 53.383705146000075 ], [ -6.164355722999972, 53.383596247000071 ], [ -6.16482095799995, 53.382609991000038 ], [ -6.160558634999973, 53.381610240000043 ], [ -6.160162979999939, 53.381170607000058 ], [ -6.159736831999965, 53.380197922000043 ], [ -6.154254775999959, 53.379315776000055 ], [ -6.157782561999966, 53.377590988000073 ], [ -6.159538568999949, 53.376336782000074 ], [ -6.16057482399998, 53.375383210000045 ], [ -6.160881651999944, 53.374263726000038 ], [ -6.161512176999963, 53.374092869000037 ], [ -6.160848418999933, 53.374037203000057 ], [ -6.160997720999944, 53.373403669000027 ], [ -6.160513537999975, 53.37303828000006 ] ] ] } },
{ "type": "Feature", "properties": { "DlCnstt": "Dublin Bay South", "Lcl_E_A": "Kimmage-Rathmines", "Pllng_D": "Kimmage C", "datstNm": "Electoral Division", "nuts2Nm": "Southern and Eastern", "county": "Dublin City", "area": "0.939596804577237" }, "geometry": { "type": "Polygon", "coordinates": [ [ [ -6.277587106999931, 53.324264657000072 ], [ -6.278097957999933, 53.322889251000049 ], [ -6.27917543999996, 53.323267852000072 ], [ -6.280471693999971, 53.322420185000055 ], [ -6.282151290999934, 53.321879411000047 ], [ -6.282665369999961, 53.321635101000027 ], [ -6.282925015999979, 53.32144177300006 ], [ -6.283883046999961, 53.320622357000047 ], [ -6.285330704999978, 53.320040342000027 ], [ -6.286670047999961, 53.319613464000042 ], [ -6.289596571999937, 53.319226483000079 ], [ -6.289783279999938, 53.319341730000083 ], [ -6.290709958999969, 53.319871203000048 ], [ -6.293359146999933, 53.322010077000073 ], [ -6.294693876999929, 53.323777466000081 ], [ -6.294800341999974, 53.323954452000073 ], [ -6.295803242999966, 53.325519279000048 ], [ -6.289288262999945, 53.326707289000069 ], [ -6.286452467999936, 53.327487615000045 ], [ -6.284491976999959, 53.328642867000042 ], [ -6.283509476999939, 53.329364087000044 ], [ -6.283061941999961, 53.330450244000083 ], [ -6.282943619999969, 53.330435858000051 ], [ -6.280425433999937, 53.330052039000073 ], [ -6.279792063999936, 53.329958157000078 ], [ -6.277880249999953, 53.329698251000082 ], [ -6.27749517899997, 53.329655385000081 ], [ -6.277388448999943, 53.329644 ], [ -6.276123316999929, 53.329532774000022 ], [ -6.274539886999945, 53.329473073000031 ], [ -6.275246634999974, 53.328403355000034 ], [ -6.275792649999971, 53.327791499000057 ], [ -6.276167863999945, 53.327375887000073 ], [ -6.276359800999956, 53.327154741000072 ], [ -6.277417576999937, 53.324892684000083 ], [ -6.277529406999975, 53.324494136000055 ], [ -6.277587106999931, 53.324264657000072 ] ] ] } },
{ "type": "Feature", "properties": { "DlCnstt": "Dublin Bay South", "Lcl_E_A": "South East Inner City", "Pllng_D": "Mansion House A", "datstNm": "Electoral Division", "nuts2Nm": "Southern and Eastern", "county": "Dublin City", "area": "0.665397502332929" }, "geometry": { "type": "Polygon", "coordinates": [ [ [ -6.244379777999939, 53.341001184000049 ], [ -6.245759109999938, 53.33948719600005 ], [ -6.249837348999961, 53.340930916000048 ], [ -6.25155024399993, 53.341589818000045 ], [ -6.258351858999959, 53.343000667000069 ], [ -6.258124361999933, 53.347033722000049 ], [ -6.256503194999937, 53.347368968000069 ], [ -6.253978316999961, 53.34761670000006 ], [ -6.253719126999954, 53.347626013000081 ], [ -6.250797040999942, 53.347564778000049 ], [ -6.24668470599994, 53.347129796000047 ], [ -6.243880556999954, 53.346882718000082 ], [ -6.243452727999966, 53.346854557000022 ], [ -6.242901075999953, 53.346815648000081 ], [ -6.242426666999961, 53.346784034000045 ], [ -6.242749412999956, 53.345289157000082 ], [ -6.242977289999942, 53.344539628000064 ], [ -6.243362284999932, 53.343584500000077 ], [ -6.24342915699998, 53.343410492000032 ], [ -6.243599036999967, 53.34296863700007 ], [ -6.243928656999969, 53.342162760000072 ], [ -6.244139063999967, 53.341628842000034 ], [ -6.244379777999939, 53.341001184000049 ] ] ] } },
{ "type": "Feature", "properties": { "DlCnstt": "Dublin Bay South", "Lcl_E_A": "South East Inner City", "Pllng_D": "Mansion House B", "datstNm": "Electoral Division", "nuts2Nm": "Southern and Eastern", "county": "Dublin City", "area": "0.656608513282459" }, "geometry": { "type": "Polygon", "coordinates": [ [ [ -6.248125162999941, 53.336577891000047 ], [ -6.252319108999927, 53.332334187000072 ], [ -6.254262346999951, 53.334150751000038 ], [ -6.255711624999947, 53.335534822000056 ], [ -6.261591702999965, 53.337348059000078 ], [ -6.259768277999967, 53.33967554600008 ], [ -6.259777103999966, 53.340465940000058 ], [ -6.258399435999934, 53.343004957000062 ], [ -6.258351858999959, 53.343000667000069 ], [ -6.25155024399993, 53.341589818000045 ], [ -6.249837348999961, 53.340930916000048 ], [ -6.245759109999938, 53.33948719600005 ], [ -6.245386863999953, 53.339353049000074 ], [ -6.246773939999969, 53.337951074000046 ], [ -6.248125162999941, 53.336577891000047 ] ] ] } },
{ "type": "Feature", "properties": { "DlCnstt": "Dublin Bay South", "Lcl_E_A": "South East Inner City", "Pllng_D": "Pembroke East A", "datstNm": "Electoral Division", "nuts2Nm": "Southern and Eastern", "county": "Dublin City", "area": "2.1535269629078" }, "geometry": { "type": "Polygon", "coordinates": [ [ [ -6.221317453999973, 53.343827894000071 ], [ -6.21633393999997, 53.343107504000045 ], [ -6.215750128999956, 53.343449808000059 ], [ -6.214179914999932, 53.343285260000073 ], [ -6.214020989999938, 53.343636908000072 ], [ -6.196968277999929, 53.342127411000043 ], [ -6.197933502999945, 53.340450647000075 ], [ -6.200755697999966, 53.340754866000047 ], [ -6.202030590999925, 53.341486972000041 ], [ -6.202456544999961, 53.341465046000046 ], [ -6.202589078999948, 53.341038673000071 ], [ -6.202388861999964, 53.340887154000022 ], [ -6.198720642999945, 53.340351539000039 ], [ -6.197914195999942, 53.34034958400008 ], [ -6.196517201999939, 53.341681097000048 ], [ -6.194305138999937, 53.341674667000063 ], [ -6.194051682999941, 53.340962175000072 ], [ -6.19222020199993, 53.340927504000042 ], [ -6.192750484999976, 53.340773107000082 ], [ -6.192752205999966, 53.339570970000075 ], [ -6.19241152099994, 53.33953669400006 ], [ -6.191549361999932, 53.340961045000022 ], [ -6.19061465599998, 53.340904213000051 ], [ -6.190315896999948, 53.340563409000026 ], [ -6.188537, 53.340755714000075 ], [ -6.187384786999928, 53.340575780000052 ], [ -6.187108517999945, 53.340867747000061 ], [ -6.187083253999958, 53.340578022000045 ], [ -6.184709540999961, 53.340454856000072 ], [ -6.179581548999977, 53.340776639000069 ], [ -6.158766200999935, 53.340908637000041 ], [ -6.150145386999952, 53.341922294000021 ], [ -6.158659044999979, 53.340787344000034 ], [ -6.17542459699996, 53.340613208000043 ], [ -6.176890171999958, 53.340207111000041 ], [ -6.178154749999976, 53.340315320000059 ], [ -6.178806262999956, 53.33890991700008 ], [ -6.180780132999928, 53.338768283000043 ], [ -6.181660617999968, 53.337335350000046 ], [ -6.191493987999934, 53.337197821000082 ], [ -6.192297157999974, 53.336928841000031 ], [ -6.193506042999957, 53.334850363000051 ], [ -6.207138907999934, 53.336298437000039 ], [ -6.208610201999932, 53.337014555000046 ], [ -6.211479127999951, 53.335160051000059 ], [ -6.212005373999944, 53.334150633000043 ], [ -6.209694225999954, 53.332513639000069 ], [ -6.20981041999994, 53.332449644000064 ], [ -6.212877073999948, 53.33452522400006 ], [ -6.215203304999932, 53.335517794000047 ], [ -6.216748260999964, 53.33625014900008 ], [ -6.21979476599995, 53.337798090000042 ], [ -6.221460827999977, 53.337674767000074 ], [ -6.221645257999967, 53.337714710000057 ], [ -6.22566308699993, 53.337396296000072 ], [ -6.225997363999966, 53.337959166000083 ], [ -6.226741559999937, 53.339195534000055 ], [ -6.226954943999942, 53.339554652000061 ], [ -6.226991017999977, 53.339615705000021 ], [ -6.22738841599994, 53.340272083000059 ], [ -6.228045708999957, 53.341423390000045 ], [ -6.228399411999931, 53.342839463000082 ], [ -6.229063146999977, 53.345880352000052 ], [ -6.226413302999958, 53.345326525000083 ], [ -6.22646636099995, 53.344948890000069 ], [ -6.225659550999977, 53.344609783000074 ], [ -6.221317453999973, 53.343827894000071 ] ] ] } },
{ "type": "Feature", "properties": { "DlCnstt": "Dublin Bay South", "Lcl_E_A": "Pembroke", "Pllng_D": "Pembroke East B", "datstNm": "Electoral Division", "nuts2Nm": "Southern and Eastern", "county": "Dublin City", "area": "0.681082723542519" }, "geometry": { "type": "Polygon", "coordinates": [ [ [ -6.21979476599995, 53.337798090000042 ], [ -6.216748260999964, 53.33625014900008 ], [ -6.215203304999932, 53.335517794000047 ], [ -6.212877073999948, 53.33452522400006 ], [ -6.20981041999994, 53.332449644000064 ], [ -6.211639162999973, 53.331387523000046 ], [ -6.214502833999973, 53.332074356000078 ], [ -6.214817765999952, 53.331827326000045 ], [ -6.21471797099997, 53.330260811000073 ], [ -6.216560990999938, 53.329885918000059 ], [ -6.21751494199998, 53.329063083000051 ], [ -6.218142034999971, 53.328508930000055 ], [ -6.218504421999967, 53.32821395700006 ], [ -6.21976579699998, 53.327587880000074 ], [ -6.220809367999948, 53.328389691000041 ], [ -6.223450300999957, 53.330336823000039 ], [ -6.225610080999957, 53.33197795600006 ], [ -6.226945072999968, 53.332999533000077 ], [ -6.224581051999961, 53.33411463300007 ], [ -6.224048894999953, 53.334763431000056 ], [ -6.224999943999933, 53.336285634000042 ], [ -6.22566308699993, 53.337396296000072 ], [ -6.221645257999967, 53.337714710000057 ], [ -6.221460827999977, 53.337674767000074 ], [ -6.21979476599995, 53.337798090000042 ] ] ] } },
{ "type": "Feature", "properties": { "DlCnstt": "Dublin Bay South", "Lcl_E_A": "Pembroke", "Pllng_D": "Pembroke East C", "datstNm": "Electoral Division", "nuts2Nm": "Southern and Eastern", "county": "Dublin City", "area": "0.880318181545919" }, "geometry": { "type": "Polygon", "coordinates": [ [ [ -6.209694225999954, 53.332513639000069 ], [ -6.20800312199998, 53.330037419000064 ], [ -6.207874530999959, 53.32920305500005 ], [ -6.207226444999947, 53.327889529000061 ], [ -6.20646262899993, 53.326272389000046 ], [ -6.205663103999939, 53.325208819000075 ], [ -6.205330277999963, 53.324112502000048 ], [ -6.205099737999944, 53.323130411000079 ], [ -6.204795898999976, 53.321080835000032 ], [ -6.204728913999928, 53.320701017000033 ], [ -6.204582991999928, 53.319838638000078 ], [ -6.20480136599997, 53.318815363000056 ], [ -6.204224820999968, 53.318561591000048 ], [ -6.202606191999962, 53.315474531000064 ], [ -6.198188025999968, 53.312500999000072 ], [ -6.198260711999978, 53.312458066000033 ], [ -6.203892376999932, 53.316186035000051 ], [ -6.208032725999942, 53.318884870000034 ], [ -6.208329886999934, 53.319079658000078 ], [ -6.209256264999965, 53.319696897000021 ], [ -6.210715920999974, 53.320710668000061 ], [ -6.215418261999957, 53.324222103000075 ], [ -6.21588380299994, 53.32456499500006 ], [ -6.217578502999969, 53.325865604000057 ], [ -6.218550021999931, 53.326602272000059 ], [ -6.21976579699998, 53.327587880000074 ], [ -6.218504421999967, 53.32821395700006 ], [ -6.218142034999971, 53.328508930000055 ], [ -6.21751494199998, 53.329063083000051 ], [ -6.216560990999938, 53.329885918000059 ], [ -6.21471797099997, 53.330260811000073 ], [ -6.214817765999952, 53.331827326000045 ], [ -6.214502833999973, 53.332074356000078 ], [ -6.211639162999973, 53.331387523000046 ], [ -6.20981041999994, 53.332449644000064 ], [ -6.209694225999954, 53.332513639000069 ] ] ] } },
{ "type": "Feature", "properties": { "DlCnstt": "Dublin Bay South", "Lcl_E_A": "Pembroke", "Pllng_D": "Pembroke East D", "datstNm": "Electoral Division", "nuts2Nm": "Southern and Eastern", "county": "Dublin City", "area": "1.85841780539511" }, "geometry": { "type": "Polygon", "coordinates": [ [ [ -6.208032725999942, 53.318884870000034 ], [ -6.203892376999932, 53.316186035000051 ], [ -6.198260711999978, 53.312458066000033 ], [ -6.199766095999961, 53.311567298000057 ], [ -6.200047340999959, 53.311562484000042 ], [ -6.201804309999943, 53.311541300000052 ], [ -6.204261755999937, 53.312013466000046 ], [ -6.205580763999933, 53.311682296000072 ], [ -6.208043756999928, 53.311294246000045 ], [ -6.21021161799996, 53.310819048000042 ], [ -6.20987645799994, 53.310460740000046 ], [ -6.212517721999973, 53.310955926000076 ], [ -6.212559538999926, 53.311968102000037 ], [ -6.21461353999996, 53.311449978000041 ], [ -6.216147052999929, 53.310166873000071 ], [ -6.216642500999967, 53.309685907000073 ], [ -6.219012718999977, 53.310360738000043 ], [ -6.219389698999976, 53.310766414000057 ], [ -6.219997407999927, 53.310683095000059 ], [ -6.222352712999964, 53.311347353000031 ], [ -6.224657825999941, 53.311315734000061 ], [ -6.225886579999951, 53.31092153700007 ], [ -6.226918213999966, 53.311602013000027 ], [ -6.227163452999946, 53.311878087000082 ], [ -6.227444229999946, 53.312221007000062 ], [ -6.228857707999964, 53.313984305000083 ], [ -6.231343296999968, 53.31308544400008 ], [ -6.232393895999961, 53.314511736000043 ], [ -6.232452370999964, 53.314570998000079 ], [ -6.232899391999978, 53.313929760000072 ], [ -6.235773636999966, 53.31428453500007 ], [ -6.237001944999975, 53.313292617000059 ], [ -6.237763113999961, 53.313055190000057 ], [ -6.23865878099997, 53.313299865000033 ], [ -6.237377311999977, 53.313204754000026 ], [ -6.23629210799993, 53.313919638000073 ], [ -6.235635533999925, 53.314750593000042 ], [ -6.23577262799995, 53.315912747000027 ], [ -6.235318596999946, 53.316304125000045 ], [ -6.232569131999981, 53.318012124000063 ], [ -6.231258814999933, 53.319137994000073 ], [ -6.230940238999949, 53.319532333000041 ], [ -6.229558108999981, 53.319175376000032 ], [ -6.225918239999942, 53.319431401000031 ], [ -6.223606668999936, 53.319596018000027 ], [ -6.214589894999961, 53.320215045000047 ], [ -6.211259731999974, 53.320431515000045 ], [ -6.210715920999974, 53.320710668000061 ], [ -6.209256264999965, 53.319696897000021 ], [ -6.208329886999934, 53.319079658000078 ], [ -6.208032725999942, 53.318884870000034 ] ] ] } },
{ "type": "Feature", "properties": { "DlCnstt": "Dublin Bay South", "Lcl_E_A": "Pembroke", "Pllng_D": "Pembroke East E", "datstNm": "Electoral Division", "nuts2Nm": "Southern and Eastern", "county": "Dublin City", "area": "1.19491235375488" }, "geometry": { "type": "Polygon", "coordinates": [ [ [ -6.225918239999942, 53.319431401000031 ], [ -6.229558108999981, 53.319175376000032 ], [ -6.230940238999949, 53.319532333000041 ], [ -6.231078533999948, 53.32121864800007 ], [ -6.232657530999973, 53.322934102000033 ], [ -6.232380569999975, 53.324362325000038 ], [ -6.230263839999964, 53.326723040000047 ], [ -6.230287847999932, 53.328405272000055 ], [ -6.230362337999964, 53.328978319000043 ], [ -6.228956653999944, 53.331003793000043 ], [ -6.227884064999955, 53.331568852000032 ], [ -6.227290421999953, 53.332182708000062 ], [ -6.227158384999939, 53.33242229800004 ], [ -6.227017294999939, 53.332806887000061 ], [ -6.226945072999968, 53.332999533000077 ], [ -6.225610080999957, 53.33197795600006 ], [ -6.223450300999957, 53.330336823000039 ], [ -6.220809367999948, 53.328389691000041 ], [ -6.21976579699998, 53.327587880000074 ], [ -6.218550021999931, 53.326602272000059 ], [ -6.217578502999969, 53.325865604000057 ], [ -6.21588380299994, 53.32456499500006 ], [ -6.215418261999957, 53.324222103000075 ], [ -6.210715920999974, 53.320710668000061 ], [ -6.211259731999974, 53.320431515000045 ], [ -6.214589894999961, 53.320215045000047 ], [ -6.223606668999936, 53.319596018000027 ], [ -6.225918239999942, 53.319431401000031 ] ] ] } },
{ "type": "Feature", "properties": { "DlCnstt": "Dublin Bay South", "Lcl_E_A": "South East Inner City", "Pllng_D": "Pembroke West A", "datstNm": "Electoral Division", "nuts2Nm": "Southern and Eastern", "county": "Dublin City", "area": "0.63695995681692" }, "geometry": { "type": "Polygon", "coordinates": [ [ [ -6.230485138999938, 53.341283467000039 ], [ -6.230299672999934, 53.341257346000077 ], [ -6.228045708999957, 53.341423390000045 ], [ -6.22738841599994, 53.340272083000059 ], [ -6.226991017999977, 53.339615705000021 ], [ -6.226954943999942, 53.339554652000061 ], [ -6.226741559999937, 53.339195534000055 ], [ -6.225997363999966, 53.337959166000083 ], [ -6.22566308699993, 53.337396296000072 ], [ -6.224999943999933, 53.336285634000042 ], [ -6.224048894999953, 53.334763431000056 ], [ -6.224581051999961, 53.33411463300007 ], [ -6.225124775999973, 53.334259218000057 ], [ -6.23097787699993, 53.333595794000082 ], [ -6.234401844999979, 53.33204470700008 ], [ -6.234833150999975, 53.332655028000033 ], [ -6.236115151999968, 53.334464917000048 ], [ -6.237106069999925, 53.335863041000039 ], [ -6.239365832999964, 53.33730625700008 ], [ -6.238937979999946, 53.33759027800005 ], [ -6.237775477999945, 53.33836505000005 ], [ -6.235937386999979, 53.337845573000038 ], [ -6.23570265099994, 53.33887926500006 ], [ -6.235573970999951, 53.339480983000051 ], [ -6.235418742999968, 53.340178889000072 ], [ -6.23534392299996, 53.340508756000077 ], [ -6.235267585999964, 53.34087571200007 ], [ -6.235063036999975, 53.34187404100004 ], [ -6.234575415999928, 53.34181133900006 ], [ -6.23315557799998, 53.341630727000044 ], [ -6.230485138999938, 53.341283467000039 ] ] ] } },
{ "type": "Feature", "properties": { "DlCnstt": "Dublin Bay South", "Lcl_E_A": "Pembroke", "Pllng_D": "Pembroke West B", "datstNm": "Electoral Division", "nuts2Nm": "Southern and Eastern", "county": "Dublin City", "area": "0.748116338751959" }, "geometry": { "type": "Polygon", "coordinates": [ [ [ -6.227290421999953, 53.332182708000062 ], [ -6.227884064999955, 53.331568852000032 ], [ -6.228956653999944, 53.331003793000043 ], [ -6.230362337999964, 53.328978319000043 ], [ -6.230287847999932, 53.328405272000055 ], [ -6.230263839999964, 53.326723040000047 ], [ -6.232380569999975, 53.324362325000038 ], [ -6.232657530999973, 53.322934102000033 ], [ -6.231078533999948, 53.32121864800007 ], [ -6.230940238999949, 53.319532333000041 ], [ -6.231258814999933, 53.319137994000073 ], [ -6.231367017999958, 53.319215816000046 ], [ -6.23168186099997, 53.319447829000069 ], [ -6.235187621999955, 53.321803666000051 ], [ -6.236087600999952, 53.321940921000078 ], [ -6.237198619999958, 53.322637007000026 ], [ -6.237749449999967, 53.32307125300008 ], [ -6.238166984999964, 53.323399317000046 ], [ -6.239771023999936, 53.324629001000062 ], [ -6.239841564999949, 53.324683561000022 ], [ -6.240491285999951, 53.325163529000072 ], [ -6.242402698999968, 53.326600667000037 ], [ -6.243536544999928, 53.327446230000078 ], [ -6.244131896999932, 53.327697359000069 ], [ -6.241232718999981, 53.327583557000082 ], [ -6.241088942999966, 53.327617375000045 ], [ -6.240980037999975, 53.327648487000033 ], [ -6.239311203999932, 53.328125089000082 ], [ -6.237750890999962, 53.328567212000046 ], [ -6.236953896999978, 53.331040214000041 ], [ -6.236628918999941, 53.332052110000063 ], [ -6.234984808999968, 53.33185572900004 ], [ -6.234401844999979, 53.33204470700008 ], [ -6.23097787699993, 53.333595794000082 ], [ -6.225124775999973, 53.334259218000057 ], [ -6.224581051999961, 53.33411463300007 ], [ -6.226945072999968, 53.332999533000077 ], [ -6.227017294999939, 53.332806887000061 ], [ -6.227158384999939, 53.33242229800004 ], [ -6.227290421999953, 53.332182708000062 ] ] ] } },
{ "type": "Feature", "properties": { "DlCnstt": "Dublin Bay South", "Lcl_E_A": "Pembroke", "Pllng_D": "Pembroke West C", "datstNm": "Electoral Division", "nuts2Nm": "Southern and Eastern", "county": "Dublin City", "area": "0.672620590234315" }, "geometry": { "type": "Polygon", "coordinates": [ [ [ -6.234401844999979, 53.33204470700008 ], [ -6.234984808999968, 53.33185572900004 ], [ -6.236628918999941, 53.332052110000063 ], [ -6.236953896999978, 53.331040214000041 ], [ -6.237750890999962, 53.328567212000046 ], [ -6.239311203999932, 53.328125089000082 ], [ -6.240980037999975, 53.327648487000033 ], [ -6.241088942999966, 53.327617375000045 ], [ -6.241232718999981, 53.327583557000082 ], [ -6.244131896999932, 53.327697359000069 ], [ -6.244513153999947, 53.327840456000047 ], [ -6.245178493999958, 53.328091800000038 ], [ -6.245845921999944, 53.32833830800007 ], [ -6.247414837999941, 53.329020274000072 ], [ -6.249663103999977, 53.32952050800003 ], [ -6.250983261999977, 53.33041885800003 ], [ -6.251798826999959, 53.331817773000076 ], [ -6.250447146999932, 53.332188171000041 ], [ -6.246504625999933, 53.333386125000061 ], [ -6.244609393999952, 53.333954335000051 ], [ -6.244481500999939, 53.334012959000063 ], [ -6.241357637999954, 53.336002187000084 ], [ -6.240068122999958, 53.336842714000056 ], [ -6.239365832999964, 53.33730625700008 ], [ -6.237106069999925, 53.335863041000039 ], [ -6.236115151999968, 53.334464917000048 ], [ -6.234833150999975, 53.332655028000033 ], [ -6.234401844999979, 53.33204470700008 ] ] ] } },
{ "type": "Feature", "properties": { "DlCnstt": "Dublin Bay South", "Lcl_E_A": "Kimmage-Rathmines", "Pllng_D": "Rathfarnham", "datstNm": "Electoral Division", "nuts2Nm": "Southern and Eastern", "county": "Dublin City", "area": "1.23644430902435" }, "geometry": { "type": "Polygon", "coordinates": [ [ [ -6.258695621999948, 53.307456886000075 ], [ -6.258860988999969, 53.306057732000056 ], [ -6.259955876999925, 53.305799272000058 ], [ -6.262434953999957, 53.306441045000042 ], [ -6.264951834999977, 53.306370627000042 ], [ -6.265786582999965, 53.30560584400007 ], [ -6.266655154999968, 53.304091439000047 ], [ -6.267752796999956, 53.30351569000004 ], [ -6.26845057099996, 53.303564744000028 ], [ -6.270634783999981, 53.304199104000077 ], [ -6.273637983999947, 53.304722680000047 ], [ -6.276542460999963, 53.304762167000042 ], [ -6.279890925999951, 53.304663903000062 ], [ -6.282324617999961, 53.304898155000046 ], [ -6.282686640999941, 53.306480987000043 ], [ -6.282813314999942, 53.306947693000041 ], [ -6.283034930999976, 53.308011309000051 ], [ -6.282563928999934, 53.309604858000057 ], [ -6.279777708999973, 53.310337441000058 ], [ -6.276875528999938, 53.311076412000034 ], [ -6.274338064999937, 53.311567025000045 ], [ -6.273654867999936, 53.311658252000022 ], [ -6.273295753999945, 53.311735290000058 ], [ -6.270381718999944, 53.312369602000047 ], [ -6.270227856999952, 53.312394164000075 ], [ -6.26823694199993, 53.312558908000021 ], [ -6.267923699999926, 53.31258445800006 ], [ -6.264294719999953, 53.312883193000062 ], [ -6.262851384999976, 53.313006201000064 ], [ -6.260669641999924, 53.313041724000072 ], [ -6.260021159999951, 53.31307275000006 ], [ -6.257179869999959, 53.313184092000022 ], [ -6.25688944799998, 53.310956273000045 ], [ -6.261570738999978, 53.310761145000072 ], [ -6.259618746999934, 53.309002743000072 ], [ -6.258521625999947, 53.30830626900007 ], [ -6.258021675999942, 53.308035405000055 ], [ -6.258695621999948, 53.307456886000075 ] ] ] } },
{ "type": "Feature", "properties": { "DlCnstt": "Dublin Bay South", "Lcl_E_A": "Pembroke", "Pllng_D": "Rathmines East A", "datstNm": "Electoral Division", "nuts2Nm": "Southern and Eastern", "county": "Dublin City", "area": "0.695684259411754" }, "geometry": { "type": "Polygon", "coordinates": [ [ [ -6.245955994999974, 53.322130039000058 ], [ -6.246689385999956, 53.321911838000062 ], [ -6.246860977999972, 53.322006248000037 ], [ -6.249270908999961, 53.323211049000072 ], [ -6.24933109899996, 53.323236224000027 ], [ -6.249844192999944, 53.323448093000081 ], [ -6.251090020999925, 53.323883188000082 ], [ -6.251441804999956, 53.32398960900008 ], [ -6.25173925699994, 53.324084224000046 ], [ -6.252312454999981, 53.324324971000074 ], [ -6.252957478999974, 53.324600807000081 ], [ -6.253518543999974, 53.324851463000073 ], [ -6.253803854999944, 53.324990780000064 ], [ -6.255183607999925, 53.326161434000021 ], [ -6.255354933999968, 53.326258602000046 ], [ -6.257172649999973, 53.326850593000081 ], [ -6.257588147999968, 53.327967321000081 ], [ -6.257727217999957, 53.328246417000059 ], [ -6.257877626999971, 53.32855323900003 ], [ -6.258083615999965, 53.328895058000057 ], [ -6.258711091999942, 53.329714008000046 ], [ -6.259208437999972, 53.330226523000078 ], [ -6.258962907999944, 53.330285977000081 ], [ -6.257785642999977, 53.33054155700006 ], [ -6.256638041999963, 53.330793779000032 ], [ -6.256475605999981, 53.330827028000051 ], [ -6.253934975999925, 53.331364172000072 ], [ -6.251798826999959, 53.331817773000076 ], [ -6.250983261999977, 53.33041885800003 ], [ -6.249663103999977, 53.32952050800003 ], [ -6.247414837999941, 53.329020274000072 ], [ -6.245845921999944, 53.32833830800007 ], [ -6.245178493999958, 53.328091800000038 ], [ -6.244513153999947, 53.327840456000047 ], [ -6.244131896999932, 53.327697359000069 ], [ -6.243536544999928, 53.327446230000078 ], [ -6.242402698999968, 53.326600667000037 ], [ -6.240491285999951, 53.325163529000072 ], [ -6.239841564999949, 53.324683561000022 ], [ -6.243624517999933, 53.322837331000073 ], [ -6.244636125999932, 53.322523097000051 ], [ -6.244820800999945, 53.322468093000055 ], [ -6.245955994999974, 53.322130039000058 ] ] ] } },
{ "type": "Feature", "properties": { "DlCnstt": "Dublin Bay South", "Lcl_E_A": "Pembroke", "Pllng_D": "Rathmines East B", "datstNm": "Electoral Division", "nuts2Nm": "Southern and Eastern", "county": "Dublin City", "area": "1.26186019272509" }, "geometry": { "type": "Polygon", "coordinates": [ [ [ -6.235187621999955, 53.321803666000051 ], [ -6.23168186099997, 53.319447829000069 ], [ -6.231367017999958, 53.319215816000046 ], [ -6.231258814999933, 53.319137994000073 ], [ -6.232569131999981, 53.318012124000063 ], [ -6.235318596999946, 53.316304125000045 ], [ -6.23577262799995, 53.315912747000027 ], [ -6.235635533999925, 53.314750593000042 ], [ -6.23629210799993, 53.313919638000073 ], [ -6.237377311999977, 53.313204754000026 ], [ -6.23865878099997, 53.313299865000033 ], [ -6.239698548999968, 53.313423139000072 ], [ -6.241262646999928, 53.313165533000081 ], [ -6.243069378999961, 53.312295524000042 ], [ -6.244174934999933, 53.312370908000048 ], [ -6.244863601999953, 53.312228186000027 ], [ -6.24550447799993, 53.311819511000074 ], [ -6.24674072199997, 53.310234855000033 ], [ -6.248091519999946, 53.308106297000045 ], [ -6.250444603999938, 53.307776970000077 ], [ -6.250781734999976, 53.310351672000081 ], [ -6.250967299999957, 53.311126716000047 ], [ -6.251241665999942, 53.312384695000048 ], [ -6.251573303999976, 53.313529211000059 ], [ -6.251890445999948, 53.314622470000081 ], [ -6.251537177999977, 53.314667980000081 ], [ -6.250351955999975, 53.31486208900003 ], [ -6.249548585999945, 53.316252835000057 ], [ -6.250224473999936, 53.316873186000073 ], [ -6.249929632999965, 53.317757943000061 ], [ -6.248097961999974, 53.318094287000072 ], [ -6.247912542999927, 53.318908908000026 ], [ -6.247718645999953, 53.320757558000082 ], [ -6.246860977999972, 53.322006248000037 ], [ -6.246689385999956, 53.321911838000062 ], [ -6.245955994999974, 53.322130039000058 ], [ -6.244820800999945, 53.322468093000055 ], [ -6.244636125999932, 53.322523097000051 ], [ -6.243624517999933, 53.322837331000073 ], [ -6.239841564999949, 53.324683561000022 ], [ -6.239771023999936, 53.324629001000062 ], [ -6.238166984999964, 53.323399317000046 ], [ -6.237749449999967, 53.32307125300008 ], [ -6.237198619999958, 53.322637007000026 ], [ -6.236087600999952, 53.321940921000078 ], [ -6.235187621999955, 53.321803666000051 ] ] ] } },
{ "type": "Feature", "properties": { "DlCnstt": "Dublin Bay South", "Lcl_E_A": "Pembroke", "Pllng_D": "Rathmines East C", "datstNm": "Electoral Division", "nuts2Nm": "Southern and Eastern", "county": "Dublin City", "area": "0.731810612957777" }, "geometry": { "type": "Polygon", "coordinates": [ [ [ -6.253193497999972, 53.320847638000032 ], [ -6.25310757699998, 53.320844996000062 ], [ -6.252712527999961, 53.320845388000073 ], [ -6.251966490999962, 53.320865895000047 ], [ -6.251505645999941, 53.320885418000046 ], [ -6.251412578999975, 53.320888747000026 ], [ -6.250971602999924, 53.32078705300006 ], [ -6.250373297999944, 53.318197361000045 ], [ -6.248359978999929, 53.31839502400004 ], [ -6.248097961999974, 53.318094287000072 ], [ -6.249929632999965, 53.317757943000061 ], [ -6.250224473999936, 53.316873186000073 ], [ -6.249548585999945, 53.316252835000057 ], [ -6.250351955999975, 53.31486208900003 ], [ -6.251537177999977, 53.314667980000081 ], [ -6.251890445999948, 53.314622470000081 ], [ -6.251573303999976, 53.313529211000059 ], [ -6.251241665999942, 53.312384695000048 ], [ -6.250967299999957, 53.311126716000047 ], [ -6.250781734999976, 53.310351672000081 ], [ -6.250444603999938, 53.307776970000077 ], [ -6.253581577999968, 53.307607614000062 ], [ -6.256349360999934, 53.307763397000031 ], [ -6.257046100999958, 53.308164930000032 ], [ -6.258021675999942, 53.308035405000055 ], [ -6.258521625999947, 53.30830626900007 ], [ -6.259618746999934, 53.309002743000072 ], [ -6.261570738999978, 53.310761145000072 ], [ -6.25688944799998, 53.310956273000045 ], [ -6.257179869999959, 53.313184092000022 ], [ -6.257347430999971, 53.314577709000048 ], [ -6.257540121999966, 53.315868805000044 ], [ -6.257959746999973, 53.317191008000073 ], [ -6.258414179999932, 53.318184719000051 ], [ -6.258587060999957, 53.320559872000047 ], [ -6.257549108999967, 53.320535409000058 ], [ -6.257280376999972, 53.320533945000079 ], [ -6.256153108999968, 53.320739580000073 ], [ -6.25493574999996, 53.32095567500005 ], [ -6.253765839999971, 53.320885936000082 ], [ -6.253193497999972, 53.320847638000032 ] ] ] } },
{ "type": "Feature", "properties": { "DlCnstt": "Dublin Bay South", "Lcl_E_A": "Pembroke", "Pllng_D": "Rathmines East D", "datstNm": "Electoral Division", "nuts2Nm": "Southern and Eastern", "county": "Dublin City", "area": "0.35885864244419" }, "geometry": { "type": "Polygon", "coordinates": [ [ [ -6.246860977999972, 53.322006248000037 ], [ -6.247718645999953, 53.320757558000082 ], [ -6.247912542999927, 53.318908908000026 ], [ -6.248097961999974, 53.318094287000072 ], [ -6.248359978999929, 53.31839502400004 ], [ -6.250373297999944, 53.318197361000045 ], [ -6.250971602999924, 53.32078705300006 ], [ -6.251412578999975, 53.320888747000026 ], [ -6.251505645999941, 53.320885418000046 ], [ -6.251966490999962, 53.320865895000047 ], [ -6.252712527999961, 53.320845388000073 ], [ -6.25310757699998, 53.320844996000062 ], [ -6.253193497999972, 53.320847638000032 ], [ -6.253765839999971, 53.320885936000082 ], [ -6.25493574999996, 53.32095567500005 ], [ -6.256153108999968, 53.320739580000073 ], [ -6.257280376999972, 53.320533945000079 ], [ -6.257549108999967, 53.320535409000058 ], [ -6.258587060999957, 53.320559872000047 ], [ -6.258551679999925, 53.321735174000082 ], [ -6.259344484999929, 53.323236788000031 ], [ -6.257914021999966, 53.323553774000061 ], [ -6.256468283999936, 53.324086683000083 ], [ -6.256966557999931, 53.324823233000082 ], [ -6.257088135999936, 53.325010177000081 ], [ -6.257683590999932, 53.325858022000034 ], [ -6.257172649999973, 53.326850593000081 ], [ -6.255354933999968, 53.326258602000046 ], [ -6.255183607999925, 53.326161434000021 ], [ -6.253803854999944, 53.324990780000064 ], [ -6.253518543999974, 53.324851463000073 ], [ -6.252957478999974, 53.324600807000081 ], [ -6.252312454999981, 53.324324971000074 ], [ -6.25173925699994, 53.324084224000046 ], [ -6.251441804999956, 53.32398960900008 ], [ -6.251090020999925, 53.323883188000082 ], [ -6.249844192999944, 53.323448093000081 ], [ -6.24933109899996, 53.323236224000027 ], [ -6.249270908999961, 53.323211049000072 ], [ -6.246860977999972, 53.322006248000037 ] ] ] } },
{ "type": "Feature", "properties": { "DlCnstt": "Dublin Bay South", "Lcl_E_A": "Kimmage-Rathmines", "Pllng_D": "Rathmines West A", "datstNm": "Electoral Division", "nuts2Nm": "Southern and Eastern", "county": "Dublin City", "area": "0.655925208531735" }, "geometry": { "type": "Polygon", "coordinates": [ [ [ -6.263376643999948, 53.329390538000041 ], [ -6.263464340999974, 53.328945863000058 ], [ -6.263557892999927, 53.328439514000081 ], [ -6.263595692999957, 53.32822999900003 ], [ -6.263850756999943, 53.326823713000074 ], [ -6.26388518999994, 53.326636791000055 ], [ -6.264114603999928, 53.325451507000082 ], [ -6.264236022999968, 53.324802163000072 ], [ -6.264426084999968, 53.323803122000072 ], [ -6.266736633999926, 53.323653425000032 ], [ -6.26742804099996, 53.323577457000056 ], [ -6.268104601999937, 53.323501700000072 ], [ -6.269145179999953, 53.323223403000043 ], [ -6.269870230999969, 53.323023804000059 ], [ -6.271337423999968, 53.322623338000021 ], [ -6.271607320999976, 53.322545322000046 ], [ -6.272475009999937, 53.322285799000042 ], [ -6.273912508999956, 53.32187183800005 ], [ -6.274890656999958, 53.321609620000061 ], [ -6.276819803999956, 53.321473581000078 ], [ -6.278370936999977, 53.321424319000073 ], [ -6.27843446299994, 53.321967635000078 ], [ -6.278433441999937, 53.321995711000056 ], [ -6.278097957999933, 53.322889251000049 ], [ -6.277587106999931, 53.324264657000072 ], [ -6.277529406999975, 53.324494136000055 ], [ -6.277417576999937, 53.324892684000083 ], [ -6.276359800999956, 53.327154741000072 ], [ -6.276167863999945, 53.327375887000073 ], [ -6.275792649999971, 53.327791499000057 ], [ -6.275246634999974, 53.328403355000034 ], [ -6.274539886999945, 53.329473073000031 ], [ -6.272610681999936, 53.329381155000078 ], [ -6.271481337999944, 53.329392366000043 ], [ -6.270677977999981, 53.329428397000072 ], [ -6.270592707999981, 53.329434612000057 ], [ -6.269660797999961, 53.329497968000055 ], [ -6.269254872999966, 53.329522434000069 ], [ -6.26787771599993, 53.329596412000058 ], [ -6.266972151999937, 53.32965084600005 ], [ -6.26672267999993, 53.329664918000049 ], [ -6.263979267999956, 53.329835788000082 ], [ -6.263309193999929, 53.329853530000037 ], [ -6.263376643999948, 53.329390538000041 ] ] ] } },
{ "type": "Feature", "properties": { "DlCnstt": "Dublin Bay South", "Lcl_E_A": "Pembroke", "Pllng_D": "Rathmines West B", "datstNm": "Electoral Division", "nuts2Nm": "Southern and Eastern", "county": "Dublin City", "area": "0.338733884547007" }, "geometry": { "type": "Polygon", "coordinates": [ [ [ -6.26388316699996, 53.32233082700003 ], [ -6.264694579999968, 53.322263874000043 ], [ -6.264647236999963, 53.322540544000049 ], [ -6.264426084999968, 53.323803122000072 ], [ -6.264236022999968, 53.324802163000072 ], [ -6.264114603999928, 53.325451507000082 ], [ -6.26388518999994, 53.326636791000055 ], [ -6.263850756999943, 53.326823713000074 ], [ -6.263595692999957, 53.32822999900003 ], [ -6.263557892999927, 53.328439514000081 ], [ -6.263464340999974, 53.328945863000058 ], [ -6.263376643999948, 53.329390538000041 ], [ -6.263309193999929, 53.329853530000037 ], [ -6.263029750999976, 53.329864081000039 ], [ -6.26239136199996, 53.329876573000043 ], [ -6.262301770999954, 53.329879006000056 ], [ -6.259208437999972, 53.330226523000078 ], [ -6.258711091999942, 53.329714008000046 ], [ -6.258083615999965, 53.328895058000057 ], [ -6.257877626999971, 53.32855323900003 ], [ -6.257727217999957, 53.328246417000059 ], [ -6.257588147999968, 53.327967321000081 ], [ -6.257172649999973, 53.326850593000081 ], [ -6.257683590999932, 53.325858022000034 ], [ -6.257088135999936, 53.325010177000081 ], [ -6.256966557999931, 53.324823233000082 ], [ -6.256468283999936, 53.324086683000083 ], [ -6.257914021999966, 53.323553774000061 ], [ -6.259344484999929, 53.323236788000031 ], [ -6.260265162999929, 53.322999936000031 ], [ -6.260492456999941, 53.32294459600007 ], [ -6.261389626999971, 53.322705485000021 ], [ -6.26269541399995, 53.32250715400005 ], [ -6.26388316699996, 53.32233082700003 ] ] ] } },
{ "type": "Feature", "properties": { "DlCnstt": "Dublin Bay South", "Lcl_E_A": "Kimmage-Rathmines", "Pllng_D": "Rathmines West C", "datstNm": "Electoral Division", "nuts2Nm": "Southern and Eastern", "county": "Dublin City", "area": "0.420063345258917" }, "geometry": { "type": "Polygon", "coordinates": [ [ [ -6.260669641999924, 53.313041724000072 ], [ -6.262851384999976, 53.313006201000064 ], [ -6.262999008999941, 53.313419439000022 ], [ -6.26348993199997, 53.31434329800004 ], [ -6.263766478999969, 53.314859346000048 ], [ -6.26408061099994, 53.315496822000057 ], [ -6.263987424999925, 53.317136047000083 ], [ -6.263922663999949, 53.31728006700007 ], [ -6.263709390999964, 53.317626145000077 ], [ -6.263687944999958, 53.317656114000044 ], [ -6.263441672999932, 53.318556214000075 ], [ -6.263447780999968, 53.318614713000045 ], [ -6.263453814999934, 53.318647631000033 ], [ -6.263577583999961, 53.318975440000031 ], [ -6.263729576999936, 53.319257767000074 ], [ -6.263974983999958, 53.319708340000034 ], [ -6.264438868999946, 53.320501562000061 ], [ -6.264984034999941, 53.321531458000038 ], [ -6.264694579999968, 53.322263874000043 ], [ -6.26388316699996, 53.32233082700003 ], [ -6.26269541399995, 53.32250715400005 ], [ -6.261389626999971, 53.322705485000021 ], [ -6.260492456999941, 53.32294459600007 ], [ -6.260265162999929, 53.322999936000031 ], [ -6.259344484999929, 53.323236788000031 ], [ -6.258551679999925, 53.321735174000082 ], [ -6.258587060999957, 53.320559872000047 ], [ -6.258414179999932, 53.318184719000051 ], [ -6.257959746999973, 53.317191008000073 ], [ -6.257540121999966, 53.315868805000044 ], [ -6.257347430999971, 53.314577709000048 ], [ -6.257179869999959, 53.313184092000022 ], [ -6.260021159999951, 53.31307275000006 ], [ -6.260669641999924, 53.313041724000072 ] ] ] } },
{ "type": "Feature", "properties": { "DlCnstt": "Dublin Bay South", "Lcl_E_A": "Kimmage-Rathmines", "Pllng_D": "Rathmines West D", "datstNm": "Electoral Division", "nuts2Nm": "Southern and Eastern", "county": "Dublin City", "area": "0.374592714612257" }, "geometry": { "type": "Polygon", "coordinates": [ [ [ -6.270381718999944, 53.312369602000047 ], [ -6.273295753999945, 53.311735290000058 ], [ -6.272227846999954, 53.313093357000071 ], [ -6.272066577999965, 53.313324703000042 ], [ -6.271165809999957, 53.314574926000034 ], [ -6.270763014999943, 53.315169402000038 ], [ -6.270554472999947, 53.315474116000082 ], [ -6.269510454999931, 53.316949979000071 ], [ -6.26929161299995, 53.317263901000047 ], [ -6.269073937999963, 53.31756759700005 ], [ -6.26831822899993, 53.318631425000042 ], [ -6.268160887999954, 53.318851197000072 ], [ -6.26747520899994, 53.319811923000032 ], [ -6.266593859999944, 53.321081800000059 ], [ -6.264984034999941, 53.321531458000038 ], [ -6.264438868999946, 53.320501562000061 ], [ -6.263974983999958, 53.319708340000034 ], [ -6.263729576999936, 53.319257767000074 ], [ -6.263577583999961, 53.318975440000031 ], [ -6.263453814999934, 53.318647631000033 ], [ -6.263447780999968, 53.318614713000045 ], [ -6.263441672999932, 53.318556214000075 ], [ -6.263687944999958, 53.317656114000044 ], [ -6.263709390999964, 53.317626145000077 ], [ -6.263922663999949, 53.31728006700007 ], [ -6.263987424999925, 53.317136047000083 ], [ -6.26408061099994, 53.315496822000057 ], [ -6.263766478999969, 53.314859346000048 ], [ -6.26348993199997, 53.31434329800004 ], [ -6.262999008999941, 53.313419439000022 ], [ -6.262851384999976, 53.313006201000064 ], [ -6.264294719999953, 53.312883193000062 ], [ -6.267923699999926, 53.31258445800006 ], [ -6.26823694199993, 53.312558908000021 ], [ -6.270227856999952, 53.312394164000075 ], [ -6.270381718999944, 53.312369602000047 ] ] ] } },
{ "type": "Feature", "properties": { "DlCnstt": "Dublin Bay South", "Lcl_E_A": "Kimmage-Rathmines", "Pllng_D": "Rathmines West E", "datstNm": "Electoral Division", "nuts2Nm": "Southern and Eastern", "county": "Dublin City", "area": "0.451332806113103" }, "geometry": { "type": "Polygon", "coordinates": [ [ [ -6.276995874999955, 53.317533961000038 ], [ -6.276127267999925, 53.31662538300003 ], [ -6.272881125999959, 53.317322507000021 ], [ -6.270722855999964, 53.317256331000074 ], [ -6.269510454999931, 53.316949979000071 ], [ -6.270554472999947, 53.315474116000082 ], [ -6.270763014999943, 53.315169402000038 ], [ -6.271165809999957, 53.314574926000034 ], [ -6.272066577999965, 53.313324703000042 ], [ -6.272227846999954, 53.313093357000071 ], [ -6.273295753999945, 53.311735290000058 ], [ -6.273654867999936, 53.311658252000022 ], [ -6.274338064999937, 53.311567025000045 ], [ -6.276875528999938, 53.311076412000034 ], [ -6.279777708999973, 53.310337441000058 ], [ -6.282563928999934, 53.309604858000057 ], [ -6.281805322999958, 53.311401389000082 ], [ -6.281572885999936, 53.311994828000081 ], [ -6.281481017999965, 53.312377498000046 ], [ -6.281252772999949, 53.313247777000072 ], [ -6.281440539999949, 53.313651379000078 ], [ -6.281435900999952, 53.314341657000057 ], [ -6.281375103999949, 53.314456943000039 ], [ -6.281274818999975, 53.314638738000042 ], [ -6.28029406099995, 53.315772478000042 ], [ -6.279654152999967, 53.316470193000043 ], [ -6.278663001999973, 53.317626733000047 ], [ -6.278240658999948, 53.318276383000075 ], [ -6.278207241999951, 53.31832681700007 ], [ -6.276995874999955, 53.317533961000038 ] ] ] } },
{ "type": "Feature", "properties": { "DlCnstt": "Dublin Bay South", "Lcl_E_A": "Kimmage-Rathmines", "Pllng_D": "Rathmines West F", "datstNm": "Electoral Division", "nuts2Nm": "Southern and Eastern", "county": "Dublin City", "area": "0.437856594964081" }, "geometry": { "type": "Polygon", "coordinates": [ [ [ -6.269073937999963, 53.31756759700005 ], [ -6.26929161299995, 53.317263901000047 ], [ -6.269510454999931, 53.316949979000071 ], [ -6.270722855999964, 53.317256331000074 ], [ -6.272881125999959, 53.317322507000021 ], [ -6.276127267999925, 53.31662538300003 ], [ -6.276995874999955, 53.317533961000038 ], [ -6.278207241999951, 53.31832681700007 ], [ -6.27815930099996, 53.318424571000037 ], [ -6.277886615999932, 53.319115026000077 ], [ -6.277808210999979, 53.319627550000064 ], [ -6.278236994999928, 53.320934054000077 ], [ -6.278327777999948, 53.321194781000031 ], [ -6.278370936999977, 53.321424319000073 ], [ -6.276819803999956, 53.321473581000078 ], [ -6.274890656999958, 53.321609620000061 ], [ -6.273912508999956, 53.32187183800005 ], [ -6.272475009999937, 53.322285799000042 ], [ -6.271607320999976, 53.322545322000046 ], [ -6.271337423999968, 53.322623338000021 ], [ -6.269870230999969, 53.323023804000059 ], [ -6.269145179999953, 53.323223403000043 ], [ -6.268104601999937, 53.323501700000072 ], [ -6.26742804099996, 53.323577457000056 ], [ -6.266736633999926, 53.323653425000032 ], [ -6.264426084999968, 53.323803122000072 ], [ -6.264647236999963, 53.322540544000049 ], [ -6.264694579999968, 53.322263874000043 ], [ -6.264984034999941, 53.321531458000038 ], [ -6.266593859999944, 53.321081800000059 ], [ -6.26747520899994, 53.319811923000032 ], [ -6.268160887999954, 53.318851197000072 ], [ -6.26831822899993, 53.318631425000042 ], [ -6.269073937999963, 53.31756759700005 ] ] ] } },
{ "type": "Feature", "properties": { "DlCnstt": "Dublin Bay South", "Lcl_E_A": "South East Inner City", "Pllng_D": "Royal Exchange A", "datstNm": "Electoral Division", "nuts2Nm": "Southern and Eastern", "county": "Dublin City", "area": "0.442436221233884" }, "geometry": { "type": "Polygon", "coordinates": [ [ [ -6.258124361999933, 53.347033722000049 ], [ -6.258351858999959, 53.343000667000069 ], [ -6.258399435999934, 53.343004957000062 ], [ -6.259922872999937, 53.343557357000073 ], [ -6.260794663999945, 53.343279642000027 ], [ -6.261057044999973, 53.342821893000064 ], [ -6.263458232999938, 53.342795875000043 ], [ -6.264428274999944, 53.341233165000062 ], [ -6.264876426999932, 53.339390286000082 ], [ -6.264975697999944, 53.338916777000072 ], [ -6.264869086999965, 53.337467233000041 ], [ -6.26450127199996, 53.336200229000042 ], [ -6.264710931999957, 53.336186157000043 ], [ -6.267967537999937, 53.335977938000042 ], [ -6.268009759999927, 53.336233503000081 ], [ -6.268150381999931, 53.337050303000069 ], [ -6.268170888999976, 53.337152806000063 ], [ -6.268217146999973, 53.337399505000064 ], [ -6.268316750999929, 53.338083266000069 ], [ -6.268275714999959, 53.338971593000046 ], [ -6.268535159999942, 53.339400728000051 ], [ -6.269064491999927, 53.34027203200003 ], [ -6.26911159499997, 53.341195734000046 ], [ -6.269074185999955, 53.341655667000055 ], [ -6.268932973999938, 53.342211336000048 ], [ -6.268966487999933, 53.342934670000034 ], [ -6.269123862999948, 53.343338722000055 ], [ -6.268849075999981, 53.344279252000042 ], [ -6.269140611999944, 53.345209597000064 ], [ -6.268696844999964, 53.345255225000081 ], [ -6.266952009999954, 53.345433786000058 ], [ -6.266795593999973, 53.345455467000079 ], [ -6.264593128999934, 53.345724862000047 ], [ -6.262124472999972, 53.346090675000021 ], [ -6.261307865999981, 53.346282512000073 ], [ -6.260865439999975, 53.346388688000047 ], [ -6.259939494999969, 53.346607053000071 ], [ -6.258124361999933, 53.347033722000049 ] ] ] } },
{ "type": "Feature", "properties": { "DlCnstt": "Dublin Bay South", "Lcl_E_A": "South East Inner City", "Pllng_D": "Royal Exchange B", "datstNm": "Electoral Division", "nuts2Nm": "Southern and Eastern", "county": "Dublin City", "area": "0.220746818222561" }, "geometry": { "type": "Polygon", "coordinates": [ [ [ -6.262267203999953, 53.336271322000073 ], [ -6.26450127199996, 53.336200229000042 ], [ -6.264869086999965, 53.337467233000041 ], [ -6.264975697999944, 53.338916777000072 ], [ -6.264876426999932, 53.339390286000082 ], [ -6.264428274999944, 53.341233165000062 ], [ -6.263458232999938, 53.342795875000043 ], [ -6.261057044999973, 53.342821893000064 ], [ -6.260794663999945, 53.343279642000027 ], [ -6.259922872999937, 53.343557357000073 ], [ -6.258399435999934, 53.343004957000062 ], [ -6.259777103999966, 53.340465940000058 ], [ -6.259768277999967, 53.33967554600008 ], [ -6.261591702999965, 53.337348059000078 ], [ -6.262267203999953, 53.336271322000073 ] ] ] } },
{ "type": "Feature", "properties": { "DlCnstt": "Dublin Bay South", "Lcl_E_A": "South East Inner City", "Pllng_D": "South Dock", "datstNm": "Electoral Division", "nuts2Nm": "Southern and Eastern", "county": "Dublin City", "area": "1.05207140937823" }, "geometry": { "type": "Polygon", "coordinates": [ [ [ -6.228399411999931, 53.342839463000082 ], [ -6.228045708999957, 53.341423390000045 ], [ -6.230299672999934, 53.341257346000077 ], [ -6.230485138999938, 53.341283467000039 ], [ -6.23315557799998, 53.341630727000044 ], [ -6.234575415999928, 53.34181133900006 ], [ -6.235063036999975, 53.34187404100004 ], [ -6.235267585999964, 53.34087571200007 ], [ -6.23534392299996, 53.340508756000077 ], [ -6.235418742999968, 53.340178889000072 ], [ -6.235573970999951, 53.339480983000051 ], [ -6.23570265099994, 53.33887926500006 ], [ -6.235937386999979, 53.337845573000038 ], [ -6.237775477999945, 53.33836505000005 ], [ -6.238937979999946, 53.33759027800005 ], [ -6.239365832999964, 53.33730625700008 ], [ -6.240068122999958, 53.336842714000056 ], [ -6.241357637999954, 53.336002187000084 ], [ -6.244481500999939, 53.334012959000063 ], [ -6.244609393999952, 53.333954335000051 ], [ -6.246504625999933, 53.333386125000061 ], [ -6.250447146999932, 53.332188171000041 ], [ -6.251798826999959, 53.331817773000076 ], [ -6.252319108999927, 53.332334187000072 ], [ -6.248125162999941, 53.336577891000047 ], [ -6.246773939999969, 53.337951074000046 ], [ -6.245386863999953, 53.339353049000074 ], [ -6.245759109999938, 53.33948719600005 ], [ -6.244379777999939, 53.341001184000049 ], [ -6.244139063999967, 53.341628842000034 ], [ -6.243928656999969, 53.342162760000072 ], [ -6.243599036999967, 53.34296863700007 ], [ -6.24342915699998, 53.343410492000032 ], [ -6.243362284999932, 53.343584500000077 ], [ -6.242977289999942, 53.344539628000064 ], [ -6.242749412999956, 53.345289157000082 ], [ -6.242426666999961, 53.346784034000045 ], [ -6.239703745999975, 53.346597404000079 ], [ -6.23931605599995, 53.346571468000043 ], [ -6.236935026999959, 53.346409614000038 ], [ -6.235869108999964, 53.346336532000073 ], [ -6.234898905999955, 53.346269134000075 ], [ -6.229063146999977, 53.345880352000052 ], [ -6.228399411999931, 53.342839463000082 ] ] ] } },
{ "type": "Feature", "properties": { "DlCnstt": "Dublin Bay South", "Lcl_E_A": "South East Inner City", "Pllng_D": "St Kevin's", "datstNm": "Electoral Division", "nuts2Nm": "Southern and Eastern", "county": "Dublin City", "area": "0.61818706547819" }, "geometry": { "type": "Polygon", "coordinates": [ [ [ -6.266972151999937, 53.32965084600005 ], [ -6.26787771599993, 53.329596412000058 ], [ -6.267989170999954, 53.330945160000056 ], [ -6.267144547999976, 53.330977671000021 ], [ -6.267274724999936, 53.331779972000049 ], [ -6.267346120999946, 53.332216301000081 ], [ -6.267791907999936, 53.334915164000051 ], [ -6.267872385999965, 53.33540200200008 ], [ -6.267967537999937, 53.335977938000042 ], [ -6.264710931999957, 53.336186157000043 ], [ -6.26450127199996, 53.336200229000042 ], [ -6.262267203999953, 53.336271322000073 ], [ -6.261591702999965, 53.337348059000078 ], [ -6.255711624999947, 53.335534822000056 ], [ -6.254262346999951, 53.334150751000038 ], [ -6.252319108999927, 53.332334187000072 ], [ -6.251798826999959, 53.331817773000076 ], [ -6.253934975999925, 53.331364172000072 ], [ -6.256475605999981, 53.330827028000051 ], [ -6.256638041999963, 53.330793779000032 ], [ -6.257785642999977, 53.33054155700006 ], [ -6.258962907999944, 53.330285977000081 ], [ -6.259208437999972, 53.330226523000078 ], [ -6.262301770999954, 53.329879006000056 ], [ -6.26239136199996, 53.329876573000043 ], [ -6.263029750999976, 53.329864081000039 ], [ -6.263309193999929, 53.329853530000037 ], [ -6.263979267999956, 53.329835788000082 ], [ -6.26672267999993, 53.329664918000049 ], [ -6.266972151999937, 53.32965084600005 ] ] ] } },
{ "type": "Feature", "properties": { "DlCnstt": "Dublin Bay South", "Lcl_E_A": "Kimmage-Rathmines", "Pllng_D": "Terenure A", "datstNm": "Electoral Division", "nuts2Nm": "Southern and Eastern", "county": "Dublin City", "area": "0.537708867435022" }, "geometry": { "type": "Polygon", "coordinates": [ [ [ -6.285177890999933, 53.314891686000074 ], [ -6.287814393999952, 53.314718893000077 ], [ -6.290322238999977, 53.314933503000077 ], [ -6.290578947999961, 53.314966563000041 ], [ -6.293610039999976, 53.315817780000032 ], [ -6.291987008999968, 53.317162672000045 ], [ -6.291865145999964, 53.31725797100006 ], [ -6.289596571999937, 53.319226483000079 ], [ -6.286670047999961, 53.319613464000042 ], [ -6.285330704999978, 53.320040342000027 ], [ -6.283883046999961, 53.320622357000047 ], [ -6.282925015999979, 53.32144177300006 ], [ -6.282665369999961, 53.321635101000027 ], [ -6.282151290999934, 53.321879411000047 ], [ -6.280471693999971, 53.322420185000055 ], [ -6.27917543999996, 53.323267852000072 ], [ -6.278097957999933, 53.322889251000049 ], [ -6.278433441999937, 53.321995711000056 ], [ -6.27843446299994, 53.321967635000078 ], [ -6.278370936999977, 53.321424319000073 ], [ -6.278327777999948, 53.321194781000031 ], [ -6.278236994999928, 53.320934054000077 ], [ -6.277808210999979, 53.319627550000064 ], [ -6.277886615999932, 53.319115026000077 ], [ -6.27815930099996, 53.318424571000037 ], [ -6.278207241999951, 53.31832681700007 ], [ -6.278240658999948, 53.318276383000075 ], [ -6.278663001999973, 53.317626733000047 ], [ -6.279654152999967, 53.316470193000043 ], [ -6.28029406099995, 53.315772478000042 ], [ -6.282367765999936, 53.315408887000046 ], [ -6.283907200999977, 53.315117549000043 ], [ -6.285177890999933, 53.314891686000074 ] ] ] } },
{ "type": "Feature", "properties": { "DlCnstt": "Dublin Bay South", "Lcl_E_A": "Kimmage-Rathmines", "Pllng_D": "Terenure B", "datstNm": "Electoral Division", "nuts2Nm": "Southern and Eastern", "county": "Dublin City", "area": "0.537612613083213" }, "geometry": { "type": "Polygon", "coordinates": [ [ [ -6.281274818999975, 53.314638738000042 ], [ -6.281375103999949, 53.314456943000039 ], [ -6.281435900999952, 53.314341657000057 ], [ -6.281440539999949, 53.313651379000078 ], [ -6.281252772999949, 53.313247777000072 ], [ -6.281481017999965, 53.312377498000046 ], [ -6.281572885999936, 53.311994828000081 ], [ -6.281805322999958, 53.311401389000082 ], [ -6.282563928999934, 53.309604858000057 ], [ -6.28369145299996, 53.30930612800006 ], [ -6.284544953999954, 53.309448549000081 ], [ -6.288327410999955, 53.310106192000042 ], [ -6.28900981299995, 53.310222258000074 ], [ -6.291033381999966, 53.310555320000049 ], [ -6.292322600999968, 53.310765911000033 ], [ -6.296977531999971, 53.311521222000074 ], [ -6.298610020999945, 53.311863115000051 ], [ -6.297469212999943, 53.312608845000057 ], [ -6.296728577999943, 53.313205968000034 ], [ -6.296205608999969, 53.313614578000056 ], [ -6.295232376999934, 53.314422062000062 ], [ -6.293610039999976, 53.315817780000032 ], [ -6.290578947999961, 53.314966563000041 ], [ -6.290322238999977, 53.314933503000077 ], [ -6.287814393999952, 53.314718893000077 ], [ -6.285177890999933, 53.314891686000074 ], [ -6.283907200999977, 53.315117549000043 ], [ -6.282367765999936, 53.315408887000046 ], [ -6.28029406099995, 53.315772478000042 ], [ -6.281274818999975, 53.314638738000042 ] ] ] } },
{ "type": "Feature", "properties": { "DlCnstt": "Dublin Bay South", "Lcl_E_A": "Kimmage-Rathmines", "Pllng_D": "Terenure C", "datstNm": "Electoral Division", "nuts2Nm": "Southern and Eastern", "county": "Dublin City", "area": "0.707279648477684" }, "geometry": { "type": "Polygon", "coordinates": [ [ [ -6.295535581999957, 53.302066960000047 ], [ -6.296497226999975, 53.301470787000021 ], [ -6.296879616999945, 53.302087435000033 ], [ -6.297191184999974, 53.302799677000046 ], [ -6.298134955999956, 53.303362290000045 ], [ -6.299844915999927, 53.30622186800008 ], [ -6.300238511999964, 53.306794961000037 ], [ -6.301052784999968, 53.308223995000048 ], [ -6.301306990999933, 53.308691841000041 ], [ -6.30150968199996, 53.309059363000081 ], [ -6.301721455999939, 53.310004688000049 ], [ -6.298730621999937, 53.311783905000027 ], [ -6.298610020999945, 53.311863115000051 ], [ -6.296977531999971, 53.311521222000074 ], [ -6.292322600999968, 53.310765911000033 ], [ -6.291033381999966, 53.310555320000049 ], [ -6.28900981299995, 53.310222258000074 ], [ -6.288327410999955, 53.310106192000042 ], [ -6.284544953999954, 53.309448549000081 ], [ -6.28369145299996, 53.30930612800006 ], [ -6.286644482999975, 53.30751551000003 ], [ -6.286989406999965, 53.307302857000082 ], [ -6.293020466999963, 53.303606615000042 ], [ -6.295535581999957, 53.302066960000047 ] ] ] } },
{ "type": "Feature", "properties": { "DlCnstt": "Dublin Bay South", "Lcl_E_A": "Kimmage-Rathmines", "Pllng_D": "Terenure D", "datstNm": "Electoral Division", "nuts2Nm": "Southern and Eastern", "county": "Dublin City", "area": "0.464129878362385" }, "geometry": { "type": "Polygon", "coordinates": [ [ [ -6.288965605999977, 53.299444823000051 ], [ -6.29095512899994, 53.298639323000032 ], [ -6.29231081599994, 53.299547248000074 ], [ -6.292983892999928, 53.300283015000048 ], [ -6.293227741999942, 53.300538517000064 ], [ -6.295535581999957, 53.302066960000047 ], [ -6.293020466999963, 53.303606615000042 ], [ -6.286989406999965, 53.307302857000082 ], [ -6.286644482999975, 53.30751551000003 ], [ -6.28369145299996, 53.30930612800006 ], [ -6.282563928999934, 53.309604858000057 ], [ -6.283034930999976, 53.308011309000051 ], [ -6.282813314999942, 53.306947693000041 ], [ -6.282686640999941, 53.306480987000043 ], [ -6.282324617999961, 53.304898155000046 ], [ -6.285502675999965, 53.30413279000004 ], [ -6.285948833999953, 53.303385172000048 ], [ -6.285473543999956, 53.301882016000043 ], [ -6.285634568999967, 53.301159083000073 ], [ -6.287557890999949, 53.300172996000072 ], [ -6.288965605999977, 53.299444823000051 ] ] ] } },
{ "type": "Feature", "properties": { "DlCnstt": "Dublin Bay South", "Lcl_E_A": "South East Inner City", "Pllng_D": "Wood Quay A", "datstNm": "Electoral Division", "nuts2Nm": "Southern and Eastern", "county": "Dublin City", "area": "0.174003243482383" }, "geometry": { "type": "Polygon", "coordinates": [ [ [ -6.268009759999927, 53.336233503000081 ], [ -6.267967537999937, 53.335977938000042 ], [ -6.272034402999964, 53.336072297000051 ], [ -6.271499842999958, 53.337299914000027 ], [ -6.271459066999967, 53.337616992000051 ], [ -6.271572302999971, 53.33870743500006 ], [ -6.271357807999948, 53.339413508000064 ], [ -6.271256301999927, 53.340325786000051 ], [ -6.271350836999943, 53.340737081000043 ], [ -6.271313985999939, 53.341233897000045 ], [ -6.271289948999936, 53.341676383000049 ], [ -6.270833538999966, 53.342365686000051 ], [ -6.270696503999943, 53.342709894000045 ], [ -6.271161477999954, 53.345044631000064 ], [ -6.269140611999944, 53.345209597000064 ], [ -6.268849075999981, 53.344279252000042 ], [ -6.269123862999948, 53.343338722000055 ], [ -6.268966487999933, 53.342934670000034 ], [ -6.268932973999938, 53.342211336000048 ], [ -6.269074185999955, 53.341655667000055 ], [ -6.26911159499997, 53.341195734000046 ], [ -6.269064491999927, 53.34027203200003 ], [ -6.268535159999942, 53.339400728000051 ], [ -6.268275714999959, 53.338971593000046 ], [ -6.268316750999929, 53.338083266000069 ], [ -6.268217146999973, 53.337399505000064 ], [ -6.268170888999976, 53.337152806000063 ], [ -6.268150381999931, 53.337050303000069 ], [ -6.268009759999927, 53.336233503000081 ] ] ] } },
{ "type": "Feature", "properties": { "DlCnstt": "Dublin Bay South", "Lcl_E_A": "Kimmage-Rathmines", "Pllng_D": "Wood Quay B", "datstNm": "Electoral Division", "nuts2Nm": "Southern and Eastern", "county": "Dublin City", "area": "0.300298721142207" }, "geometry": { "type": "Polygon", "coordinates": [ [ [ -6.271481337999944, 53.329392366000043 ], [ -6.272610681999936, 53.329381155000078 ], [ -6.274539886999945, 53.329473073000031 ], [ -6.274278547999927, 53.330708662000063 ], [ -6.274270263999938, 53.332040437000046 ], [ -6.274319490999972, 53.332782886000082 ], [ -6.274295657999971, 53.332886075000033 ], [ -6.273962961999928, 53.333657582000058 ], [ -6.27385837099996, 53.333856192000042 ], [ -6.273818754999979, 53.333902571000074 ], [ -6.273412521999944, 53.334275068000075 ], [ -6.272792920999962, 53.334910513000075 ], [ -6.272034402999964, 53.336072297000051 ], [ -6.267967537999937, 53.335977938000042 ], [ -6.267872385999965, 53.33540200200008 ], [ -6.267791907999936, 53.334915164000051 ], [ -6.267346120999946, 53.332216301000081 ], [ -6.267274724999936, 53.331779972000049 ], [ -6.267144547999976, 53.330977671000021 ], [ -6.267989170999954, 53.330945160000056 ], [ -6.26787771599993, 53.329596412000058 ], [ -6.269254872999966, 53.329522434000069 ], [ -6.269660797999961, 53.329497968000055 ], [ -6.270592707999981, 53.329434612000057 ], [ -6.270677977999981, 53.329428397000072 ], [ -6.271481337999944, 53.329392366000043 ] ] ] } },
{ "type": "Feature", "properties": { "DlCnstt": "Dublin North West", "Lcl_E_A": "Ballymun-Finglas", "Pllng_D": "Ballygall A", "datstNm": "Electoral Division", "nuts2Nm": "Southern and Eastern", "county": "Dublin City", "area": "0.490946750778027" }, "geometry": { "type": "Polygon", "coordinates": [ [ [ -6.284522308999954, 53.378026308000081 ], [ -6.286620325999934, 53.377409316000069 ], [ -6.287337047999928, 53.379528850000042 ], [ -6.287627068999939, 53.379932047000075 ], [ -6.287970406999932, 53.380324706000074 ], [ -6.289301832999968, 53.381194823000051 ], [ -6.289994723999939, 53.381581329000021 ], [ -6.29046600199996, 53.38190176300003 ], [ -6.291105517999938, 53.382336996000049 ], [ -6.291691035999976, 53.382793607000046 ], [ -6.292973336999977, 53.383782865000057 ], [ -6.297278249999977, 53.38709613900005 ], [ -6.298389614999961, 53.387996369000064 ], [ -6.299205004999976, 53.388737248000041 ], [ -6.29965227799994, 53.389801793000061 ], [ -6.29739322699993, 53.389903851000042 ], [ -6.292604646999962, 53.389535581000082 ], [ -6.292547317999947, 53.389181326000021 ], [ -6.290656607999948, 53.387278301000038 ], [ -6.286508916999935, 53.384906326000078 ], [ -6.285114298999929, 53.384365260000038 ], [ -6.285197567999944, 53.383906302000071 ], [ -6.285254683999938, 53.383599754000045 ], [ -6.285615200999928, 53.381630840000071 ], [ -6.285953484999936, 53.379939790000037 ], [ -6.28589406499998, 53.37931491300003 ], [ -6.284522308999954, 53.378026308000081 ] ] ] } },
{ "type": "Feature", "properties": { "DlCnstt": "Dublin North West", "Lcl_E_A": "Ballymun-Finglas", "Pllng_D": "Ballygall B", "datstNm": "Electoral Division", "nuts2Nm": "Southern and Eastern", "county": "Dublin City", "area": "0.555473766707182" }, "geometry": { "type": "Polygon", "coordinates": [ [ [ -6.275360510999974, 53.382301564000045 ], [ -6.276997670999946, 53.38232058400007 ], [ -6.277726103999953, 53.38256049000006 ], [ -6.27793378299998, 53.382724818000042 ], [ -6.278917539999952, 53.383420801000057 ], [ -6.279676733999963, 53.383817810000039 ], [ -6.284013338999955, 53.384191206000082 ], [ -6.285114298999929, 53.384365260000038 ], [ -6.286508916999935, 53.384906326000078 ], [ -6.290656607999948, 53.387278301000038 ], [ -6.292547317999947, 53.389181326000021 ], [ -6.292604646999962, 53.389535581000082 ], [ -6.290748806999943, 53.389718247000083 ], [ -6.289155966999942, 53.389893485000073 ], [ -6.28685335299997, 53.390127463000056 ], [ -6.286253212999952, 53.390179772000074 ], [ -6.285204160999968, 53.390249794000056 ], [ -6.280237716999977, 53.390318734000061 ], [ -6.278522306999945, 53.390075811000031 ], [ -6.278547983999943, 53.389765909000062 ], [ -6.278654596999957, 53.388209557000039 ], [ -6.278665624999974, 53.388070344000027 ], [ -6.278694550999944, 53.387550407000049 ], [ -6.278359525999974, 53.386632878000057 ], [ -6.278329275999964, 53.386592298000039 ], [ -6.277578414999937, 53.385445282000042 ], [ -6.277473838999981, 53.385111380000069 ], [ -6.277097518999938, 53.38457698600007 ], [ -6.275253566999936, 53.383284926000051 ], [ -6.275360510999974, 53.382301564000045 ] ] ] } },
{ "type": "Feature", "properties": { "DlCnstt": "Dublin North West", "Lcl_E_A": "Ballymun-Finglas", "Pllng_D": "Ballygall C", "datstNm": "Electoral Division", "nuts2Nm": "Southern and Eastern", "county": "Dublin City", "area": "0.995089634083837" }, "geometry": { "type": "Polygon", "coordinates": [ [ [ -6.264876471999969, 53.380237196000046 ], [ -6.264310014999977, 53.378411836000055 ], [ -6.264572977999933, 53.378454520000048 ], [ -6.268467373999954, 53.378895736000061 ], [ -6.271049966999954, 53.379052210000047 ], [ -6.275311724999938, 53.379313900000056 ], [ -6.275206655999966, 53.379801597000039 ], [ -6.275199397999927, 53.381328031000074 ], [ -6.275360510999974, 53.382301564000045 ], [ -6.275253566999936, 53.383284926000051 ], [ -6.277097518999938, 53.38457698600007 ], [ -6.277473838999981, 53.385111380000069 ], [ -6.277578414999937, 53.385445282000042 ], [ -6.278329275999964, 53.386592298000039 ], [ -6.278359525999974, 53.386632878000057 ], [ -6.278694550999944, 53.387550407000049 ], [ -6.278665624999974, 53.388070344000027 ], [ -6.278654596999957, 53.388209557000039 ], [ -6.278547983999943, 53.389765909000062 ], [ -6.278522306999945, 53.390075811000031 ], [ -6.278237823999973, 53.390233271000056 ], [ -6.267298142999948, 53.389502900000082 ], [ -6.266116649999958, 53.389362515000073 ], [ -6.26538831299996, 53.389228982000077 ], [ -6.264351903999966, 53.38902772800003 ], [ -6.264311684999939, 53.389017962000082 ], [ -6.263780949999955, 53.388911193000069 ], [ -6.264227979999929, 53.388107914000045 ], [ -6.264106510999966, 53.386488674000077 ], [ -6.264191250999943, 53.384626705000073 ], [ -6.264876471999969, 53.380237196000046 ] ] ] } },
{ "type": "Feature", "properties": { "DlCnstt": "Dublin North West", "Lcl_E_A": "Ballymun-Finglas", "Pllng_D": "Ballygall D", "datstNm": "Electoral Division", "nuts2Nm": "Southern and Eastern", "county": "Dublin City", "area": "0.431305971201144" }, "geometry": { "type": "Polygon", "coordinates": [ [ [ -6.277726103999953, 53.38256049000006 ], [ -6.276997670999946, 53.38232058400007 ], [ -6.275360510999974, 53.382301564000045 ], [ -6.275199397999927, 53.381328031000074 ], [ -6.275206655999966, 53.379801597000039 ], [ -6.275311724999938, 53.379313900000056 ], [ -6.275409043999956, 53.378848580000074 ], [ -6.275738352999952, 53.377353593000073 ], [ -6.276362060999928, 53.377508916000075 ], [ -6.277748998999924, 53.377694961000032 ], [ -6.280785641999955, 53.377899597000074 ], [ -6.280951177999953, 53.37790902200004 ], [ -6.282973456999969, 53.377752692000058 ], [ -6.283486312999969, 53.37784273300008 ], [ -6.284522308999954, 53.378026308000081 ], [ -6.28589406499998, 53.37931491300003 ], [ -6.285953484999936, 53.379939790000037 ], [ -6.285615200999928, 53.381630840000071 ], [ -6.285254683999938, 53.383599754000045 ], [ -6.285197567999944, 53.383906302000071 ], [ -6.285114298999929, 53.384365260000038 ], [ -6.284013338999955, 53.384191206000082 ], [ -6.279676733999963, 53.383817810000039 ], [ -6.278917539999952, 53.383420801000057 ], [ -6.27793378299998, 53.382724818000042 ], [ -6.277726103999953, 53.38256049000006 ] ] ] } },
{ "type": "Feature", "properties": { "DlCnstt": "Dublin North West", "Lcl_E_A": "Ballymun-Finglas", "Pllng_D": "Ballymun A", "datstNm": "Electoral Division", "nuts2Nm": "Southern and Eastern", "county": "Dublin City", "area": "0.946020207534413" }, "geometry": { "type": "Polygon", "coordinates": [ [ [ -6.286933622999925, 53.406030785000041 ], [ -6.285833756999978, 53.405853432000072 ], [ -6.284659186999932, 53.406007363000072 ], [ -6.281584804999966, 53.405526168000051 ], [ -6.278066578999926, 53.405661277000043 ], [ -6.27536611499994, 53.405317782000047 ], [ -6.276179381999953, 53.404586220000056 ], [ -6.278414391999945, 53.404572951000034 ], [ -6.280172904999972, 53.403954973000047 ], [ -6.28083782799996, 53.403205015000026 ], [ -6.280282064999938, 53.402458254000074 ], [ -6.279286337999963, 53.402010501000063 ], [ -6.278559843999972, 53.401681028000041 ], [ -6.277408607999972, 53.401173861000082 ], [ -6.275832914999967, 53.399913740000045 ], [ -6.275073463999945, 53.39929589500008 ], [ -6.274517147999973, 53.398995730000081 ], [ -6.273932038999931, 53.398727002000051 ], [ -6.274213945999975, 53.397905817000037 ], [ -6.274454998999944, 53.396539411000049 ], [ -6.274883367999962, 53.395008920000073 ], [ -6.276666423999927, 53.395452222000081 ], [ -6.277111132999948, 53.39556590400008 ], [ -6.277395812999941, 53.395523245000049 ], [ -6.280709737999928, 53.39612573800008 ], [ -6.282410307999953, 53.396109903000081 ], [ -6.283922347999976, 53.396651822000081 ], [ -6.284470230999944, 53.396908236000058 ], [ -6.285266308999951, 53.396928391000081 ], [ -6.290336066999942, 53.397814948000082 ], [ -6.290092858999969, 53.398133340000072 ], [ -6.289899474999969, 53.398527164000022 ], [ -6.289691704999939, 53.399463020000042 ], [ -6.290608577999933, 53.401386689000049 ], [ -6.290509596999925, 53.403958396000064 ], [ -6.290774942999974, 53.40465494700004 ], [ -6.290856619999944, 53.405100827000069 ], [ -6.290875205999953, 53.40535391800006 ], [ -6.290886152999974, 53.405720243000083 ], [ -6.290727947999926, 53.406385101000069 ], [ -6.289078980999932, 53.406334737000073 ], [ -6.287909549999938, 53.406142188000047 ], [ -6.286933622999925, 53.406030785000041 ] ] ] } },
{ "type": "Feature", "properties": { "DlCnstt": "Dublin North West", "Lcl_E_A": "Ballymun-Finglas", "Pllng_D": "Ballymun B", "datstNm": "Electoral Division", "nuts2Nm": "Southern and Eastern", "county": "Dublin City", "area": "0.66370311424974" }, "geometry": { "type": "Polygon", "coordinates": [ [ [ -6.27536611499994, 53.405317782000047 ], [ -6.274619414999961, 53.405259828000055 ], [ -6.270922754999958, 53.405231711000056 ], [ -6.26898324299998, 53.40484585400003 ], [ -6.268031814999972, 53.40370204900006 ], [ -6.267570535999937, 53.401992875000083 ], [ -6.262815541999942, 53.401165569000057 ], [ -6.26281135499994, 53.40095814600005 ], [ -6.262789920999977, 53.40015986800006 ], [ -6.262787314999969, 53.400056825000043 ], [ -6.262844384999937, 53.39934622800007 ], [ -6.263099114999932, 53.397588608000042 ], [ -6.263179974999956, 53.396574161000046 ], [ -6.266703714999949, 53.397576513000047 ], [ -6.268488230999935, 53.397711451000077 ], [ -6.269113276999974, 53.397741366000048 ], [ -6.27042860499995, 53.397851825000032 ], [ -6.272508886999958, 53.398237882000046 ], [ -6.273932038999931, 53.398727002000051 ], [ -6.274517147999973, 53.398995730000081 ], [ -6.275073463999945, 53.39929589500008 ], [ -6.275832914999967, 53.399913740000045 ], [ -6.277408607999972, 53.401173861000082 ], [ -6.278559843999972, 53.401681028000041 ], [ -6.279286337999963, 53.402010501000063 ], [ -6.280282064999938, 53.402458254000074 ], [ -6.28083782799996, 53.403205015000026 ], [ -6.280172904999972, 53.403954973000047 ], [ -6.278414391999945, 53.404572951000034 ], [ -6.276179381999953, 53.404586220000056 ], [ -6.27536611499994, 53.405317782000047 ] ] ] } },
{ "type": "Feature", "properties": { "DlCnstt": "Dublin North West", "Lcl_E_A": "Ballymun-Finglas", "Pllng_D": "Ballymun C", "datstNm": "Electoral Division", "nuts2Nm": "Southern and Eastern", "county": "Dublin City", "area": "0.775083486516304" }, "geometry": { "type": "Polygon", "coordinates": [ [ [ -6.251308311999935, 53.392333726000061 ], [ -6.252103102999968, 53.39085076300006 ], [ -6.254479010999944, 53.390902097000037 ], [ -6.256800358999953, 53.391386656000073 ], [ -6.259541255999977, 53.391633278000022 ], [ -6.261381430999961, 53.391647241000051 ], [ -6.262940670999967, 53.391638348000072 ], [ -6.262948269999981, 53.391911895000078 ], [ -6.263175106999937, 53.394127942000075 ], [ -6.262996322999925, 53.394762709000076 ], [ -6.262669546999973, 53.395168092000063 ], [ -6.263207236999961, 53.395440366000059 ], [ -6.263179974999956, 53.396574161000046 ], [ -6.263099114999932, 53.397588608000042 ], [ -6.262844384999937, 53.39934622800007 ], [ -6.262787314999969, 53.400056825000043 ], [ -6.262789920999977, 53.40015986800006 ], [ -6.26281135499994, 53.40095814600005 ], [ -6.261656954999977, 53.400764097000042 ], [ -6.261437496999974, 53.400721480000072 ], [ -6.26047460799998, 53.400560750000075 ], [ -6.260021189999975, 53.400481427000045 ], [ -6.257706944999939, 53.400092785000027 ], [ -6.257499649999943, 53.400056152000047 ], [ -6.255162893999966, 53.399658400000078 ], [ -6.25125851699994, 53.399007888000021 ], [ -6.250619921999942, 53.398845565000045 ], [ -6.250976715999968, 53.397986904000049 ], [ -6.251015914999924, 53.397608284000057 ], [ -6.251168347999965, 53.397143934000042 ], [ -6.250246824999977, 53.396675960000039 ], [ -6.250797328999965, 53.395748853000043 ], [ -6.25062917599996, 53.393252878000055 ], [ -6.251308311999935, 53.392333726000061 ] ] ] } },
{ "type": "Feature", "properties": { "DlCnstt": "Dublin North West", "Lcl_E_A": "Ballymun-Finglas", "Pllng_D": "Ballymun D", "datstNm": "Electoral Division", "nuts2Nm": "Southern and Eastern", "county": "Dublin City", "area": "0.472819671360428" }, "geometry": { "type": "Polygon", "coordinates": [ [ [ -6.262940670999967, 53.391638348000072 ], [ -6.26348007499996, 53.389475980000043 ], [ -6.264092796999932, 53.38951716400004 ], [ -6.265752341999928, 53.390640611000038 ], [ -6.266636472999949, 53.390901247000045 ], [ -6.269050595999944, 53.391666024000081 ], [ -6.270160268999973, 53.39251020100005 ], [ -6.271013810999932, 53.393517605000056 ], [ -6.271422920999953, 53.394052030000068 ], [ -6.273198477999927, 53.394605693000081 ], [ -6.274883367999962, 53.395008920000073 ], [ -6.274454998999944, 53.396539411000049 ], [ -6.274213945999975, 53.397905817000037 ], [ -6.273932038999931, 53.398727002000051 ], [ -6.272508886999958, 53.398237882000046 ], [ -6.27042860499995, 53.397851825000032 ], [ -6.269113276999974, 53.397741366000048 ], [ -6.268488230999935, 53.397711451000077 ], [ -6.266703714999949, 53.397576513000047 ], [ -6.263179974999956, 53.396574161000046 ], [ -6.263207236999961, 53.395440366000059 ], [ -6.262669546999973, 53.395168092000063 ], [ -6.262996322999925, 53.394762709000076 ], [ -6.263175106999937, 53.394127942000075 ], [ -6.262948269999981, 53.391911895000078 ], [ -6.262940670999967, 53.391638348000072 ] ] ] } },
{ "type": "Feature", "properties": { "DlCnstt": "Dublin North West", "Lcl_E_A": "Ballymun-Finglas", "Pllng_D": "Ballymun E", "datstNm": "Electoral Division", "nuts2Nm": "Southern and Eastern", "county": "Dublin City", "area": "0.35421304238011" }, "geometry": { "type": "Polygon", "coordinates": [ [ [ -6.26348007499996, 53.389475980000043 ], [ -6.263780949999955, 53.388911193000069 ], [ -6.264311684999939, 53.389017962000082 ], [ -6.264351903999966, 53.38902772800003 ], [ -6.26538831299996, 53.389228982000077 ], [ -6.266116649999958, 53.389362515000073 ], [ -6.267298142999948, 53.389502900000082 ], [ -6.278237823999973, 53.390233271000056 ], [ -6.278326664999952, 53.390362560000021 ], [ -6.278475497999978, 53.39116271000006 ], [ -6.27840625999994, 53.392288959000041 ], [ -6.278348867999966, 53.393211883000049 ], [ -6.277395812999941, 53.395523245000049 ], [ -6.277111132999948, 53.39556590400008 ], [ -6.276666423999927, 53.395452222000081 ], [ -6.274883367999962, 53.395008920000073 ], [ -6.273198477999927, 53.394605693000081 ], [ -6.271422920999953, 53.394052030000068 ], [ -6.271013810999932, 53.393517605000056 ], [ -6.270160268999973, 53.39251020100005 ], [ -6.269050595999944, 53.391666024000081 ], [ -6.266636472999949, 53.390901247000045 ], [ -6.265752341999928, 53.390640611000038 ], [ -6.264092796999932, 53.38951716400004 ], [ -6.26348007499996, 53.389475980000043 ] ] ] } },
{ "type": "Feature", "properties": { "DlCnstt": "Dublin North West", "Lcl_E_A": "Ballymun-Finglas", "Pllng_D": "Ballymun F", "datstNm": "Electoral Division", "nuts2Nm": "Southern and Eastern", "county": "Dublin City", "area": "0.437397136778614" }, "geometry": { "type": "Polygon", "coordinates": [ [ [ -6.283922347999976, 53.396651822000081 ], [ -6.282410307999953, 53.396109903000081 ], [ -6.280709737999928, 53.39612573800008 ], [ -6.277395812999941, 53.395523245000049 ], [ -6.278348867999966, 53.393211883000049 ], [ -6.27840625999994, 53.392288959000041 ], [ -6.278475497999978, 53.39116271000006 ], [ -6.278326664999952, 53.390362560000021 ], [ -6.278237823999973, 53.390233271000056 ], [ -6.278522306999945, 53.390075811000031 ], [ -6.280237716999977, 53.390318734000061 ], [ -6.285204160999968, 53.390249794000056 ], [ -6.286253212999952, 53.390179772000074 ], [ -6.28685335299997, 53.390127463000056 ], [ -6.286615512999958, 53.391959048000047 ], [ -6.285803132999945, 53.393152752000049 ], [ -6.28858224199996, 53.394397836000046 ], [ -6.288653373999978, 53.394428727000047 ], [ -6.289192819999926, 53.394685438000074 ], [ -6.288746172999936, 53.395075700000064 ], [ -6.287701311999968, 53.395657945000039 ], [ -6.287134945999981, 53.39592177600008 ], [ -6.290913881999927, 53.397280572000057 ], [ -6.290336066999942, 53.397814948000082 ], [ -6.285266308999951, 53.396928391000081 ], [ -6.284470230999944, 53.396908236000058 ], [ -6.283922347999976, 53.396651822000081 ] ] ] } },
{ "type": "Feature", "properties": { "DlCnstt": "Dublin North West", "Lcl_E_A": "Artane-Whitehall", "Pllng_D": "Beaumont A", "datstNm": "Electoral Division", "nuts2Nm": "Southern and Eastern", "county": "Dublin City", "area": "0.515946794601167" }, "geometry": { "type": "Polygon", "coordinates": [ [ [ -6.230919894999944, 53.393646816000057 ], [ -6.228735245999928, 53.392738555000051 ], [ -6.228934176999928, 53.391089226000076 ], [ -6.231914821999965, 53.390818030000048 ], [ -6.232205819999932, 53.390469494000058 ], [ -6.233438335999949, 53.390526528000073 ], [ -6.23355664199994, 53.390187064000031 ], [ -6.230072379999967, 53.389277711000034 ], [ -6.229808701999957, 53.389224217000049 ], [ -6.229714041999955, 53.389138092000046 ], [ -6.229708072999927, 53.387779756000043 ], [ -6.230144601999938, 53.387331787000051 ], [ -6.22958641699995, 53.385904082000081 ], [ -6.229709896999964, 53.385419508000041 ], [ -6.23239394999996, 53.385119259000078 ], [ -6.232910052999955, 53.385912241000021 ], [ -6.235025964999977, 53.387525960000062 ], [ -6.236059922999971, 53.387691331000042 ], [ -6.236214571999938, 53.387696689000045 ], [ -6.237763137999934, 53.387622819000057 ], [ -6.241630974999964, 53.38729648900005 ], [ -6.241458867999937, 53.387973900000077 ], [ -6.240436715999977, 53.39206594500007 ], [ -6.239369985999929, 53.392269738000039 ], [ -6.237829514999929, 53.392563369000072 ], [ -6.237482996999972, 53.393137591000027 ], [ -6.236665893999941, 53.39347205200005 ], [ -6.23587546899995, 53.393173360000048 ], [ -6.234310026999936, 53.393663405000041 ], [ -6.23293220499994, 53.393579939000062 ], [ -6.232651910999948, 53.39398136300008 ], [ -6.231916232999936, 53.39392353900007 ], [ -6.230919894999944, 53.393646816000057 ] ] ] } },
{ "type": "Feature", "properties": { "DlCnstt": "Dublin North West", "Lcl_E_A": "Ballymun-Finglas", "Pllng_D": "Finglas North A", "datstNm": "Electoral Division", "nuts2Nm": "Southern and Eastern", "county": "Dublin City", "area": "0.728549372266252" }, "geometry": { "type": "Polygon", "coordinates": [ [ [ -6.306421428999953, 53.399078402000043 ], [ -6.305871517999947, 53.398374068000074 ], [ -6.309294374999979, 53.397546694000027 ], [ -6.310362803999965, 53.395956851000051 ], [ -6.309582491999947, 53.395677857000074 ], [ -6.309965873999944, 53.394976309000072 ], [ -6.31084567399995, 53.39363277800004 ], [ -6.311245723999946, 53.393021882000021 ], [ -6.310663200999953, 53.392541417000082 ], [ -6.310610886999938, 53.391837503000033 ], [ -6.310576802999947, 53.391051616000027 ], [ -6.310559725999951, 53.390644739000038 ], [ -6.310556781999935, 53.390574217000051 ], [ -6.310601701999929, 53.389937714000041 ], [ -6.31133714799995, 53.389602431000071 ], [ -6.311444268999935, 53.388977854000082 ], [ -6.314442818999964, 53.389669378000072 ], [ -6.317548211999962, 53.390294010000048 ], [ -6.318295380999928, 53.391169943000079 ], [ -6.320281020999971, 53.392150513000047 ], [ -6.319550098999969, 53.394354559000078 ], [ -6.318174415999977, 53.394119128000057 ], [ -6.318837028999951, 53.39722104100008 ], [ -6.31821810699995, 53.397230585000045 ], [ -6.317404591999946, 53.400189056000045 ], [ -6.313238639999952, 53.399073919000045 ], [ -6.310058290999962, 53.402183993000051 ], [ -6.308858406999946, 53.402160265000077 ], [ -6.306421428999953, 53.399078402000043 ] ] ] } },
{ "type": "Feature", "properties": { "DlCnstt": "Dublin North West", "Lcl_E_A": "Ballymun-Finglas", "Pllng_D": "Finglas North B", "datstNm": "Electoral Division", "nuts2Nm": "Southern and Eastern", "county": "Dublin City", "area": "0.647519560636907" }, "geometry": { "type": "Polygon", "coordinates": [ [ [ -6.298389614999961, 53.387996369000064 ], [ -6.300720701999977, 53.387481573000059 ], [ -6.303359070999932, 53.38780455400007 ], [ -6.303470707999964, 53.387809312000059 ], [ -6.304353727999967, 53.387750545000081 ], [ -6.30646814499994, 53.387962574000021 ], [ -6.31004041999995, 53.388641922000033 ], [ -6.311444268999935, 53.388977854000082 ], [ -6.31133714799995, 53.389602431000071 ], [ -6.310601701999929, 53.389937714000041 ], [ -6.310556781999935, 53.390574217000051 ], [ -6.310559725999951, 53.390644739000038 ], [ -6.310576802999947, 53.391051616000027 ], [ -6.310610886999938, 53.391837503000033 ], [ -6.310663200999953, 53.392541417000082 ], [ -6.311245723999946, 53.393021882000021 ], [ -6.31084567399995, 53.39363277800004 ], [ -6.309965873999944, 53.394976309000072 ], [ -6.309582491999947, 53.395677857000074 ], [ -6.310362803999965, 53.395956851000051 ], [ -6.309294374999979, 53.397546694000027 ], [ -6.305871517999947, 53.398374068000074 ], [ -6.305337625999925, 53.397682037000038 ], [ -6.304117308999936, 53.396102404000032 ], [ -6.301220108999928, 53.39296046100003 ], [ -6.299999182999954, 53.390648911000021 ], [ -6.29965227799994, 53.389801793000061 ], [ -6.299205004999976, 53.388737248000041 ], [ -6.298389614999961, 53.387996369000064 ] ] ] } },
{ "type": "Feature", "properties": { "DlCnstt": "Dublin North West", "Lcl_E_A": "Ballymun-Finglas", "Pllng_D": "Finglas North C", "datstNm": "Electoral Division", "nuts2Nm": "Southern and Eastern", "county": "Dublin City", "area": "1.11026640966237" }, "geometry": { "type": "Polygon", "coordinates": [ [ [ -6.301946354999927, 53.400562964000073 ], [ -6.301832102999981, 53.400007583000047 ], [ -6.301474565999968, 53.400269429000048 ], [ -6.300131423999972, 53.400162071000075 ], [ -6.290336066999942, 53.397814948000082 ], [ -6.290913881999927, 53.397280572000057 ], [ -6.287134945999981, 53.39592177600008 ], [ -6.287701311999968, 53.395657945000039 ], [ -6.288746172999936, 53.395075700000064 ], [ -6.289192819999926, 53.394685438000074 ], [ -6.288653373999978, 53.394428727000047 ], [ -6.28858224199996, 53.394397836000046 ], [ -6.285803132999945, 53.393152752000049 ], [ -6.286615512999958, 53.391959048000047 ], [ -6.28685335299997, 53.390127463000056 ], [ -6.289155966999942, 53.389893485000073 ], [ -6.290748806999943, 53.389718247000083 ], [ -6.292604646999962, 53.389535581000082 ], [ -6.29739322699993, 53.389903851000042 ], [ -6.29965227799994, 53.389801793000061 ], [ -6.299999182999954, 53.390648911000021 ], [ -6.301220108999928, 53.39296046100003 ], [ -6.304117308999936, 53.396102404000032 ], [ -6.305337625999925, 53.397682037000038 ], [ -6.305871517999947, 53.398374068000074 ], [ -6.306421428999953, 53.399078402000043 ], [ -6.308858406999946, 53.402160265000077 ], [ -6.30867471299996, 53.40251627400005 ], [ -6.307316083999979, 53.402565368000069 ], [ -6.307170081999971, 53.401645709000043 ], [ -6.301946354999927, 53.400562964000073 ] ] ] } },
{ "type": "Feature", "properties": { "DlCnstt": "Dublin North West", "Lcl_E_A": "Ballymun-Finglas", "Pllng_D": "Finglas South A", "datstNm": "Electoral Division", "nuts2Nm": "Southern and Eastern", "county": "Dublin City", "area": "0.587633519962214" }, "geometry": { "type": "Polygon", "coordinates": [ [ [ -6.305576906999932, 53.384895046000047 ], [ -6.308253570999966, 53.383253935000027 ], [ -6.310257727999954, 53.383573622000021 ], [ -6.311325360999945, 53.383696431000033 ], [ -6.311204855999961, 53.383524652000062 ], [ -6.313435053999967, 53.383633788000047 ], [ -6.316479122999965, 53.384327436000042 ], [ -6.317564190999974, 53.384470837000038 ], [ -6.318435692999969, 53.383823265000046 ], [ -6.319354631999944, 53.384877417000041 ], [ -6.318943908999927, 53.386539160000041 ], [ -6.320141227999954, 53.388437252000081 ], [ -6.320051133999925, 53.388921002000082 ], [ -6.318295380999928, 53.391169943000079 ], [ -6.317548211999962, 53.390294010000048 ], [ -6.314442818999964, 53.389669378000072 ], [ -6.311444268999935, 53.388977854000082 ], [ -6.31004041999995, 53.388641922000033 ], [ -6.30646814499994, 53.387962574000021 ], [ -6.304353727999967, 53.387750545000081 ], [ -6.302613239999971, 53.386153364000045 ], [ -6.30365962299993, 53.38577532000005 ], [ -6.305576906999932, 53.384895046000047 ] ] ] } },
{ "type": "Feature", "properties": { "DlCnstt": "Dublin North West", "Lcl_E_A": "Ballymun-Finglas", "Pllng_D": "Finglas South B", "datstNm": "Electoral Division", "nuts2Nm": "Southern and Eastern", "county": "Dublin City", "area": "0.995656036656034" }, "geometry": { "type": "Polygon", "coordinates": [ [ [ -6.298389614999961, 53.387996369000064 ], [ -6.297278249999977, 53.38709613900005 ], [ -6.292973336999977, 53.383782865000057 ], [ -6.291691035999976, 53.382793607000046 ], [ -6.291105517999938, 53.382336996000049 ], [ -6.29046600199996, 53.38190176300003 ], [ -6.289994723999939, 53.381581329000021 ], [ -6.289301832999968, 53.381194823000051 ], [ -6.287970406999932, 53.380324706000074 ], [ -6.287627068999939, 53.379932047000075 ], [ -6.287337047999928, 53.379528850000042 ], [ -6.286620325999934, 53.377409316000069 ], [ -6.285505920999981, 53.375716234000038 ], [ -6.286531234999927, 53.37657310600008 ], [ -6.28798640499997, 53.377154781000058 ], [ -6.289336141999968, 53.377311927000051 ], [ -6.29092520599994, 53.377289141000063 ], [ -6.294864656999948, 53.376731190000051 ], [ -6.297225501999947, 53.376096555000061 ], [ -6.298777231999964, 53.376018799000072 ], [ -6.30071772499997, 53.375736661000083 ], [ -6.30214799099997, 53.376042183000038 ], [ -6.303432323999971, 53.375838976000075 ], [ -6.30354368999997, 53.378121915000072 ], [ -6.304024452999953, 53.380113975000022 ], [ -6.303172108999945, 53.380505721000077 ], [ -6.302663845999973, 53.38123857100004 ], [ -6.302393482999945, 53.38186190600004 ], [ -6.302247922999925, 53.382153362000047 ], [ -6.301911458999939, 53.38250640800004 ], [ -6.302466378999952, 53.38252434900005 ], [ -6.302489561999948, 53.38286585700007 ], [ -6.302544119999936, 53.384307435000039 ], [ -6.303104813999937, 53.385102291000074 ], [ -6.30365962299993, 53.38577532000005 ], [ -6.302613239999971, 53.386153364000045 ], [ -6.304353727999967, 53.387750545000081 ], [ -6.303470707999964, 53.387809312000059 ], [ -6.303359070999932, 53.38780455400007 ], [ -6.300720701999977, 53.387481573000059 ], [ -6.298389614999961, 53.387996369000064 ] ] ] } },
{ "type": "Feature", "properties": { "DlCnstt": "Dublin North West", "Lcl_E_A": "Ballymun-Finglas", "Pllng_D": "Finglas South C", "datstNm": "Electoral Division", "nuts2Nm": "Southern and Eastern", "county": "Dublin City", "area": "0.366253902688417" }, "geometry": { "type": "Polygon", "coordinates": [ [ [ -6.302544119999936, 53.384307435000039 ], [ -6.302489561999948, 53.38286585700007 ], [ -6.302466378999952, 53.38252434900005 ], [ -6.301911458999939, 53.38250640800004 ], [ -6.302247922999925, 53.382153362000047 ], [ -6.302393482999945, 53.38186190600004 ], [ -6.302663845999973, 53.38123857100004 ], [ -6.303172108999945, 53.380505721000077 ], [ -6.304024452999953, 53.380113975000022 ], [ -6.30354368999997, 53.378121915000072 ], [ -6.303432323999971, 53.375838976000075 ], [ -6.304527809999968, 53.376774066000046 ], [ -6.307644364999931, 53.37771030600004 ], [ -6.309552020999945, 53.377865688000043 ], [ -6.309720510999966, 53.380151743000056 ], [ -6.309752861999924, 53.380414732000077 ], [ -6.310124895999934, 53.381861062000041 ], [ -6.311204855999961, 53.383524652000062 ], [ -6.311325360999945, 53.383696431000033 ], [ -6.310257727999954, 53.383573622000021 ], [ -6.308253570999966, 53.383253935000027 ], [ -6.305576906999932, 53.384895046000047 ], [ -6.30365962299993, 53.38577532000005 ], [ -6.303104813999937, 53.385102291000074 ], [ -6.302544119999936, 53.384307435000039 ] ] ] } },
{ "type": "Feature", "properties": { "DlCnstt": "Dublin North West", "Lcl_E_A": "Ballymun-Finglas", "Pllng_D": "Finglas South D", "datstNm": "Electoral Division", "nuts2Nm": "Southern and Eastern", "county": "Dublin City", "area": "0.440571798087459" }, "geometry": { "type": "Polygon", "coordinates": [ [ [ -6.319354631999944, 53.384877417000041 ], [ -6.318435692999969, 53.383823265000046 ], [ -6.317564190999974, 53.384470837000038 ], [ -6.316479122999965, 53.384327436000042 ], [ -6.313435053999967, 53.383633788000047 ], [ -6.311204855999961, 53.383524652000062 ], [ -6.310124895999934, 53.381861062000041 ], [ -6.309752861999924, 53.380414732000077 ], [ -6.309720510999966, 53.380151743000056 ], [ -6.309552020999945, 53.377865688000043 ], [ -6.310463220999964, 53.377916027000026 ], [ -6.313149330999977, 53.378200523000032 ], [ -6.314422338999975, 53.377736107000032 ], [ -6.314832835999937, 53.378030264000081 ], [ -6.314930064999942, 53.378077131000055 ], [ -6.316919204999977, 53.378301789000034 ], [ -6.318679510999971, 53.379259557000069 ], [ -6.319972316999952, 53.379570074000071 ], [ -6.321080060999975, 53.379438973000049 ], [ -6.320854101999942, 53.380673344000058 ], [ -6.320373920999941, 53.38206761400005 ], [ -6.320067928999947, 53.382411162000039 ], [ -6.320504860999961, 53.382533171000034 ], [ -6.321206139999958, 53.382927030000083 ], [ -6.320171838999953, 53.384461333000047 ], [ -6.319354631999944, 53.384877417000041 ] ] ] } },
{ "type": "Feature", "properties": { "DlCnstt": "Dublin North West", "Lcl_E_A": "Artane-Whitehall", "Pllng_D": "Whitehall A", "datstNm": "Electoral Division", "nuts2Nm": "Southern and Eastern", "county": "Dublin City", "area": "1.30973330889205" }, "geometry": { "type": "Polygon", "coordinates": [ [ [ -6.248783154999956, 53.37614827200008 ], [ -6.249386216999937, 53.37557817000004 ], [ -6.254461384999956, 53.376663387000072 ], [ -6.258113528999957, 53.377315638000027 ], [ -6.261873733999948, 53.377977121000072 ], [ -6.264310014999977, 53.378411836000055 ], [ -6.264876471999969, 53.380237196000046 ], [ -6.264191250999943, 53.384626705000073 ], [ -6.264106510999966, 53.386488674000077 ], [ -6.264227979999929, 53.388107914000045 ], [ -6.263780949999955, 53.388911193000069 ], [ -6.261836330999927, 53.388515268000049 ], [ -6.25737545399994, 53.387375125000062 ], [ -6.250098279999976, 53.384674698000026 ], [ -6.249417188999928, 53.38443030600007 ], [ -6.248898543999928, 53.384240266000063 ], [ -6.245970332999946, 53.383150544000046 ], [ -6.243496038999979, 53.382245614000055 ], [ -6.245377473999952, 53.379573433000083 ], [ -6.24807943899998, 53.376655287000062 ], [ -6.248783154999956, 53.37614827200008 ] ] ] } },
{ "type": "Feature", "properties": { "DlCnstt": "Dublin North West", "Lcl_E_A": "Ballymun-Finglas", "Pllng_D": "Whitehall B", "datstNm": "Electoral Division", "nuts2Nm": "Southern and Eastern", "county": "Dublin City", "area": "0.754710586193515" }, "geometry": { "type": "Polygon", "coordinates": [ [ [ -6.248374914999943, 53.39036410600005 ], [ -6.248164976999931, 53.389381601000082 ], [ -6.245280309999941, 53.38955547300003 ], [ -6.244640573999959, 53.388237457000059 ], [ -6.243450390999953, 53.387478738000027 ], [ -6.242390929999942, 53.387349934000042 ], [ -6.241630974999964, 53.38729648900005 ], [ -6.242618291999976, 53.383906574000036 ], [ -6.243496038999979, 53.382245614000055 ], [ -6.245970332999946, 53.383150544000046 ], [ -6.248898543999928, 53.384240266000063 ], [ -6.249417188999928, 53.38443030600007 ], [ -6.250098279999976, 53.384674698000026 ], [ -6.25737545399994, 53.387375125000062 ], [ -6.261836330999927, 53.388515268000049 ], [ -6.263780949999955, 53.388911193000069 ], [ -6.26348007499996, 53.389475980000043 ], [ -6.262940670999967, 53.391638348000072 ], [ -6.261381430999961, 53.391647241000051 ], [ -6.259541255999977, 53.391633278000022 ], [ -6.256800358999953, 53.391386656000073 ], [ -6.254479010999944, 53.390902097000037 ], [ -6.252103102999968, 53.39085076300006 ], [ -6.249410000999944, 53.390789569000049 ], [ -6.248374914999943, 53.39036410600005 ] ] ] } },
{ "type": "Feature", "properties": { "DlCnstt": "Dublin North West", "Lcl_E_A": "Ballymun-Finglas", "Pllng_D": "Whitehall C", "datstNm": "Electoral Division", "nuts2Nm": "Southern and Eastern", "county": "Dublin City", "area": "0.737355292968516" }, "geometry": { "type": "Polygon", "coordinates": [ [ [ -6.250619921999942, 53.398845565000045 ], [ -6.244079633999945, 53.397093447000032 ], [ -6.243154518999972, 53.398311292000081 ], [ -6.240659941999979, 53.397865026000034 ], [ -6.238996419999977, 53.397487757000079 ], [ -6.238816759999963, 53.397433400000075 ], [ -6.237682405999976, 53.397093404000032 ], [ -6.240024988999949, 53.393272816000042 ], [ -6.240436715999977, 53.39206594500007 ], [ -6.241458867999937, 53.387973900000077 ], [ -6.241630974999964, 53.38729648900005 ], [ -6.242390929999942, 53.387349934000042 ], [ -6.243450390999953, 53.387478738000027 ], [ -6.244640573999959, 53.388237457000059 ], [ -6.245280309999941, 53.38955547300003 ], [ -6.248164976999931, 53.389381601000082 ], [ -6.248374914999943, 53.39036410600005 ], [ -6.249410000999944, 53.390789569000049 ], [ -6.252103102999968, 53.39085076300006 ], [ -6.251308311999935, 53.392333726000061 ], [ -6.25062917599996, 53.393252878000055 ], [ -6.250797328999965, 53.395748853000043 ], [ -6.250246824999977, 53.396675960000039 ], [ -6.251168347999965, 53.397143934000042 ], [ -6.251015914999924, 53.397608284000057 ], [ -6.250976715999968, 53.397986904000049 ], [ -6.250619921999942, 53.398845565000045 ] ] ] } },
{ "type": "Feature", "properties": { "DlCnstt": "Dublin North West", "Lcl_E_A": "Ballymun-Finglas", "Pllng_D": "Whitehall D", "datstNm": "Electoral Division", "nuts2Nm": "Southern and Eastern", "county": "Dublin City", "area": "0.693231397348636" }, "geometry": { "type": "Polygon", "coordinates": [ [ [ -6.241329322999945, 53.375655885000072 ], [ -6.242252830999973, 53.373639979000082 ], [ -6.246271270999955, 53.374732208000069 ], [ -6.249386216999937, 53.37557817000004 ], [ -6.248783154999956, 53.37614827200008 ], [ -6.24807943899998, 53.376655287000062 ], [ -6.245377473999952, 53.379573433000083 ], [ -6.243496038999979, 53.382245614000055 ], [ -6.242618291999976, 53.383906574000036 ], [ -6.241630974999964, 53.38729648900005 ], [ -6.237763137999934, 53.387622819000057 ], [ -6.236214571999938, 53.387696689000045 ], [ -6.236059922999971, 53.387691331000042 ], [ -6.235025964999977, 53.387525960000062 ], [ -6.232910052999955, 53.385912241000021 ], [ -6.23239394999996, 53.385119259000078 ], [ -6.235258657999964, 53.384339012000055 ], [ -6.236024746999931, 53.383648844000049 ], [ -6.236853039999971, 53.382396118000031 ], [ -6.237560193999968, 53.381505770000047 ], [ -6.23821503399995, 53.380841450000048 ], [ -6.240296367999974, 53.377771442000039 ], [ -6.24070620699996, 53.376957996000051 ], [ -6.241104001999929, 53.376161511000078 ], [ -6.241329322999945, 53.375655885000072 ] ] ] } },
{ "type": "Feature", "properties": { "DlCnstt": "Dublin South Central", "Lcl_E_A": "Ballyfermot-Drimnagh", "Pllng_D": "Carna", "datstNm": "Electoral Division", "nuts2Nm": "Southern and Eastern", "county": "Dublin City", "area": "0.572854420096553" }, "geometry": { "type": "Polygon", "coordinates": [ [ [ -6.355320449999965, 53.34086162400007 ], [ -6.353031113999975, 53.33749154800006 ], [ -6.354446592999977, 53.337285054000063 ], [ -6.356845386999964, 53.337457767000046 ], [ -6.357075982999959, 53.337439496000059 ], [ -6.359737785999926, 53.337244292000037 ], [ -6.360040781999942, 53.338164730000081 ], [ -6.362804129999972, 53.338047626000048 ], [ -6.365855513999975, 53.338480126000043 ], [ -6.367026876999944, 53.338789039000062 ], [ -6.371405815999936, 53.33953450000007 ], [ -6.371221035999952, 53.33997038900003 ], [ -6.371766144999981, 53.340104715000045 ], [ -6.371541424999975, 53.341784567000047 ], [ -6.369180170999925, 53.342979728000046 ], [ -6.369535242999973, 53.343388064000074 ], [ -6.362866713999948, 53.342834846000073 ], [ -6.359479513999929, 53.342549329000072 ], [ -6.355141928999956, 53.342347222000058 ], [ -6.354942594999955, 53.342170769000063 ], [ -6.355320449999965, 53.34086162400007 ] ] ] } },
{ "type": "Feature", "properties": { "DlCnstt": "Dublin South Central", "Lcl_E_A": "Ballyfermot-Drimnagh", "Pllng_D": "Chapelizod", "datstNm": "Electoral Division", "nuts2Nm": "Southern and Eastern", "county": "Dublin City", "area": "1.16976500531177" }, "geometry": { "type": "Polygon", "coordinates": [ [ [ -6.350213348999944, 53.354631415000021 ], [ -6.344554220999953, 53.350952430000063 ], [ -6.341091479999932, 53.348853160000033 ], [ -6.337137312999971, 53.34668636400005 ], [ -6.331851215999961, 53.346313751000082 ], [ -6.328646773999935, 53.346153111000042 ], [ -6.328835914999956, 53.345258647000037 ], [ -6.329251527999928, 53.343162533000047 ], [ -6.329335580999953, 53.342732012000056 ], [ -6.329452472999947, 53.342103656000063 ], [ -6.334467758999949, 53.343065606000039 ], [ -6.336366557999952, 53.342792905000074 ], [ -6.33796369199996, 53.34215703600006 ], [ -6.339710785999955, 53.341632863000022 ], [ -6.341579182999965, 53.341654950000077 ], [ -6.344636234999939, 53.342236311000079 ], [ -6.347292737999965, 53.342121931000072 ], [ -6.347801361999928, 53.341821732000021 ], [ -6.348436642999957, 53.342035507000048 ], [ -6.347995958999944, 53.342482218000043 ], [ -6.348415678999969, 53.343491909000079 ], [ -6.350579296999968, 53.345555162000039 ], [ -6.35191341899997, 53.347694386000057 ], [ -6.352161768999963, 53.349741900000026 ], [ -6.352137308999943, 53.349862292000068 ], [ -6.351824414999953, 53.350796435000063 ], [ -6.352395636999972, 53.350959086000046 ], [ -6.355896684999948, 53.352055101000083 ], [ -6.354777775999935, 53.353516072000048 ], [ -6.353067671999952, 53.353323357000079 ], [ -6.35171464499996, 53.353493164000042 ], [ -6.351375605999976, 53.353545230000073 ], [ -6.350213348999944, 53.354631415000021 ] ] ] } },
{ "type": "Feature", "properties": { "DlCnstt": "Dublin South Central", "Lcl_E_A": "Ballyfermot-Drimnagh", "Pllng_D": "Cherry Orchard A", "datstNm": "Electoral Division", "nuts2Nm": "Southern and Eastern", "county": "Dublin City", "area": "0.975027852150031" }, "geometry": { "type": "Polygon", "coordinates": [ [ [ -6.369180170999925, 53.342979728000046 ], [ -6.371541424999975, 53.341784567000047 ], [ -6.371766144999981, 53.340104715000045 ], [ -6.371221035999952, 53.33997038900003 ], [ -6.371405815999936, 53.33953450000007 ], [ -6.373506364999969, 53.337503155000043 ], [ -6.371274902999971, 53.336746290000072 ], [ -6.372856675999969, 53.334112162000046 ], [ -6.377043381999954, 53.333786205000081 ], [ -6.378068390999943, 53.333706882000058 ], [ -6.38162867899996, 53.333431387000083 ], [ -6.384848271999942, 53.336813236000069 ], [ -6.386023873999932, 53.339552825000055 ], [ -6.385994075999975, 53.342039278000072 ], [ -6.385797255999933, 53.34333282700004 ], [ -6.384174323999956, 53.342805741000063 ], [ -6.383153680999953, 53.342882834000079 ], [ -6.38254118499998, 53.342516598000032 ], [ -6.380295322999928, 53.34348129600005 ], [ -6.379420791999961, 53.343706914000045 ], [ -6.37877238699997, 53.344861449000064 ], [ -6.375178651999931, 53.344055425000079 ], [ -6.369535242999973, 53.343388064000074 ], [ -6.369180170999925, 53.342979728000046 ] ] ] } },
{ "type": "Feature", "properties": { "DlCnstt": "Dublin South Central", "Lcl_E_A": "Ballyfermot-Drimnagh", "Pllng_D": "Cherry Orchard C", "datstNm": "Electoral Division", "nuts2Nm": "Southern and Eastern", "county": "Dublin City", "area": "1.4323760074789" }, "geometry": { "type": "Polygon", "coordinates": [ [ [ -6.365855513999975, 53.338480126000043 ], [ -6.362804129999972, 53.338047626000048 ], [ -6.360040781999942, 53.338164730000081 ], [ -6.359737785999926, 53.337244292000037 ], [ -6.357075982999959, 53.337439496000059 ], [ -6.356845386999964, 53.337457767000046 ], [ -6.354446592999977, 53.337285054000063 ], [ -6.353031113999975, 53.33749154800006 ], [ -6.353203891999954, 53.335704546000045 ], [ -6.35517294899995, 53.33174211000005 ], [ -6.350341986999978, 53.331833352000046 ], [ -6.348580311999967, 53.331580041000045 ], [ -6.349675954999952, 53.331457413000074 ], [ -6.37634126599994, 53.328301963000058 ], [ -6.379386782999973, 53.331317252000083 ], [ -6.38162867899996, 53.333431387000083 ], [ -6.378068390999943, 53.333706882000058 ], [ -6.377043381999954, 53.333786205000081 ], [ -6.372856675999969, 53.334112162000046 ], [ -6.371274902999971, 53.336746290000072 ], [ -6.373506364999969, 53.337503155000043 ], [ -6.371405815999936, 53.33953450000007 ], [ -6.367026876999944, 53.338789039000062 ], [ -6.365855513999975, 53.338480126000043 ] ] ] } },
{ "type": "Feature", "properties": { "DlCnstt": "Dublin South Central", "Lcl_E_A": "Ballyfermot-Drimnagh", "Pllng_D": "Crumlin A", "datstNm": "Electoral Division", "nuts2Nm": "Southern and Eastern", "county": "Dublin City", "area": "0.537929517151489" }, "geometry": { "type": "Polygon", "coordinates": [ [ [ -6.319217537999975, 53.330552348000026 ], [ -6.322509908999962, 53.329741089000038 ], [ -6.322902014999953, 53.329750937000021 ], [ -6.324214231999974, 53.329345576000037 ], [ -6.326082027999973, 53.328910136000047 ], [ -6.32862462099996, 53.328482944000022 ], [ -6.330503392999958, 53.328634523000062 ], [ -6.327563316999942, 53.331770925000058 ], [ -6.326150429999928, 53.334243141000059 ], [ -6.323996898999951, 53.334495479000047 ], [ -6.320004946999973, 53.334963135000073 ], [ -6.317406957999936, 53.335260264000055 ], [ -6.316707444999963, 53.335338985000078 ], [ -6.316651649999926, 53.335345263000079 ], [ -6.313244616999953, 53.335739028000042 ], [ -6.312007150999932, 53.335887516000071 ], [ -6.311494245999937, 53.335945431000027 ], [ -6.311225401999934, 53.33518280800007 ], [ -6.310877058999949, 53.334247023000046 ], [ -6.310787450999952, 53.334014533000072 ], [ -6.310504736999974, 53.333244304000061 ], [ -6.316330066999967, 53.332160799000064 ], [ -6.316558104999956, 53.331831992000048 ], [ -6.319093954999971, 53.330610764000021 ], [ -6.319217537999975, 53.330552348000026 ] ] ] } },
{ "type": "Feature", "properties": { "DlCnstt": "Dublin South Central", "Lcl_E_A": "Kimmage-Rathmines", "Pllng_D": "Crumlin B", "datstNm": "Electoral Division", "nuts2Nm": "Southern and Eastern", "county": "Dublin City", "area": "0.751838070609681" }, "geometry": { "type": "Polygon", "coordinates": [ [ [ -6.307800197999939, 53.32745962100006 ], [ -6.310505330999945, 53.326875832000042 ], [ -6.310589680999954, 53.32716279400006 ], [ -6.311909347999972, 53.327134700000045 ], [ -6.312092297999925, 53.329510877000082 ], [ -6.309810340999944, 53.330441019000034 ], [ -6.309938227999965, 53.331142705000047 ], [ -6.310046403999934, 53.331830682000032 ], [ -6.310235557999931, 53.332519529000081 ], [ -6.310504736999974, 53.333244304000061 ], [ -6.310787450999952, 53.334014533000072 ], [ -6.310877058999949, 53.334247023000046 ], [ -6.311225401999934, 53.33518280800007 ], [ -6.311494245999937, 53.335945431000027 ], [ -6.310899517999928, 53.33601305600007 ], [ -6.308332793999966, 53.336310438000055 ], [ -6.305710949999934, 53.336618804000075 ], [ -6.305654910999976, 53.336626514000045 ], [ -6.305290513999978, 53.336668692000046 ], [ -6.302706281999974, 53.335675867000077 ], [ -6.299019186999942, 53.334244028000057 ], [ -6.297569248999936, 53.333691620000081 ], [ -6.296922092999978, 53.331830891000038 ], [ -6.296927599999947, 53.330951267000046 ], [ -6.297147854999936, 53.329989650000073 ], [ -6.297220203999928, 53.329879712000043 ], [ -6.298142905999953, 53.329566359000069 ], [ -6.303961544999936, 53.328284106000069 ], [ -6.305286334999948, 53.328001 ], [ -6.30665120499998, 53.327705940000051 ], [ -6.30677781199995, 53.327679828000043 ], [ -6.307800197999939, 53.32745962100006 ] ] ] } },
{ "type": "Feature", "properties": { "DlCnstt": "Dublin South Central", "Lcl_E_A": "Kimmage-Rathmines", "Pllng_D": "Crumlin C", "datstNm": "Electoral Division", "nuts2Nm": "Southern and Eastern", "county": "Dublin City", "area": "0.496559508345826" }, "geometry": { "type": "Polygon", "coordinates": [ [ [ -6.289288262999945, 53.326707289000069 ], [ -6.295803242999966, 53.325519279000048 ], [ -6.296749324999952, 53.326975665000077 ], [ -6.297372189999976, 53.328180320000058 ], [ -6.297220203999928, 53.329879712000043 ], [ -6.297147854999936, 53.329989650000073 ], [ -6.296927599999947, 53.330951267000046 ], [ -6.296922092999978, 53.331830891000038 ], [ -6.297569248999936, 53.333691620000081 ], [ -6.295524387999933, 53.332918715000062 ], [ -6.294071633999977, 53.332484412000042 ], [ -6.293823791999955, 53.33240969600007 ], [ -6.292317208999975, 53.331973087000051 ], [ -6.292229875999965, 53.331948558000079 ], [ -6.286942918999955, 53.331004593000046 ], [ -6.28561362499994, 53.330811059000041 ], [ -6.283574661999977, 53.330513398000051 ], [ -6.283061941999961, 53.330450244000083 ], [ -6.283509476999939, 53.329364087000044 ], [ -6.284491976999959, 53.328642867000042 ], [ -6.286452467999936, 53.327487615000045 ], [ -6.289288262999945, 53.326707289000069 ] ] ] } },
{ "type": "Feature", "properties": { "DlCnstt": "Dublin South Central", "Lcl_E_A": "Kimmage-Rathmines", "Pllng_D": "Crumlin D", "datstNm": "Electoral Division", "nuts2Nm": "Southern and Eastern", "county": "Dublin City", "area": "0.586002897998363" }, "geometry": { "type": "Polygon", "coordinates": [ [ [ -6.295803242999966, 53.325519279000048 ], [ -6.298868876999961, 53.324825601000043 ], [ -6.300919485999941, 53.324606297000059 ], [ -6.301110929999936, 53.324618186000073 ], [ -6.302680729999963, 53.32470765000005 ], [ -6.304962969999963, 53.324856570000073 ], [ -6.305351491999943, 53.324878480000045 ], [ -6.306999074999965, 53.324988119000075 ], [ -6.307892683999968, 53.32505401800006 ], [ -6.307979889999956, 53.325055130000074 ], [ -6.308623292999926, 53.324595788000074 ], [ -6.310779847999981, 53.323804718000083 ], [ -6.312302028999966, 53.32249250600006 ], [ -6.314285974999962, 53.321345643000022 ], [ -6.31527467899997, 53.32023674800007 ], [ -6.31537646299995, 53.320307077000045 ], [ -6.315683184999954, 53.320509734000041 ], [ -6.316486231999932, 53.320966161000058 ], [ -6.317286967999961, 53.321320573000037 ], [ -6.318130560999976, 53.321839682000082 ], [ -6.319052621999958, 53.322594791000022 ], [ -6.317923956999948, 53.323245729000064 ], [ -6.316212270999928, 53.324768747000064 ], [ -6.31650297799996, 53.325003322000043 ], [ -6.314924663999932, 53.325787069000057 ], [ -6.313872344999936, 53.326124449000083 ], [ -6.312903370999948, 53.326356695000072 ], [ -6.310505330999945, 53.326875832000042 ], [ -6.307800197999939, 53.32745962100006 ], [ -6.30677781199995, 53.327679828000043 ], [ -6.30665120499998, 53.327705940000051 ], [ -6.305286334999948, 53.328001 ], [ -6.303961544999936, 53.328284106000069 ], [ -6.298142905999953, 53.329566359000069 ], [ -6.297220203999928, 53.329879712000043 ], [ -6.297372189999976, 53.328180320000058 ], [ -6.296749324999952, 53.326975665000077 ], [ -6.295803242999966, 53.325519279000048 ] ] ] } },
{ "type": "Feature", "properties": { "DlCnstt": "Dublin South Central", "Lcl_E_A": "Ballyfermot-Drimnagh", "Pllng_D": "Crumlin E", "datstNm": "Electoral Division", "nuts2Nm": "Southern and Eastern", "county": "Dublin City", "area": "0.374349303875398" }, "geometry": { "type": "Polygon", "coordinates": [ [ [ -6.312092297999925, 53.329510877000082 ], [ -6.311909347999972, 53.327134700000045 ], [ -6.310589680999954, 53.32716279400006 ], [ -6.310505330999945, 53.326875832000042 ], [ -6.312903370999948, 53.326356695000072 ], [ -6.313872344999936, 53.326124449000083 ], [ -6.314924663999932, 53.325787069000057 ], [ -6.316407250999929, 53.32652610100007 ], [ -6.317922043999944, 53.327285554000071 ], [ -6.319520675999968, 53.32808797000007 ], [ -6.320942788999957, 53.32879811600003 ], [ -6.322509908999962, 53.329741089000038 ], [ -6.319217537999975, 53.330552348000026 ], [ -6.319093954999971, 53.330610764000021 ], [ -6.316558104999956, 53.331831992000048 ], [ -6.316330066999967, 53.332160799000064 ], [ -6.310504736999974, 53.333244304000061 ], [ -6.310235557999931, 53.332519529000081 ], [ -6.310046403999934, 53.331830682000032 ], [ -6.309938227999965, 53.331142705000047 ], [ -6.309810340999944, 53.330441019000034 ], [ -6.312092297999925, 53.329510877000082 ] ] ] } },
{ "type": "Feature", "properties": { "DlCnstt": "Dublin South Central", "Lcl_E_A": "Ballyfermot-Drimnagh", "Pllng_D": "Crumlin F", "datstNm": "Electoral Division", "nuts2Nm": "Southern and Eastern", "county": "Dublin City", "area": "0.39923163788299" }, "geometry": { "type": "Polygon", "coordinates": [ [ [ -6.320942788999957, 53.32879811600003 ], [ -6.319520675999968, 53.32808797000007 ], [ -6.317922043999944, 53.327285554000071 ], [ -6.316407250999929, 53.32652610100007 ], [ -6.314924663999932, 53.325787069000057 ], [ -6.31650297799996, 53.325003322000043 ], [ -6.320077089999927, 53.324586842000031 ], [ -6.320772182999974, 53.324539884000046 ], [ -6.323198669999954, 53.324304826000059 ], [ -6.32579747799997, 53.323992046000058 ], [ -6.326168567999956, 53.32394503300003 ], [ -6.326666620999959, 53.323818328000073 ], [ -6.326475223999978, 53.324541699000072 ], [ -6.326928502999976, 53.325130142000042 ], [ -6.329500115999962, 53.326282197000069 ], [ -6.330221402999939, 53.326583190000072 ], [ -6.330698681999934, 53.32697494100006 ], [ -6.330503392999958, 53.328634523000062 ], [ -6.32862462099996, 53.328482944000022 ], [ -6.326082027999973, 53.328910136000047 ], [ -6.324214231999974, 53.329345576000037 ], [ -6.322902014999953, 53.329750937000021 ], [ -6.322509908999962, 53.329741089000038 ], [ -6.320942788999957, 53.32879811600003 ] ] ] } },
{ "type": "Feature", "properties": { "DlCnstt": "Dublin South Central", "Lcl_E_A": "Ballyfermot-Drimnagh", "Pllng_D": "Decies", "datstNm": "Electoral Division", "nuts2Nm": "Southern and Eastern", "county": "Dublin City", "area": "0.313970185711504" }, "geometry": { "type": "Polygon", "coordinates": [ [ [ -6.33796369199996, 53.34215703600006 ], [ -6.337271471999941, 53.341553393000027 ], [ -6.336524364999946, 53.340566006000081 ], [ -6.336210623999932, 53.339983781000058 ], [ -6.335953224999969, 53.339504494000039 ], [ -6.335756124999932, 53.339135275000046 ], [ -6.33810277799995, 53.338678309000045 ], [ -6.346564672999932, 53.337099638000041 ], [ -6.346877703999951, 53.338008511000055 ], [ -6.347801361999928, 53.341821732000021 ], [ -6.347292737999965, 53.342121931000072 ], [ -6.344636234999939, 53.342236311000079 ], [ -6.341579182999965, 53.341654950000077 ], [ -6.339710785999955, 53.341632863000022 ], [ -6.33796369199996, 53.34215703600006 ] ] ] } },
{ "type": "Feature", "properties": { "DlCnstt": "Dublin South Central", "Lcl_E_A": "Ballyfermot-Drimnagh", "Pllng_D": "Drumfinn", "datstNm": "Electoral Division", "nuts2Nm": "Southern and Eastern", "county": "Dublin City", "area": "0.819710554205371" }, "geometry": { "type": "Polygon", "coordinates": [ [ [ -6.350579296999968, 53.345555162000039 ], [ -6.348415678999969, 53.343491909000079 ], [ -6.347995958999944, 53.342482218000043 ], [ -6.348436642999957, 53.342035507000048 ], [ -6.349622951999947, 53.341962908000021 ], [ -6.350366846999975, 53.341935265000082 ], [ -6.351919936999934, 53.341940266000051 ], [ -6.353819156999975, 53.342083464000041 ], [ -6.354776362999928, 53.342155853000072 ], [ -6.354942594999955, 53.342170769000063 ], [ -6.355141928999956, 53.342347222000058 ], [ -6.359479513999929, 53.342549329000072 ], [ -6.362866713999948, 53.342834846000073 ], [ -6.369535242999973, 53.343388064000074 ], [ -6.368999155999973, 53.343783451000043 ], [ -6.36810640899995, 53.346011908000037 ], [ -6.36744852399994, 53.345841624000059 ], [ -6.361928599999942, 53.34505555700008 ], [ -6.361809831999949, 53.345659261000037 ], [ -6.361719627999945, 53.346109212000052 ], [ -6.361634411999944, 53.34653454000005 ], [ -6.360001876999945, 53.346601111000041 ], [ -6.359855717999949, 53.34707635400008 ], [ -6.359529187999954, 53.349110292000034 ], [ -6.359282527999937, 53.350371652000042 ], [ -6.359021192999933, 53.351601738000056 ], [ -6.358716534999928, 53.352880188000022 ], [ -6.355896684999948, 53.352055101000083 ], [ -6.352395636999972, 53.350959086000046 ], [ -6.351824414999953, 53.350796435000063 ], [ -6.352137308999943, 53.349862292000068 ], [ -6.352161768999963, 53.349741900000026 ], [ -6.35191341899997, 53.347694386000057 ], [ -6.350579296999968, 53.345555162000039 ] ] ] } },
{ "type": "Feature", "properties": { "DlCnstt": "Dublin South Central", "Lcl_E_A": "Ballyfermot-Drimnagh", "Pllng_D": "Inchicore A", "datstNm": "Electoral Division", "nuts2Nm": "Southern and Eastern", "county": "Dublin City", "area": "1.00337360178549" }, "geometry": { "type": "Polygon", "coordinates": [ [ [ -6.325357381999936, 53.339254096000047 ], [ -6.32490255999994, 53.338451298000045 ], [ -6.321958348999942, 53.339025306000046 ], [ -6.321024544999944, 53.339210840000078 ], [ -6.322250593999968, 53.339542093000034 ], [ -6.319433386999947, 53.340092176000041 ], [ -6.320115147999957, 53.339304820000045 ], [ -6.319145272999946, 53.339150920000073 ], [ -6.319972083999971, 53.338485955000074 ], [ -6.321470319999945, 53.337701877000022 ], [ -6.322054271999946, 53.337179372000037 ], [ -6.323838854999963, 53.336288865000022 ], [ -6.324626170999977, 53.334960471000045 ], [ -6.326036246999934, 53.334673334000058 ], [ -6.326150429999928, 53.334243141000059 ], [ -6.327229102999979, 53.334112804000021 ], [ -6.327340806999928, 53.334097471000064 ], [ -6.331835601999956, 53.333566451000081 ], [ -6.335668383999973, 53.333117623000078 ], [ -6.345510467999929, 53.331955040000082 ], [ -6.345420603999969, 53.333956698000073 ], [ -6.346564672999932, 53.337099638000041 ], [ -6.33810277799995, 53.338678309000045 ], [ -6.335756124999932, 53.339135275000046 ], [ -6.327574187999971, 53.340702221000072 ], [ -6.326317850999942, 53.340946734000056 ], [ -6.325357381999936, 53.339254096000047 ] ] ] } },
{ "type": "Feature", "properties": { "DlCnstt": "Dublin South Central", "Lcl_E_A": "Ballyfermot-Drimnagh", "Pllng_D": "Inchicore B", "datstNm": "Electoral Division", "nuts2Nm": "Southern and Eastern", "county": "Dublin City", "area": "0.816789555607772" }, "geometry": { "type": "Polygon", "coordinates": [ [ [ -6.330503392999958, 53.328634523000062 ], [ -6.330698681999934, 53.32697494100006 ], [ -6.332287035999968, 53.326669752000043 ], [ -6.333485691999954, 53.326937193000049 ], [ -6.334525390999943, 53.328039562000072 ], [ -6.334927175999951, 53.327837384000077 ], [ -6.335637857999927, 53.328154342000062 ], [ -6.341899790999945, 53.326594491000037 ], [ -6.345006168999929, 53.325634562000062 ], [ -6.344320724999932, 53.327313334000046 ], [ -6.345562134999966, 53.32760002100008 ], [ -6.346473443999969, 53.328321465000045 ], [ -6.346807535999972, 53.328059701000022 ], [ -6.349193881999952, 53.329358214000081 ], [ -6.348197109999944, 53.330030616000045 ], [ -6.349235490999945, 53.330497643000058 ], [ -6.349675954999952, 53.331457413000074 ], [ -6.348580311999967, 53.331580041000045 ], [ -6.345510467999929, 53.331955040000082 ], [ -6.335668383999973, 53.333117623000078 ], [ -6.331835601999956, 53.333566451000081 ], [ -6.327340806999928, 53.334097471000064 ], [ -6.327229102999979, 53.334112804000021 ], [ -6.326150429999928, 53.334243141000059 ], [ -6.327563316999942, 53.331770925000058 ], [ -6.330503392999958, 53.328634523000062 ] ] ] } },
{ "type": "Feature", "properties": { "DlCnstt": "Dublin South Central", "Lcl_E_A": "Ballyfermot-Drimnagh", "Pllng_D": "Kilmainham A", "datstNm": "Electoral Division", "nuts2Nm": "Southern and Eastern", "county": "Dublin City", "area": "0.25150481894791" }, "geometry": { "type": "Polygon", "coordinates": [ [ [ -6.327222289999952, 53.343075502000033 ], [ -6.327156153999965, 53.34193313600008 ], [ -6.326366782999969, 53.341886651000038 ], [ -6.324714741999969, 53.341832937000049 ], [ -6.323561846999951, 53.341450061000046 ], [ -6.326317850999942, 53.340946734000056 ], [ -6.327574187999971, 53.340702221000072 ], [ -6.335756124999932, 53.339135275000046 ], [ -6.335953224999969, 53.339504494000039 ], [ -6.336210623999932, 53.339983781000058 ], [ -6.336524364999946, 53.340566006000081 ], [ -6.337271471999941, 53.341553393000027 ], [ -6.33796369199996, 53.34215703600006 ], [ -6.336366557999952, 53.342792905000074 ], [ -6.334467758999949, 53.343065606000039 ], [ -6.329452472999947, 53.342103656000063 ], [ -6.329335580999953, 53.342732012000056 ], [ -6.329251527999928, 53.343162533000047 ], [ -6.328835914999956, 53.345258647000037 ], [ -6.327290172999938, 53.344960552000032 ], [ -6.327222289999952, 53.343075502000033 ] ] ] } },
{ "type": "Feature", "properties": { "DlCnstt": "Dublin South Central", "Lcl_E_A": "South West Inner City", "Pllng_D": "Kilmainham B", "datstNm": "Electoral Division", "nuts2Nm": "Southern and Eastern", "county": "Dublin City", "area": "0.813466448507702" }, "geometry": { "type": "Polygon", "coordinates": [ [ [ -6.307311826999977, 53.346566673000041 ], [ -6.306992892999972, 53.343227150000082 ], [ -6.30688151199996, 53.34175997400007 ], [ -6.306874182999934, 53.341627797000058 ], [ -6.306758078999962, 53.340760353000064 ], [ -6.308284710999942, 53.340739620000079 ], [ -6.31006507799998, 53.341319547000069 ], [ -6.310861471999942, 53.341639891000057 ], [ -6.312412292999966, 53.341595734000073 ], [ -6.313585076999971, 53.34118303300005 ], [ -6.314672780999956, 53.34118181000008 ], [ -6.316634824999936, 53.340909907000082 ], [ -6.319145272999946, 53.339150920000073 ], [ -6.320115147999957, 53.339304820000045 ], [ -6.319433386999947, 53.340092176000041 ], [ -6.322250593999968, 53.339542093000034 ], [ -6.321024544999944, 53.339210840000078 ], [ -6.321958348999942, 53.339025306000046 ], [ -6.32490255999994, 53.338451298000045 ], [ -6.325357381999936, 53.339254096000047 ], [ -6.326317850999942, 53.340946734000056 ], [ -6.323561846999951, 53.341450061000046 ], [ -6.324714741999969, 53.341832937000049 ], [ -6.326366782999969, 53.341886651000038 ], [ -6.327156153999965, 53.34193313600008 ], [ -6.327222289999952, 53.343075502000033 ], [ -6.327290172999938, 53.344960552000032 ], [ -6.324498399999925, 53.34454166200004 ], [ -6.317627338999955, 53.345853485000077 ], [ -6.313959462999946, 53.346016205000069 ], [ -6.313315496999961, 53.347041705000038 ], [ -6.309912896999947, 53.347272093000072 ], [ -6.309857101999968, 53.347266005000051 ], [ -6.307483142999956, 53.346987016000071 ], [ -6.307333317999961, 53.346978836000062 ], [ -6.307311826999977, 53.346566673000041 ] ] ] } },
{ "type": "Feature", "properties": { "DlCnstt": "Dublin South Central", "Lcl_E_A": "South West Inner City", "Pllng_D": "Kilmainham C", "datstNm": "Electoral Division", "nuts2Nm": "Southern and Eastern", "county": "Dublin City", "area": "0.58743745340391" }, "geometry": { "type": "Polygon", "coordinates": [ [ [ -6.31006507799998, 53.341319547000069 ], [ -6.308284710999942, 53.340739620000079 ], [ -6.306758078999962, 53.340760353000064 ], [ -6.30669027099998, 53.340391455000031 ], [ -6.306663008999976, 53.340186882000069 ], [ -6.306768085999977, 53.339193261000048 ], [ -6.306779635999931, 53.339158787000031 ], [ -6.307159672999944, 53.338097036000079 ], [ -6.306814457999963, 53.337612178000022 ], [ -6.305710949999934, 53.336618804000075 ], [ -6.308332793999966, 53.336310438000055 ], [ -6.310899517999928, 53.33601305600007 ], [ -6.311494245999937, 53.335945431000027 ], [ -6.312007150999932, 53.335887516000071 ], [ -6.313244616999953, 53.335739028000042 ], [ -6.316651649999926, 53.335345263000079 ], [ -6.316707444999963, 53.335338985000078 ], [ -6.317406957999936, 53.335260264000055 ], [ -6.320004946999973, 53.334963135000073 ], [ -6.323996898999951, 53.334495479000047 ], [ -6.326150429999928, 53.334243141000059 ], [ -6.326036246999934, 53.334673334000058 ], [ -6.324626170999977, 53.334960471000045 ], [ -6.323838854999963, 53.336288865000022 ], [ -6.322054271999946, 53.337179372000037 ], [ -6.321470319999945, 53.337701877000022 ], [ -6.319972083999971, 53.338485955000074 ], [ -6.319145272999946, 53.339150920000073 ], [ -6.316634824999936, 53.340909907000082 ], [ -6.314672780999956, 53.34118181000008 ], [ -6.313585076999971, 53.34118303300005 ], [ -6.312412292999966, 53.341595734000073 ], [ -6.310861471999942, 53.341639891000057 ], [ -6.31006507799998, 53.341319547000069 ] ] ] } },
{ "type": "Feature", "properties": { "DlCnstt": "Dublin South Central", "Lcl_E_A": "Kimmage-Rathmines", "Pllng_D": "Kimmage A", "datstNm": "Electoral Division", "nuts2Nm": "Southern and Eastern", "county": "Dublin City", "area": "0.275208410854353" }, "geometry": { "type": "Polygon", "coordinates": [ [ [ -6.31192352599993, 53.319159900000045 ], [ -6.314122868999959, 53.318889804000037 ], [ -6.31527467899997, 53.32023674800007 ], [ -6.314285974999962, 53.321345643000022 ], [ -6.312302028999966, 53.32249250600006 ], [ -6.310779847999981, 53.323804718000083 ], [ -6.308623292999926, 53.324595788000074 ], [ -6.307979889999956, 53.325055130000074 ], [ -6.307892683999968, 53.32505401800006 ], [ -6.306999074999965, 53.324988119000075 ], [ -6.306434684999942, 53.323845203000083 ], [ -6.305921901999966, 53.322456113000051 ], [ -6.304615106999961, 53.320607233000032 ], [ -6.307159498999964, 53.319898513000055 ], [ -6.308661745999928, 53.319547686000078 ], [ -6.31192352599993, 53.319159900000045 ] ] ] } },
{ "type": "Feature", "properties": { "DlCnstt": "Dublin South Central", "Lcl_E_A": "Kimmage-Rathmines", "Pllng_D": "Kimmage B", "datstNm": "Electoral Division", "nuts2Nm": "Southern and Eastern", "county": "Dublin City", "area": "0.430934588677069" }, "geometry": { "type": "Polygon", "coordinates": [ [ [ -6.295803242999966, 53.325519279000048 ], [ -6.294800341999974, 53.323954452000073 ], [ -6.294693876999929, 53.323777466000081 ], [ -6.293359146999933, 53.322010077000073 ], [ -6.294514230999937, 53.321533066000022 ], [ -6.297286707999945, 53.320367129000033 ], [ -6.299632247999966, 53.31933928400008 ], [ -6.30058932099996, 53.318912194000063 ], [ -6.302345687999946, 53.318129120000037 ], [ -6.304615106999961, 53.320607233000032 ], [ -6.305921901999966, 53.322456113000051 ], [ -6.306434684999942, 53.323845203000083 ], [ -6.306999074999965, 53.324988119000075 ], [ -6.305351491999943, 53.324878480000045 ], [ -6.304962969999963, 53.324856570000073 ], [ -6.302680729999963, 53.32470765000005 ], [ -6.301110929999936, 53.324618186000073 ], [ -6.300919485999941, 53.324606297000059 ], [ -6.298868876999961, 53.324825601000043 ], [ -6.295803242999966, 53.325519279000048 ] ] ] } },
{ "type": "Feature", "properties": { "DlCnstt": "Dublin South Central", "Lcl_E_A": "Kimmage-Rathmines", "Pllng_D": "Kimmage D", "datstNm": "Electoral Division", "nuts2Nm": "Southern and Eastern", "county": "Dublin City", "area": "0.425004219799081" }, "geometry": { "type": "Polygon", "coordinates": [ [ [ -6.295232376999934, 53.314422062000062 ], [ -6.296205608999969, 53.313614578000056 ], [ -6.29714168299995, 53.313999151000083 ], [ -6.298674170999959, 53.314201179000072 ], [ -6.300369889999956, 53.314435869000079 ], [ -6.300226420999934, 53.315296646000043 ], [ -6.301039694999929, 53.316435742000074 ], [ -6.302345687999946, 53.318129120000037 ], [ -6.30058932099996, 53.318912194000063 ], [ -6.299632247999966, 53.31933928400008 ], [ -6.297286707999945, 53.320367129000033 ], [ -6.294514230999937, 53.321533066000022 ], [ -6.293359146999933, 53.322010077000073 ], [ -6.290709958999969, 53.319871203000048 ], [ -6.289783279999938, 53.319341730000083 ], [ -6.289596571999937, 53.319226483000079 ], [ -6.291865145999964, 53.31725797100006 ], [ -6.291987008999968, 53.317162672000045 ], [ -6.293610039999976, 53.315817780000032 ], [ -6.295232376999934, 53.314422062000062 ] ] ] } },
{ "type": "Feature", "properties": { "DlCnstt": "Dublin South Central", "Lcl_E_A": "Kimmage-Rathmines", "Pllng_D": "Kimmage E", "datstNm": "Electoral Division", "nuts2Nm": "Southern and Eastern", "county": "Dublin City", "area": "0.655091802043607" }, "geometry": { "type": "Polygon", "coordinates": [ [ [ -6.298610020999945, 53.311863115000051 ], [ -6.298730621999937, 53.311783905000027 ], [ -6.299211903999947, 53.31194226000008 ], [ -6.300539396999966, 53.312225886000078 ], [ -6.302043859999968, 53.312416592000034 ], [ -6.30364004599994, 53.312607965000041 ], [ -6.308706577999942, 53.313524788000045 ], [ -6.311025024999935, 53.31425377100004 ], [ -6.314845913999932, 53.315655357000082 ], [ -6.315990059999933, 53.316078764000046 ], [ -6.314835599999981, 53.317124851000081 ], [ -6.314122868999959, 53.318889804000037 ], [ -6.31192352599993, 53.319159900000045 ], [ -6.308661745999928, 53.319547686000078 ], [ -6.307159498999964, 53.319898513000055 ], [ -6.304615106999961, 53.320607233000032 ], [ -6.302345687999946, 53.318129120000037 ], [ -6.301039694999929, 53.316435742000074 ], [ -6.300226420999934, 53.315296646000043 ], [ -6.300369889999956, 53.314435869000079 ], [ -6.298674170999959, 53.314201179000072 ], [ -6.29714168299995, 53.313999151000083 ], [ -6.296205608999969, 53.313614578000056 ], [ -6.296728577999943, 53.313205968000034 ], [ -6.297469212999943, 53.312608845000057 ], [ -6.298610020999945, 53.311863115000051 ] ] ] } },
{ "type": "Feature", "properties": { "DlCnstt": "Dublin South Central", "Lcl_E_A": "Ballyfermot-Drimnagh", "Pllng_D": "Kylemore", "datstNm": "Electoral Division", "nuts2Nm": "Southern and Eastern", "county": "Dublin City", "area": "0.578266857068402" }, "geometry": { "type": "Polygon", "coordinates": [ [ [ -6.353819156999975, 53.342083464000041 ], [ -6.351919936999934, 53.341940266000051 ], [ -6.350366846999975, 53.341935265000082 ], [ -6.349622951999947, 53.341962908000021 ], [ -6.348436642999957, 53.342035507000048 ], [ -6.347801361999928, 53.341821732000021 ], [ -6.346877703999951, 53.338008511000055 ], [ -6.346564672999932, 53.337099638000041 ], [ -6.345420603999969, 53.333956698000073 ], [ -6.345510467999929, 53.331955040000082 ], [ -6.348580311999967, 53.331580041000045 ], [ -6.350341986999978, 53.331833352000046 ], [ -6.35517294899995, 53.33174211000005 ], [ -6.353203891999954, 53.335704546000045 ], [ -6.353031113999975, 53.33749154800006 ], [ -6.355320449999965, 53.34086162400007 ], [ -6.354942594999955, 53.342170769000063 ], [ -6.354776362999928, 53.342155853000072 ], [ -6.353819156999975, 53.342083464000041 ] ] ] } },
{ "type": "Feature", "properties": { "DlCnstt": "Dublin South Central", "Lcl_E_A": "South West Inner City", "Pllng_D": "Merchants Quay A", "datstNm": "Electoral Division", "nuts2Nm": "Southern and Eastern", "county": "Dublin City", "area": "0.178249953630694" }, "geometry": { "type": "Polygon", "coordinates": [ [ [ -6.271161477999954, 53.345044631000064 ], [ -6.270696503999943, 53.342709894000045 ], [ -6.273579087999963, 53.343219418000047 ], [ -6.274281955999925, 53.343281665000063 ], [ -6.274617053999975, 53.34312768500007 ], [ -6.275129609999965, 53.342864896000037 ], [ -6.275244434999934, 53.342823279000072 ], [ -6.276129889999936, 53.342643811000073 ], [ -6.276755657999956, 53.342546475000063 ], [ -6.278195076999964, 53.342573921000046 ], [ -6.280257669999969, 53.342954226000082 ], [ -6.280098965999969, 53.343672909000077 ], [ -6.28006329599998, 53.344182796000041 ], [ -6.280038226999976, 53.344398479000063 ], [ -6.279834772999948, 53.345113386000037 ], [ -6.279449325999963, 53.346177041000033 ], [ -6.278832478999959, 53.346057663000074 ], [ -6.277794031999974, 53.345866752000063 ], [ -6.277004868999938, 53.345715537000046 ], [ -6.276732117999927, 53.345663861000048 ], [ -6.276564419999943, 53.345633169000045 ], [ -6.275834104999944, 53.345499498000038 ], [ -6.274775589999932, 53.345307631000082 ], [ -6.271161477999954, 53.345044631000064 ] ] ] } },
{ "type": "Feature", "properties": { "DlCnstt": "Dublin South Central", "Lcl_E_A": "South West Inner City", "Pllng_D": "Merchants Quay B", "datstNm": "Electoral Division", "nuts2Nm": "Southern and Eastern", "county": "Dublin City", "area": "0.243633961644446" }, "geometry": { "type": "Polygon", "coordinates": [ [ [ -6.270696503999943, 53.342709894000045 ], [ -6.270833538999966, 53.342365686000051 ], [ -6.271289948999936, 53.341676383000049 ], [ -6.271313985999939, 53.341233897000045 ], [ -6.271350836999943, 53.340737081000043 ], [ -6.271256301999927, 53.340325786000051 ], [ -6.271357807999948, 53.339413508000064 ], [ -6.271572302999971, 53.33870743500006 ], [ -6.272142041999928, 53.338823521000045 ], [ -6.272623381999948, 53.338923402000034 ], [ -6.272842118999961, 53.338961393000034 ], [ -6.273667859999932, 53.339133982000078 ], [ -6.274830443999974, 53.339411342000062 ], [ -6.275994623999964, 53.339558073000042 ], [ -6.276101195999956, 53.339569608000033 ], [ -6.27705780399998, 53.339607131000037 ], [ -6.279044788999953, 53.339110883000046 ], [ -6.279526765999947, 53.339759228000048 ], [ -6.279725063999932, 53.340005451000081 ], [ -6.280089155999974, 53.340518892000034 ], [ -6.280136529999936, 53.340593222000045 ], [ -6.281093665999947, 53.34080706900005 ], [ -6.280813377999948, 53.341228786000045 ], [ -6.280816720999951, 53.342022553000049 ], [ -6.280543527999953, 53.343011409000042 ], [ -6.280257669999969, 53.342954226000082 ], [ -6.278195076999964, 53.342573921000046 ], [ -6.276755657999956, 53.342546475000063 ], [ -6.276129889999936, 53.342643811000073 ], [ -6.275244434999934, 53.342823279000072 ], [ -6.275129609999965, 53.342864896000037 ], [ -6.274617053999975, 53.34312768500007 ], [ -6.274281955999925, 53.343281665000063 ], [ -6.273579087999963, 53.343219418000047 ], [ -6.270696503999943, 53.342709894000045 ] ] ] } },
{ "type": "Feature", "properties": { "DlCnstt": "Dublin South Central", "Lcl_E_A": "South West Inner City", "Pllng_D": "Merchants Quay C", "datstNm": "Electoral Division", "nuts2Nm": "Southern and Eastern", "county": "Dublin City", "area": "0.327380131250697" }, "geometry": { "type": "Polygon", "coordinates": [ [ [ -6.279526765999947, 53.339759228000048 ], [ -6.279044788999953, 53.339110883000046 ], [ -6.27705780399998, 53.339607131000037 ], [ -6.276101195999956, 53.339569608000033 ], [ -6.275994623999964, 53.339558073000042 ], [ -6.274830443999974, 53.339411342000062 ], [ -6.273667859999932, 53.339133982000078 ], [ -6.272842118999961, 53.338961393000034 ], [ -6.272623381999948, 53.338923402000034 ], [ -6.272142041999928, 53.338823521000045 ], [ -6.271572302999971, 53.33870743500006 ], [ -6.271459066999967, 53.337616992000051 ], [ -6.271499842999958, 53.337299914000027 ], [ -6.272034402999964, 53.336072297000051 ], [ -6.27405478299994, 53.336177064000026 ], [ -6.274219536999965, 53.33707602700008 ], [ -6.277630429999931, 53.337163504000046 ], [ -6.278659097999935, 53.336353474000077 ], [ -6.280179717999943, 53.336749936000047 ], [ -6.280977277999966, 53.336549257000058 ], [ -6.283382919999952, 53.335863873000051 ], [ -6.283846757999925, 53.336160189000047 ], [ -6.284821213999976, 53.336744116000034 ], [ -6.285354662999964, 53.337070743000027 ], [ -6.285570278999956, 53.336991663000049 ], [ -6.286257982999928, 53.337542745000064 ], [ -6.285737865999977, 53.339138419000051 ], [ -6.284725346999949, 53.339735891000032 ], [ -6.28250093099996, 53.340329568000072 ], [ -6.28226850599998, 53.340365829000064 ], [ -6.281608647999974, 53.34052966400003 ], [ -6.281093665999947, 53.34080706900005 ], [ -6.280136529999936, 53.340593222000045 ], [ -6.280089155999974, 53.340518892000034 ], [ -6.279725063999932, 53.340005451000081 ], [ -6.279526765999947, 53.339759228000048 ] ] ] } },
{ "type": "Feature", "properties": { "DlCnstt": "Dublin South Central", "Lcl_E_A": "South West Inner City", "Pllng_D": "Merchants Quay D", "datstNm": "Electoral Division", "nuts2Nm": "Southern and Eastern", "county": "Dublin City", "area": "0.220263032565262" }, "geometry": { "type": "Polygon", "coordinates": [ [ [ -6.274219536999965, 53.33707602700008 ], [ -6.27405478299994, 53.336177064000026 ], [ -6.272034402999964, 53.336072297000051 ], [ -6.272792920999962, 53.334910513000075 ], [ -6.274174677999952, 53.335337713000058 ], [ -6.274682928999937, 53.334630191000031 ], [ -6.275019803999953, 53.334001410000042 ], [ -6.27551865199996, 53.333964255000069 ], [ -6.276648655999964, 53.333869186000072 ], [ -6.277639878999935, 53.333376452000039 ], [ -6.277989218999949, 53.333176558000048 ], [ -6.278643487999943, 53.333454201000045 ], [ -6.279744681999944, 53.332881049000036 ], [ -6.281466662999946, 53.332613588000072 ], [ -6.282121677999953, 53.333373730000062 ], [ -6.282068055999956, 53.333790543000077 ], [ -6.282590177999964, 53.334996044000043 ], [ -6.282918111999948, 53.335488500000046 ], [ -6.283382919999952, 53.335863873000051 ], [ -6.280977277999966, 53.336549257000058 ], [ -6.280179717999943, 53.336749936000047 ], [ -6.278659097999935, 53.336353474000077 ], [ -6.277630429999931, 53.337163504000046 ], [ -6.274219536999965, 53.33707602700008 ] ] ] } },
{ "type": "Feature", "properties": { "DlCnstt": "Dublin South Central", "Lcl_E_A": "South West Inner City", "Pllng_D": "Merchants Quay E", "datstNm": "Electoral Division", "nuts2Nm": "Southern and Eastern", "county": "Dublin City", "area": "0.225941415793242" }, "geometry": { "type": "Polygon", "coordinates": [ [ [ -6.273962961999928, 53.333657582000058 ], [ -6.274295657999971, 53.332886075000033 ], [ -6.274319490999972, 53.332782886000082 ], [ -6.274270263999938, 53.332040437000046 ], [ -6.274278547999927, 53.330708662000063 ], [ -6.274539886999945, 53.329473073000031 ], [ -6.276123316999929, 53.329532774000022 ], [ -6.277388448999943, 53.329644 ], [ -6.27749517899997, 53.329655385000081 ], [ -6.277880249999953, 53.329698251000082 ], [ -6.279792063999936, 53.329958157000078 ], [ -6.280425433999937, 53.330052039000073 ], [ -6.282943619999969, 53.330435858000051 ], [ -6.283061941999961, 53.330450244000083 ], [ -6.282279027999948, 53.332043807000048 ], [ -6.281466662999946, 53.332613588000072 ], [ -6.279744681999944, 53.332881049000036 ], [ -6.278643487999943, 53.333454201000045 ], [ -6.277989218999949, 53.333176558000048 ], [ -6.277639878999935, 53.333376452000039 ], [ -6.276648655999964, 53.333869186000072 ], [ -6.27551865199996, 53.333964255000069 ], [ -6.275019803999953, 53.334001410000042 ], [ -6.274682928999937, 53.334630191000031 ], [ -6.274174677999952, 53.335337713000058 ], [ -6.272792920999962, 53.334910513000075 ], [ -6.273412521999944, 53.334275068000075 ], [ -6.273818754999979, 53.333902571000074 ], [ -6.27385837099996, 53.333856192000042 ], [ -6.273962961999928, 53.333657582000058 ] ] ] } },
{ "type": "Feature", "properties": { "DlCnstt": "Dublin South Central", "Lcl_E_A": "South West Inner City", "Pllng_D": "Merchants Quay F", "datstNm": "Electoral Division", "nuts2Nm": "Southern and Eastern", "county": "Dublin City", "area": "0.299327347005153" }, "geometry": { "type": "Polygon", "coordinates": [ [ [ -6.282279027999948, 53.332043807000048 ], [ -6.283061941999961, 53.330450244000083 ], [ -6.283574661999977, 53.330513398000051 ], [ -6.28561362499994, 53.330811059000041 ], [ -6.286942918999955, 53.331004593000046 ], [ -6.292229875999965, 53.331948558000079 ], [ -6.291110860999936, 53.332715237000059 ], [ -6.290373509999937, 53.333223163000071 ], [ -6.290093653999975, 53.333389968000063 ], [ -6.288543552999954, 53.335336212000072 ], [ -6.288160671999947, 53.335670722000032 ], [ -6.287748316999966, 53.335937387000058 ], [ -6.286917993999964, 53.336420116000056 ], [ -6.285570278999956, 53.336991663000049 ], [ -6.285354662999964, 53.337070743000027 ], [ -6.284821213999976, 53.336744116000034 ], [ -6.283846757999925, 53.336160189000047 ], [ -6.283382919999952, 53.335863873000051 ], [ -6.282918111999948, 53.335488500000046 ], [ -6.282590177999964, 53.334996044000043 ], [ -6.282068055999956, 53.333790543000077 ], [ -6.282121677999953, 53.333373730000062 ], [ -6.281466662999946, 53.332613588000072 ], [ -6.282279027999948, 53.332043807000048 ] ] ] } },
{ "type": "Feature", "properties": { "DlCnstt": "Dublin South Central", "Lcl_E_A": "South West Inner City", "Pllng_D": "Phoenix Park", "datstNm": "Electoral Division", "nuts2Nm": "Southern and Eastern", "county": "Dublin City", "area": "7.3753066181326" }, "geometry": { "type": "Polygon", "coordinates": [ [ [ -6.290970632999972, 53.347765028000026 ], [ -6.290868075999981, 53.347171485000047 ], [ -6.292938622999941, 53.346634144000063 ], [ -6.294193440999948, 53.346643789000041 ], [ -6.295190298999955, 53.346840377000042 ], [ -6.300987989999953, 53.347423172000049 ], [ -6.302262058999929, 53.347394091000069 ], [ -6.30306507399996, 53.347202933000062 ], [ -6.304177051999943, 53.347095126000056 ], [ -6.307333317999961, 53.346978836000062 ], [ -6.307483142999956, 53.346987016000071 ], [ -6.309857101999968, 53.347266005000051 ], [ -6.309912896999947, 53.347272093000072 ], [ -6.313315496999961, 53.347041705000038 ], [ -6.313959462999946, 53.346016205000069 ], [ -6.317627338999955, 53.345853485000077 ], [ -6.324498399999925, 53.34454166200004 ], [ -6.327290172999938, 53.344960552000032 ], [ -6.328835914999956, 53.345258647000037 ], [ -6.328646773999935, 53.346153111000042 ], [ -6.331851215999961, 53.346313751000082 ], [ -6.337137312999971, 53.34668636400005 ], [ -6.341091479999932, 53.348853160000033 ], [ -6.344554220999953, 53.350952430000063 ], [ -6.350213348999944, 53.354631415000021 ], [ -6.355385190999924, 53.357967659000046 ], [ -6.350129288999938, 53.366479353000045 ], [ -6.348844088999954, 53.368571781000071 ], [ -6.348336364999966, 53.369407485000075 ], [ -6.34769511099995, 53.369482609000045 ], [ -6.346167435999972, 53.369686586000057 ], [ -6.336611545999972, 53.370945422000034 ], [ -6.33283959399995, 53.370597372000077 ], [ -6.328831590999926, 53.36955008700005 ], [ -6.322105758999953, 53.365575738000082 ], [ -6.32079912699993, 53.365211462000048 ], [ -6.317971476999958, 53.364650452000042 ], [ -6.313243598999975, 53.362805948000073 ], [ -6.309506457999929, 53.36132656900002 ], [ -6.305626322999956, 53.359321445000042 ], [ -6.302764182999965, 53.357700313000073 ], [ -6.297850128999926, 53.352546711000059 ], [ -6.297231674999978, 53.351909581000022 ], [ -6.29668346099993, 53.351325276000075 ], [ -6.294161149999979, 53.348650833000079 ], [ -6.294146477999959, 53.347901496000077 ], [ -6.290970632999972, 53.347765028000026 ] ] ] } },
{ "type": "Feature", "properties": { "DlCnstt": "Dublin South Central", "Lcl_E_A": "South West Inner City", "Pllng_D": "Ushers A", "datstNm": "Electoral Division", "nuts2Nm": "Southern and Eastern", "county": "Dublin City", "area": "0.720382407239154" }, "geometry": { "type": "Polygon", "coordinates": [ [ [ -6.295190298999955, 53.346840377000042 ], [ -6.294193440999948, 53.346643789000041 ], [ -6.292938622999941, 53.346634144000063 ], [ -6.290868075999981, 53.347171485000047 ], [ -6.290692252999976, 53.346016791000075 ], [ -6.290237257999934, 53.343199001000073 ], [ -6.289840309999931, 53.343124105000072 ], [ -6.289825139999948, 53.342851496000037 ], [ -6.290669794999928, 53.342691922000022 ], [ -6.29238814799993, 53.342334172000051 ], [ -6.294575670999961, 53.341722922000031 ], [ -6.295903199999941, 53.341411101000062 ], [ -6.296623366999937, 53.341270970000039 ], [ -6.297581736999973, 53.341182419000063 ], [ -6.298218497999926, 53.34110608800006 ], [ -6.298352374999979, 53.341093379000021 ], [ -6.29938003199993, 53.340928088000055 ], [ -6.301863926999943, 53.340556924000055 ], [ -6.302743286999942, 53.34044973400006 ], [ -6.303236221999953, 53.340502473000072 ], [ -6.303656886999931, 53.34051415700003 ], [ -6.30669027099998, 53.340391455000031 ], [ -6.306758078999962, 53.340760353000064 ], [ -6.306874182999934, 53.341627797000058 ], [ -6.30688151199996, 53.34175997400007 ], [ -6.306992892999972, 53.343227150000082 ], [ -6.307311826999977, 53.346566673000041 ], [ -6.307333317999961, 53.346978836000062 ], [ -6.304177051999943, 53.347095126000056 ], [ -6.30306507399996, 53.347202933000062 ], [ -6.302262058999929, 53.347394091000069 ], [ -6.300987989999953, 53.347423172000049 ], [ -6.295190298999955, 53.346840377000042 ] ] ] } },
{ "type": "Feature", "properties": { "DlCnstt": "Dublin South Central", "Lcl_E_A": "South West Inner City", "Pllng_D": "Ushers B", "datstNm": "Electoral Division", "nuts2Nm": "Southern and Eastern", "county": "Dublin City", "area": "0.272119938555346" }, "geometry": { "type": "Polygon", "coordinates": [ [ [ -6.280098965999969, 53.343672909000077 ], [ -6.280257669999969, 53.342954226000082 ], [ -6.280543527999953, 53.343011409000042 ], [ -6.281672137999976, 53.343111212000046 ], [ -6.282756462999942, 53.343172698000046 ], [ -6.283878240999968, 53.34324526100005 ], [ -6.28423292599996, 53.343280017000041 ], [ -6.288689793999936, 53.343126551000069 ], [ -6.289840309999931, 53.343124105000072 ], [ -6.290237257999934, 53.343199001000073 ], [ -6.290692252999976, 53.346016791000075 ], [ -6.290868075999981, 53.347171485000047 ], [ -6.288331113999959, 53.34672510200005 ], [ -6.285097077999978, 53.346592225000045 ], [ -6.284685293999928, 53.346577312000079 ], [ -6.283106633999978, 53.346526875000045 ], [ -6.282004548999964, 53.346438133000049 ], [ -6.281774331999941, 53.34641531300008 ], [ -6.281100702999936, 53.346348538000022 ], [ -6.279524932999948, 53.346189561000081 ], [ -6.279449325999963, 53.346177041000033 ], [ -6.279834772999948, 53.345113386000037 ], [ -6.280038226999976, 53.344398479000063 ], [ -6.28006329599998, 53.344182796000041 ], [ -6.280098965999969, 53.343672909000077 ] ] ] } },
{ "type": "Feature", "properties": { "DlCnstt": "Dublin South Central", "Lcl_E_A": "South West Inner City", "Pllng_D": "Ushers C", "datstNm": "Electoral Division", "nuts2Nm": "Southern and Eastern", "county": "Dublin City", "area": "0.396542489515004" }, "geometry": { "type": "Polygon", "coordinates": [ [ [ -6.288543552999954, 53.335336212000072 ], [ -6.290093653999975, 53.333389968000063 ], [ -6.290000308999936, 53.333567777000042 ], [ -6.290143280999928, 53.334490472000027 ], [ -6.290652061999936, 53.335413953000057 ], [ -6.290986661999966, 53.335991828000033 ], [ -6.291342983999924, 53.336375344000032 ], [ -6.29140287299998, 53.336438 ], [ -6.291803665999964, 53.337337731000048 ], [ -6.292098257999953, 53.338229985000055 ], [ -6.290910065999981, 53.338364962000071 ], [ -6.289420154999959, 53.338547895000033 ], [ -6.290629287999934, 53.340672494000046 ], [ -6.291174992999969, 53.341838718000083 ], [ -6.290573236999933, 53.341977840000027 ], [ -6.290669794999928, 53.342691922000022 ], [ -6.289825139999948, 53.342851496000037 ], [ -6.289840309999931, 53.343124105000072 ], [ -6.288689793999936, 53.343126551000069 ], [ -6.28423292599996, 53.343280017000041 ], [ -6.283878240999968, 53.34324526100005 ], [ -6.282756462999942, 53.343172698000046 ], [ -6.281672137999976, 53.343111212000046 ], [ -6.280543527999953, 53.343011409000042 ], [ -6.280816720999951, 53.342022553000049 ], [ -6.280813377999948, 53.341228786000045 ], [ -6.281093665999947, 53.34080706900005 ], [ -6.281608647999974, 53.34052966400003 ], [ -6.28226850599998, 53.340365829000064 ], [ -6.28250093099996, 53.340329568000072 ], [ -6.284725346999949, 53.339735891000032 ], [ -6.285737865999977, 53.339138419000051 ], [ -6.286257982999928, 53.337542745000064 ], [ -6.285570278999956, 53.336991663000049 ], [ -6.286917993999964, 53.336420116000056 ], [ -6.287748316999966, 53.335937387000058 ], [ -6.288160671999947, 53.335670722000032 ], [ -6.288543552999954, 53.335336212000072 ] ] ] } },
{ "type": "Feature", "properties": { "DlCnstt": "Dublin South Central", "Lcl_E_A": "South West Inner City", "Pllng_D": "Ushers D", "datstNm": "Electoral Division", "nuts2Nm": "Southern and Eastern", "county": "Dublin City", "area": "0.146700038445372" }, "geometry": { "type": "Polygon", "coordinates": [ [ [ -6.290093653999975, 53.333389968000063 ], [ -6.290373509999937, 53.333223163000071 ], [ -6.292416857999967, 53.334672592000061 ], [ -6.29268306399996, 53.334797538000032 ], [ -6.29380193399993, 53.335065670000063 ], [ -6.294517850999966, 53.335240101000075 ], [ -6.295138862999977, 53.335386320000055 ], [ -6.295991252999953, 53.335591411000046 ], [ -6.29718722399997, 53.335871522000048 ], [ -6.298005458999967, 53.336293545000046 ], [ -6.298377054999945, 53.33745424600005 ], [ -6.296676168999966, 53.33767767300003 ], [ -6.295389630999978, 53.337836046000064 ], [ -6.294955099999981, 53.337889532000077 ], [ -6.293522666999934, 53.338061715000038 ], [ -6.292098257999953, 53.338229985000055 ], [ -6.291803665999964, 53.337337731000048 ], [ -6.29140287299998, 53.336438 ], [ -6.291342983999924, 53.336375344000032 ], [ -6.290986661999966, 53.335991828000033 ], [ -6.290652061999936, 53.335413953000057 ], [ -6.290143280999928, 53.334490472000027 ], [ -6.290000308999936, 53.333567777000042 ], [ -6.290093653999975, 53.333389968000063 ] ] ] } },
{ "type": "Feature", "properties": { "DlCnstt": "Dublin South Central", "Lcl_E_A": "South West Inner City", "Pllng_D": "Ushers E", "datstNm": "Electoral Division", "nuts2Nm": "Southern and Eastern", "county": "Dublin City", "area": "0.224408166996802" }, "geometry": { "type": "Polygon", "coordinates": [ [ [ -6.291110860999936, 53.332715237000059 ], [ -6.292229875999965, 53.331948558000079 ], [ -6.292317208999975, 53.331973087000051 ], [ -6.293823791999955, 53.33240969600007 ], [ -6.294071633999977, 53.332484412000042 ], [ -6.295524387999933, 53.332918715000062 ], [ -6.297569248999936, 53.333691620000081 ], [ -6.299019186999942, 53.334244028000057 ], [ -6.302706281999974, 53.335675867000077 ], [ -6.305290513999978, 53.336668692000046 ], [ -6.303080270999942, 53.336943525000038 ], [ -6.302892952999969, 53.336966815000039 ], [ -6.30245468399994, 53.33702130000006 ], [ -6.298377054999945, 53.33745424600005 ], [ -6.298005458999967, 53.336293545000046 ], [ -6.29718722399997, 53.335871522000048 ], [ -6.295991252999953, 53.335591411000046 ], [ -6.295138862999977, 53.335386320000055 ], [ -6.294517850999966, 53.335240101000075 ], [ -6.29380193399993, 53.335065670000063 ], [ -6.29268306399996, 53.334797538000032 ], [ -6.292416857999967, 53.334672592000061 ], [ -6.290373509999937, 53.333223163000071 ], [ -6.291110860999936, 53.332715237000059 ] ] ] } },
{ "type": "Feature", "properties": { "DlCnstt": "Dublin South Central", "Lcl_E_A": "South West Inner City", "Pllng_D": "Ushers F", "datstNm": "Electoral Division", "nuts2Nm": "Southern and Eastern", "county": "Dublin City", "area": "0.452802705120554" }, "geometry": { "type": "Polygon", "coordinates": [ [ [ -6.290629287999934, 53.340672494000046 ], [ -6.289420154999959, 53.338547895000033 ], [ -6.290910065999981, 53.338364962000071 ], [ -6.292098257999953, 53.338229985000055 ], [ -6.293522666999934, 53.338061715000038 ], [ -6.294955099999981, 53.337889532000077 ], [ -6.295389630999978, 53.337836046000064 ], [ -6.296676168999966, 53.33767767300003 ], [ -6.298377054999945, 53.33745424600005 ], [ -6.30245468399994, 53.33702130000006 ], [ -6.302892952999969, 53.336966815000039 ], [ -6.303080270999942, 53.336943525000038 ], [ -6.305290513999978, 53.336668692000046 ], [ -6.305654910999976, 53.336626514000045 ], [ -6.305710949999934, 53.336618804000075 ], [ -6.306814457999963, 53.337612178000022 ], [ -6.307159672999944, 53.338097036000079 ], [ -6.306779635999931, 53.339158787000031 ], [ -6.306768085999977, 53.339193261000048 ], [ -6.306663008999976, 53.340186882000069 ], [ -6.30669027099998, 53.340391455000031 ], [ -6.303656886999931, 53.34051415700003 ], [ -6.303236221999953, 53.340502473000072 ], [ -6.302743286999942, 53.34044973400006 ], [ -6.301863926999943, 53.340556924000055 ], [ -6.29938003199993, 53.340928088000055 ], [ -6.298352374999979, 53.341093379000021 ], [ -6.298218497999926, 53.34110608800006 ], [ -6.297581736999973, 53.341182419000063 ], [ -6.296623366999937, 53.341270970000039 ], [ -6.295903199999941, 53.341411101000062 ], [ -6.294575670999961, 53.341722922000031 ], [ -6.29238814799993, 53.342334172000051 ], [ -6.290669794999928, 53.342691922000022 ], [ -6.290573236999933, 53.341977840000027 ], [ -6.291174992999969, 53.341838718000083 ], [ -6.290629287999934, 53.340672494000046 ] ] ] } },
{ "type": "Feature", "properties": { "DlCnstt": "Dublin South Central", "Lcl_E_A": "Ballyfermot-Drimnagh", "Pllng_D": "Walkinstown A", "datstNm": "Electoral Division", "nuts2Nm": "Southern and Eastern", "county": "Dublin City", "area": "0.982955999853518" }, "geometry": { "type": "Polygon", "coordinates": [ [ [ -6.335637857999927, 53.328154342000062 ], [ -6.334927175999951, 53.327837384000077 ], [ -6.334525390999943, 53.328039562000072 ], [ -6.333485691999954, 53.326937193000049 ], [ -6.332287035999968, 53.326669752000043 ], [ -6.330698681999934, 53.32697494100006 ], [ -6.330221402999939, 53.326583190000072 ], [ -6.329500115999962, 53.326282197000069 ], [ -6.326928502999976, 53.325130142000042 ], [ -6.326475223999978, 53.324541699000072 ], [ -6.326666620999959, 53.323818328000073 ], [ -6.327122550999945, 53.323766848000048 ], [ -6.32989538399994, 53.321079685000022 ], [ -6.331169343999932, 53.318983441000057 ], [ -6.331430677999947, 53.318543602000034 ], [ -6.332027536999931, 53.31687551400006 ], [ -6.332136283999944, 53.316878104000075 ], [ -6.332572530999926, 53.316871671000058 ], [ -6.334445961999961, 53.316635911000049 ], [ -6.33535007699993, 53.31691556800007 ], [ -6.336251310999955, 53.316995139000021 ], [ -6.337204219999933, 53.317702576000045 ], [ -6.338368748999926, 53.317964409000069 ], [ -6.339475879999952, 53.318690951000072 ], [ -6.340309832999935, 53.318482679000056 ], [ -6.341885439999942, 53.318933424000079 ], [ -6.344166653999936, 53.320372540000051 ], [ -6.344345964999945, 53.321648039000081 ], [ -6.342944847999945, 53.321310937000078 ], [ -6.341214273999981, 53.321391344000062 ], [ -6.34196230799995, 53.322725164000083 ], [ -6.342831497999953, 53.323377975000021 ], [ -6.345006168999929, 53.325634562000062 ], [ -6.341899790999945, 53.326594491000037 ], [ -6.335637857999927, 53.328154342000062 ] ] ] } },
{ "type": "Feature", "properties": { "DlCnstt": "Dublin South Central", "Lcl_E_A": "Ballyfermot-Drimnagh", "Pllng_D": "Walkinstown B", "datstNm": "Electoral Division", "nuts2Nm": "Southern and Eastern", "county": "Dublin City", "area": "0.348006552220872" }, "geometry": { "type": "Polygon", "coordinates": [ [ [ -6.331166437999968, 53.316876974000081 ], [ -6.332027536999931, 53.31687551400006 ], [ -6.331430677999947, 53.318543602000034 ], [ -6.331169343999932, 53.318983441000057 ], [ -6.32989538399994, 53.321079685000022 ], [ -6.327122550999945, 53.323766848000048 ], [ -6.326666620999959, 53.323818328000073 ], [ -6.326168567999956, 53.32394503300003 ], [ -6.32579747799997, 53.323992046000058 ], [ -6.323198669999954, 53.324304826000059 ], [ -6.320772182999974, 53.324539884000046 ], [ -6.320077089999927, 53.324586842000031 ], [ -6.31650297799996, 53.325003322000043 ], [ -6.316212270999928, 53.324768747000064 ], [ -6.317923956999948, 53.323245729000064 ], [ -6.319052621999958, 53.322594791000022 ], [ -6.319161526999949, 53.322546923000061 ], [ -6.321181189999948, 53.321661421000051 ], [ -6.323961154999949, 53.320447139000073 ], [ -6.326352508999945, 53.31939307500005 ], [ -6.326649523999947, 53.319258398000045 ], [ -6.330860752999968, 53.317353645000082 ], [ -6.331166437999968, 53.316876974000081 ] ] ] } },
{ "type": "Feature", "properties": { "DlCnstt": "Dublin South Central", "Lcl_E_A": "Ballyfermot-Drimnagh", "Pllng_D": "Walkinstown C", "datstNm": "Electoral Division", "nuts2Nm": "Southern and Eastern", "county": "Dublin City", "area": "0.452745537733009" }, "geometry": { "type": "Polygon", "coordinates": [ [ [ -6.314835599999981, 53.317124851000081 ], [ -6.315990059999933, 53.316078764000046 ], [ -6.320759780999936, 53.31639529000006 ], [ -6.324850064999964, 53.316705261000038 ], [ -6.325848124999936, 53.316793406000045 ], [ -6.330231707999928, 53.316869740000072 ], [ -6.331166437999968, 53.316876974000081 ], [ -6.330860752999968, 53.317353645000082 ], [ -6.326649523999947, 53.319258398000045 ], [ -6.326352508999945, 53.31939307500005 ], [ -6.323961154999949, 53.320447139000073 ], [ -6.321181189999948, 53.321661421000051 ], [ -6.319161526999949, 53.322546923000061 ], [ -6.319052621999958, 53.322594791000022 ], [ -6.318130560999976, 53.321839682000082 ], [ -6.317286967999961, 53.321320573000037 ], [ -6.316486231999932, 53.320966161000058 ], [ -6.315683184999954, 53.320509734000041 ], [ -6.31537646299995, 53.320307077000045 ], [ -6.31527467899997, 53.32023674800007 ], [ -6.314122868999959, 53.318889804000037 ], [ -6.314835599999981, 53.317124851000081 ] ] ] } },
{ "type": "Feature", "properties": { "DlCnstt": "Dublin Central", "Lcl_E_A": "Cabra-Glasnevin", "Pllng_D": "Arran Quay A", "datstNm": "Electoral Division", "nuts2Nm": "Southern and Eastern", "county": "Dublin City", "area": "0.152283751343665" }, "geometry": { "type": "Polygon", "coordinates": [ [ [ -6.270729547999963, 53.359313421000081 ], [ -6.271264992999932, 53.357461367000042 ], [ -6.271501416999968, 53.35614316200008 ], [ -6.271628927999927, 53.355424151000079 ], [ -6.272104336999972, 53.354201613000043 ], [ -6.272294837999937, 53.354155092000042 ], [ -6.273813142999927, 53.355843859000061 ], [ -6.272846148999975, 53.356337371000045 ], [ -6.272812965999947, 53.35670441700006 ], [ -6.273390875999951, 53.356702640000037 ], [ -6.274024118999932, 53.357308026000055 ], [ -6.273863266999968, 53.357731387000058 ], [ -6.273677111999973, 53.358249502000042 ], [ -6.274333467999952, 53.358272624000051 ], [ -6.275828012999966, 53.357886906000033 ], [ -6.276080854999975, 53.358206448000033 ], [ -6.277376862999972, 53.35957873600006 ], [ -6.275812428999927, 53.360011354000051 ], [ -6.274124451999967, 53.360495073000038 ], [ -6.27286530899994, 53.360563587000058 ], [ -6.271694519999926, 53.360559404000071 ], [ -6.270361973999968, 53.360464925000031 ], [ -6.270683187999964, 53.359453644000041 ], [ -6.270729547999963, 53.359313421000081 ] ] ] } },
{ "type": "Feature", "properties": { "DlCnstt": "Dublin Central", "Lcl_E_A": "North Inner City", "Pllng_D": "Arran Quay B", "datstNm": "Electoral Division", "nuts2Nm": "Southern and Eastern", "county": "Dublin City", "area": "0.759855129550248" }, "geometry": { "type": "Polygon", "coordinates": [ [ [ -6.276080854999975, 53.358206448000033 ], [ -6.275828012999966, 53.357886906000033 ], [ -6.274333467999952, 53.358272624000051 ], [ -6.273677111999973, 53.358249502000042 ], [ -6.273863266999968, 53.357731387000058 ], [ -6.274024118999932, 53.357308026000055 ], [ -6.273390875999951, 53.356702640000037 ], [ -6.272812965999947, 53.35670441700006 ], [ -6.272846148999975, 53.356337371000045 ], [ -6.273813142999927, 53.355843859000061 ], [ -6.272294837999937, 53.354155092000042 ], [ -6.27202609699998, 53.353722015000073 ], [ -6.272443693999946, 53.351750908000042 ], [ -6.272668537999948, 53.351407111000071 ], [ -6.273309780999966, 53.35049652400005 ], [ -6.273645744999953, 53.34991731100007 ], [ -6.274720197999955, 53.349714049000056 ], [ -6.275132086999975, 53.349664218000051 ], [ -6.276733852999939, 53.349516037000058 ], [ -6.27697171899996, 53.34949191100003 ], [ -6.278527215999929, 53.349594078000045 ], [ -6.278899657999944, 53.349628070000051 ], [ -6.28077663299996, 53.349809041000071 ], [ -6.280850800999929, 53.350070713000036 ], [ -6.280879801999959, 53.350152518000073 ], [ -6.282898491999958, 53.352092808000073 ], [ -6.28302395999998, 53.352214180000033 ], [ -6.284380494999937, 53.353116769000046 ], [ -6.284907057999931, 53.353508298000072 ], [ -6.28628150399993, 53.354716845000041 ], [ -6.286707659999934, 53.355360696000048 ], [ -6.28776361499996, 53.357001718000049 ], [ -6.285508568999944, 53.357464331000081 ], [ -6.28533254599995, 53.357501290000073 ], [ -6.284732661999954, 53.357626478000043 ], [ -6.281625325999926, 53.358399854000027 ], [ -6.280624121999949, 53.358673112000083 ], [ -6.279629839999927, 53.358948186000077 ], [ -6.277376862999972, 53.35957873600006 ], [ -6.276080854999975, 53.358206448000033 ] ] ] } },
{ "type": "Feature", "properties": { "DlCnstt": "Dublin Central", "Lcl_E_A": "North Inner City", "Pllng_D": "Arran Quay C", "datstNm": "Electoral Division", "nuts2Nm": "Southern and Eastern", "county": "Dublin City", "area": "0.384185955009409" }, "geometry": { "type": "Polygon", "coordinates": [ [ [ -6.278527215999929, 53.349594078000045 ], [ -6.27697171899996, 53.34949191100003 ], [ -6.276733852999939, 53.349516037000058 ], [ -6.275132086999975, 53.349664218000051 ], [ -6.274720197999955, 53.349714049000056 ], [ -6.273645744999953, 53.34991731100007 ], [ -6.273733429999936, 53.348969966000027 ], [ -6.273789241999964, 53.347769408000033 ], [ -6.274053668999954, 53.34683018000004 ], [ -6.274486718999981, 53.345911069000074 ], [ -6.274775589999932, 53.345307631000082 ], [ -6.275834104999944, 53.345499498000038 ], [ -6.276564419999943, 53.345633169000045 ], [ -6.276732117999927, 53.345663861000048 ], [ -6.277004868999938, 53.345715537000046 ], [ -6.277794031999974, 53.345866752000063 ], [ -6.278832478999959, 53.346057663000074 ], [ -6.279449325999963, 53.346177041000033 ], [ -6.279524932999948, 53.346189561000081 ], [ -6.281100702999936, 53.346348538000022 ], [ -6.281774331999941, 53.34641531300008 ], [ -6.282004548999964, 53.346438133000049 ], [ -6.283106633999978, 53.346526875000045 ], [ -6.284685293999928, 53.346577312000079 ], [ -6.285097077999978, 53.346592225000045 ], [ -6.288331113999959, 53.34672510200005 ], [ -6.290868075999981, 53.347171485000047 ], [ -6.290970632999972, 53.347765028000026 ], [ -6.288968211999928, 53.347723643000045 ], [ -6.289082292999979, 53.348370135000039 ], [ -6.288952700999971, 53.349326088000055 ], [ -6.284861436999961, 53.349363574000051 ], [ -6.283295210999937, 53.34959187000004 ], [ -6.280879801999959, 53.350152518000073 ], [ -6.280850800999929, 53.350070713000036 ], [ -6.28077663299996, 53.349809041000071 ], [ -6.278899657999944, 53.349628070000051 ], [ -6.278527215999929, 53.349594078000045 ] ] ] } },
{ "type": "Feature", "properties": { "DlCnstt": "Dublin Central", "Lcl_E_A": "North Inner City", "Pllng_D": "Arran Quay D", "datstNm": "Electoral Division", "nuts2Nm": "Southern and Eastern", "county": "Dublin City", "area": "0.344198377220547" }, "geometry": { "type": "Polygon", "coordinates": [ [ [ -6.289564789999929, 53.352070015000038 ], [ -6.28876648499994, 53.35156603400003 ], [ -6.288109549999945, 53.351864834000082 ], [ -6.28690230999996, 53.350877833000027 ], [ -6.285969143999978, 53.350853352000058 ], [ -6.285627449999936, 53.350840806000072 ], [ -6.285251296999945, 53.350827891000051 ], [ -6.284861436999961, 53.349363574000051 ], [ -6.288952700999971, 53.349326088000055 ], [ -6.289082292999979, 53.348370135000039 ], [ -6.288968211999928, 53.347723643000045 ], [ -6.290970632999972, 53.347765028000026 ], [ -6.294146477999959, 53.347901496000077 ], [ -6.294161149999979, 53.348650833000079 ], [ -6.29668346099993, 53.351325276000075 ], [ -6.297231674999978, 53.351909581000022 ], [ -6.29650154999996, 53.352364266000045 ], [ -6.295474017999936, 53.353005167000049 ], [ -6.295421738999949, 53.353037927000059 ], [ -6.295251618999941, 53.35314537000005 ], [ -6.293811382999934, 53.354053093000061 ], [ -6.293620182999973, 53.354172651000056 ], [ -6.293493531999957, 53.354251753000021 ], [ -6.292717939999932, 53.354739774000045 ], [ -6.292172365999932, 53.354439998000032 ], [ -6.291826379999975, 53.354255784000031 ], [ -6.290267258999961, 53.353413359000058 ], [ -6.288783745999979, 53.352521628000034 ], [ -6.289564789999929, 53.352070015000038 ] ] ] } },
{ "type": "Feature", "properties": { "DlCnstt": "Dublin Central", "Lcl_E_A": "North Inner City", "Pllng_D": "Arran Quay E", "datstNm": "Electoral Division", "nuts2Nm": "Southern and Eastern", "county": "Dublin City", "area": "0.263469335281095" }, "geometry": { "type": "Polygon", "coordinates": [ [ [ -6.282898491999958, 53.352092808000073 ], [ -6.280879801999959, 53.350152518000073 ], [ -6.283295210999937, 53.34959187000004 ], [ -6.284861436999961, 53.349363574000051 ], [ -6.285251296999945, 53.350827891000051 ], [ -6.285627449999936, 53.350840806000072 ], [ -6.285969143999978, 53.350853352000058 ], [ -6.28690230999996, 53.350877833000027 ], [ -6.288109549999945, 53.351864834000082 ], [ -6.28876648499994, 53.35156603400003 ], [ -6.289564789999929, 53.352070015000038 ], [ -6.288783745999979, 53.352521628000034 ], [ -6.290267258999961, 53.353413359000058 ], [ -6.291826379999975, 53.354255784000031 ], [ -6.292172365999932, 53.354439998000032 ], [ -6.292717939999932, 53.354739774000045 ], [ -6.291575599999931, 53.355465120000083 ], [ -6.291472294999949, 53.355535755000062 ], [ -6.290688498999941, 53.356062658000042 ], [ -6.289792772999931, 53.356646646000058 ], [ -6.28776361499996, 53.357001718000049 ], [ -6.286707659999934, 53.355360696000048 ], [ -6.28628150399993, 53.354716845000041 ], [ -6.284907057999931, 53.353508298000072 ], [ -6.284380494999937, 53.353116769000046 ], [ -6.28302395999998, 53.352214180000033 ], [ -6.282898491999958, 53.352092808000073 ] ] ] } },
{ "type": "Feature", "properties": { "DlCnstt": "Dublin Central", "Lcl_E_A": "North Inner City", "Pllng_D": "Ballybough A", "datstNm": "Electoral Division", "nuts2Nm": "Southern and Eastern", "county": "Dublin City", "area": "0.348649387018153" }, "geometry": { "type": "Polygon", "coordinates": [ [ [ -6.246073598999942, 53.361663700000072 ], [ -6.241979650999952, 53.361124500000081 ], [ -6.241551538999944, 53.361434074000051 ], [ -6.24140873999994, 53.361705396000048 ], [ -6.239443280999978, 53.361377336000032 ], [ -6.237778317999926, 53.360615399000039 ], [ -6.239056839999932, 53.359468460000073 ], [ -6.239582637999945, 53.358948719000075 ], [ -6.240017519999981, 53.358529594000061 ], [ -6.240648498999974, 53.358021364000081 ], [ -6.241761139999936, 53.357298042000082 ], [ -6.243302267999979, 53.356296067000073 ], [ -6.24413937199995, 53.355725988000081 ], [ -6.24521152899996, 53.354925198000046 ], [ -6.245976313999961, 53.354679384000072 ], [ -6.247385321999957, 53.355720327000022 ], [ -6.247641374999944, 53.355903437000045 ], [ -6.248802629999943, 53.356792551000069 ], [ -6.247377172999961, 53.357479105000039 ], [ -6.246474476999936, 53.357973505000082 ], [ -6.248416126999928, 53.358858292000043 ], [ -6.249971177999953, 53.359262668000042 ], [ -6.24853724999997, 53.360677169000041 ], [ -6.247267626999928, 53.360509036000046 ], [ -6.247699141999931, 53.360608803000048 ], [ -6.247581796999953, 53.360947269000064 ], [ -6.248135703999935, 53.361013740000033 ], [ -6.247716136999941, 53.361888136000061 ], [ -6.246073598999942, 53.361663700000072 ] ] ] } },
{ "type": "Feature", "properties": { "DlCnstt": "Dublin Central", "Lcl_E_A": "North Inner City", "Pllng_D": "Ballybough B", "datstNm": "Electoral Division", "nuts2Nm": "Southern and Eastern", "county": "Dublin City", "area": "0.354685868258871" }, "geometry": { "type": "Polygon", "coordinates": [ [ [ -6.247581796999953, 53.360947269000064 ], [ -6.247699141999931, 53.360608803000048 ], [ -6.247267626999928, 53.360509036000046 ], [ -6.24853724999997, 53.360677169000041 ], [ -6.249971177999953, 53.359262668000042 ], [ -6.248416126999928, 53.358858292000043 ], [ -6.246474476999936, 53.357973505000082 ], [ -6.247377172999961, 53.357479105000039 ], [ -6.248802629999943, 53.356792551000069 ], [ -6.249406830999931, 53.357235929000069 ], [ -6.249645960999942, 53.357308845000034 ], [ -6.250116897999931, 53.35741618600008 ], [ -6.251489963999973, 53.357709886000073 ], [ -6.252540683999939, 53.357928770000058 ], [ -6.253664509999965, 53.358161722000034 ], [ -6.254137424999954, 53.358259587000077 ], [ -6.255711747999952, 53.358585461000082 ], [ -6.256400579999934, 53.358728022000037 ], [ -6.257805271999928, 53.359012752000069 ], [ -6.260318365999979, 53.359517177000043 ], [ -6.25889316599995, 53.360993822000069 ], [ -6.258664323999938, 53.361258740000039 ], [ -6.258574991999978, 53.361366174000075 ], [ -6.257352840999943, 53.362717499000041 ], [ -6.25695357799998, 53.363149887000077 ], [ -6.256267673999957, 53.363056230000041 ], [ -6.251316283999927, 53.362379985000082 ], [ -6.247716136999941, 53.361888136000061 ], [ -6.248135703999935, 53.361013740000033 ], [ -6.247581796999953, 53.360947269000064 ] ] ] } },
{ "type": "Feature", "properties": { "DlCnstt": "Dublin Central", "Lcl_E_A": "Cabra-Glasnevin", "Pllng_D": "Botanic A", "datstNm": "Electoral Division", "nuts2Nm": "Southern and Eastern", "county": "Dublin City", "area": "1.31852523820502" }, "geometry": { "type": "Polygon", "coordinates": [ [ [ -6.264310014999977, 53.378411836000055 ], [ -6.263722155999972, 53.375980831000049 ], [ -6.264915910999946, 53.372351251000055 ], [ -6.265625273999945, 53.37155901400007 ], [ -6.265931268999964, 53.371307040000033 ], [ -6.267157415999975, 53.370277722000026 ], [ -6.268701266999926, 53.368549849000033 ], [ -6.26992884499998, 53.366547768000032 ], [ -6.270426659999941, 53.365701534000038 ], [ -6.270648491999964, 53.365327549000021 ], [ -6.270728994999956, 53.365592621000083 ], [ -6.270740912999941, 53.36563899500004 ], [ -6.272015347999968, 53.367420778000046 ], [ -6.273122100999956, 53.368080520000042 ], [ -6.278071998999962, 53.369985648000075 ], [ -6.282427318999964, 53.372378830000059 ], [ -6.284645744999978, 53.373975395000059 ], [ -6.285505920999981, 53.375716234000038 ], [ -6.286620325999934, 53.377409316000069 ], [ -6.284522308999954, 53.378026308000081 ], [ -6.283486312999969, 53.37784273300008 ], [ -6.282973456999969, 53.377752692000058 ], [ -6.280951177999953, 53.37790902200004 ], [ -6.280785641999955, 53.377899597000074 ], [ -6.277748998999924, 53.377694961000032 ], [ -6.276362060999928, 53.377508916000075 ], [ -6.275738352999952, 53.377353593000073 ], [ -6.275409043999956, 53.378848580000074 ], [ -6.275311724999938, 53.379313900000056 ], [ -6.271049966999954, 53.379052210000047 ], [ -6.268467373999954, 53.378895736000061 ], [ -6.264572977999933, 53.378454520000048 ], [ -6.264310014999977, 53.378411836000055 ] ] ] } },
{ "type": "Feature", "properties": { "DlCnstt": "Dublin Central", "Lcl_E_A": "Cabra-Glasnevin", "Pllng_D": "Botanic B", "datstNm": "Electoral Division", "nuts2Nm": "Southern and Eastern", "county": "Dublin City", "area": "0.489974604859277" }, "geometry": { "type": "Polygon", "coordinates": [ [ [ -6.256968042999972, 53.368502640000031 ], [ -6.256024310999976, 53.36764392300006 ], [ -6.254219476999936, 53.368077915000072 ], [ -6.254531412999937, 53.366558448000042 ], [ -6.255225182999936, 53.365238784000042 ], [ -6.255605636999974, 53.364725888000073 ], [ -6.256176399999958, 53.363955907000047 ], [ -6.257832569999948, 53.364373965000027 ], [ -6.258565541999928, 53.36455546500008 ], [ -6.261257839999928, 53.365231273000063 ], [ -6.262133554999934, 53.36542997500004 ], [ -6.263480838999953, 53.365692191000051 ], [ -6.265357275999976, 53.365904607000061 ], [ -6.26992884499998, 53.366547768000032 ], [ -6.268701266999926, 53.368549849000033 ], [ -6.267157415999975, 53.370277722000026 ], [ -6.265931268999964, 53.371307040000033 ], [ -6.265625273999945, 53.37155901400007 ], [ -6.264915910999946, 53.372351251000055 ], [ -6.26294721599993, 53.371416499000077 ], [ -6.261990898999954, 53.371109172000047 ], [ -6.261728940999944, 53.37036252200005 ], [ -6.260825763999947, 53.36966491000004 ], [ -6.259606451999957, 53.369238229000082 ], [ -6.258433822999962, 53.368895064000071 ], [ -6.257813555999974, 53.368714573000034 ], [ -6.256968042999972, 53.368502640000031 ] ] ] } },
{ "type": "Feature", "properties": { "DlCnstt": "Dublin Central", "Lcl_E_A": "Cabra-Glasnevin", "Pllng_D": "Botanic C", "datstNm": "Electoral Division", "nuts2Nm": "Southern and Eastern", "county": "Dublin City", "area": "0.302365189389377" }, "geometry": { "type": "Polygon", "coordinates": [ [ [ -6.258574991999978, 53.361366174000075 ], [ -6.258664323999938, 53.361258740000039 ], [ -6.259154401999979, 53.36136728200006 ], [ -6.26081787499993, 53.361789488000056 ], [ -6.26334565999997, 53.36235533200005 ], [ -6.263661672999945, 53.362429624000072 ], [ -6.263942293999945, 53.362496038000081 ], [ -6.266409590999956, 53.363064549000057 ], [ -6.270849101999943, 53.364103345000046 ], [ -6.270774809999978, 53.364716319000081 ], [ -6.270648491999964, 53.365327549000021 ], [ -6.270426659999941, 53.365701534000038 ], [ -6.26992884499998, 53.366547768000032 ], [ -6.265357275999976, 53.365904607000061 ], [ -6.263480838999953, 53.365692191000051 ], [ -6.262133554999934, 53.36542997500004 ], [ -6.261257839999928, 53.365231273000063 ], [ -6.258565541999928, 53.36455546500008 ], [ -6.257832569999948, 53.364373965000027 ], [ -6.256176399999958, 53.363955907000047 ], [ -6.25695357799998, 53.363149887000077 ], [ -6.257352840999943, 53.362717499000041 ], [ -6.258574991999978, 53.361366174000075 ] ] ] } },
{ "type": "Feature", "properties": { "DlCnstt": "Dublin Central", "Lcl_E_A": "Cabra-Glasnevin", "Pllng_D": "Cabra East A", "datstNm": "Electoral Division", "nuts2Nm": "Southern and Eastern", "county": "Dublin City", "area": "1.41253225055308" }, "geometry": { "type": "Polygon", "coordinates": [ [ [ -6.269428998999956, 53.36355741300008 ], [ -6.270017000999928, 53.360433795000063 ], [ -6.270361973999968, 53.360464925000031 ], [ -6.271694519999926, 53.360559404000071 ], [ -6.27286530899994, 53.360563587000058 ], [ -6.274124451999967, 53.360495073000038 ], [ -6.275812428999927, 53.360011354000051 ], [ -6.277376862999972, 53.35957873600006 ], [ -6.277887402999966, 53.36022960400004 ], [ -6.278227797999932, 53.360668289000046 ], [ -6.278670861999956, 53.361228179000079 ], [ -6.278564877999941, 53.361254204000033 ], [ -6.278958527999976, 53.36177067300008 ], [ -6.279624096999953, 53.362582572000072 ], [ -6.280150404999972, 53.363254245000064 ], [ -6.280532007999966, 53.363712374000045 ], [ -6.282998083999928, 53.366720580000049 ], [ -6.283304268999928, 53.366929953000074 ], [ -6.28536337099996, 53.368527746000041 ], [ -6.285097841999971, 53.368586450000073 ], [ -6.288544539999975, 53.370552869000051 ], [ -6.290172968999968, 53.37091943300004 ], [ -6.294758984999929, 53.371887542000081 ], [ -6.298973168999964, 53.372685159000071 ], [ -6.298777231999964, 53.376018799000072 ], [ -6.297225501999947, 53.376096555000061 ], [ -6.294864656999948, 53.376731190000051 ], [ -6.29092520599994, 53.377289141000063 ], [ -6.289336141999968, 53.377311927000051 ], [ -6.28798640499997, 53.377154781000058 ], [ -6.286531234999927, 53.37657310600008 ], [ -6.285505920999981, 53.375716234000038 ], [ -6.284645744999978, 53.373975395000059 ], [ -6.282427318999964, 53.372378830000059 ], [ -6.278071998999962, 53.369985648000075 ], [ -6.273122100999956, 53.368080520000042 ], [ -6.272015347999968, 53.367420778000046 ], [ -6.270740912999941, 53.36563899500004 ], [ -6.270728994999956, 53.365592621000083 ], [ -6.270648491999964, 53.365327549000021 ], [ -6.270774809999978, 53.364716319000081 ], [ -6.270849101999943, 53.364103345000046 ], [ -6.270882050999944, 53.364011596000068 ], [ -6.269428998999956, 53.36355741300008 ] ] ] } },
{ "type": "Feature", "properties": { "DlCnstt": "Dublin Central", "Lcl_E_A": "Cabra-Glasnevin", "Pllng_D": "Cabra East B", "datstNm": "Electoral Division", "nuts2Nm": "Southern and Eastern", "county": "Dublin City", "area": "0.463372127223568" }, "geometry": { "type": "Polygon", "coordinates": [ [ [ -6.278670861999956, 53.361228179000079 ], [ -6.278227797999932, 53.360668289000046 ], [ -6.281427318999931, 53.360786762000032 ], [ -6.281674604999978, 53.360796247000046 ], [ -6.285159284999963, 53.360928113000057 ], [ -6.29015110399996, 53.361111923000074 ], [ -6.291825715999948, 53.361176411000031 ], [ -6.291572220999967, 53.361638165000045 ], [ -6.290251031999958, 53.364049144000042 ], [ -6.289225838999926, 53.365913864000049 ], [ -6.288336358999969, 53.367281966000064 ], [ -6.288225239999974, 53.367385401000043 ], [ -6.287002298999937, 53.368110411000032 ], [ -6.28536337099996, 53.368527746000041 ], [ -6.283304268999928, 53.366929953000074 ], [ -6.282998083999928, 53.366720580000049 ], [ -6.280532007999966, 53.363712374000045 ], [ -6.280150404999972, 53.363254245000064 ], [ -6.279624096999953, 53.362582572000072 ], [ -6.278958527999976, 53.36177067300008 ], [ -6.278564877999941, 53.361254204000033 ], [ -6.278670861999956, 53.361228179000079 ] ] ] } },
{ "type": "Feature", "properties": { "DlCnstt": "Dublin Central", "Lcl_E_A": "Cabra-Glasnevin", "Pllng_D": "Cabra East C", "datstNm": "Electoral Division", "nuts2Nm": "Southern and Eastern", "county": "Dublin City", "area": "0.457167904803772" }, "geometry": { "type": "Polygon", "coordinates": [ [ [ -6.29650154999996, 53.352364266000045 ], [ -6.297231674999978, 53.351909581000022 ], [ -6.297850128999926, 53.352546711000059 ], [ -6.296276881999972, 53.353445323000081 ], [ -6.295693416999939, 53.354196811000072 ], [ -6.294961146999981, 53.355514077000073 ], [ -6.294639464999932, 53.356098003000056 ], [ -6.293616394999958, 53.357952751000028 ], [ -6.293394084999932, 53.358350821000045 ], [ -6.293367602999979, 53.358400326000037 ], [ -6.293038607999961, 53.35898504000005 ], [ -6.292720208999981, 53.359551083000042 ], [ -6.292406903999961, 53.360115791000055 ], [ -6.291825715999948, 53.361176411000031 ], [ -6.29015110399996, 53.361111923000074 ], [ -6.285159284999963, 53.360928113000057 ], [ -6.281674604999978, 53.360796247000046 ], [ -6.281427318999931, 53.360786762000032 ], [ -6.278227797999932, 53.360668289000046 ], [ -6.277887402999966, 53.36022960400004 ], [ -6.277376862999972, 53.35957873600006 ], [ -6.279629839999927, 53.358948186000077 ], [ -6.280624121999949, 53.358673112000083 ], [ -6.281625325999926, 53.358399854000027 ], [ -6.284732661999954, 53.357626478000043 ], [ -6.28533254599995, 53.357501290000073 ], [ -6.285508568999944, 53.357464331000081 ], [ -6.28776361499996, 53.357001718000049 ], [ -6.289792772999931, 53.356646646000058 ], [ -6.290688498999941, 53.356062658000042 ], [ -6.291472294999949, 53.355535755000062 ], [ -6.291575599999931, 53.355465120000083 ], [ -6.292717939999932, 53.354739774000045 ], [ -6.293493531999957, 53.354251753000021 ], [ -6.293620182999973, 53.354172651000056 ], [ -6.293811382999934, 53.354053093000061 ], [ -6.295251618999941, 53.35314537000005 ], [ -6.295421738999949, 53.353037927000059 ], [ -6.295474017999936, 53.353005167000049 ], [ -6.29650154999996, 53.352364266000045 ] ] ] } },
{ "type": "Feature", "properties": { "DlCnstt": "Dublin Central", "Lcl_E_A": "Cabra-Glasnevin", "Pllng_D": "Cabra West A", "datstNm": "Electoral Division", "nuts2Nm": "Southern and Eastern", "county": "Dublin City", "area": "0.446928888614211" }, "geometry": { "type": "Polygon", "coordinates": [ [ [ -6.304527809999968, 53.376774066000046 ], [ -6.303432323999971, 53.375838976000075 ], [ -6.30214799099997, 53.376042183000038 ], [ -6.30071772499997, 53.375736661000083 ], [ -6.298777231999964, 53.376018799000072 ], [ -6.298973168999964, 53.372685159000071 ], [ -6.29897370599997, 53.372609841000042 ], [ -6.298950568999942, 53.371601277000082 ], [ -6.299362916999939, 53.370912217000075 ], [ -6.300146161999976, 53.369674814000064 ], [ -6.300271888999929, 53.368392530000051 ], [ -6.30034343899996, 53.367119874000082 ], [ -6.30166841099998, 53.367229136000049 ], [ -6.303782071999933, 53.368362977000061 ], [ -6.30511949299995, 53.36949951400004 ], [ -6.305105414999956, 53.372113519000038 ], [ -6.305974575999926, 53.373482 ], [ -6.307500509999953, 53.374567263000081 ], [ -6.308960142999978, 53.375624225000081 ], [ -6.308935749999932, 53.376495946000034 ], [ -6.308909138999979, 53.376926686000047 ], [ -6.310463220999964, 53.377916027000026 ], [ -6.309552020999945, 53.377865688000043 ], [ -6.307644364999931, 53.37771030600004 ], [ -6.304527809999968, 53.376774066000046 ] ] ] } },
{ "type": "Feature", "properties": { "DlCnstt": "Dublin Central", "Lcl_E_A": "Cabra-Glasnevin", "Pllng_D": "Cabra West B", "datstNm": "Electoral Division", "nuts2Nm": "Southern and Eastern", "county": "Dublin City", "area": "0.452549857270308" }, "geometry": { "type": "Polygon", "coordinates": [ [ [ -6.288336358999969, 53.367281966000064 ], [ -6.289225838999926, 53.365913864000049 ], [ -6.290086135999957, 53.366206078000062 ], [ -6.291091648999952, 53.366449142000079 ], [ -6.292477778999968, 53.366705435000021 ], [ -6.293755415999954, 53.366845839000064 ], [ -6.29617109299994, 53.366983803000039 ], [ -6.296347479999952, 53.366991426000027 ], [ -6.299044712999944, 53.367090436000069 ], [ -6.30034343899996, 53.367119874000082 ], [ -6.300271888999929, 53.368392530000051 ], [ -6.300146161999976, 53.369674814000064 ], [ -6.299362916999939, 53.370912217000075 ], [ -6.298950568999942, 53.371601277000082 ], [ -6.29897370599997, 53.372609841000042 ], [ -6.298973168999964, 53.372685159000071 ], [ -6.294758984999929, 53.371887542000081 ], [ -6.290172968999968, 53.37091943300004 ], [ -6.288544539999975, 53.370552869000051 ], [ -6.285097841999971, 53.368586450000073 ], [ -6.28536337099996, 53.368527746000041 ], [ -6.287002298999937, 53.368110411000032 ], [ -6.288225239999974, 53.367385401000043 ], [ -6.288336358999969, 53.367281966000064 ] ] ] } },
{ "type": "Feature", "properties": { "DlCnstt": "Dublin Central", "Lcl_E_A": "Cabra-Glasnevin", "Pllng_D": "Cabra West C", "datstNm": "Electoral Division", "nuts2Nm": "Southern and Eastern", "county": "Dublin City", "area": "0.572766837525082" }, "geometry": { "type": "Polygon", "coordinates": [ [ [ -6.292406903999961, 53.360115791000055 ], [ -6.292720208999981, 53.359551083000042 ], [ -6.293645921999939, 53.359976460000041 ], [ -6.297286987999939, 53.361385555000027 ], [ -6.298528645999966, 53.361774898000078 ], [ -6.30076713699998, 53.362521345000062 ], [ -6.301104447999933, 53.362633173000063 ], [ -6.302884904999928, 53.363224516000059 ], [ -6.306729211999937, 53.364482734000042 ], [ -6.307328870999925, 53.364688586000057 ], [ -6.30542328699994, 53.365841457000045 ], [ -6.301751986999932, 53.36717305600007 ], [ -6.30166841099998, 53.367229136000049 ], [ -6.30034343899996, 53.367119874000082 ], [ -6.299044712999944, 53.367090436000069 ], [ -6.296347479999952, 53.366991426000027 ], [ -6.29617109299994, 53.366983803000039 ], [ -6.293755415999954, 53.366845839000064 ], [ -6.292477778999968, 53.366705435000021 ], [ -6.291091648999952, 53.366449142000079 ], [ -6.290086135999957, 53.366206078000062 ], [ -6.289225838999926, 53.365913864000049 ], [ -6.290251031999958, 53.364049144000042 ], [ -6.291572220999967, 53.361638165000045 ], [ -6.291825715999948, 53.361176411000031 ], [ -6.292406903999961, 53.360115791000055 ] ] ] } },
{ "type": "Feature", "properties": { "DlCnstt": "Dublin Central", "Lcl_E_A": "Cabra-Glasnevin", "Pllng_D": "Cabra West D", "datstNm": "Electoral Division", "nuts2Nm": "Southern and Eastern", "county": "Dublin City", "area": "0.602035543610874" }, "geometry": { "type": "Polygon", "coordinates": [ [ [ -6.296276881999972, 53.353445323000081 ], [ -6.297850128999926, 53.352546711000059 ], [ -6.302764182999965, 53.357700313000073 ], [ -6.305626322999956, 53.359321445000042 ], [ -6.309506457999929, 53.36132656900002 ], [ -6.30902459999993, 53.361492874000078 ], [ -6.308389041999931, 53.361723745000063 ], [ -6.304751775999932, 53.362696834000083 ], [ -6.302884904999928, 53.363224516000059 ], [ -6.301104447999933, 53.362633173000063 ], [ -6.30076713699998, 53.362521345000062 ], [ -6.298528645999966, 53.361774898000078 ], [ -6.297286987999939, 53.361385555000027 ], [ -6.293645921999939, 53.359976460000041 ], [ -6.292720208999981, 53.359551083000042 ], [ -6.293038607999961, 53.35898504000005 ], [ -6.293367602999979, 53.358400326000037 ], [ -6.293394084999932, 53.358350821000045 ], [ -6.293616394999958, 53.357952751000028 ], [ -6.294639464999932, 53.356098003000056 ], [ -6.294961146999981, 53.355514077000073 ], [ -6.295693416999939, 53.354196811000072 ], [ -6.296276881999972, 53.353445323000081 ] ] ] } },
{ "type": "Feature", "properties": { "DlCnstt": "Dublin Central", "Lcl_E_A": "Clontarf", "Pllng_D": "Drumcondra South A", "datstNm": "Electoral Division", "nuts2Nm": "Southern and Eastern", "county": "Dublin City", "area": "1.03632250918096" }, "geometry": { "type": "Polygon", "coordinates": [ [ [ -6.238952371999972, 53.367041298000061 ], [ -6.238845251999976, 53.365939445000038 ], [ -6.23883903899997, 53.365549488000056 ], [ -6.238854515999947, 53.365257389000078 ], [ -6.238917560999937, 53.36384914100006 ], [ -6.238878501999976, 53.362560748000078 ], [ -6.241017148999958, 53.362166473000059 ], [ -6.24140873999994, 53.361705396000048 ], [ -6.242900817999953, 53.362757959000078 ], [ -6.243256022999958, 53.362993165000034 ], [ -6.243388580999977, 53.363067429000075 ], [ -6.24417355099996, 53.363376225000081 ], [ -6.245768005999935, 53.363709223000058 ], [ -6.246764210999969, 53.364410651000071 ], [ -6.248297236999974, 53.365491278000043 ], [ -6.249116191999974, 53.365993925000055 ], [ -6.250355446999947, 53.366567953000072 ], [ -6.250687882999955, 53.366554011000062 ], [ -6.251028632999976, 53.366546553000042 ], [ -6.252097444999947, 53.367074668000043 ], [ -6.252288123999961, 53.367912703000059 ], [ -6.254219476999936, 53.368077915000072 ], [ -6.254029990999925, 53.368489219000082 ], [ -6.253712533999931, 53.368994642000082 ], [ -6.25283941899994, 53.370387261000083 ], [ -6.252537920999941, 53.370880757000073 ], [ -6.251068148999934, 53.37311505200006 ], [ -6.250568327999929, 53.374099677000061 ], [ -6.249386216999937, 53.37557817000004 ], [ -6.246271270999955, 53.374732208000069 ], [ -6.242252830999973, 53.373639979000082 ], [ -6.242152184999952, 53.373612546000061 ], [ -6.237114064999957, 53.372056348000058 ], [ -6.237285455999937, 53.371244219000062 ], [ -6.237774516999934, 53.370103586000027 ], [ -6.238765730999944, 53.367663633000063 ], [ -6.238830032999942, 53.367458310000082 ], [ -6.238904341999955, 53.367234398000051 ], [ -6.238930726999968, 53.367162747000073 ], [ -6.238952371999972, 53.367041298000061 ] ] ] } },
{ "type": "Feature", "properties": { "DlCnstt": "Dublin Central", "Lcl_E_A": "North Inner City", "Pllng_D": "Drumcondra South B", "datstNm": "Electoral Division", "nuts2Nm": "Southern and Eastern", "county": "Dublin City", "area": "0.344195154692838" }, "geometry": { "type": "Polygon", "coordinates": [ [ [ -6.252097444999947, 53.367074668000043 ], [ -6.251028632999976, 53.366546553000042 ], [ -6.250687882999955, 53.366554011000062 ], [ -6.250355446999947, 53.366567953000072 ], [ -6.249116191999974, 53.365993925000055 ], [ -6.248297236999974, 53.365491278000043 ], [ -6.246764210999969, 53.364410651000071 ], [ -6.245768005999935, 53.363709223000058 ], [ -6.24417355099996, 53.363376225000081 ], [ -6.243388580999977, 53.363067429000075 ], [ -6.243256022999958, 53.362993165000034 ], [ -6.242900817999953, 53.362757959000078 ], [ -6.24140873999994, 53.361705396000048 ], [ -6.241551538999944, 53.361434074000051 ], [ -6.241979650999952, 53.361124500000081 ], [ -6.246073598999942, 53.361663700000072 ], [ -6.247716136999941, 53.361888136000061 ], [ -6.251316283999927, 53.362379985000082 ], [ -6.256267673999957, 53.363056230000041 ], [ -6.25695357799998, 53.363149887000077 ], [ -6.256176399999958, 53.363955907000047 ], [ -6.255605636999974, 53.364725888000073 ], [ -6.255225182999936, 53.365238784000042 ], [ -6.254531412999937, 53.366558448000042 ], [ -6.254219476999936, 53.368077915000072 ], [ -6.252288123999961, 53.367912703000059 ], [ -6.252097444999947, 53.367074668000043 ] ] ] } },
{ "type": "Feature", "properties": { "DlCnstt": "Dublin Central", "Lcl_E_A": "Cabra-Glasnevin", "Pllng_D": "Drumcondra South C", "datstNm": "Electoral Division", "nuts2Nm": "Southern and Eastern", "county": "Dublin City", "area": "0.745387217303335" }, "geometry": { "type": "Polygon", "coordinates": [ [ [ -6.254219476999936, 53.368077915000072 ], [ -6.256024310999976, 53.36764392300006 ], [ -6.256968042999972, 53.368502640000031 ], [ -6.257813555999974, 53.368714573000034 ], [ -6.258433822999962, 53.368895064000071 ], [ -6.259606451999957, 53.369238229000082 ], [ -6.260825763999947, 53.36966491000004 ], [ -6.261728940999944, 53.37036252200005 ], [ -6.261990898999954, 53.371109172000047 ], [ -6.26294721599993, 53.371416499000077 ], [ -6.264915910999946, 53.372351251000055 ], [ -6.263722155999972, 53.375980831000049 ], [ -6.264310014999977, 53.378411836000055 ], [ -6.261873733999948, 53.377977121000072 ], [ -6.258113528999957, 53.377315638000027 ], [ -6.254461384999956, 53.376663387000072 ], [ -6.249386216999937, 53.37557817000004 ], [ -6.250568327999929, 53.374099677000061 ], [ -6.251068148999934, 53.37311505200006 ], [ -6.252537920999941, 53.370880757000073 ], [ -6.25283941899994, 53.370387261000083 ], [ -6.253712533999931, 53.368994642000082 ], [ -6.254029990999925, 53.368489219000082 ], [ -6.254219476999936, 53.368077915000072 ] ] ] } },
{ "type": "Feature", "properties": { "DlCnstt": "Dublin Central", "Lcl_E_A": "Cabra-Glasnevin", "Pllng_D": "Inns Quay A", "datstNm": "Electoral Division", "nuts2Nm": "Southern and Eastern", "county": "Dublin City", "area": "0.316477973367025" }, "geometry": { "type": "Polygon", "coordinates": [ [ [ -6.261200955999925, 53.358598667000081 ], [ -6.262854787999969, 53.357271350000083 ], [ -6.263088514999936, 53.357342176000031 ], [ -6.266076995999981, 53.358216343000038 ], [ -6.268847889999961, 53.35904441100007 ], [ -6.268687290999935, 53.360209722000043 ], [ -6.269606944999964, 53.360402857000047 ], [ -6.270017000999928, 53.360433795000063 ], [ -6.269428998999956, 53.36355741300008 ], [ -6.270882050999944, 53.364011596000068 ], [ -6.270849101999943, 53.364103345000046 ], [ -6.266409590999956, 53.363064549000057 ], [ -6.263942293999945, 53.362496038000081 ], [ -6.263661672999945, 53.362429624000072 ], [ -6.26334565999997, 53.36235533200005 ], [ -6.26081787499993, 53.361789488000056 ], [ -6.259154401999979, 53.36136728200006 ], [ -6.258664323999938, 53.361258740000039 ], [ -6.25889316599995, 53.360993822000069 ], [ -6.260318365999979, 53.359517177000043 ], [ -6.260768549999966, 53.35904032500008 ], [ -6.260984580999946, 53.358803249000061 ], [ -6.261200955999925, 53.358598667000081 ] ] ] } },
{ "type": "Feature", "properties": { "DlCnstt": "Dublin Central", "Lcl_E_A": "Cabra-Glasnevin", "Pllng_D": "Inns Quay B", "datstNm": "Electoral Division", "nuts2Nm": "Southern and Eastern", "county": "Dublin City", "area": "0.282620410429595" }, "geometry": { "type": "Polygon", "coordinates": [ [ [ -6.265541278999933, 53.354363661000043 ], [ -6.265952975999936, 53.353974319000031 ], [ -6.26646362799994, 53.353491543000082 ], [ -6.266559456999971, 53.353405272000032 ], [ -6.266612659999964, 53.353357731000081 ], [ -6.267384620999962, 53.352687423000077 ], [ -6.267800034999937, 53.352856572000064 ], [ -6.268699660999971, 53.353229124000045 ], [ -6.268946849999963, 53.353338535000034 ], [ -6.269460779999974, 53.353560260000044 ], [ -6.271267676999969, 53.354297647000074 ], [ -6.272104336999972, 53.354201613000043 ], [ -6.271628927999927, 53.355424151000079 ], [ -6.271501416999968, 53.35614316200008 ], [ -6.271264992999932, 53.357461367000042 ], [ -6.270729547999963, 53.359313421000081 ], [ -6.270683187999964, 53.359453644000041 ], [ -6.270361973999968, 53.360464925000031 ], [ -6.270017000999928, 53.360433795000063 ], [ -6.269606944999964, 53.360402857000047 ], [ -6.268687290999935, 53.360209722000043 ], [ -6.268847889999961, 53.35904441100007 ], [ -6.266076995999981, 53.358216343000038 ], [ -6.263088514999936, 53.357342176000031 ], [ -6.262854787999969, 53.357271350000083 ], [ -6.262987451999948, 53.357141973000076 ], [ -6.264276207999956, 53.355797553000059 ], [ -6.264926979999928, 53.355030611000082 ], [ -6.265541278999933, 53.354363661000043 ] ] ] } },
{ "type": "Feature", "properties": { "DlCnstt": "Dublin Central", "Lcl_E_A": "North Inner City", "Pllng_D": "Inns Quay C", "datstNm": "Electoral Division", "nuts2Nm": "Southern and Eastern", "county": "Dublin City", "area": "0.28516908230157" }, "geometry": { "type": "Polygon", "coordinates": [ [ [ -6.269140611999944, 53.345209597000064 ], [ -6.271161477999954, 53.345044631000064 ], [ -6.274775589999932, 53.345307631000082 ], [ -6.274486718999981, 53.345911069000074 ], [ -6.274053668999954, 53.34683018000004 ], [ -6.273789241999964, 53.347769408000033 ], [ -6.273733429999936, 53.348969966000027 ], [ -6.273645744999953, 53.34991731100007 ], [ -6.273309780999966, 53.35049652400005 ], [ -6.272668537999948, 53.351407111000071 ], [ -6.272443693999946, 53.351750908000042 ], [ -6.27202609699998, 53.353722015000073 ], [ -6.272294837999937, 53.354155092000042 ], [ -6.272104336999972, 53.354201613000043 ], [ -6.271267676999969, 53.354297647000074 ], [ -6.269460779999974, 53.353560260000044 ], [ -6.268946849999963, 53.353338535000034 ], [ -6.268699660999971, 53.353229124000045 ], [ -6.267800034999937, 53.352856572000064 ], [ -6.267384620999962, 53.352687423000077 ], [ -6.268075209999949, 53.351994723000082 ], [ -6.268101049999928, 53.35196116700007 ], [ -6.268189940999946, 53.351843547000051 ], [ -6.268761615999948, 53.351097072000073 ], [ -6.26893533699996, 53.350868166000055 ], [ -6.269583014999967, 53.350476840000056 ], [ -6.269620857999939, 53.349539332000063 ], [ -6.269616366999969, 53.34889714500008 ], [ -6.269400634999954, 53.348012440000048 ], [ -6.26929460499997, 53.346805606000032 ], [ -6.268696844999964, 53.345255225000081 ], [ -6.269140611999944, 53.345209597000064 ] ] ] } },
{ "type": "Feature", "properties": { "DlCnstt": "Dublin Central", "Lcl_E_A": "North Inner City", "Pllng_D": "Mountjoy A", "datstNm": "Electoral Division", "nuts2Nm": "Southern and Eastern", "county": "Dublin City", "area": "0.300111984238974" }, "geometry": { "type": "Polygon", "coordinates": [ [ [ -6.249277554999935, 53.350843179000037 ], [ -6.249995223999974, 53.349668182000073 ], [ -6.251278404999937, 53.350000950000037 ], [ -6.251833561999945, 53.349256494000031 ], [ -6.252557526999965, 53.349235041000043 ], [ -6.253564162999965, 53.350660471000026 ], [ -6.254157721999945, 53.351486024000046 ], [ -6.254611759999932, 53.352120182000078 ], [ -6.255089336999959, 53.352788803000074 ], [ -6.255647126999976, 53.353574007000077 ], [ -6.255924614999969, 53.353964647000055 ], [ -6.255134029999965, 53.354199471000072 ], [ -6.253395429999955, 53.354852407000074 ], [ -6.252015409999956, 53.355383183000072 ], [ -6.251609369999926, 53.355536838000042 ], [ -6.248802629999943, 53.356792551000069 ], [ -6.247641374999944, 53.355903437000045 ], [ -6.247385321999957, 53.355720327000022 ], [ -6.245976313999961, 53.354679384000072 ], [ -6.245707842999934, 53.354462752000082 ], [ -6.247826480999947, 53.352545079000038 ], [ -6.249031897999942, 53.351265658000045 ], [ -6.249277554999935, 53.350843179000037 ] ] ] } },
{ "type": "Feature", "properties": { "DlCnstt": "Dublin Central", "Lcl_E_A": "North Inner City", "Pllng_D": "Mountjoy B", "datstNm": "Electoral Division", "nuts2Nm": "Southern and Eastern", "county": "Dublin City", "area": "0.223134742019773" }, "geometry": { "type": "Polygon", "coordinates": [ [ [ -6.255134029999965, 53.354199471000072 ], [ -6.255924614999969, 53.353964647000055 ], [ -6.256482324999979, 53.354745626000074 ], [ -6.256948696999928, 53.355406208000034 ], [ -6.258070907999979, 53.356513233000051 ], [ -6.258172455999953, 53.356605461000072 ], [ -6.258272165999927, 53.356696685000031 ], [ -6.258430985999952, 53.35684234200005 ], [ -6.25974034799998, 53.358148730000039 ], [ -6.260984580999946, 53.358803249000061 ], [ -6.260768549999966, 53.35904032500008 ], [ -6.260318365999979, 53.359517177000043 ], [ -6.257805271999928, 53.359012752000069 ], [ -6.256400579999934, 53.358728022000037 ], [ -6.255711747999952, 53.358585461000082 ], [ -6.254137424999954, 53.358259587000077 ], [ -6.253664509999965, 53.358161722000034 ], [ -6.252540683999939, 53.357928770000058 ], [ -6.251489963999973, 53.357709886000073 ], [ -6.250116897999931, 53.35741618600008 ], [ -6.249645960999942, 53.357308845000034 ], [ -6.249406830999931, 53.357235929000069 ], [ -6.248802629999943, 53.356792551000069 ], [ -6.251609369999926, 53.355536838000042 ], [ -6.252015409999956, 53.355383183000072 ], [ -6.253395429999955, 53.354852407000074 ], [ -6.255134029999965, 53.354199471000072 ] ] ] } },
{ "type": "Feature", "properties": { "DlCnstt": "Dublin Central", "Lcl_E_A": "North Inner City", "Pllng_D": "North City", "datstNm": "Electoral Division", "nuts2Nm": "Southern and Eastern", "county": "Dublin City", "area": "0.565083041481719" }, "geometry": { "type": "Polygon", "coordinates": [ [ [ -6.254611759999932, 53.352120182000078 ], [ -6.254157721999945, 53.351486024000046 ], [ -6.253564162999965, 53.350660471000026 ], [ -6.252557526999965, 53.349235041000043 ], [ -6.253752926999937, 53.348855474000061 ], [ -6.253978316999961, 53.34761670000006 ], [ -6.256503194999937, 53.347368968000069 ], [ -6.258124361999933, 53.347033722000049 ], [ -6.259939494999969, 53.346607053000071 ], [ -6.260865439999975, 53.346388688000047 ], [ -6.261307865999981, 53.346282512000073 ], [ -6.262124472999972, 53.346090675000021 ], [ -6.264593128999934, 53.345724862000047 ], [ -6.266795593999973, 53.345455467000079 ], [ -6.266952009999954, 53.345433786000058 ], [ -6.268696844999964, 53.345255225000081 ], [ -6.26929460499997, 53.346805606000032 ], [ -6.269400634999954, 53.348012440000048 ], [ -6.269616366999969, 53.34889714500008 ], [ -6.268833652999945, 53.349097652000069 ], [ -6.268248207999932, 53.349393665000044 ], [ -6.267590278999933, 53.349553709000077 ], [ -6.267179087999978, 53.349666595000031 ], [ -6.266877996999938, 53.349736838000069 ], [ -6.266396146999966, 53.349850625000045 ], [ -6.266076971999952, 53.349937900000043 ], [ -6.265395315999968, 53.350151346000082 ], [ -6.265303719999963, 53.350181984000073 ], [ -6.263826417999951, 53.350718500000021 ], [ -6.262986453999929, 53.351070895000078 ], [ -6.26243177899994, 53.351355926000046 ], [ -6.261950266999976, 53.351644468000082 ], [ -6.260886717999938, 53.352180453000081 ], [ -6.260500929999978, 53.352356798000073 ], [ -6.260209998999926, 53.351681536000058 ], [ -6.259070068999961, 53.351936244000058 ], [ -6.257738252999957, 53.35223187400004 ], [ -6.256977437999979, 53.352391006000062 ], [ -6.256528972999945, 53.352484661000062 ], [ -6.255645959999981, 53.352671165000061 ], [ -6.255089336999959, 53.352788803000074 ], [ -6.254611759999932, 53.352120182000078 ] ] ] } },
{ "type": "Feature", "properties": { "DlCnstt": "Dublin Central", "Lcl_E_A": "North Inner City", "Pllng_D": "North Dock A", "datstNm": "Electoral Division", "nuts2Nm": "Southern and Eastern", "county": "Dublin City", "area": "0.144705024243497" }, "geometry": { "type": "Polygon", "coordinates": [ [ [ -6.239300322999952, 53.356114163000022 ], [ -6.24148936499995, 53.354966784000055 ], [ -6.243302267999979, 53.356296067000073 ], [ -6.241761139999936, 53.357298042000082 ], [ -6.240648498999974, 53.358021364000081 ], [ -6.240017519999981, 53.358529594000061 ], [ -6.239582637999945, 53.358948719000075 ], [ -6.239056839999932, 53.359468460000073 ], [ -6.237778317999926, 53.360615399000039 ], [ -6.234442207999962, 53.358568495000043 ], [ -6.235756771999945, 53.357967688000031 ], [ -6.237358090999976, 53.357136885000045 ], [ -6.237581667999962, 53.35701978600008 ], [ -6.23837790999994, 53.356607378000042 ], [ -6.239119758999948, 53.356202753000048 ], [ -6.239300322999952, 53.356114163000022 ] ] ] } },
{ "type": "Feature", "properties": { "DlCnstt": "Dublin Central", "Lcl_E_A": "North Inner City", "Pllng_D": "North Dock B", "datstNm": "Electoral Division", "nuts2Nm": "Southern and Eastern", "county": "Dublin City", "area": "3.47582765205664" }, "geometry": { "type": "Polygon", "coordinates": [ [ [ -6.22604098599993, 53.358953151000037 ], [ -6.21698010199998, 53.356863282000063 ], [ -6.209457309999948, 53.356455803000081 ], [ -6.209809438999969, 53.353386079000082 ], [ -6.194964758999959, 53.352973165000037 ], [ -6.194670632999929, 53.350169385000072 ], [ -6.190744808999966, 53.350199855000021 ], [ -6.190810557999953, 53.349568415000078 ], [ -6.189842230999943, 53.349517406000082 ], [ -6.189809735999972, 53.350241624000034 ], [ -6.188225386999932, 53.350115878000047 ], [ -6.188258016999953, 53.347801204000064 ], [ -6.188953380999976, 53.347916151000049 ], [ -6.188810597999975, 53.346240718000047 ], [ -6.190509445999965, 53.346292144000081 ], [ -6.190214674999936, 53.348077443000079 ], [ -6.192353215999958, 53.348047684000051 ], [ -6.192349149999927, 53.345026800000021 ], [ -6.19191770599997, 53.344918676000077 ], [ -6.196617827999944, 53.344726164000072 ], [ -6.197019265999927, 53.345240325000077 ], [ -6.196973576999937, 53.347309725000059 ], [ -6.197176771999978, 53.347838896000042 ], [ -6.197671007999928, 53.347882202000051 ], [ -6.199110833999953, 53.347817775000074 ], [ -6.199360647999981, 53.344875732000048 ], [ -6.202057647999936, 53.344958348000034 ], [ -6.202236051999932, 53.344445282000038 ], [ -6.211453690999974, 53.345209838000073 ], [ -6.214957969999944, 53.348370817000045 ], [ -6.22083478899998, 53.348679306000072 ], [ -6.220466739999948, 53.34783264500004 ], [ -6.217883376999964, 53.34756115600004 ], [ -6.220540949999929, 53.347737090000074 ], [ -6.221037080999963, 53.348844021000048 ], [ -6.221579216999942, 53.34871541800004 ], [ -6.222169727999926, 53.349255502000062 ], [ -6.223132531999966, 53.346730446000038 ], [ -6.21629089399994, 53.346246851000046 ], [ -6.215369664999969, 53.345499317000083 ], [ -6.226274198999931, 53.346264486000045 ], [ -6.226413302999958, 53.345326525000083 ], [ -6.229063146999977, 53.345880352000052 ], [ -6.234898905999955, 53.346269134000075 ], [ -6.235869108999964, 53.346336532000073 ], [ -6.236935026999959, 53.346409614000038 ], [ -6.23931605599995, 53.346571468000043 ], [ -6.239703745999975, 53.346597404000079 ], [ -6.239492556999949, 53.348814483000069 ], [ -6.239383481999937, 53.349439721000074 ], [ -6.239361475999942, 53.349547924000042 ], [ -6.239296267999976, 53.349786821000073 ], [ -6.239097405999928, 53.350319553000077 ], [ -6.239088928999934, 53.350360841000047 ], [ -6.239253334999944, 53.352397240000073 ], [ -6.240475455999956, 53.354219127000079 ], [ -6.24148936499995, 53.354966784000055 ], [ -6.239300322999952, 53.356114163000022 ], [ -6.239119758999948, 53.356202753000048 ], [ -6.23837790999994, 53.356607378000042 ], [ -6.237581667999962, 53.35701978600008 ], [ -6.237358090999976, 53.357136885000045 ], [ -6.235756771999945, 53.357967688000031 ], [ -6.234442207999962, 53.358568495000043 ], [ -6.232816111999966, 53.357856284000043 ], [ -6.232903885999974, 53.357783727000026 ], [ -6.230121114999975, 53.357087609000082 ], [ -6.227891775999979, 53.358408845000042 ], [ -6.22604098599993, 53.358953151000037 ] ] ] } },
{ "type": "Feature", "properties": { "DlCnstt": "Dublin Central", "Lcl_E_A": "North Inner City", "Pllng_D": "North Dock C", "datstNm": "Electoral Division", "nuts2Nm": "Southern and Eastern", "county": "Dublin City", "area": "0.601355757522705" }, "geometry": { "type": "Polygon", "coordinates": [ [ [ -6.239361475999942, 53.349547924000042 ], [ -6.239383481999937, 53.349439721000074 ], [ -6.239492556999949, 53.348814483000069 ], [ -6.239703745999975, 53.346597404000079 ], [ -6.242426666999961, 53.346784034000045 ], [ -6.242901075999953, 53.346815648000081 ], [ -6.243452727999966, 53.346854557000022 ], [ -6.243880556999954, 53.346882718000082 ], [ -6.24668470599994, 53.347129796000047 ], [ -6.250797040999942, 53.347564778000049 ], [ -6.253719126999954, 53.347626013000081 ], [ -6.253978316999961, 53.34761670000006 ], [ -6.253752926999937, 53.348855474000061 ], [ -6.252557526999965, 53.349235041000043 ], [ -6.251833561999945, 53.349256494000031 ], [ -6.251278404999937, 53.350000950000037 ], [ -6.249995223999974, 53.349668182000073 ], [ -6.249277554999935, 53.350843179000037 ], [ -6.249031897999942, 53.351265658000045 ], [ -6.247826480999947, 53.352545079000038 ], [ -6.245707842999934, 53.354462752000082 ], [ -6.245976313999961, 53.354679384000072 ], [ -6.24521152899996, 53.354925198000046 ], [ -6.24413937199995, 53.355725988000081 ], [ -6.243302267999979, 53.356296067000073 ], [ -6.24148936499995, 53.354966784000055 ], [ -6.240475455999956, 53.354219127000079 ], [ -6.239253334999944, 53.352397240000073 ], [ -6.239088928999934, 53.350360841000047 ], [ -6.239097405999928, 53.350319553000077 ], [ -6.239296267999976, 53.349786821000073 ], [ -6.239361475999942, 53.349547924000042 ] ] ] } },
{ "type": "Feature", "properties": { "DlCnstt": "Dublin Central", "Lcl_E_A": "North Inner City", "Pllng_D": "Rotunda A", "datstNm": "Electoral Division", "nuts2Nm": "Southern and Eastern", "county": "Dublin City", "area": "0.249066830575618" }, "geometry": { "type": "Polygon", "coordinates": [ [ [ -6.259070068999961, 53.351936244000058 ], [ -6.260209998999926, 53.351681536000058 ], [ -6.260500929999978, 53.352356798000073 ], [ -6.26095137599998, 53.35293955800006 ], [ -6.262639829999955, 53.35436700300005 ], [ -6.263104775999977, 53.354782564000061 ], [ -6.263498192999975, 53.355123931000037 ], [ -6.264276207999956, 53.355797553000059 ], [ -6.262987451999948, 53.357141973000076 ], [ -6.262854787999969, 53.357271350000083 ], [ -6.261200955999925, 53.358598667000081 ], [ -6.260984580999946, 53.358803249000061 ], [ -6.25974034799998, 53.358148730000039 ], [ -6.258430985999952, 53.35684234200005 ], [ -6.258272165999927, 53.356696685000031 ], [ -6.258172455999953, 53.356605461000072 ], [ -6.258070907999979, 53.356513233000051 ], [ -6.256948696999928, 53.355406208000034 ], [ -6.256482324999979, 53.354745626000074 ], [ -6.255924614999969, 53.353964647000055 ], [ -6.255647126999976, 53.353574007000077 ], [ -6.255089336999959, 53.352788803000074 ], [ -6.255645959999981, 53.352671165000061 ], [ -6.256528972999945, 53.352484661000062 ], [ -6.256977437999979, 53.352391006000062 ], [ -6.257738252999957, 53.35223187400004 ], [ -6.259070068999961, 53.351936244000058 ] ] ] } },
{ "type": "Feature", "properties": { "DlCnstt": "Dublin Central", "Lcl_E_A": "North Inner City", "Pllng_D": "Rotunda B", "datstNm": "Electoral Division", "nuts2Nm": "Southern and Eastern", "county": "Dublin City", "area": "0.207774925248539" }, "geometry": { "type": "Polygon", "coordinates": [ [ [ -6.268833652999945, 53.349097652000069 ], [ -6.269616366999969, 53.34889714500008 ], [ -6.269620857999939, 53.349539332000063 ], [ -6.269583014999967, 53.350476840000056 ], [ -6.26893533699996, 53.350868166000055 ], [ -6.268761615999948, 53.351097072000073 ], [ -6.268189940999946, 53.351843547000051 ], [ -6.268101049999928, 53.35196116700007 ], [ -6.268075209999949, 53.351994723000082 ], [ -6.267384620999962, 53.352687423000077 ], [ -6.266612659999964, 53.353357731000081 ], [ -6.266559456999971, 53.353405272000032 ], [ -6.26646362799994, 53.353491543000082 ], [ -6.265952975999936, 53.353974319000031 ], [ -6.265541278999933, 53.354363661000043 ], [ -6.264926979999928, 53.355030611000082 ], [ -6.264276207999956, 53.355797553000059 ], [ -6.263498192999975, 53.355123931000037 ], [ -6.263104775999977, 53.354782564000061 ], [ -6.262639829999955, 53.35436700300005 ], [ -6.26095137599998, 53.35293955800006 ], [ -6.260500929999978, 53.352356798000073 ], [ -6.260886717999938, 53.352180453000081 ], [ -6.261950266999976, 53.351644468000082 ], [ -6.26243177899994, 53.351355926000046 ], [ -6.262986453999929, 53.351070895000078 ], [ -6.263826417999951, 53.350718500000021 ], [ -6.265303719999963, 53.350181984000073 ], [ -6.265395315999968, 53.350151346000082 ], [ -6.266076971999952, 53.349937900000043 ], [ -6.266396146999966, 53.349850625000045 ], [ -6.266877996999938, 53.349736838000069 ], [ -6.267179087999978, 53.349666595000031 ], [ -6.267590278999933, 53.349553709000077 ], [ -6.268248207999932, 53.349393665000044 ], [ -6.268833652999945, 53.349097652000069 ] ] ] } },
{ "type": "Feature", "properties": { "DlCnstt": "Dublin West", "Lcl_E_A": "Cabra-Glasnevin", "Pllng_D": "Ashtown A", "datstNm": "Electoral Division", "nuts2Nm": "Southern and Eastern", "county": "Dublin City", "area": "1.99542112750265" }, "geometry": { "type": "Polygon", "coordinates": [ [ [ -6.314832835999937, 53.378030264000081 ], [ -6.314422338999975, 53.377736107000032 ], [ -6.313149330999977, 53.378200523000032 ], [ -6.310463220999964, 53.377916027000026 ], [ -6.308909138999979, 53.376926686000047 ], [ -6.308935749999932, 53.376495946000034 ], [ -6.308960142999978, 53.375624225000081 ], [ -6.307500509999953, 53.374567263000081 ], [ -6.305974575999926, 53.373482 ], [ -6.305105414999956, 53.372113519000038 ], [ -6.30511949299995, 53.36949951400004 ], [ -6.303782071999933, 53.368362977000061 ], [ -6.30166841099998, 53.367229136000049 ], [ -6.301751986999932, 53.36717305600007 ], [ -6.30542328699994, 53.365841457000045 ], [ -6.307328870999925, 53.364688586000057 ], [ -6.3128, 53.36651775200005 ], [ -6.314088577999939, 53.366884200000072 ], [ -6.317165090999936, 53.367565791000061 ], [ -6.321069759999944, 53.368666837000042 ], [ -6.325562401999946, 53.370129335000058 ], [ -6.32925232599996, 53.37132056400003 ], [ -6.330878088999953, 53.37185695900007 ], [ -6.330866269999945, 53.37253129000004 ], [ -6.331798176999939, 53.375120679000077 ], [ -6.331873737999956, 53.375380127000021 ], [ -6.333047151999949, 53.375534905000045 ], [ -6.332410057999937, 53.376433639000027 ], [ -6.332469725999943, 53.377656351000041 ], [ -6.330839110999932, 53.37766451400006 ], [ -6.328067892999968, 53.37914601600005 ], [ -6.324815170999955, 53.379433394000046 ], [ -6.321080060999975, 53.379438973000049 ], [ -6.319972316999952, 53.379570074000071 ], [ -6.318679510999971, 53.379259557000069 ], [ -6.316919204999977, 53.378301789000034 ], [ -6.314930064999942, 53.378077131000055 ], [ -6.314832835999937, 53.378030264000081 ] ] ] } },
{ "type": "Feature", "properties": { "DlCnstt": "Dublin West", "Lcl_E_A": "Cabra-Glasnevin", "Pllng_D": "Ashtown B", "datstNm": "Electoral Division", "nuts2Nm": "Southern and Eastern", "county": "Dublin City", "area": "0.597087445758756" }, "geometry": { "type": "Polygon", "coordinates": [ [ [ -6.30902459999993, 53.361492874000078 ], [ -6.309506457999929, 53.36132656900002 ], [ -6.313243598999975, 53.362805948000073 ], [ -6.317971476999958, 53.364650452000042 ], [ -6.32079912699993, 53.365211462000048 ], [ -6.322105758999953, 53.365575738000082 ], [ -6.328831590999926, 53.36955008700005 ], [ -6.33283959399995, 53.370597372000077 ], [ -6.331509751999931, 53.371466629000047 ], [ -6.330878088999953, 53.37185695900007 ], [ -6.32925232599996, 53.37132056400003 ], [ -6.325562401999946, 53.370129335000058 ], [ -6.321069759999944, 53.368666837000042 ], [ -6.317165090999936, 53.367565791000061 ], [ -6.314088577999939, 53.366884200000072 ], [ -6.3128, 53.36651775200005 ], [ -6.307328870999925, 53.364688586000057 ], [ -6.306729211999937, 53.364482734000042 ], [ -6.302884904999928, 53.363224516000059 ], [ -6.304751775999932, 53.362696834000083 ], [ -6.308389041999931, 53.361723745000063 ], [ -6.30902459999993, 53.361492874000078 ] ] ] } }
]
}